{
  "features.0.weight": {
    "r_t_mean": 0.02247632219543526,
    "r_t_std": 0.008934871594351017,
    "r_t_min": 0.005210621136332313,
    "r_t_max": 0.20219250809875236,
    "delta_hat_mean": -1.0122933215877666e-06,
    "delta_hat_std": 1.7550561995014117e-05,
    "lambda_t_mean": 0.0006996320176622991,
    "lambda_t_std": 0.00020562998564126368,
    "n_records": 1950
  },
  "features.3.weight": {
    "r_t_mean": 0.022369264561085067,
    "r_t_std": 0.018868741753192676,
    "r_t_min": 0.004578825841284859,
    "r_t_max": 0.8029568138116037,
    "delta_hat_mean": 9.885156858083577e-08,
    "delta_hat_std": 3.940615268794451e-06,
    "lambda_t_mean": 0.0006530222949202576,
    "lambda_t_std": 0.00017431890839963142,
    "n_records": 1950
  },
  "features.7.weight": {
    "r_t_mean": 0.02368014963190292,
    "r_t_std": 0.011933314186204438,
    "r_t_min": 0.0031702877327992106,
    "r_t_max": 0.4651479705928151,
    "delta_hat_mean": -7.324434621314157e-10,
    "delta_hat_std": 3.074290457750403e-08,
    "lambda_t_mean": 0.0006395480809715679,
    "lambda_t_std": 0.00016373302604268618,
    "n_records": 1950
  },
  "features.10.weight": {
    "r_t_mean": 0.024988192301065394,
    "r_t_std": 0.013958704394781576,
    "r_t_min": 0.0021525690977560108,
    "r_t_max": 0.5660271368997207,
    "delta_hat_mean": -6.992584447905139e-11,
    "delta_hat_std": 2.6379763208920864e-08,
    "lambda_t_mean": 0.0006298886394020669,
    "lambda_t_std": 0.0001523192587955838,
    "n_records": 1950
  },
  "features.14.weight": {
    "r_t_mean": 0.026984739136464733,
    "r_t_std": 0.010763700468993992,
    "r_t_min": 0.0017424132211549211,
    "r_t_max": 0.34220929080504364,
    "delta_hat_mean": 8.94026692786729e-09,
    "delta_hat_std": 1.2295318200639758e-06,
    "lambda_t_mean": 0.000623324107892798,
    "lambda_t_std": 0.00013708063535951284,
    "n_records": 1950
  },
  "features.17.weight": {
    "r_t_mean": 0.02941754005617716,
    "r_t_std": 0.013528273469558986,
    "r_t_min": 0.001527267576396396,
    "r_t_max": 0.4007593206428966,
    "delta_hat_mean": 1.4704960611588849e-09,
    "delta_hat_std": 2.396178672691252e-08,
    "lambda_t_mean": 0.0006171774831841533,
    "lambda_t_std": 0.00012542554872148137,
    "n_records": 1950
  },
  "features.20.weight": {
    "r_t_mean": 0.029368903461922016,
    "r_t_std": 0.013342566281627737,
    "r_t_min": 0.00154733418046734,
    "r_t_max": 0.3404378097607138,
    "delta_hat_mean": 3.863618239054285e-09,
    "delta_hat_std": 3.5510387869193367e-08,
    "lambda_t_mean": 0.0006120378661055163,
    "lambda_t_std": 0.00011676265167203834,
    "n_records": 1950
  },
  "features.24.weight": {
    "r_t_mean": 0.025995203211197446,
    "r_t_std": 0.011639116399174467,
    "r_t_min": 0.0008470091036348087,
    "r_t_max": 0.21222096058115036,
    "delta_hat_mean": 8.842757547795507e-09,
    "delta_hat_std": 6.424306807194804e-07,
    "lambda_t_mean": 0.0006088357635991,
    "lambda_t_std": 0.00011341127052710225,
    "n_records": 1950
  },
  "features.27.weight": {
    "r_t_mean": 0.02423931129338582,
    "r_t_std": 0.011553327000026004,
    "r_t_min": 0.0006298490997342968,
    "r_t_max": 0.2555062599781231,
    "delta_hat_mean": 1.2057404674123062e-08,
    "delta_hat_std": 7.784224869052363e-07,
    "lambda_t_mean": 0.0006099939788438534,
    "lambda_t_std": 0.00011839440321175338,
    "n_records": 1950
  },
  "features.30.weight": {
    "r_t_mean": 0.021403359914911758,
    "r_t_std": 0.009544121180526,
    "r_t_min": 0.0005483198868497997,
    "r_t_max": 0.21942508376775688,
    "delta_hat_mean": -3.247884407312012e-08,
    "delta_hat_std": 9.815802493896276e-07,
    "lambda_t_mean": 0.0006166968734469798,
    "lambda_t_std": 0.00012136432474249045,
    "n_records": 1950
  },
  "features.34.weight": {
    "r_t_mean": 0.017802837707262657,
    "r_t_std": 0.00715545848419176,
    "r_t_min": 0.00032947319177646043,
    "r_t_max": 0.20126730927703596,
    "delta_hat_mean": 1.0449229758705633e-07,
    "delta_hat_std": 1.9590798189927576e-06,
    "lambda_t_mean": 0.0006295898695793731,
    "lambda_t_std": 0.00012503928258879773,
    "n_records": 1950
  },
  "features.37.weight": {
    "r_t_mean": 0.0167992931921373,
    "r_t_std": 0.00566501522800586,
    "r_t_min": 0.001156457234565568,
    "r_t_max": 0.16898201721301975,
    "delta_hat_mean": 1.1334351145391562e-09,
    "delta_hat_std": 2.3130265771229336e-06,
    "lambda_t_mean": 0.0006234119680510668,
    "lambda_t_std": 0.0001180652410519735,
    "n_records": 1950
  },
  "features.40.weight": {
    "r_t_mean": 0.018486555164473787,
    "r_t_std": 0.004972437455212492,
    "r_t_min": 0.004430215373933943,
    "r_t_max": 0.14515148145760892,
    "delta_hat_mean": -4.7084429898228784e-08,
    "delta_hat_std": 2.6343192321553368e-06,
    "lambda_t_mean": 0.0006182594720503702,
    "lambda_t_std": 0.0001259676937574907,
    "n_records": 1950
  },
  "classifier.0.weight": {
    "r_t_mean": 0.02211399953600261,
    "r_t_std": 0.00840348862303857,
    "r_t_min": 0.009620332782471354,
    "r_t_max": 0.19616540447921432,
    "delta_hat_mean": 0.0006698123319079176,
    "delta_hat_std": 0.016988708797626397,
    "lambda_t_mean": 0.0006448473566911302,
    "lambda_t_std": 0.00021562927119498753,
    "n_records": 1950
  },
  "classifier.3.weight": {
    "r_t_mean": 0.020673475960970827,
    "r_t_std": 0.0038919744702255172,
    "r_t_min": 0.012477681988405688,
    "r_t_max": 0.09863078177055999,
    "delta_hat_mean": 0.0006991340108297897,
    "delta_hat_std": 0.01194948610330952,
    "lambda_t_mean": 0.0005815236949823043,
    "lambda_t_std": 7.869242298161306e-05,
    "n_records": 1950
  },
  "classifier.6.weight": {
    "r_t_mean": 0.022847878247826,
    "r_t_std": 0.007908781475829314,
    "r_t_min": 0.01478304601946198,
    "r_t_max": 0.21771398294369737,
    "delta_hat_mean": 0.0009859966206564562,
    "delta_hat_std": 0.01277586583526681,
    "lambda_t_mean": 0.0005681694295068846,
    "lambda_t_std": 5.4943870874898216e-05,
    "n_records": 1950
  }
}