{
  "conv1.weight": {
    "r_t_mean": 0.028947065959657178,
    "r_t_std": 0.01673901910138099,
    "r_t_min": 0.01126558666119704,
    "r_t_max": 0.3445401517244143,
    "delta_hat_mean": -4.249554033188602e-06,
    "delta_hat_std": 6.473224467946334e-05,
    "lambda_t_mean": 0.003506028831716071,
    "lambda_t_std": 0.001069160496335549,
    "n_records": 780
  },
  "layer1.0.conv1.weight": {
    "r_t_mean": 0.025907937612981116,
    "r_t_std": 0.01612876451255947,
    "r_t_min": 0.009593957886299789,
    "r_t_max": 0.3515309449496417,
    "delta_hat_mean": -3.988914077177551e-07,
    "delta_hat_std": 1.895222731611352e-05,
    "lambda_t_mean": 0.003046690684490217,
    "lambda_t_std": 0.0007524575023203738,
    "n_records": 780
  },
  "layer1.0.conv2.weight": {
    "r_t_mean": 0.02534279042268335,
    "r_t_std": 0.015376187198304131,
    "r_t_min": 0.005723378128620079,
    "r_t_max": 0.3288257626523703,
    "delta_hat_mean": -2.7673562543056436e-07,
    "delta_hat_std": 1.6573456647421833e-05,
    "lambda_t_mean": 0.0029088534035787077,
    "lambda_t_std": 0.0006448319186039026,
    "n_records": 780
  },
  "layer1.1.conv1.weight": {
    "r_t_mean": 0.025923991895161636,
    "r_t_std": 0.014802526412735568,
    "r_t_min": 0.006158653373654844,
    "r_t_max": 0.28098995266199633,
    "delta_hat_mean": -7.737972320653305e-07,
    "delta_hat_std": 1.5906987077931507e-05,
    "lambda_t_mean": 0.0029382960125885755,
    "lambda_t_std": 0.0006659237547921038,
    "n_records": 780
  },
  "layer1.1.conv2.weight": {
    "r_t_mean": 0.025185415331435562,
    "r_t_std": 0.013157354150904974,
    "r_t_min": 0.005716224431548606,
    "r_t_max": 0.21389637976816053,
    "delta_hat_mean": -4.27077068200819e-07,
    "delta_hat_std": 1.2497551488381536e-05,
    "lambda_t_mean": 0.0028342997445439137,
    "lambda_t_std": 0.0005770947144436702,
    "n_records": 780
  },
  "layer1.2.conv1.weight": {
    "r_t_mean": 0.02563226654563858,
    "r_t_std": 0.014136707963453612,
    "r_t_min": 0.004491738144352274,
    "r_t_max": 0.24492637244461693,
    "delta_hat_mean": -5.97350248637402e-08,
    "delta_hat_std": 9.387114962270628e-06,
    "lambda_t_mean": 0.002892191958908244,
    "lambda_t_std": 0.000643625496025231,
    "n_records": 780
  },
  "layer1.2.conv2.weight": {
    "r_t_mean": 0.02498695829984501,
    "r_t_std": 0.013174647892095801,
    "r_t_min": 0.006287194708645581,
    "r_t_max": 0.2237249088327438,
    "delta_hat_mean": 3.679156375711547e-07,
    "delta_hat_std": 1.008033244616893e-05,
    "lambda_t_mean": 0.002802283137408901,
    "lambda_t_std": 0.0005364660304590158,
    "n_records": 780
  },
  "layer2.0.conv1.weight": {
    "r_t_mean": 0.02485618220120787,
    "r_t_std": 0.011384301993993833,
    "r_t_min": 0.004827314349737411,
    "r_t_max": 0.16457074055346846,
    "delta_hat_mean": -1.916598976346397e-07,
    "delta_hat_std": 9.627011998471226e-06,
    "lambda_t_mean": 0.0028194363807935384,
    "lambda_t_std": 0.0005419984154787496,
    "n_records": 780
  },
  "layer2.0.conv2.weight": {
    "r_t_mean": 0.024434886996208813,
    "r_t_std": 0.011573762172407399,
    "r_t_min": 0.006389813947031535,
    "r_t_max": 0.16773617096708462,
    "delta_hat_mean": 2.610305802300617e-07,
    "delta_hat_std": 5.886810782223313e-06,
    "lambda_t_mean": 0.0027410747483459655,
    "lambda_t_std": 0.0004685526345611728,
    "n_records": 780
  },
  "layer2.0.shortcut.0.weight": {
    "r_t_mean": 0.024912402769751044,
    "r_t_std": 0.010530057356481586,
    "r_t_min": 0.010008433489458022,
    "r_t_max": 0.055743828824339314,
    "delta_hat_mean": -2.0054046267581053e-07,
    "delta_hat_std": 2.7454409946191243e-05,
    "lambda_t_mean": 0.002872402867784655,
    "lambda_t_std": 0.0005967128879956987,
    "n_records": 780
  },
  "layer2.1.conv1.weight": {
    "r_t_mean": 0.025464470902278425,
    "r_t_std": 0.01285303059591884,
    "r_t_min": 0.006724804635408022,
    "r_t_max": 0.1634553360495828,
    "delta_hat_mean": 1.3947322920069512e-07,
    "delta_hat_std": 4.642663124999713e-06,
    "lambda_t_mean": 0.0027762907214154498,
    "lambda_t_std": 0.0005060341502623927,
    "n_records": 780
  },
  "layer2.1.conv2.weight": {
    "r_t_mean": 0.025444429567303483,
    "r_t_std": 0.012433698114840096,
    "r_t_min": 0.006817301050719834,
    "r_t_max": 0.13256410320107634,
    "delta_hat_mean": 2.858764346290134e-07,
    "delta_hat_std": 4.334263018998223e-06,
    "lambda_t_mean": 0.002756416910620492,
    "lambda_t_std": 0.0004950860303242488,
    "n_records": 780
  },
  "layer2.2.conv1.weight": {
    "r_t_mean": 0.025390132276636255,
    "r_t_std": 0.012358516135446482,
    "r_t_min": 0.004515454072351863,
    "r_t_max": 0.12668766868268394,
    "delta_hat_mean": -1.4202045901765491e-07,
    "delta_hat_std": 4.6058001215318206e-06,
    "lambda_t_mean": 0.0027797478567123312,
    "lambda_t_std": 0.0005188643074714914,
    "n_records": 780
  },
  "layer2.2.conv2.weight": {
    "r_t_mean": 0.024879709834524116,
    "r_t_std": 0.01173394295448319,
    "r_t_min": 0.0060905070695050755,
    "r_t_max": 0.11290715725995286,
    "delta_hat_mean": -9.057848494273767e-08,
    "delta_hat_std": 4.6255651033675254e-06,
    "lambda_t_mean": 0.0027233821776495295,
    "lambda_t_std": 0.00048314226688305276,
    "n_records": 780
  },
  "layer3.0.conv1.weight": {
    "r_t_mean": 0.024360728287456695,
    "r_t_std": 0.01072750889542508,
    "r_t_min": 0.008309662853970723,
    "r_t_max": 0.08787412437780885,
    "delta_hat_mean": 5.3477962868572405e-08,
    "delta_hat_std": 3.2961152461979094e-06,
    "lambda_t_mean": 0.0026901841390156445,
    "lambda_t_std": 0.0004433103559274485,
    "n_records": 780
  },
  "layer3.0.conv2.weight": {
    "r_t_mean": 0.024643598551391057,
    "r_t_std": 0.011352599631079362,
    "r_t_min": 0.009527097346741785,
    "r_t_max": 0.10977230428461937,
    "delta_hat_mean": 1.0646931602151742e-07,
    "delta_hat_std": 2.595544740035059e-06,
    "lambda_t_mean": 0.002667837619612718,
    "lambda_t_std": 0.0004268419519176824,
    "n_records": 780
  },
  "layer3.0.shortcut.0.weight": {
    "r_t_mean": 0.02367726077719405,
    "r_t_std": 0.009438560196410808,
    "r_t_min": 0.011422044889638945,
    "r_t_max": 0.04932076958685981,
    "delta_hat_mean": 3.597652843258568e-07,
    "delta_hat_std": 8.331360700822857e-06,
    "lambda_t_mean": 0.0026888329750181347,
    "lambda_t_std": 0.00043117953742543885,
    "n_records": 780
  },
  "layer3.1.conv1.weight": {
    "r_t_mean": 0.025243523576005063,
    "r_t_std": 0.012172964264883268,
    "r_t_min": 0.008007803815163013,
    "r_t_max": 0.09890726647926629,
    "delta_hat_mean": -3.812732803664377e-08,
    "delta_hat_std": 2.8578697486126163e-06,
    "lambda_t_mean": 0.0026829393282947994,
    "lambda_t_std": 0.0004512127507983537,
    "n_records": 780
  },
  "layer3.1.conv2.weight": {
    "r_t_mean": 0.02503518786943883,
    "r_t_std": 0.011834258076883373,
    "r_t_min": 0.011462945682677465,
    "r_t_max": 0.09358688392601963,
    "delta_hat_mean": 7.716823222548026e-08,
    "delta_hat_std": 2.013931384744342e-06,
    "lambda_t_mean": 0.002656873450734231,
    "lambda_t_std": 0.00041428068895570276,
    "n_records": 780
  },
  "layer3.2.conv1.weight": {
    "r_t_mean": 0.02484492243572958,
    "r_t_std": 0.011395306154501229,
    "r_t_min": 0.009019771192493736,
    "r_t_max": 0.09159551190424065,
    "delta_hat_mean": -1.0450738032855083e-07,
    "delta_hat_std": 2.7566569530415193e-06,
    "lambda_t_mean": 0.002663829054904498,
    "lambda_t_std": 0.0004208903135457169,
    "n_records": 780
  },
  "layer3.2.conv2.weight": {
    "r_t_mean": 0.023779027652358804,
    "r_t_std": 0.009736049837587945,
    "r_t_min": 0.011790461222998191,
    "r_t_max": 0.09360258351468734,
    "delta_hat_mean": -1.3627578971315722e-07,
    "delta_hat_std": 2.321510414467088e-06,
    "lambda_t_mean": 0.0026236904809881206,
    "lambda_t_std": 0.0004028094362775481,
    "n_records": 780
  },