{
  "conv1.weight": {
    "r_t_mean": 0.014644176767369446,
    "r_t_std": 0.00594784836890176,
    "r_t_min": 0.005895320611783694,
    "r_t_max": 0.19039438218222107,
    "delta_hat_mean": -1.2379888719527283e-06,
    "delta_hat_std": 4.684816619403298e-05,
    "lambda_t_mean": 0.0005,
    "lambda_t_std": 0.0,
    "n_records": 7800
  },
  "layer1.0.conv1.weight": {
    "r_t_mean": 0.01466484724244111,
    "r_t_std": 0.005796936105737347,
    "r_t_min": 0.007973570220093623,
    "r_t_max": 0.3938065334119518,
    "delta_hat_mean": 8.098452484884862e-09,
    "delta_hat_std": 1.4807499976999869e-05,
    "lambda_t_mean": 0.0005,
    "lambda_t_std": 0.0,
    "n_records": 7800
  },
  "layer1.0.conv2.weight": {
    "r_t_mean": 0.014698290856343568,
    "r_t_std": 0.0054308559219056855,
    "r_t_min": 0.007972829740900201,
    "r_t_max": 0.3468161042721274,
    "delta_hat_mean": -4.683069521003966e-08,
    "delta_hat_std": 1.091856068505017e-05,
    "lambda_t_mean": 0.0005,
    "lambda_t_std": 0.0,
    "n_records": 7800
  },
  "layer1.1.conv1.weight": {
    "r_t_mean": 0.014988436891454474,
    "r_t_std": 0.005105831708236893,
    "r_t_min": 0.007507188417409814,
    "r_t_max": 0.2691155922877668,
    "delta_hat_mean": 5.752826416056564e-08,
    "delta_hat_std": 9.323755323168959e-06,
    "lambda_t_mean": 0.0005,
    "lambda_t_std": 0.0,
    "n_records": 7800
  },
  "layer1.1.conv2.weight": {
    "r_t_mean": 0.014837443836383446,
    "r_t_std": 0.005015867182364064,
    "r_t_min": 0.008118789541252742,
    "r_t_max": 0.2702883300094199,
    "delta_hat_mean": 9.070499052225025e-08,
    "delta_hat_std": 8.374168023623626e-06,
    "lambda_t_mean": 0.0005,
    "lambda_t_std": 0.0,
    "n_records": 7800
  },
  "layer1.2.conv1.weight": {
    "r_t_mean": 0.015251049982403274,
    "r_t_std": 0.0047650997309472126,
    "r_t_min": 0.008124941586359614,
    "r_t_max": 0.21314303833193476,
    "delta_hat_mean": -9.424762410974851e-08,
    "delta_hat_std": 8.503702249685846e-06,
    "lambda_t_mean": 0.0005,
    "lambda_t_std": 0.0,
    "n_records": 7800
  },
  "layer1.2.conv2.weight": {
    "r_t_mean": 0.014949942754948826,
    "r_t_std": 0.004427019487044393,
    "r_t_min": 0.008493219915321041,
    "r_t_max": 0.16884720097912823,
    "delta_hat_mean": 5.9518327764415894e-08,
    "delta_hat_std": 8.654333943906293e-06,
    "lambda_t_mean": 0.0005,
    "lambda_t_std": 0.0,
    "n_records": 7800
  },
  "layer2.0.conv1.weight": {
    "r_t_mean": 0.014764649166640508,
    "r_t_std": 0.004261178512851067,
    "r_t_min": 0.0075116212802900624,
    "r_t_max": 0.13626434420761205,
    "delta_hat_mean": 6.759914323591254e-08,
    "delta_hat_std": 8.61485202920251e-06,
    "lambda_t_mean": 0.0005,
    "lambda_t_std": 0.0,
    "n_records": 7800
  },
  "layer2.0.conv2.weight": {
    "r_t_mean": 0.014811846453913036,
    "r_t_std": 0.0046764616327708034,
    "r_t_min": 0.007879705214487711,
    "r_t_max": 0.15406894533109203,
    "delta_hat_mean": 4.662277941520233e-09,
    "delta_hat_std": 5.024729574665052e-06,
    "lambda_t_mean": 0.0005,
    "lambda_t_std": 0.0,
    "n_records": 7800
  },
  "layer2.0.shortcut.0.weight": {
    "r_t_mean": 0.014107333275907697,
    "r_t_std": 0.003772764650528182,
    "r_t_min": 0.007574533412822656,
    "r_t_max": 0.054909262761126065,
    "delta_hat_mean": -2.1688165620855824e-07,
    "delta_hat_std": 2.0221583296186913e-05,
    "lambda_t_mean": 0.0005,
    "lambda_t_std": 0.0,
    "n_records": 7800
  },
  "layer2.1.conv1.weight": {
    "r_t_mean": 0.015257804319684747,
    "r_t_std": 0.004404742079473511,
    "r_t_min": 0.008086147859169623,
    "r_t_max": 0.13839325099582186,
    "delta_hat_mean": -1.90027747808664e-09,
    "delta_hat_std": 3.898603227357514e-06,
    "lambda_t_mean": 0.0005,
    "lambda_t_std": 0.0,
    "n_records": 7800
  },
  "layer2.1.conv2.weight": {
    "r_t_mean": 0.015226500696595955,
    "r_t_std": 0.004281542569909426,
    "r_t_min": 0.008089371998079903,
    "r_t_max": 0.12187263647342261,
    "delta_hat_mean": -3.2737854858799054e-08,
    "delta_hat_std": 3.5133954391800565e-06,
    "lambda_t_mean": 0.0005,
    "lambda_t_std": 0.0,
    "n_records": 7800
  },
  "layer2.2.conv1.weight": {
    "r_t_mean": 0.015428094908568977,
    "r_t_std": 0.004286057235350625,
    "r_t_min": 0.008145777610133744,
    "r_t_max": 0.10788367096964584,
    "delta_hat_mean": 3.725122357054339e-08,
    "delta_hat_std": 3.710274693295456e-06,
    "lambda_t_mean": 0.0005,
    "lambda_t_std": 0.0,
    "n_records": 7800
  },
  "layer2.2.conv2.weight": {
    "r_t_mean": 0.015145636397948014,
    "r_t_std": 0.003909880036978604,
    "r_t_min": 0.008363832866968093,
    "r_t_max": 0.09720753939609042,
    "delta_hat_mean": 6.417457118648503e-08,
    "delta_hat_std": 3.924754997076383e-06,
    "lambda_t_mean": 0.0005,
    "lambda_t_std": 0.0,
    "n_records": 7800
  },
  "layer3.0.conv1.weight": {
    "r_t_mean": 0.01485359004772433,
    "r_t_std": 0.004027516092339805,
    "r_t_min": 0.008062036223499651,
    "r_t_max": 0.07464414017292512,
    "delta_hat_mean": -5.318866281929976e-08,
    "delta_hat_std": 3.1230712695229222e-06,
    "lambda_t_mean": 0.0005,
    "lambda_t_std": 0.0,
    "n_records": 7800
  },
  "layer3.0.conv2.weight": {
    "r_t_mean": 0.015345502444912519,
    "r_t_std": 0.004398045841239665,
    "r_t_min": 0.008232148396065151,
    "r_t_max": 0.10069556158828366,
    "delta_hat_mean": -8.20308967546371e-09,
    "delta_hat_std": 2.008354213033427e-06,
    "lambda_t_mean": 0.0005,
    "lambda_t_std": 0.0,
    "n_records": 7800
  },
  "layer3.0.shortcut.0.weight": {
    "r_t_mean": 0.013415232501447858,
    "r_t_std": 0.0033138694487356755,
    "r_t_min": 0.007341933924776224,
    "r_t_max": 0.05108440416414942,
    "delta_hat_mean": 7.892575407355039e-09,
    "delta_hat_std": 8.278267047274764e-06,
    "lambda_t_mean": 0.0005,
    "lambda_t_std": 0.0,
    "n_records": 7800
  },
  "layer3.1.conv1.weight": {
    "r_t_mean": 0.015557315589153254,
    "r_t_std": 0.0044026392353044876,
    "r_t_min": 0.008056952699887914,
    "r_t_max": 0.09977495133661407,
    "delta_hat_mean": -5.9296721217513765e-09,
    "delta_hat_std": 2.069080404704536e-06,
    "lambda_t_mean": 0.0005,
    "lambda_t_std": 0.0,
    "n_records": 7800
  },
  "layer3.1.conv2.weight": {
    "r_t_mean": 0.015566367269068647,
    "r_t_std": 0.004155835121375923,
    "r_t_min": 0.00796372793005028,
    "r_t_max": 0.10301293918580709,
    "delta_hat_mean": 1.4153387085832415e-08,
    "delta_hat_std": 1.539613290079668e-06,
    "lambda_t_mean": 0.0005,
    "lambda_t_std": 0.0,
    "n_records": 7800
  },
  "layer3.2.conv1.weight": {
    "r_t_mean": 0.01550648041000404,
    "r_t_std": 0.004214137652649532,
    "r_t_min": 0.008131578077800725,
    "r_t_max": 0.08735763691754075,
    "delta_hat_mean": -7.127034748779999e-09,
    "delta_hat_std": 1.8907959672721854e-06,
    "lambda_t_mean": 0.0005,
    "lambda_t_std": 0.0,
    "n_records": 7800
  },
  "layer3.2.conv2.weight": {
    "r_t_mean": 0.01499788421023243,
    "r_t_std": 0.003952564372861005,
    "r_t_min": 0.007755631592217034,
    "r_t_max": 0.10635532535687214,
    "delta_hat_mean": -1.8662732707204514e-08,
    "delta_hat_std": 1.6986705237431764e-06,
    "lambda_t_mean": 0.0005,
    "lambda_t_std": 0.0,
    "n_records": 7800
  },
  "fc.weight": {
    "r_t_mean": 0.011687970684519853,
    "r_t_std": 0.006246872670089752,
    "r_t_min": 0.005237173029781009,
    "r_t_max": 0.18240524561648067,
    "delta_hat_mean": -0.0031014380452681787,
    "delta_hat_std": 0.005301593067062083,
    "lambda_t_mean": 0.0005,
    "lambda_t_std": 0.0,
    "n_records": 7800
  }
}