{
  "features.0.weight": {
    "r_t_mean": 0.021229172945691672,
    "r_t_std": 0.010556303587426746,
    "r_t_min": 0.0006539419326716512,
    "r_t_max": 0.2707041925369013,
    "delta_hat_mean": -4.397493683732215e-07,
    "delta_hat_std": 1.726838547913687e-05,
    "lambda_t_mean": 0.0005,
    "lambda_t_std": 0.0,
    "n_records": 1950
  },
  "features.3.weight": {
    "r_t_mean": 0.0211979312520914,
    "r_t_std": 0.021599823042647612,
    "r_t_min": 0.0005172691805640105,
    "r_t_max": 0.8902912505882729,
    "delta_hat_mean": -1.172173875550706e-07,
    "delta_hat_std": 3.917906801839904e-06,
    "lambda_t_mean": 0.0005,
    "lambda_t_std": 0.0,
    "n_records": 1950
  },
  "features.7.weight": {
    "r_t_mean": 0.022849553996011115,
    "r_t_std": 0.014332322391287957,
    "r_t_min": 0.0003885355820229577,
    "r_t_max": 0.5119920311765076,
    "delta_hat_mean": -1.0574846669911906e-09,
    "delta_hat_std": 3.17685860595337e-08,
    "lambda_t_mean": 0.0005,
    "lambda_t_std": 0.0,
    "n_records": 1950
  },
  "features.10.weight": {
    "r_t_mean": 0.0242959728934246,
    "r_t_std": 0.01584421343293246,
    "r_t_min": 0.00032655819459504235,
    "r_t_max": 0.5995776944458986,
    "delta_hat_mean": -5.989662157461032e-10,
    "delta_hat_std": 2.5274173695523344e-08,
    "lambda_t_mean": 0.0005,
    "lambda_t_std": 0.0,
    "n_records": 1950
  },
  "features.14.weight": {
    "r_t_mean": 0.02648901141149255,
    "r_t_std": 0.01221751066916879,
    "r_t_min": 0.000231584415521805,
    "r_t_max": 0.3622712820891992,
    "delta_hat_mean": -1.2008236574915602e-08,
    "delta_hat_std": 1.2308962369346638e-06,
    "lambda_t_mean": 0.0005,
    "lambda_t_std": 0.0,
    "n_records": 1950
  },
  "features.17.weight": {
    "r_t_mean": 0.028988599705907614,
    "r_t_std": 0.014746665391959865,
    "r_t_min": 0.00024964364474714117,
    "r_t_max": 0.4261616554038474,
    "delta_hat_mean": 6.315257795163037e-11,
    "delta_hat_std": 2.5077571128442508e-08,
    "lambda_t_mean": 0.0005,
    "lambda_t_std": 0.0,
    "n_records": 1950
  },
  "features.20.weight": {
    "r_t_mean": 0.02847072401807656,
    "r_t_std": 0.013937635262212783,
    "r_t_min": 0.0002853356829104999,
    "r_t_max": 0.3592347658139185,
    "delta_hat_mean": 1.961250455352081e-09,
    "delta_hat_std": 3.352562118376575e-08,
    "lambda_t_mean": 0.0005,
    "lambda_t_std": 0.0,
    "n_records": 1950
  },
  "features.24.weight": {
    "r_t_mean": 0.024977506593477652,
    "r_t_std": 0.011681595444560875,
    "r_t_min": 0.0001538263195846184,
    "r_t_max": 0.22140216766070717,
    "delta_hat_mean": 4.10595129770796e-09,
    "delta_hat_std": 6.476843982544134e-07,
    "lambda_t_mean": 0.0005,
    "lambda_t_std": 0.0,
    "n_records": 1950
  },
  "features.27.weight": {
    "r_t_mean": 0.02315843778347232,
    "r_t_std": 0.01156069558499256,
    "r_t_min": 0.00013160477791135115,
    "r_t_max": 0.2662594407601167,
    "delta_hat_mean": -1.3554941829330717e-08,
    "delta_hat_std": 7.579936574767158e-07,
    "lambda_t_mean": 0.0005,
    "lambda_t_std": 0.0,
    "n_records": 1950
  },
  "features.30.weight": {
    "r_t_mean": 0.02016491076429561,
    "r_t_std": 0.009475472589891783,
    "r_t_min": 0.00011403832663639268,
    "r_t_max": 0.2268620075850339,
    "delta_hat_mean": 5.938428443558613e-09,
    "delta_hat_std": 9.732580522670309e-07,
    "lambda_t_mean": 0.0005,
    "lambda_t_std": 0.0,
    "n_records": 1950
  },
  "features.34.weight": {
    "r_t_mean": 0.01642258089215453,
    "r_t_std": 0.007007939832375477,
    "r_t_min": 8.806272844747603e-05,
    "r_t_max": 0.20948824723472545,
    "delta_hat_mean": -7.602587216864592e-09,
    "delta_hat_std": 1.8802660662655806e-06,
    "lambda_t_mean": 0.0005,
    "lambda_t_std": 0.0,
    "n_records": 1950
  },
  "features.37.weight": {
    "r_t_mean": 0.015610361700496823,
    "r_t_std": 0.005473340195364747,
    "r_t_min": 0.00022060118404921967,
    "r_t_max": 0.17518967528869087,
    "delta_hat_mean": -8.623568023300386e-08,
    "delta_hat_std": 2.372435448258704e-06,
    "lambda_t_mean": 0.0005,
    "lambda_t_std": 0.0,
    "n_records": 1950
  },
  "features.40.weight": {
    "r_t_mean": 0.017108332744005143,
    "r_t_std": 0.004700203166692459,
    "r_t_min": 0.0006568364386993762,
    "r_t_max": 0.150745456055368,
    "delta_hat_mean": -4.646147888178799e-08,
    "delta_hat_std": 2.556470985102662e-06,
    "lambda_t_mean": 0.0005,
    "lambda_t_std": 0.0,
    "n_records": 1950
  },
  "classifier.0.weight": {
    "r_t_mean": 0.018687426969424974,
    "r_t_std": 0.00827905142242527,
    "r_t_min": 0.0013808177245477663,
    "r_t_max": 0.1601743177789369,
    "delta_hat_mean": 0.0002830909421792081,
    "delta_hat_std": 0.014668047646170065,
    "lambda_t_mean": 0.0005,
    "lambda_t_std": 0.0,
    "n_records": 1950
  },
  "classifier.3.weight": {
    "r_t_mean": 0.020120318239189503,
    "r_t_std": 0.003537110513844551,
    "r_t_min": 0.004394124436359859,
    "r_t_max": 0.0773596948216966,
    "delta_hat_mean": 0.0008185602793451042,
    "delta_hat_std": 0.011878609748533095,
    "lambda_t_mean": 0.0005,
    "lambda_t_std": 0.0,
    "n_records": 1950
  },
  "classifier.6.weight": {
    "r_t_mean": 0.022667701835056307,
    "r_t_std": 0.007396546236587867,
    "r_t_min": 0.008921100193228847,
    "r_t_max": 0.2041389307503362,
    "delta_hat_mean": 0.0009814666906986938,
    "delta_hat_std": 0.012186375780169883,
    "lambda_t_mean": 0.0005,
    "lambda_t_std": 0.0,
    "n_records": 1950
  }
}