{
  "overall_recommendation": "NO_GO",
  "selected_candidate_id": "cand_a",
  "n_high_absorption": 6,
  "H1_passes": false,
  "H2_passes": false,
  "candidates": [
    {
      "candidate_id": "cand_a",
      "go_no_go": "NO_GO",
      "confidence": 0.6,
      "supported_hypotheses": [],
      "failed_assumptions": [
        "H1",
        "H2"
      ],
      "key_metrics": {
        "absorption_rates": {
          "A": 0.07587575700134039,
          "B": 0.1,
          "C": 0.0,
          "D": 0.0,
          "E": 0.0,
          "F": 0.0,
          "G": 0.0,
          "H": 0.2044377540051937,
          "I": 0.0,
          "J": 0.0,
          "K": 0.0,
          "L": 0.0,
          "M": 0.0,
          "N": 0.0,
          "O": 0.0,
          "P": 0.0,
          "Q": 0.0,
          "R": 0.0,
          "S": 0.15999998688697814,
          "T": 0.0,
          "U": 0.24903726503252982,
          "V": 0.12347655899822713,
          "W": 0.0,
          "X": 0.0,
          "Y": 0.0,
          "Z": 0.0
        },
        "steering_success_at_50": {
          "A": 0.95,
          "B": 0.7,
          "C": 1.0,
          "D": 0.9,
          "E": 1.0,
          "F": 0.75,
          "G": 0.8,
          "H": 0.6,
          "I": 0.95,
          "J": 1.0,
          "K": 0.9,
          "L": 0.85,
          "M": 0.6,
          "N": 0.8,
          "O": 0.95,
          "P": 0.6,
          "Q": 0.5,
          "R": 0.85,
          "S": 0.65,
          "T": 0.9,
          "U": 1.0,
          "V": 0.85,
          "W": 1.0,
          "X": 1.0,
          "Y": 0.85,
          "Z": 0.8
        },
        "probing_f1_k5": {
          "A": 0.4444444444444444,
          "B": 0.6666666666666666,
          "C": 0.3333333333333333,
          "D": 0.4,
          "E": 0.2608695652173913,
          "F": 0.2608695652173913,
          "G": 0.3333333333333333,
          "H": 0.4,
          "I": 0.4,
          "J": 0.6206896551724138,
          "K": 0.5185185185185185,
          "L": 0.7096774193548387,
          "M": 0.46153846153846156,
          "N": 0.4,
          "O": 0.3333333333333333,
          "P": 0.46153846153846156,
          "Q": 0.5185185185185185,
          "R": 0.3333333333333333,
          "S": 0.18181818181818182,
          "T": 0.5185185185185185,
          "U": 0.46153846153846156,
          "V": 0.6666666666666666,
          "W": 0.4,
          "X": 1.0,
          "Y": 0.6666666666666666,
          "Z": 0.8235294117647058
        }
      },
      "notes": "6/26 features show >0.05 absorption. H1: r=-0.153, p=0.456. H2: r=-0.098, p=0.632. Effect sizes are small and not significant. High-absorption features show steer=0.79 vs low-absorption=0.85; probe=0.47 vs 0.49. T-test p=0.41 (steering), p=0.85 (probing)."
    }
  ]
}