{
  "conv1.weight": {
    "r_t_mean": 0.018118604401679166,
    "r_t_std": 0.020466338126456297,
    "r_t_min": 0.00801063087950351,
    "r_t_max": 0.4812521255201685,
    "delta_hat_mean": -1.1377662528407229e-06,
    "delta_hat_std": 4.5345300777207645e-05,
    "lambda_t_mean": 4.6876914928793395e-05,
    "lambda_t_std": 9.233581551893404e-06,
    "n_records": 780
  },
  "layer1.0.conv1.weight": {
    "r_t_mean": 0.01811995159298515,
    "r_t_std": 0.01983841319034118,
    "r_t_min": 0.009647599082898571,
    "r_t_max": 0.5190017843415159,
    "delta_hat_mean": -6.550818306449421e-07,
    "delta_hat_std": 1.0638687912069436e-05,
    "lambda_t_mean": 4.317106290835519e-05,
    "lambda_t_std": 5.914571817234751e-06,
    "n_records": 780
  },
  "layer1.0.conv2.weight": {
    "r_t_mean": 0.018057075505648317,
    "r_t_std": 0.01701091505203357,
    "r_t_min": 0.009725851166555657,
    "r_t_max": 0.4284673313306833,
    "delta_hat_mean": 2.767105619578995e-07,
    "delta_hat_std": 9.163055878520898e-06,
    "lambda_t_mean": 4.19764351612345e-05,
    "lambda_t_std": 5.366519110290946e-06,
    "n_records": 780
  },
  "layer1.1.conv1.weight": {
    "r_t_mean": 0.018285568476350565,
    "r_t_std": 0.012243899753956912,
    "r_t_min": 0.010294666460794891,
    "r_t_max": 0.2931688349395812,
    "delta_hat_mean": -4.983170393412769e-07,
    "delta_hat_std": 8.410616531120416e-06,
    "lambda_t_mean": 4.21129210979016e-05,
    "lambda_t_std": 5.107838843447589e-06,
    "n_records": 780
  },
  "layer1.1.conv2.weight": {
    "r_t_mean": 0.01800788635503935,
    "r_t_std": 0.011955676172030251,
    "r_t_min": 0.010581810925221043,
    "r_t_max": 0.27527883487443333,
    "delta_hat_mean": 9.723331855910217e-09,
    "delta_hat_std": 7.171554812716707e-06,
    "lambda_t_mean": 4.155357376050133e-05,
    "lambda_t_std": 4.830424424017384e-06,
    "n_records": 780
  },
  "layer1.2.conv1.weight": {
    "r_t_mean": 0.018941527081002735,
    "r_t_std": 0.011490766200258216,
    "r_t_min": 0.010791452798276164,
    "r_t_max": 0.25865411524737436,
    "delta_hat_mean": 6.185843576170887e-08,
    "delta_hat_std": 8.124249574527869e-06,
    "lambda_t_mean": 4.336091441559052e-05,
    "lambda_t_std": 6.116094596902866e-06,
    "n_records": 780
  },
  "layer1.2.conv2.weight": {
    "r_t_mean": 0.017658064605213037,
    "r_t_std": 0.010447792994476592,
    "r_t_min": 0.009166380086741609,
    "r_t_max": 0.20989607312252395,
    "delta_hat_mean": 3.1300852357664993e-07,
    "delta_hat_std": 8.27941197812559e-06,
    "lambda_t_mean": 4.1546759492548156e-05,
    "lambda_t_std": 4.8946023598065264e-06,
    "n_records": 780
  },
  "layer2.0.conv1.weight": {
    "r_t_mean": 0.017834478431373337,
    "r_t_std": 0.00916386325530877,
    "r_t_min": 0.010213819778205237,
    "r_t_max": 0.14930254876911708,
    "delta_hat_mean": 4.1973384031124555e-08,
    "delta_hat_std": 8.004184303133386e-06,
    "lambda_t_mean": 4.1402852724456795e-05,
    "lambda_t_std": 4.678917365399763e-06,
    "n_records": 780
  },
  "layer2.0.conv2.weight": {
    "r_t_mean": 0.018389884735333935,
    "r_t_std": 0.010513779591469508,
    "r_t_min": 0.01061261943309415,
    "r_t_max": 0.17785366145648057,
    "delta_hat_mean": 3.5202712922882255e-08,
    "delta_hat_std": 4.512844808732462e-06,
    "lambda_t_mean": 4.092944995090936e-05,
    "lambda_t_std": 4.5506901819240504e-06,
    "n_records": 780
  },
  "layer2.0.shortcut.0.weight": {
    "r_t_mean": 0.015532660434107629,
    "r_t_std": 0.007118087123022557,
    "r_t_min": 0.008634397035718479,
    "r_t_max": 0.049939612490143975,
    "delta_hat_mean": 3.58648229400944e-07,
    "delta_hat_std": 2.2784059216765095e-05,
    "lambda_t_mean": 4.177590400129696e-05,
    "lambda_t_std": 4.947896769089263e-06,
    "n_records": 780
  },
  "layer2.1.conv1.weight": {
    "r_t_mean": 0.019268475935582775,
    "r_t_std": 0.009648688941273865,
    "r_t_min": 0.011819106961156652,
    "r_t_max": 0.1639146567439148,
    "delta_hat_mean": -1.7235182084481456e-07,
    "delta_hat_std": 3.1820416347643962e-06,
    "lambda_t_mean": 4.1578600249645325e-05,
    "lambda_t_std": 4.829111074975608e-06,
    "n_records": 780
  },
  "layer2.1.conv2.weight": {
    "r_t_mean": 0.01857211403744711,
    "r_t_std": 0.008685013294644236,
    "r_t_min": 0.01132021160660835,
    "r_t_max": 0.14279082361773796,
    "delta_hat_mean": -9.422897137838049e-08,
    "delta_hat_std": 3.6403312669029395e-06,
    "lambda_t_mean": 4.109377445187363e-05,
    "lambda_t_std": 4.468394228884547e-06,
    "n_records": 780
  },
  "layer2.2.conv1.weight": {
    "r_t_mean": 0.01966059646164328,
    "r_t_std": 0.00790730888209912,
    "r_t_min": 0.011821664259218705,
    "r_t_max": 0.12010220987965978,
    "delta_hat_mean": 2.6784897859791283e-08,
    "delta_hat_std": 3.313404028165148e-06,
    "lambda_t_mean": 4.12229495367396e-05,
    "lambda_t_std": 4.5598748845104594e-06,
    "n_records": 780
  },
  "layer2.2.conv2.weight": {
    "r_t_mean": 0.01869962267448737,
    "r_t_std": 0.00738534614503096,
    "r_t_min": 0.011512307037824878,
    "r_t_max": 0.10962576607963512,
    "delta_hat_mean": 1.5768339968618834e-07,
    "delta_hat_std": 3.5074463476521313e-06,
    "lambda_t_mean": 4.096165630643555e-05,
    "lambda_t_std": 4.3947025772577775e-06,
    "n_records": 780
  },
  "layer3.0.conv1.weight": {
    "r_t_mean": 0.018337743760988512,
    "r_t_std": 0.007881615747219385,
    "r_t_min": 0.010887717111326585,
    "r_t_max": 0.08246242735034648,
    "delta_hat_mean": -2.2582410958299064e-08,
    "delta_hat_std": 3.3248666205840544e-06,
    "lambda_t_mean": 4.079232589412739e-05,
    "lambda_t_std": 4.184880842332637e-06,
    "n_records": 780
  },
  "layer3.0.conv2.weight": {
    "r_t_mean": 0.019696453676308574,
    "r_t_std": 0.008775239249822119,
    "r_t_min": 0.011918419891860564,
    "r_t_max": 0.11170465647447546,
    "delta_hat_mean": -1.017256177445946e-07,
    "delta_hat_std": 2.1338482942710724e-06,
    "lambda_t_mean": 4.0666912193230755e-05,
    "lambda_t_std": 4.134532323997723e-06,
    "n_records": 780
  },
  "layer3.0.shortcut.0.weight": {
    "r_t_mean": 0.014567356942072405,
    "r_t_std": 0.006809404406203651,
    "r_t_min": 0.008017558516005345,
    "r_t_max": 0.058088084037700716,
    "delta_hat_mean": 3.055433232919295e-08,
    "delta_hat_std": 7.525122079467185e-06,
    "lambda_t_mean": 4.086656496300398e-05,
    "lambda_t_std": 4.22883519249506e-06,
    "n_records": 780
  },
  "layer3.1.conv1.weight": {
    "r_t_mean": 0.01977463443541095,
    "r_t_std": 0.009287938031205844,
    "r_t_min": 0.011548857474485212,
    "r_t_max": 0.10400682512066411,
    "delta_hat_mean": 6.963413169712974e-08,
    "delta_hat_std": 2.0526308195068473e-06,
    "lambda_t_mean": 4.082023962938719e-05,
    "lambda_t_std": 4.127812508691804e-06,
    "n_records": 780
  },
  "layer3.1.conv2.weight": {
    "r_t_mean": 0.019915125051805798,
    "r_t_std": 0.008306094434855847,
    "r_t_min": 0.011935843230638602,
    "r_t_max": 0.11104557737198952,
    "delta_hat_mean": 5.218148223745809e-08,
    "delta_hat_std": 1.728341959706479e-06,
    "lambda_t_mean": 4.0609614539553526e-05,
    "lambda_t_std": 4.036623113579916e-06,
    "n_records": 780
  },
  "layer3.2.conv1.weight": {
    "r_t_mean": 0.020395152184359007,
    "r_t_std": 0.00770402297117183,
    "r_t_min": 0.012838784960042548,
    "r_t_max": 0.10508019995466802,
    "delta_hat_mean": 1.2293612291121766e-08,
    "delta_hat_std": 1.982496820352367e-06,
    "lambda_t_mean": 4.0516761189393855e-05,
    "lambda_t_std": 4.161508980904068e-06,
    "n_records": 780
  },
  "layer3.2.conv2.weight": {
    "r_t_mean": 0.019140498022693256,
    "r_t_std": 0.00742518245741362,
    "r_t_min": 0.01183240272974651,
    "r_t_max": 0.10419052871620108,
    "delta_hat_mean": -9.405603282686707e-08,
    "delta_hat_std": 1.717760991647936e-06,
    "lambda_t_mean": 4.0369298927620564e-05,
    "lambda_t_std": 4.0047260381122325e-06,
    "n_records": 780
  },