{
  "conv1.weight": {
    "r_t_mean": 0.01715939374706683,
    "r_t_std": 0.01788526310873132,
    "r_t_min": 0.007512265862513752,
    "r_t_max": 0.48128308811939136,
    "delta_hat_mean": -6.095624130927546e-06,
    "delta_hat_std": 4.6869702576807883e-05,
    "lambda_t_mean": 0.0006150045158107047,
    "lambda_t_std": 0.0,
    "n_records": 780
  },
  "layer1.0.conv1.weight": {
    "r_t_mean": 0.017247085210249466,
    "r_t_std": 0.018507095257956237,
    "r_t_min": 0.010327901483671974,
    "r_t_max": 0.5190351782156669,
    "delta_hat_mean": -6.706451349495013e-07,
    "delta_hat_std": 1.1579598042409635e-05,
    "lambda_t_mean": 0.0006150045158107047,
    "lambda_t_std": 0.0,
    "n_records": 780
  },
  "layer1.0.conv2.weight": {
    "r_t_mean": 0.01695683637914588,
    "r_t_std": 0.015430294895693806,
    "r_t_min": 0.01043173669688049,
    "r_t_max": 0.4284949342471737,
    "delta_hat_mean": -1.604097993215885e-07,
    "delta_hat_std": 1.0784954320019229e-05,
    "lambda_t_mean": 0.0006150045158107047,
    "lambda_t_std": 0.0,
    "n_records": 780
  },
  "layer1.1.conv1.weight": {
    "r_t_mean": 0.017771894660311777,
    "r_t_std": 0.010586346782565087,
    "r_t_min": 0.010425048338702052,
    "r_t_max": 0.29318770057813226,
    "delta_hat_mean": 4.1486715518000383e-07,
    "delta_hat_std": 8.986613939870005e-06,
    "lambda_t_mean": 0.0006150045158107047,
    "lambda_t_std": 0.0,
    "n_records": 780
  },
  "layer1.1.conv2.weight": {
    "r_t_mean": 0.01739883992107049,
    "r_t_std": 0.009921877456349705,
    "r_t_min": 0.010603670873258959,
    "r_t_max": 0.27529654293646244,
    "delta_hat_mean": -2.403970013631921e-07,
    "delta_hat_std": 1.0662306576653198e-05,
    "lambda_t_mean": 0.0006150045158107047,
    "lambda_t_std": 0.0,
    "n_records": 780
  },
  "layer1.2.conv1.weight": {
    "r_t_mean": 0.01804234180305448,
    "r_t_std": 0.009223601253429563,
    "r_t_min": 0.011253876425847213,
    "r_t_max": 0.25867077541674033,
    "delta_hat_mean": -3.303084586167215e-07,
    "delta_hat_std": 9.143929219270001e-06,
    "lambda_t_mean": 0.0006150045158107047,
    "lambda_t_std": 0.0,
    "n_records": 780
  },
  "layer1.2.conv2.weight": {
    "r_t_mean": 0.01739411943537916,
    "r_t_std": 0.007578359320442838,
    "r_t_min": 0.010773104413308313,
    "r_t_max": 0.20990957691809456,
    "delta_hat_mean": 2.2295298308518723e-07,
    "delta_hat_std": 8.840617617911241e-06,
    "lambda_t_mean": 0.0006150045158107047,
    "lambda_t_std": 0.0,
    "n_records": 780
  },
  "layer2.0.conv1.weight": {
    "r_t_mean": 0.017170357200749498,
    "r_t_std": 0.006211889107898946,
    "r_t_min": 0.010788469105600473,
    "r_t_max": 0.1493121592423693,
    "delta_hat_mean": 1.931211021549837e-07,
    "delta_hat_std": 8.578112327466639e-06,
    "lambda_t_mean": 0.0006150045158107047,
    "lambda_t_std": 0.0,
    "n_records": 780
  },
  "layer2.0.conv2.weight": {
    "r_t_mean": 0.017107207509589845,
    "r_t_std": 0.007652034000099536,
    "r_t_min": 0.011209559301952103,
    "r_t_max": 0.17786510290561983,
    "delta_hat_mean": 9.99423489107133e-08,
    "delta_hat_std": 5.448082998856663e-06,
    "lambda_t_mean": 0.0006150045158107047,
    "lambda_t_std": 0.0,
    "n_records": 780
  },
  "layer2.0.shortcut.0.weight": {
    "r_t_mean": 0.015852776246256098,
    "r_t_std": 0.0042270936521748926,
    "r_t_min": 0.009455783409654027,
    "r_t_max": 0.05179515834922989,
    "delta_hat_mean": 6.704223868093406e-07,
    "delta_hat_std": 2.2419791393531586e-05,
    "lambda_t_mean": 0.0006150045158107047,
    "lambda_t_std": 0.0,
    "n_records": 780
  },
  "layer2.1.conv1.weight": {
    "r_t_mean": 0.01785406653424466,
    "r_t_std": 0.006771067342425789,
    "r_t_min": 0.011030752768265963,
    "r_t_max": 0.16392521062995608,
    "delta_hat_mean": -2.1286315190494066e-07,
    "delta_hat_std": 3.980481751508267e-06,
    "lambda_t_mean": 0.0006150045158107047,
    "lambda_t_std": 0.0,
    "n_records": 780
  },
  "layer2.1.conv2.weight": {
    "r_t_mean": 0.01768728568249516,
    "r_t_std": 0.006087117440780314,
    "r_t_min": 0.011160259129523467,
    "r_t_max": 0.14280001205434967,
    "delta_hat_mean": -2.2263783280495593e-07,
    "delta_hat_std": 3.87223939103752e-06,
    "lambda_t_mean": 0.0006150045158107047,
    "lambda_t_std": 0.0,
    "n_records": 780
  },
  "layer2.2.conv1.weight": {
    "r_t_mean": 0.018167317097044486,
    "r_t_std": 0.005384685789065351,
    "r_t_min": 0.011533834543691349,
    "r_t_max": 0.12010993351298228,
    "delta_hat_mean": 6.534116546519933e-08,
    "delta_hat_std": 3.5921423727607887e-06,
    "lambda_t_mean": 0.0006150045158107047,
    "lambda_t_std": 0.0,
    "n_records": 780
  },
  "layer2.2.conv2.weight": {
    "r_t_mean": 0.017575164301020706,
    "r_t_std": 0.005117912541873761,
    "r_t_min": 0.011211924041527618,
    "r_t_max": 0.10963281656031264,
    "delta_hat_mean": 1.5422799482821804e-07,
    "delta_hat_std": 4.068511412113642e-06,
    "lambda_t_mean": 0.0006150045158107047,
    "lambda_t_std": 0.0,
    "n_records": 780
  },
  "layer3.0.conv1.weight": {
    "r_t_mean": 0.017224899832665817,
    "r_t_std": 0.004590979948646013,
    "r_t_min": 0.011223077185821977,
    "r_t_max": 0.0824677371297094,
    "delta_hat_mean": 5.822642124009292e-08,
    "delta_hat_std": 3.6115345161651332e-06,
    "lambda_t_mean": 0.0006150045158107047,
    "lambda_t_std": 0.0,
    "n_records": 780
  },
  "layer3.0.conv2.weight": {
    "r_t_mean": 0.017970790553311224,
    "r_t_std": 0.005598380733931402,
    "r_t_min": 0.011861073523249126,
    "r_t_max": 0.11171185144762315,
    "delta_hat_mean": -1.467084673938811e-07,
    "delta_hat_std": 2.233020633186774e-06,
    "lambda_t_mean": 0.0006150045158107047,
    "lambda_t_std": 0.0,
    "n_records": 780
  },
  "layer3.0.shortcut.0.weight": {
    "r_t_mean": 0.01498547455916281,
    "r_t_std": 0.004078837504614932,
    "r_t_min": 0.009807495847095268,
    "r_t_max": 0.04943893986714282,
    "delta_hat_mean": 2.2503902855602176e-07,
    "delta_hat_std": 8.165183407383287e-06,
    "lambda_t_mean": 0.0006150045158107047,
    "lambda_t_std": 0.0,
    "n_records": 780
  },
  "layer3.1.conv1.weight": {
    "r_t_mean": 0.01811327651988369,
    "r_t_std": 0.005795584412260644,
    "r_t_min": 0.0117044281255291,
    "r_t_max": 0.10401352614164079,
    "delta_hat_mean": -8.360498258775398e-08,
    "delta_hat_std": 2.098655303283488e-06,
    "lambda_t_mean": 0.0006150045158107047,
    "lambda_t_std": 0.0,
    "n_records": 780
  },
  "layer3.1.conv2.weight": {
    "r_t_mean": 0.01815745050656758,
    "r_t_std": 0.005539926774811056,
    "r_t_min": 0.012040740310627239,
    "r_t_max": 0.1110527255973018,
    "delta_hat_mean": 7.756793306656622e-08,
    "delta_hat_std": 1.6962333710115946e-06,
    "lambda_t_mean": 0.0006150045158107047,
    "lambda_t_std": 0.0,
    "n_records": 780
  },
  "layer3.2.conv1.weight": {
    "r_t_mean": 0.01817726824074486,
    "r_t_std": 0.0053981041912381155,
    "r_t_min": 0.012034611059027419,
    "r_t_max": 0.10508696838391206,
    "delta_hat_mean": -5.368027117628553e-08,
    "delta_hat_std": 1.9759482887867143e-06,
    "lambda_t_mean": 0.0006150045158107047,
    "lambda_t_std": 0.0,
    "n_records": 780
  },
  "layer3.2.conv2.weight": {
    "r_t_mean": 0.017316148429665137,
    "r_t_std": 0.0049524015591929415,
    "r_t_min": 0.011916666439203801,
    "r_t_max": 0.10419724080973662,
    "delta_hat_mean": -8.381947355882101e-08,
    "delta_hat_std": 1.8111540881980207e-06,
    "lambda_t_mean": 0.0006150045158107047,
    "lambda_t_std": 0.0,
    "n_records": 780
  },
  "fc.weight": {
    "r_t_mean": 0.013988313948275726,
    "r_t_std": 0.00821031661763113,
    "r_t_min": 0.0080171881166446,
    "r_t_max": 0.1504471425114341,
    "delta_hat_mean": -0.0030519662489006385,
    "delta_hat_std": 0.007372197232893894,
    "lambda_t_mean": 0.0006150045158107047,
    "lambda_t_std": 0.0,
    "n_records": 780
  }
}