{
  "conv1.weight": {
    "r_t_mean": 0.049570638416174054,
    "r_t_std": 0.024054951183105196,
    "r_t_min": 0.020254712562700856,
    "r_t_max": 0.4814916470748076,
    "delta_hat_mean": -0.00015284213469999195,
    "delta_hat_std": 0.00012218499070259644,
    "lambda_t_mean": 0.004583073944855167,
    "lambda_t_std": 0.00019779438765832596,
    "n_records": 780
  },
  "layer1.0.conv1.weight": {
    "r_t_mean": 0.0475622458253347,
    "r_t_std": 0.024806822094421845,
    "r_t_min": 0.02106446955978018,
    "r_t_max": 0.5192661751035667,
    "delta_hat_mean": -0.00014316622314890646,
    "delta_hat_std": 0.0001054110036131004,
    "lambda_t_mean": 0.004576728547422243,
    "lambda_t_std": 0.00012001084798395176,
    "n_records": 780
  },
  "layer1.0.conv2.weight": {
    "r_t_mean": 0.04793804375540976,
    "r_t_std": 0.022543720579693026,
    "r_t_min": 0.02131144735038008,
    "r_t_max": 0.4286922707717393,
    "delta_hat_mean": -0.00015297580728912408,
    "delta_hat_std": 0.00010880959341349866,
    "lambda_t_mean": 0.0045725039331037795,
    "lambda_t_std": 0.00011262283788928358,
    "n_records": 780
  },
  "layer1.1.conv1.weight": {
    "r_t_mean": 0.04830277885253499,
    "r_t_std": 0.020489878159383,
    "r_t_min": 0.019027251072085333,
    "r_t_max": 0.2933200388884108,
    "delta_hat_mean": -0.00014590417602881243,
    "delta_hat_std": 0.00010616612048138733,
    "lambda_t_mean": 0.004576962680482337,
    "lambda_t_std": 0.0001065234391972288,
    "n_records": 780
  },
  "layer1.1.conv2.weight": {
    "r_t_mean": 0.04812059309091881,
    "r_t_std": 0.019617364810458737,
    "r_t_min": 0.023013969467693605,
    "r_t_max": 0.27542644329679405,
    "delta_hat_mean": -0.00015349836653460357,
    "delta_hat_std": 0.00010994793741852355,
    "lambda_t_mean": 0.0045767947176794995,
    "lambda_t_std": 0.00011220723248931551,
    "n_records": 780
  },
  "layer1.2.conv1.weight": {
    "r_t_mean": 0.04917508946320861,
    "r_t_std": 0.021059915960947344,
    "r_t_min": 0.019743891447535727,
    "r_t_max": 0.25878900429066104,
    "delta_hat_mean": -0.00014850810081915036,
    "delta_hat_std": 0.00010650855297672789,
    "lambda_t_mean": 0.0045802609300719535,
    "lambda_t_std": 0.00010359852375555007,
    "n_records": 780
  },
  "layer1.2.conv2.weight": {
    "r_t_mean": 0.04829862515310695,
    "r_t_std": 0.019259833829495657,
    "r_t_min": 0.016645136920435698,
    "r_t_max": 0.21000465359263543,
    "delta_hat_mean": -0.0001555014815656259,
    "delta_hat_std": 0.000109844715680751,
    "lambda_t_mean": 0.004579726491597541,
    "lambda_t_std": 0.00010673232642821746,
    "n_records": 780
  },
  "layer2.0.conv1.weight": {
    "r_t_mean": 0.04786293911961203,
    "r_t_std": 0.01727404807950799,
    "r_t_min": 0.02496812148180487,
    "r_t_max": 0.1493785721066069,
    "delta_hat_mean": -0.00014482933127248852,
    "delta_hat_std": 0.000104396494999383,
    "lambda_t_mean": 0.004589684865949807,
    "lambda_t_std": 6.954889770949287e-05,
    "n_records": 780
  },
  "layer2.0.conv2.weight": {
    "r_t_mean": 0.047736907744422526,
    "r_t_std": 0.017525664278147588,
    "r_t_min": 0.026796503722326906,
    "r_t_max": 0.17794516899262386,
    "delta_hat_mean": -0.00015089173200317092,
    "delta_hat_std": 0.00010782288009406162,
    "lambda_t_mean": 0.004577282066581778,
    "lambda_t_std": 4.447211551006685e-05,
    "n_records": 780
  },
  "layer2.0.shortcut.0.weight": {
    "r_t_mean": 0.047123729449779224,
    "r_t_std": 0.016681471342661333,
    "r_t_min": 0.020677254831639024,
    "r_t_max": 0.09505036158968401,
    "delta_hat_mean": -0.00012522449592755727,
    "delta_hat_std": 9.843752974987708e-05,
    "lambda_t_mean": 0.004583467513037595,
    "lambda_t_std": 0.00016127784998811202,
    "n_records": 780
  },
  "layer2.1.conv1.weight": {
    "r_t_mean": 0.04924922526401349,
    "r_t_std": 0.019805806526714313,
    "r_t_min": 0.020901042795176267,
    "r_t_max": 0.16399815463631442,
    "delta_hat_mean": -0.00015252157190933334,
    "delta_hat_std": 0.00010892189519943954,
    "lambda_t_mean": 0.004578158811044454,
    "lambda_t_std": 5.030692462039082e-05,
    "n_records": 780
  },
  "layer2.1.conv2.weight": {
    "r_t_mean": 0.048943374909910874,
    "r_t_std": 0.019471349300010522,
    "r_t_min": 0.023373621425027975,
    "r_t_max": 0.14286417674902988,
    "delta_hat_mean": -0.00015836069239789016,
    "delta_hat_std": 0.00011207090428583853,
    "lambda_t_mean": 0.004573689873087698,
    "lambda_t_std": 4.580686348579277e-05,
    "n_records": 780
  },
  "layer2.2.conv1.weight": {
    "r_t_mean": 0.049274345617248354,
    "r_t_std": 0.019248906710141084,
    "r_t_min": 0.011270000145903224,
    "r_t_max": 0.12016285355096769,
    "delta_hat_mean": -0.00015154276043466332,
    "delta_hat_std": 0.00010717928147298564,
    "lambda_t_mean": 0.004577717258232936,
    "lambda_t_std": 5.160409749242902e-05,
    "n_records": 780
  },
  "layer2.2.conv2.weight": {
    "r_t_mean": 0.04861927711923688,
    "r_t_std": 0.018606984469235918,
    "r_t_min": 0.0162476244441911,
    "r_t_max": 0.10968229134701867,
    "delta_hat_mean": -0.0001578694429279965,
    "delta_hat_std": 0.00011127284358945632,
    "lambda_t_mean": 0.004571692090580631,
    "lambda_t_std": 4.760856130382244e-05,
    "n_records": 780
  },
  "layer3.0.conv1.weight": {
    "r_t_mean": 0.047897672038995046,
    "r_t_std": 0.017328265033008477,
    "r_t_min": 0.01527741761151911,
    "r_t_max": 0.09538805648359862,
    "delta_hat_mean": -0.00015577863899094834,
    "delta_hat_std": 0.0001104844685787377,
    "lambda_t_mean": 0.004575769097390021,
    "lambda_t_std": 3.441306950107094e-05,
    "n_records": 780
  },
  "layer3.0.conv2.weight": {
    "r_t_mean": 0.048963077998121426,
    "r_t_std": 0.01858029154177458,
    "r_t_min": 0.02228096697965253,
    "r_t_max": 0.11176168823179143,
    "delta_hat_mean": -0.000158349572008285,
    "delta_hat_std": 0.00011183284784191707,
    "lambda_t_mean": 0.0045734162928648785,
    "lambda_t_std": 2.3372012208244953e-05,
    "n_records": 780
  },
  "layer3.0.shortcut.0.weight": {
    "r_t_mean": 0.04638290069904579,
    "r_t_std": 0.015822836128409373,
    "r_t_min": 0.025479919739781372,
    "r_t_max": 0.09303290944710249,
    "delta_hat_mean": -0.00015183574523720432,
    "delta_hat_std": 0.00010770466426227508,
    "lambda_t_mean": 0.004575725788306411,
    "lambda_t_std": 7.965158004726598e-05,
    "n_records": 780
  },
  "layer3.1.conv1.weight": {
    "r_t_mean": 0.04947429644557108,
    "r_t_std": 0.01936103789796301,
    "r_t_min": 0.026511767381521875,
    "r_t_max": 0.10406013603193848,
    "delta_hat_mean": -0.00015672289412402727,
    "delta_hat_std": 0.00011024490943829027,
    "lambda_t_mean": 0.004571973307970431,
    "lambda_t_std": 2.6546835125907054e-05,
    "n_records": 780
  },
  "layer3.1.conv2.weight": {
    "r_t_mean": 0.04929973309176222,
    "r_t_std": 0.019161478470457363,
    "r_t_min": 0.026700568580530666,
    "r_t_max": 0.111102604899709,
    "delta_hat_mean": -0.0001568968575342867,
    "delta_hat_std": 0.00011091976368237427,
    "lambda_t_mean": 0.004571621152161692,
    "lambda_t_std": 2.807999795713906e-05,
    "n_records": 780
  },
  "layer3.2.conv1.weight": {
    "r_t_mean": 0.04930601285554195,
    "r_t_std": 0.018552263512793415,
    "r_t_min": 0.02748603688961035,
    "r_t_max": 0.1051342417345308,
    "delta_hat_mean": -0.00015715716716900493,
    "delta_hat_std": 0.00011110725198444387,
    "lambda_t_mean": 0.004570126641903269,
    "lambda_t_std": 2.759905228091428e-05,
    "n_records": 780
  },
  "layer3.2.conv2.weight": {
    "r_t_mean": 0.047024711088505894,
    "r_t_std": 0.01550246924159869,
    "r_t_min": 0.026806414623181427,
    "r_t_max": 0.10424456143315783,
    "delta_hat_mean": -0.00015879404170964626,
    "delta_hat_std": 0.00011158958994461136,
    "lambda_t_mean": 0.004568705910410485,
    "lambda_t_std": 3.420502591671386e-05,
    "n_records": 780
  },