{
  "features.0.weight": {
    "r_t_mean": 1.2086330143149547e-09,
    "r_t_std": 5.560546707027843e-09,
    "r_t_min": 0.0,
    "r_t_max": 6.78116711540094e-08,
    "delta_hat_mean": -0.00012012032749792522,
    "delta_hat_std": 0.010103605666181226,
    "lambda_t_mean": 4.364058864047025e-05,
    "lambda_t_std": 9.243796249935811e-05,
    "n_records": 1950
  },
  "features.2.weight": {
    "r_t_mean": 5.93293121974213e-09,
    "r_t_std": 2.7213225543362695e-08,
    "r_t_min": 0.0,
    "r_t_max": 3.3062212642166424e-07,
    "delta_hat_mean": -5.2537881081046835e-05,
    "delta_hat_std": 0.0026560996367625657,
    "lambda_t_mean": 7.874506588878654e-05,
    "lambda_t_std": 0.00013056644941198236,
    "n_records": 1950
  },
  "features.5.weight": {
    "r_t_mean": 4.438644979041513e-09,
    "r_t_std": 2.019622191019142e-08,
    "r_t_min": 0.0,
    "r_t_max": 2.544156382711033e-07,
    "delta_hat_mean": -4.076609343235564e-05,
    "delta_hat_std": 0.0018713020180373167,
    "lambda_t_mean": 8.02192216145719e-05,
    "lambda_t_std": 0.00013145819823835226,
    "n_records": 1950
  },
  "features.7.weight": {
    "r_t_mean": 6.609957252413245e-09,
    "r_t_std": 3.0194983731654796e-08,
    "r_t_min": 0.0,
    "r_t_max": 4.0527554582657183e-07,
    "delta_hat_mean": -3.507632017212031e-05,
    "delta_hat_std": 0.0013135229643360467,
    "lambda_t_mean": 9.152191882762749e-05,
    "lambda_t_std": 0.00014115961332811705,
    "n_records": 1950
  },
  "features.10.weight": {
    "r_t_mean": 5.188415318006937e-09,
    "r_t_std": 2.3608521721298734e-08,
    "r_t_min": 0.0,
    "r_t_max": 3.1978755451244784e-07,
    "delta_hat_mean": -2.4966441689515615e-05,
    "delta_hat_std": 0.0009430484230638869,
    "lambda_t_mean": 9.568599134667611e-05,
    "lambda_t_std": 0.00014375411452229102,
    "n_records": 1950
  },
  "features.12.weight": {
    "r_t_mean": 9.361400153710886e-09,
    "r_t_std": 4.129739386690006e-08,
    "r_t_min": 0.0,
    "r_t_max": 5.815917001873772e-07,
    "delta_hat_mean": -2.36896938714455e-05,
    "delta_hat_std": 0.0007211937837703223,
    "lambda_t_mean": 0.00012071843555156363,
    "lambda_t_std": 0.00015984541737254477,
    "n_records": 1950
  },
  "features.14.weight": {
    "r_t_mean": 1.3687608701622413e-08,
    "r_t_std": 5.836623077301101e-08,
    "r_t_min": 0.0,
    "r_t_max": 8.326918897585518e-07,
    "delta_hat_mean": -2.4607594127479033e-05,
    "delta_hat_std": 0.0008662094653587239,
    "lambda_t_mean": 0.00014378398914790646,
    "lambda_t_std": 0.0001688453925218909,
    "n_records": 1950
  },
  "features.17.weight": {
    "r_t_mean": 2.4540146508451856e-08,
    "r_t_std": 9.951285021100023e-08,
    "r_t_min": 0.0,
    "r_t_max": 1.3371322489708247e-06,
    "delta_hat_mean": -3.093386559210278e-05,
    "delta_hat_std": 0.0006230907099685143,
    "lambda_t_mean": 0.00019977467137309753,
    "lambda_t_std": 0.0001787569597027818,
    "n_records": 1950
  },
  "features.19.weight": {
    "r_t_mean": 8.791247122010045e-08,
    "r_t_std": 3.4176417975426143e-07,
    "r_t_min": 0.0,
    "r_t_max": 4.654118092622022e-06,
    "delta_hat_mean": -7.967143416866025e-06,
    "delta_hat_std": 0.0006079079143390048,
    "lambda_t_mean": 0.0003033851432394827,
    "lambda_t_std": 0.0002020294057212107,
    "n_records": 1950
  },
  "features.21.weight": {
    "r_t_mean": 1.9049763704711806e-07,
    "r_t_std": 7.061145308184845e-07,
    "r_t_min": 0.0,
    "r_t_max": 9.515554981218836e-06,
    "delta_hat_mean": -1.4783747294353443e-06,
    "delta_hat_std": 0.0007790485822950296,
    "lambda_t_mean": 0.00038155765240577993,
    "lambda_t_std": 0.0002625312451910907,
    "n_records": 1950
  },
  "features.24.weight": {
    "r_t_mean": 5.812930555512544e-07,
    "r_t_std": 2.0737259707116255e-06,
    "r_t_min": 0.0,
    "r_t_max": 2.800474532198955e-05,
    "delta_hat_mean": -6.124504684692785e-06,
    "delta_hat_std": 0.0005903404532988009,
    "lambda_t_mean": 0.0004461192974531676,
    "lambda_t_std": 0.0003390324835417232,
    "n_records": 1950
  },
  "features.26.weight": {
    "r_t_mean": 1.8265774697042487e-06,
    "r_t_std": 6.1820972452981934e-06,
    "r_t_min": 0.0,
    "r_t_max": 8.038739321057617e-05,
    "delta_hat_mean": 1.158181273550641e-05,
    "delta_hat_std": 0.0005325367374287779,
    "lambda_t_mean": 0.0004671151857094195,
    "lambda_t_std": 0.00036319576292794453,
    "n_records": 1950
  },
  "features.28.weight": {
    "r_t_mean": 7.145245162956353e-06,
    "r_t_std": 2.2905887393687065e-05,
    "r_t_min": 0.0,
    "r_t_max": 0.0002897102306379275,
    "delta_hat_mean": 5.964081735258402e-06,
    "delta_hat_std": 0.0008903674729119132,
    "lambda_t_mean": 0.00047285664238560946,
    "lambda_t_std": 0.0003684694494733157,
    "n_records": 1950
  },
  "classifier.0.weight": {
    "r_t_mean": 1.52669279146431e-05,
    "r_t_std": 4.099404100475143e-05,
    "r_t_min": 0.0,
    "r_t_max": 0.0003949583726371462,
    "delta_hat_mean": 2.008197703640363e-06,
    "delta_hat_std": 0.002027330552545229,
    "lambda_t_mean": 0.00047687051151641186,
    "lambda_t_std": 0.00037049202050651683,
    "n_records": 1950
  },
  "classifier.3.weight": {
    "r_t_mean": 0.00012221867837515117,
    "r_t_std": 0.0002874324528157921,
    "r_t_min": 0.0,
    "r_t_max": 0.0024858207310491085,
    "delta_hat_mean": 0.0002030894855486692,
    "delta_hat_std": 0.0031024014916685412,
    "lambda_t_mean": 0.0004784051263800065,
    "lambda_t_std": 0.0003708754808565431,
    "n_records": 1950
  },
  "classifier.6.weight": {
    "r_t_mean": 0.0005535616324762912,
    "r_t_std": 0.0015067660450994733,
    "r_t_min": 0.0,
    "r_t_max": 0.012524060668843005,
    "delta_hat_mean": 0.00032916971556297094,
    "delta_hat_std": 0.003906951701131263,
    "lambda_t_mean": 0.0004555098304277928,
    "lambda_t_std": 0.00040056696688065067,
    "n_records": 1950
  }
}