{
  "conv1.weight": {
    "r_t_mean": 0.10502541479853972,
    "r_t_std": 0.04037114466861399,
    "r_t_min": 0.0534580031094506,
    "r_t_max": 0.4812619857882058,
    "delta_hat_mean": -2.97220590293425e-07,
    "delta_hat_std": 4.0817064321255535e-05,
    "lambda_t_mean": 0.001983170394207397,
    "lambda_t_std": 0.0003879578747599323,
    "n_records": 780
  },
  "layer1.0.conv1.weight": {
    "r_t_mean": 0.10299626706752368,
    "r_t_std": 0.030836352088080946,
    "r_t_min": 0.0642442767878347,
    "r_t_max": 0.5190123721778336,
    "delta_hat_mean": 2.155868114637991e-07,
    "delta_hat_std": 8.393429260389835e-06,
    "lambda_t_mean": 0.0019623857664691846,
    "lambda_t_std": 0.00023849495896163784,
    "n_records": 780
  },
  "layer1.0.conv2.weight": {
    "r_t_mean": 0.10044618502728858,
    "r_t_std": 0.026544021628893414,
    "r_t_min": 0.06742295458108485,
    "r_t_max": 0.42847610567415545,
    "delta_hat_mean": 2.1316298179007694e-07,
    "delta_hat_std": 7.520786823401742e-06,
    "lambda_t_mean": 0.001965180517838022,
    "lambda_t_std": 0.0002005318787519249,
    "n_records": 780
  },
  "layer1.1.conv1.weight": {
    "r_t_mean": 0.10231372209203075,
    "r_t_std": 0.021448256750477263,
    "r_t_min": 0.06626076071009755,
    "r_t_max": 0.2931748223353803,
    "delta_hat_mean": -3.39653645906829e-07,
    "delta_hat_std": 7.485635140396276e-06,
    "lambda_t_mean": 0.001967264582168468,
    "lambda_t_std": 0.0002190079851642578,
    "n_records": 780
  },
  "layer1.1.conv2.weight": {
    "r_t_mean": 0.09966796807495261,
    "r_t_std": 0.023318459798725433,
    "r_t_min": 0.06642365489546008,
    "r_t_max": 0.27528445353198183,
    "delta_hat_mean": -1.584897512511947e-07,
    "delta_hat_std": 7.787563891748992e-06,
    "lambda_t_mean": 0.001969306432873516,
    "lambda_t_std": 0.00019993663013534422,
    "n_records": 780
  },
  "layer1.2.conv1.weight": {
    "r_t_mean": 0.10642453259479008,
    "r_t_std": 0.020890182931457817,
    "r_t_min": 0.06898883609554747,
    "r_t_max": 0.2586594196124254,
    "delta_hat_mean": 5.4867607221153456e-08,
    "delta_hat_std": 5.915992007138246e-06,
    "lambda_t_mean": 0.001973438791921848,
    "lambda_t_std": 0.00021949571593337362,
    "n_records": 780
  },
  "layer1.2.conv2.weight": {
    "r_t_mean": 0.10090447273319353,
    "r_t_std": 0.020453048128505014,
    "r_t_min": 0.06837095695104146,
    "r_t_max": 0.2362831142748368,
    "delta_hat_mean": -1.3076409352139834e-07,
    "delta_hat_std": 6.4852250884397335e-06,
    "lambda_t_mean": 0.001978932330653057,
    "lambda_t_std": 0.0002044520796910128,
    "n_records": 780
  },
  "layer2.0.conv1.weight": {
    "r_t_mean": 0.10080958395926377,
    "r_t_std": 0.019715755124493833,
    "r_t_min": 0.07053822039206904,
    "r_t_max": 0.20688929222887098,
    "delta_hat_mean": 1.4347446072486666e-07,
    "delta_hat_std": 7.375552766656662e-06,
    "lambda_t_mean": 0.001976653960632325,
    "lambda_t_std": 0.00018421729626007336,
    "n_records": 780
  },
  "layer2.0.conv2.weight": {
    "r_t_mean": 0.10605342183568328,
    "r_t_std": 0.024122876323372695,
    "r_t_min": 0.07526330117821511,
    "r_t_max": 0.25435506797419033,
    "delta_hat_mean": 5.317057905643652e-09,
    "delta_hat_std": 4.329679086392144e-06,
    "lambda_t_mean": 0.0019766318073385315,
    "lambda_t_std": 0.00017178174455962592,
    "n_records": 780
  },
  "layer2.0.shortcut.0.weight": {
    "r_t_mean": 0.08068181928444572,
    "r_t_std": 0.009362726859545817,
    "r_t_min": 0.02668698453473712,
    "r_t_max": 0.11234752982819125,
    "delta_hat_mean": 1.0032049986838306e-06,
    "delta_hat_std": 1.5369571069042828e-05,
    "lambda_t_mean": 0.001975974738411564,
    "lambda_t_std": 0.00019392177523357284,
    "n_records": 780
  },
  "layer2.1.conv1.weight": {
    "r_t_mean": 0.10851749798028429,
    "r_t_std": 0.023567793105376496,
    "r_t_min": 0.07687585293008194,
    "r_t_max": 0.23633185447816005,
    "delta_hat_mean": -1.3453712581397898e-07,
    "delta_hat_std": 3.243524150146354e-06,
    "lambda_t_mean": 0.0019761992032116906,
    "lambda_t_std": 0.0001777372775999002,
    "n_records": 780
  },
  "layer2.1.conv2.weight": {
    "r_t_mean": 0.1068415294608016,
    "r_t_std": 0.020663526945618474,
    "r_t_min": 0.07446588174059787,
    "r_t_max": 0.2149643203040627,
    "delta_hat_mean": -8.2086105137659e-08,
    "delta_hat_std": 3.2631704276017067e-06,
    "lambda_t_mean": 0.0019772177724659856,
    "lambda_t_std": 0.0001705919291031781,
    "n_records": 780
  },
  "layer2.2.conv1.weight": {
    "r_t_mean": 0.11089318040585562,
    "r_t_std": 0.020128362743640316,
    "r_t_min": 0.07449053233533764,
    "r_t_max": 0.20710235065994104,
    "delta_hat_mean": -1.352864615157296e-07,
    "delta_hat_std": 2.792351696520294e-06,
    "lambda_t_mean": 0.0019819330544519186,
    "lambda_t_std": 0.00018429602949171048,
    "n_records": 780
  },
  "layer2.2.conv2.weight": {
    "r_t_mean": 0.10607749108514877,
    "r_t_std": 0.017310021440028203,
    "r_t_min": 0.07353354289115993,
    "r_t_max": 0.18430885181795814,
    "delta_hat_mean": 5.9039108702717814e-08,
    "delta_hat_std": 3.061163167346773e-06,
    "lambda_t_mean": 0.001978859617248469,
    "lambda_t_std": 0.00016962209926818406,
    "n_records": 780
  },
  "layer3.0.conv1.weight": {
    "r_t_mean": 0.10515169230435314,
    "r_t_std": 0.015119226842131078,
    "r_t_min": 0.06144976929200371,
    "r_t_max": 0.16796703753679987,
    "delta_hat_mean": -6.078128247377635e-08,
    "delta_hat_std": 2.956870830365812e-06,
    "lambda_t_mean": 0.0019772842767672495,
    "lambda_t_std": 0.00016359207529236555,
    "n_records": 780
  },
  "layer3.0.conv2.weight": {
    "r_t_mean": 0.11540870428289464,
    "r_t_std": 0.016279228074592467,
    "r_t_min": 0.0829505711067564,
    "r_t_max": 0.1803967586885228,
    "delta_hat_mean": -3.7179754127846786e-08,
    "delta_hat_std": 1.7867033820183789e-06,
    "lambda_t_mean": 0.0019756478132398787,
    "lambda_t_std": 0.00015455782195503931,
    "n_records": 780
  },
  "layer3.0.shortcut.0.weight": {
    "r_t_mean": 0.07980477011966775,
    "r_t_std": 0.008821280698545934,
    "r_t_min": 0.02546775441923289,
    "r_t_max": 0.10632033269931618,
    "delta_hat_mean": -1.896534044618875e-07,
    "delta_hat_std": 6.848894045911354e-06,
    "lambda_t_mean": 0.001974062849823627,
    "lambda_t_std": 0.000164308103914295,
    "n_records": 780
  },
  "layer3.1.conv1.weight": {
    "r_t_mean": 0.11526470336384241,
    "r_t_std": 0.018169523178052746,
    "r_t_min": 0.08047152989334466,
    "r_t_max": 0.18738740071422688,
    "delta_hat_mean": 1.1987908437793278e-08,
    "delta_hat_std": 1.7214688027747117e-06,
    "lambda_t_mean": 0.001977204922923729,
    "lambda_t_std": 0.0001563656231876199,
    "n_records": 780
  },
  "layer3.1.conv2.weight": {
    "r_t_mean": 0.11179170190135651,
    "r_t_std": 0.013646038299065261,
    "r_t_min": 0.0822015512665018,
    "r_t_max": 0.1607703428221959,
    "delta_hat_mean": -7.893138495969236e-08,
    "delta_hat_std": 1.7212848146465808e-06,
    "lambda_t_mean": 0.001977548365084839,
    "lambda_t_std": 0.0001458647651233538,
    "n_records": 780
  },
  "layer3.2.conv1.weight": {
    "r_t_mean": 0.1143944651375478,
    "r_t_std": 0.012490165511369547,
    "r_t_min": 0.08405973976007175,
    "r_t_max": 0.15020498628582446,
    "delta_hat_mean": -3.322762633301998e-08,
    "delta_hat_std": 1.4803539711048716e-06,
    "lambda_t_mean": 0.0019750026674582298,
    "lambda_t_std": 0.00014562891333518097,
    "n_records": 780
  },
  "layer3.2.conv2.weight": {
    "r_t_mean": 0.100671698425543,
    "r_t_std": 0.00938975175969224,
    "r_t_min": 0.0737930597702041,
    "r_t_max": 0.1328607287465971,
    "delta_hat_mean": -3.1891174531998953e-07,
    "delta_hat_std": 1.4415397933365932e-06,
    "lambda_t_mean": 0.001976666112042165,
    "lambda_t_std": 0.00014261360944094634,
    "n_records": 780
  },
  "fc.weight": {
    "r_t_mean": 0.0567778823334199,