{
  "variant": "Kd_only",
  "method": "UDWDC_v2_Kd_only",
  "K_p": 0.0,
  "K_i": 0.0,
  "K_d": 0.3,
  "is_baseline": false,
  "seed": 456,
  "epochs": 200,
  "best_test_acc": 70.74,
  "final_test_acc": 70.48,
  "final_train_acc": 99.79166666666667,
  "generalization_gap": 29.311666666666667,
  "total_wd_budget": 0.5980782213264818,
  "v2_cumulative_wd_budget": 401531.89853716095,
  "csi": 0.23927683283362022,
  "nan_inf_detected": false,
  "elapsed_sec": 719.1545691490173
}