{
  "features.0.weight": {
    "r_t_mean": 1.1684249841237247e-09,
    "r_t_std": 5.1940041997056665e-09,
    "r_t_min": 0.0,
    "r_t_max": 7.057617321667726e-08,
    "delta_hat_mean": 3.172517825021203e-05,
    "delta_hat_std": 0.007526590740543437,
    "lambda_t_mean": 4.4486239144148556e-05,
    "lambda_t_std": 9.246367068513072e-05,
    "n_records": 1950
  },
  "features.2.weight": {
    "r_t_mean": 5.525519378333277e-09,
    "r_t_std": 2.4647634961834875e-08,
    "r_t_min": 0.0,
    "r_t_max": 3.402933290421964e-07,
    "delta_hat_mean": 2.7629183509481126e-05,
    "delta_hat_std": 0.002156125362194347,
    "lambda_t_mean": 8.166780738421098e-05,
    "lambda_t_std": 0.00012561674932381494,
    "n_records": 1950
  },
  "features.5.weight": {
    "r_t_mean": 4.1805338190321866e-09,
    "r_t_std": 1.8552064178624714e-08,
    "r_t_min": 0.0,
    "r_t_max": 2.58944007577339e-07,
    "delta_hat_mean": 1.606478718031759e-05,
    "delta_hat_std": 0.0015056472856397492,
    "lambda_t_mean": 8.395102688153072e-05,
    "lambda_t_std": 0.0001266460834092718,
    "n_records": 1950
  },
  "features.7.weight": {
    "r_t_mean": 6.0202146822369665e-09,
    "r_t_std": 2.6710899141145578e-08,
    "r_t_min": 0.0,
    "r_t_max": 3.506437290546519e-07,
    "delta_hat_mean": -1.8389644703977235e-07,
    "delta_hat_std": 0.001136607948790459,
    "lambda_t_mean": 9.635276891852632e-05,
    "lambda_t_std": 0.0001326742104374311,
    "n_records": 1950
  },
  "features.10.weight": {
    "r_t_mean": 4.892657975180731e-09,
    "r_t_std": 2.1417860928401098e-08,
    "r_t_min": 0.0,
    "r_t_max": 2.9720004796054897e-07,
    "delta_hat_mean": 5.578896087009082e-06,
    "delta_hat_std": 0.0008484244916975505,
    "lambda_t_mean": 0.0001032000055590512,
    "lambda_t_std": 0.00013510735022339535,
    "n_records": 1950
  },
  "features.12.weight": {
    "r_t_mean": 8.183908034219555e-09,
    "r_t_std": 3.4484939635657475e-08,
    "r_t_min": 0.0,
    "r_t_max": 4.499828227993039e-07,
    "delta_hat_mean": -3.944875004596071e-06,
    "delta_hat_std": 0.0008142217699771213,
    "lambda_t_mean": 0.00013877081760309647,
    "lambda_t_std": 0.00014165393530844476,
    "n_records": 1950
  },
  "features.14.weight": {
    "r_t_mean": 1.3617787407814733e-08,
    "r_t_std": 5.491672078759436e-08,
    "r_t_min": 0.0,
    "r_t_max": 7.175136761614931e-07,
    "delta_hat_mean": -3.5624104440538184e-05,
    "delta_hat_std": 0.0009145883699429419,
    "lambda_t_mean": 0.0001888985326255243,
    "lambda_t_std": 0.00013999736921402775,
    "n_records": 1950
  },
  "features.17.weight": {
    "r_t_mean": 2.2390460040843275e-08,
    "r_t_std": 8.54531341492741e-08,
    "r_t_min": 0.0,
    "r_t_max": 1.1125844642333854e-06,
    "delta_hat_mean": -3.57412666597576e-05,
    "delta_hat_std": 0.0008890008454880974,
    "lambda_t_mean": 0.00028916106995725713,
    "lambda_t_std": 0.00012850748026291153,
    "n_records": 1950
  },
  "features.19.weight": {
    "r_t_mean": 8.077427978205775e-08,
    "r_t_std": 2.9200444824425366e-07,
    "r_t_min": 0.0,
    "r_t_max": 3.60943126074887e-06,
    "delta_hat_mean": -2.194513028842839e-05,
    "delta_hat_std": 0.000529321723350788,
    "lambda_t_mean": 0.0004169764618480426,
    "lambda_t_std": 0.00013726993183182652,
    "n_records": 1950
  },
  "features.21.weight": {
    "r_t_mean": 1.833806147927916e-07,
    "r_t_std": 6.36889966619343e-07,
    "r_t_min": 0.0,
    "r_t_max": 8.07600697743857e-06,
    "delta_hat_mean": -1.6535594403221373e-05,
    "delta_hat_std": 0.0006893828433113812,
    "lambda_t_mean": 0.0004587648349744742,
    "lambda_t_std": 0.00014989475438257472,
    "n_records": 1950
  },
  "features.24.weight": {
    "r_t_mean": 5.585690609526936e-07,
    "r_t_std": 1.8179368179478242e-06,
    "r_t_min": 0.0,
    "r_t_max": 2.290909693980573e-05,
    "delta_hat_mean": -1.262549604421227e-06,
    "delta_hat_std": 0.0006689401676919035,
    "lambda_t_mean": 0.00047840628161585446,
    "lambda_t_std": 0.0001525513327462407,
    "n_records": 1950
  },
  "features.26.weight": {
    "r_t_mean": 2.11677342014515e-06,
    "r_t_std": 6.353378945871767e-06,
    "r_t_min": 0.0,
    "r_t_max": 7.739259329294089e-05,
    "delta_hat_mean": 8.534329028507615e-06,
    "delta_hat_std": 0.0007378146159987465,
    "lambda_t_mean": 0.00048525613025991255,
    "lambda_t_std": 0.0001540499596515092,
    "n_records": 1950
  },
  "features.28.weight": {
    "r_t_mean": 8.5754437550735e-06,
    "r_t_std": 2.347086804319498e-05,
    "r_t_min": 0.0,
    "r_t_max": 0.00028676636156777256,
    "delta_hat_mean": 1.8973335183504903e-05,
    "delta_hat_std": 0.0011982034281234541,
    "lambda_t_mean": 0.0004872736399511767,
    "lambda_t_std": 0.00015599465809315566,
    "n_records": 1950
  },
  "classifier.0.weight": {
    "r_t_mean": 1.841372719437454e-05,
    "r_t_std": 3.8492818391893265e-05,
    "r_t_min": 0.0,
    "r_t_max": 0.0003718554176116674,
    "delta_hat_mean": 6.8407244836157e-05,
    "delta_hat_std": 0.0023816836653473062,
    "lambda_t_mean": 0.000489312010557157,
    "lambda_t_std": 0.00015329483317031074,
    "n_records": 1950
  },
  "classifier.3.weight": {
    "r_t_mean": 0.0001591609134784427,
    "r_t_std": 0.0002633473227035277,
    "r_t_min": 0.0,
    "r_t_max": 0.0021322091323075147,
    "delta_hat_mean": 4.393200824779342e-05,
    "delta_hat_std": 0.0025920059388598394,
    "lambda_t_mean": 0.0004914100577155972,
    "lambda_t_std": 0.00015098697783820538,
    "n_records": 1950
  },
  "classifier.6.weight": {
    "r_t_mean": 0.0006168375368302083,
    "r_t_std": 0.0014811713091992648,
    "r_t_min": 0.0,
    "r_t_max": 0.012882855399681203,
    "delta_hat_mean": 0.00019782106784515025,
    "delta_hat_std": 0.0045146346119190545,
    "lambda_t_mean": 0.0004926278178581993,
    "lambda_t_std": 0.00020042739597583362,
    "n_records": 1950
  }
}