{
  "conv1.weight": {
    "r_t_mean": 0.07067462618651883,
    "r_t_std": 0.03127978161814687,
    "r_t_min": 0.02883079189123039,
    "r_t_max": 0.4815238744005744,
    "delta_hat_mean": -2.9789685474230948e-06,
    "delta_hat_std": 5.845276882423122e-05,
    "lambda_t_mean": 0.006781520327086992,
    "lambda_t_std": 0.0,
    "n_records": 780
  },
  "layer1.0.conv1.weight": {
    "r_t_mean": 0.06853829676691599,
    "r_t_std": 0.03133671536499698,
    "r_t_min": 0.03281187046010621,
    "r_t_max": 0.5192948739233797,
    "delta_hat_mean": -5.32498599942911e-07,
    "delta_hat_std": 1.3278093017277426e-05,
    "lambda_t_mean": 0.006781520327086992,
    "lambda_t_std": 0.0,
    "n_records": 780
  },
  "layer1.0.conv2.weight": {
    "r_t_mean": 0.06856876181754089,
    "r_t_std": 0.029466459921626286,
    "r_t_min": 0.03429944120288376,
    "r_t_max": 0.4287093085555488,
    "delta_hat_mean": 5.9468132261561944e-08,
    "delta_hat_std": 1.345300101725248e-05,
    "lambda_t_mean": 0.006781520327086992,
    "lambda_t_std": 0.0,
    "n_records": 780
  },
  "layer1.1.conv1.weight": {
    "r_t_mean": 0.0694121778059682,
    "r_t_std": 0.02996704297839874,
    "r_t_min": 0.026049709765470986,
    "r_t_max": 0.29333437568314885,
    "delta_hat_mean": -5.082872422945409e-07,
    "delta_hat_std": 1.800897800620965e-05,
    "lambda_t_mean": 0.006781520327086992,
    "lambda_t_std": 0.0,
    "n_records": 780
  },
  "layer1.1.conv2.weight": {
    "r_t_mean": 0.06872568658390867,
    "r_t_std": 0.028778580257309727,
    "r_t_min": 0.02670464241960782,
    "r_t_max": 0.2754342838296386,
    "delta_hat_mean": 3.7612463751648453e-07,
    "delta_hat_std": 1.162926055920848e-05,
    "lambda_t_mean": 0.006781520327086992,
    "lambda_t_std": 0.0,
    "n_records": 780
  },
  "layer1.2.conv1.weight": {
    "r_t_mean": 0.07044849880569301,
    "r_t_std": 0.03093228830558513,
    "r_t_min": 0.022198758488119263,
    "r_t_max": 0.25880018468345833,
    "delta_hat_mean": -8.210512238389829e-07,
    "delta_hat_std": 1.216358055688878e-05,
    "lambda_t_mean": 0.006781520327086992,
    "lambda_t_std": 0.0,
    "n_records": 780
  },
  "layer1.2.conv2.weight": {
    "r_t_mean": 0.06939046133018358,
    "r_t_std": 0.02922196080508665,
    "r_t_min": 0.028336507923096995,
    "r_t_max": 0.21001459552576715,
    "delta_hat_mean": 2.191672355053789e-07,
    "delta_hat_std": 1.0639807138605148e-05,
    "lambda_t_mean": 0.006781520327086992,
    "lambda_t_std": 0.0,
    "n_records": 780
  },
  "layer2.0.conv1.weight": {
    "r_t_mean": 0.06852864340098001,
    "r_t_std": 0.025978200405522962,
    "r_t_min": 0.02635384085848427,
    "r_t_max": 0.15356205838113807,
    "delta_hat_mean": -1.5914791223901275e-07,
    "delta_hat_std": 9.40730007265863e-06,
    "lambda_t_mean": 0.006781520327086992,
    "lambda_t_std": 0.0,
    "n_records": 780
  },
  "layer2.0.conv2.weight": {
    "r_t_mean": 0.06841672149546577,
    "r_t_std": 0.025979921362942648,
    "r_t_min": 0.02668297138259069,
    "r_t_max": 0.17795408853881112,
    "delta_hat_mean": -5.1223731325546234e-08,
    "delta_hat_std": 5.3475314541629115e-06,
    "lambda_t_mean": 0.006781520327086992,
    "lambda_t_std": 0.0,
    "n_records": 780
  },
  "layer2.0.shortcut.0.weight": {
    "r_t_mean": 0.06717685103036612,
    "r_t_std": 0.024875880108328936,
    "r_t_min": 0.02200510132751771,
    "r_t_max": 0.13671383233272147,
    "delta_hat_mean": 2.870139911947671e-08,
    "delta_hat_std": 2.1009871846800333e-05,
    "lambda_t_mean": 0.006781520327086992,
    "lambda_t_std": 0.0,
    "n_records": 780
  },
  "layer2.1.conv1.weight": {
    "r_t_mean": 0.07017250079363249,
    "r_t_std": 0.028593530585129843,
    "r_t_min": 0.032066341988830634,
    "r_t_max": 0.16400722023891937,
    "delta_hat_mean": -1.0986146265077551e-07,
    "delta_hat_std": 4.362182365364776e-06,
    "lambda_t_mean": 0.006781520327086992,
    "lambda_t_std": 0.0,
    "n_records": 780
  },
  "layer2.1.conv2.weight": {
    "r_t_mean": 0.0699168328732993,
    "r_t_std": 0.02854301970822584,
    "r_t_min": 0.026728077616948565,
    "r_t_max": 0.15282380031202367,
    "delta_hat_mean": 2.456417247872688e-07,
    "delta_hat_std": 3.820268322653005e-06,
    "lambda_t_mean": 0.006781520327086992,
    "lambda_t_std": 0.0,
    "n_records": 780
  },
  "layer2.2.conv1.weight": {
    "r_t_mean": 0.07059401569454311,
    "r_t_std": 0.028806575201617685,
    "r_t_min": 0.020271193513637435,
    "r_t_max": 0.15113107486709218,
    "delta_hat_mean": -1.7830068352690335e-07,
    "delta_hat_std": 4.127190962524393e-06,
    "lambda_t_mean": 0.006781520327086992,
    "lambda_t_std": 0.0,
    "n_records": 780
  },
  "layer2.2.conv2.weight": {
    "r_t_mean": 0.06948313444805011,
    "r_t_std": 0.02769997474656793,
    "r_t_min": 0.024344071372489118,
    "r_t_max": 0.1450057549719781,
    "delta_hat_mean": -1.469153431625336e-07,
    "delta_hat_std": 4.248504774441068e-06,
    "lambda_t_mean": 0.006781520327086992,
    "lambda_t_std": 0.0,
    "n_records": 780
  },
  "layer3.0.conv1.weight": {
    "r_t_mean": 0.06848608496323515,
    "r_t_std": 0.025968291970697825,
    "r_t_min": 0.02188620485145983,
    "r_t_max": 0.14143721951706503,
    "delta_hat_mean": 2.3687984321299837e-07,
    "delta_hat_std": 3.2829501586508754e-06,
    "lambda_t_mean": 0.006781520327086992,
    "lambda_t_std": 0.0,
    "n_records": 780
  },
  "layer3.0.conv2.weight": {
    "r_t_mean": 0.06993003782828323,
    "r_t_std": 0.027697051326543085,
    "r_t_min": 0.027569437720065,
    "r_t_max": 0.14250459037098448,
    "delta_hat_mean": -2.8091855560402468e-08,
    "delta_hat_std": 2.393240887422258e-06,
    "lambda_t_mean": 0.006781520327086992,
    "lambda_t_std": 0.0,
    "n_records": 780
  },
  "layer3.0.shortcut.0.weight": {
    "r_t_mean": 0.06649538462361274,
    "r_t_std": 0.02390777834233732,
    "r_t_min": 0.025481614402521394,
    "r_t_max": 0.12927995251431276,
    "delta_hat_mean": 3.4314646364158456e-07,
    "delta_hat_std": 7.808131307323176e-06,
    "lambda_t_mean": 0.006781520327086992,
    "lambda_t_std": 0.0,
    "n_records": 780
  },
  "layer3.1.conv1.weight": {
    "r_t_mean": 0.07087694121175264,
    "r_t_std": 0.02929357095486283,
    "r_t_min": 0.028260072670933792,
    "r_t_max": 0.14722040511420223,
    "delta_hat_mean": 3.886348806701425e-08,
    "delta_hat_std": 2.527379125722292e-06,
    "lambda_t_mean": 0.006781520327086992,
    "lambda_t_std": 0.0,
    "n_records": 780
  },
  "layer3.1.conv2.weight": {
    "r_t_mean": 0.07062937353772875,
    "r_t_std": 0.028979808991623647,
    "r_t_min": 0.03206053828810284,
    "r_t_max": 0.1474170268436213,
    "delta_hat_mean": -6.154583873950992e-09,
    "delta_hat_std": 1.954237066028305e-06,
    "lambda_t_mean": 0.006781520327086992,
    "lambda_t_std": 0.0,
    "n_records": 780
  },
  "layer3.2.conv1.weight": {
    "r_t_mean": 0.07010613599593078,
    "r_t_std": 0.027537852877183456,
    "r_t_min": 0.03259471001787934,
    "r_t_max": 0.14344808141193002,
    "delta_hat_mean": 2.9752896312923863e-08,
    "delta_hat_std": 2.3611261442789204e-06,
    "lambda_t_mean": 0.006781520327086992,
    "lambda_t_std": 0.0,
    "n_records": 780
  },
  "layer3.2.conv2.weight": {
    "r_t_mean": 0.06683141650107512,
    "r_t_std": 0.02289158526154382,
    "r_t_min": 0.03705045481916676,
    "r_t_max": 0.12752261776177387,
    "delta_hat_mean": -3.4055687732355465e-07,
    "delta_hat_std": 2.4679976336874296e-06,
    "lambda_t_mean": 0.006781520327086992,
    "lambda_t_std": 0.0,
    "n_records": 780
  },
  "fc.weight": {
    "r_t_mean": 0.04705263117381631,
    "r_t_std": 0.008132536715909706,
    "r_t_min": 0.03200232747814604,
    "r_t_max": 0.15052240029915098,
    "delta_hat_mean": -0.00730441448823769,
    "delta_hat_std": 0.010718886367847685,
    "lambda_t_mean": 0.006781520327086992,
    "lambda_t_std": 0.0,
    "n_records": 780
  }
}