{
  "true_l0": 1.58439,
  "sae_l0": 32.01459,
  "dead_latents": 17,
  "shrinkage": 0.9938329315185547,
  "explained_variance": 0.9978884638613827,
  "mcc": 0.32249218225479126,
  "uniqueness": 0.0888671875,
  "classification": {
    "precision": 0.516552209854126,
    "recall": 0.6829342842102051,
    "f1_score": 0.4137776494026184,
    "accuracy": 0.9607048034667969
  }
}