{
  "variant": "PI_control",
  "method": "UDWDC_v2_PI_control",
  "K_p": 0.5,
  "K_i": 0.1,
  "K_d": 0.0,
  "is_baseline": false,
  "seed": 456,
  "epochs": 200,
  "best_test_acc": 70.68,
  "final_test_acc": 70.64,
  "final_train_acc": 99.82171474358974,
  "generalization_gap": 29.181714743589737,
  "total_wd_budget": 0.1922848312463748,
  "v2_cumulative_wd_budget": 228353.59750221824,
  "csi": 0.23927653256273962,
  "nan_inf_detected": false,
  "elapsed_sec": 732.4981088638306
}