{
  "task": "task_6a",
  "mode": "pilot",
  "steps": 256,
  "model": "Dream-v0-Instruct-7B",
  "n_samples": 16,
  "seed": 42,
  "temperature": 0.4,
  "methods": [
    "vanilla",
    "remdm_conf",
    "dta",
    "dta_remdm"
  ],
  "results": {
    "vanilla": {
      "accuracy": 0.0,
      "correct": 0,
      "total": 16,
      "avg_time_s": 7.354589268565178,
      "total_time_s": 117.67342829704285,
      "distinct_2_mean": 0.8397045955405755,
      "rep_3_mean": 0.08828272479142728
    },
    "remdm_conf": {
      "accuracy": 0.0,
      "correct": 0,
      "total": 16,
      "avg_time_s": 12.965966448187828,
      "total_time_s": 207.45546317100525,
      "distinct_2_mean": 0.8342292372339231,
      "rep_3_mean": 0.10381119786011091
    },
    "dta": {
      "accuracy": 0.0625,
      "correct": 1,
      "total": 16,
      "avg_time_s": 30.417652130126953,
      "total_time_s": 486.68243408203125,
      "distinct_2_mean": 0.8374576779147155,
      "rep_3_mean": 0.08261276831965755,
      "lora_norm_max": 0.16971717774868011,
      "lora_norm_mean": 0.12117998488247395
    },
    "dta_remdm": {
      "accuracy": 0.0,
      "correct": 0,
      "total": 16,
      "avg_time_s": 36.02554115653038,
      "total_time_s": 576.4086585044861,
      "distinct_2_mean": 0.934580486234898,
      "rep_3_mean": 0.01891447368421053,
      "lora_norm_max": 0.23197075724601746,
      "lora_norm_mean": 0.12912651291117072
    }
  },
  "wall_seconds": 1392.890671,
  "timestamp": "2026-03-09T03:41:12.378283"
}