{
  "task": "task_6a",
  "mode": "pilot",
  "steps": 128,
  "model": "Dream-v0-Instruct-7B",
  "n_samples": 16,
  "seed": 42,
  "temperature": 0.4,
  "methods": [
    "vanilla",
    "remdm_conf",
    "dta",
    "dta_remdm"
  ],
  "results": {
    "vanilla": {
      "accuracy": 0.125,
      "correct": 2,
      "total": 16,
      "avg_time_s": 3.6939400732517242,
      "total_time_s": 59.10304117202759,
      "distinct_2_mean": 0.8379589718077056,
      "rep_3_mean": 0.10071921636477557
    },
    "remdm_conf": {
      "accuracy": 0.0625,
      "correct": 1,
      "total": 16,
      "avg_time_s": 6.5323466360569,
      "total_time_s": 104.5175461769104,
      "distinct_2_mean": 0.9088675855810647,
      "rep_3_mean": 0.041121335213729536
    },
    "dta": {
      "accuracy": 0.0,
      "correct": 0,
      "total": 16,
      "avg_time_s": 15.27290864288807,
      "total_time_s": 244.3665382862091,
      "distinct_2_mean": 0.8519428579771049,
      "rep_3_mean": 0.07358215942359732,
      "lora_norm_max": 0.18824473023414612,
      "lora_norm_mean": 0.10344045516103506
    },
    "dta_remdm": {
      "accuracy": 0.125,
      "correct": 2,
      "total": 16,
      "avg_time_s": 18.13203454017639,
      "total_time_s": 290.11255264282227,
      "distinct_2_mean": 0.9399558314815153,
      "rep_3_mean": 0.02631605204342273,
      "lora_norm_max": 0.12324497103691101,
      "lora_norm_mean": 0.08723476924933493
    }
  },
  "wall_seconds": 702.754161,
  "timestamp": "2026-03-09T03:29:42.197320"
}