{
  "features.0.weight": {
    "r_t_mean": 1.5517483007868516e-09,
    "r_t_std": 5.502598485639398e-09,
    "r_t_min": 2.709574104795763e-11,
    "r_t_max": 6.47483367301222e-08,
    "delta_hat_mean": -0.00033866168268717115,
    "delta_hat_std": 0.015221895343734991,
    "lambda_t_mean": 0.0002499153342621626,
    "lambda_t_std": 3.805490374476354e-06,
    "n_records": 1950
  },
  "features.2.weight": {
    "r_t_mean": 7.402246219178151e-09,
    "r_t_std": 2.623317104792943e-08,
    "r_t_min": 1.2135175247960752e-10,
    "r_t_max": 3.11897565738865e-07,
    "delta_hat_mean": -0.0001663861619499002,
    "delta_hat_std": 0.004414118012329607,
    "lambda_t_mean": 0.0002499584032659586,
    "lambda_t_std": 1.1035325282487634e-06,
    "n_records": 1950
  },
  "features.5.weight": {
    "r_t_mean": 5.845514320385604e-09,
    "r_t_std": 2.108833068540076e-08,
    "r_t_min": 9.564523411329544e-11,
    "r_t_max": 2.627012410174947e-07,
    "delta_hat_mean": -0.00012123212148454654,
    "delta_hat_std": 0.00302995639639266,
    "lambda_t_mean": 0.0002499696918583113,
    "lambda_t_std": 7.574908364312268e-07,
    "n_records": 1950
  },
  "features.7.weight": {
    "r_t_mean": 8.09523027894894e-09,
    "r_t_std": 2.8990560087891507e-08,
    "r_t_min": 1.5180728109183831e-10,
    "r_t_max": 3.4595354305620655e-07,
    "delta_hat_mean": -0.00011042058164175381,
    "delta_hat_std": 0.0022031977052218528,
    "lambda_t_mean": 0.00024997239476695285,
    "lambda_t_std": 5.508004669752815e-07,
    "n_records": 1950
  },
  "features.10.weight": {
    "r_t_mean": 6.4711301614851396e-09,
    "r_t_std": 2.2590392127437816e-08,
    "r_t_min": 1.3895770537873976e-10,
    "r_t_max": 2.7664629531731113e-07,
    "delta_hat_mean": -5.985418863491969e-05,
    "delta_hat_std": 0.0016195430846443995,
    "lambda_t_mean": 0.0002499850364191624,
    "lambda_t_std": 4.048863200021271e-07,
    "n_records": 1950
  },
  "features.12.weight": {
    "r_t_mean": 1.1743298171729965e-08,
    "r_t_std": 3.90365967215403e-08,
    "r_t_min": 4.1467698638690077e-10,
    "r_t_max": 4.959375030839092e-07,
    "delta_hat_mean": -2.72009636317796e-05,
    "delta_hat_std": 0.0014906919718113687,
    "lambda_t_mean": 0.0002499931997448303,
    "lambda_t_std": 3.7267324204957024e-07,
    "n_records": 1950
  },
  "features.14.weight": {
    "r_t_mean": 2.0284517179791704e-08,
    "r_t_std": 6.247503926127912e-08,
    "r_t_min": 9.480540058770238e-10,
    "r_t_max": 7.722248658084242e-07,
    "delta_hat_mean": 7.879042711308032e-06,
    "delta_hat_std": 0.0012824599019990433,
    "lambda_t_mean": 0.0002500019697595276,
    "lambda_t_std": 3.206150796285666e-07,
    "n_records": 1950
  },
  "features.17.weight": {
    "r_t_mean": 3.282418752930393e-08,
    "r_t_std": 9.29459082820306e-08,
    "r_t_min": 2.055738736397133e-09,
    "r_t_max": 1.1314602133750356e-06,
    "delta_hat_mean": -1.9667835245878124e-05,
    "delta_hat_std": 0.0007822689431160158,
    "lambda_t_mean": 0.00024999508304182226,
    "lambda_t_std": 1.9556725101135922e-07,
    "n_records": 1950
  },
  "features.19.weight": {
    "r_t_mean": 1.271819356273601e-07,
    "r_t_std": 3.3382007982044043e-07,
    "r_t_min": 1.0675125630531018e-08,
    "r_t_max": 4.093010026330337e-06,
    "delta_hat_mean": -1.0608839890791771e-05,
    "delta_hat_std": 0.0006593588406393824,
    "lambda_t_mean": 0.00024999734778967646,
    "lambda_t_std": 1.6483971335893252e-07,
    "n_records": 1950
  },
  "features.21.weight": {
    "r_t_mean": 2.8481528992264693e-07,
    "r_t_std": 7.080980362407384e-07,
    "r_t_min": 2.874982990809015e-08,
    "r_t_max": 8.791709377872007e-06,
    "delta_hat_mean": 1.7435972359017353e-06,
    "delta_hat_std": 0.0008152674732530977,
    "lambda_t_mean": 0.0002500004358998875,
    "lambda_t_std": 2.0381687084038597e-07,
    "n_records": 1950
  },
  "features.24.weight": {
    "r_t_mean": 9.25107956837895e-07,
    "r_t_std": 2.147711472149243e-06,
    "r_t_min": 1.081123168452963e-07,
    "r_t_max": 2.5826747907469297e-05,
    "delta_hat_mean": -5.631633734963497e-06,
    "delta_hat_std": 0.0006971061682866048,
    "lambda_t_mean": 0.0002499985920910374,
    "lambda_t_std": 1.7427654237820778e-07,
    "n_records": 1950
  },
  "features.26.weight": {
    "r_t_mean": 3.240627922305568e-06,
    "r_t_std": 6.942401058882295e-06,
    "r_t_min": 4.729738297386528e-07,
    "r_t_max": 8.21965366962175e-05,
    "delta_hat_mean": -2.462725189893251e-05,
    "delta_hat_std": 0.0006551213795303695,
    "lambda_t_mean": 0.0002499938431871874,
    "lambda_t_std": 1.6378034414329882e-07,
    "n_records": 1950
  },
  "features.28.weight": {
    "r_t_mean": 1.158647115736002e-05,
    "r_t_std": 2.2809179896695425e-05,
    "r_t_min": 1.8754561198923958e-06,
    "r_t_max": 0.0002647346764837371,
    "delta_hat_mean": 1.511054407064176e-06,
    "delta_hat_std": 0.0010930371858031858,
    "lambda_t_mean": 0.0002500003777636471,
    "lambda_t_std": 2.732592967269286e-07,
    "n_records": 1950
  },
  "classifier.0.weight": {
    "r_t_mean": 2.787788857585729e-05,
    "r_t_std": 4.1799854330680416e-05,
    "r_t_min": 5.418862784097779e-06,
    "r_t_max": 0.00035439287468234243,
    "delta_hat_mean": 4.100099108661936e-05,
    "delta_hat_std": 0.002345731342455702,
    "lambda_t_mean": 0.00025001025024876767,
    "lambda_t_std": 5.864328370420072e-07,
    "n_records": 1950
  },
  "classifier.3.weight": {
    "r_t_mean": 0.00023653335806551838,
    "r_t_std": 0.000296081491547864,
    "r_t_min": 5.628825836011742e-05,
    "r_t_max": 0.0023428041992719336,
    "delta_hat_mean": -5.4471887992862416e-05,
    "delta_hat_std": 0.002134672409347904,
    "lambda_t_mean": 0.00024998638202919284,
    "lambda_t_std": 5.336681049357493e-07,
    "n_records": 1950
  },
  "classifier.6.weight": {
    "r_t_mean": 0.000845634826965105,
    "r_t_std": 0.0015168586139053801,
    "r_t_min": 4.5209155843481254e-05,
    "r_t_max": 0.011694590913360729,
    "delta_hat_mean": 0.000299670279376665,
    "delta_hat_std": 0.004690703490757612,
    "lambda_t_mean": 0.0002500749175699899,
    "lambda_t_std": 1.1726758729109532e-06,
    "n_records": 1950
  }
}