{
  "model": "gpt2-small",
  "sae_release": "gpt2-small-res-jb",
  "n_features": 26,
  "layer_results": {
    "layer_4": {
      "absorption_rates": {
        "A": 0.07749183624982833,
        "B": 0.0,
        "C": 0.0,
        "D": 0.0,
        "E": 0.0,
        "F": 0.0,
        "G": 0.14643311500549316,
        "H": 0.0,
        "I": 0.0,
        "J": 0.13273156464099883,
        "K": 0.0,
        "L": 0.0,
        "M": 0.0,
        "N": 0.0,
        "O": 0.0,
        "P": 0.14829882860183716,
        "Q": 0.1599999976158142,
        "R": 0.13999999761581422,
        "S": 0.09878683611750602,
        "T": 0.0,
        "U": 0.0,
        "V": 0.0,
        "W": 0.11299184329807758,
        "X": 0.0,
        "Y": 0.0,
        "Z": 0.0
      },
      "steering_success_at_50": {
        "A": 1.0,
        "B": 0.8,
        "C": 0.85,
        "D": 0.9,
        "E": 0.6,
        "F": 0.95,
        "G": 0.8,
        "H": 0.5,
        "I": 0.7,
        "J": 1.0,
        "K": 0.65,
        "L": 1.0,
        "M": 0.7,
        "N": 0.8,
        "O": 0.9,
        "P": 0.7,
        "Q": 0.8,
        "R": 0.4,
        "S": 1.0,
        "T": 0.55,
        "U": 1.0,
        "V": 0.9,
        "W": 0.9,
        "X": 1.0,
        "Y": 0.4,
        "Z": 1.0
      },
      "probing_f1_k5": {
        "A": 0.3333333333333333,
        "B": 0.46153846153846156,
        "C": 0.18181818181818182,
        "D": 0.4,
        "E": 0.2608695652173913,
        "F": 0.3333333333333333,
        "G": 0.6875,
        "H": 0.6206896551724138,
        "I": 0.2608695652173913,
        "J": 0.5185185185185185,
        "K": 0.46153846153846156,
        "L": 0.46153846153846156,
        "M": 0.6206896551724138,
        "N": 0.3333333333333333,
        "O": 0.5517241379310345,
        "P": 0.4444444444444444,
        "Q": 0.5806451612903226,
        "R": 0.4444444444444444,
        "S": 0.2608695652173913,
        "T": 0.3333333333333333,
        "U": 0.46153846153846156,
        "V": 0.5185185185185185,
        "W": 0.4,
        "X": 1.0,
        "Y": 0.6666666666666666,
        "Z": 0.8888888888888888
      },
      "H1_steering": {
        "pearson_r": 0.007724066046432997,
        "pearson_p": 0.9701273281788715,
        "spearman_rho": 0.028830999027232185,
        "spearman_p": 0.8888113628778493,
        "R2": 5.966119628965907e-05,
        "slope": 0.023902829950215133,
        "intercept": 0.7990652761398372,
        "passes": false,
        "n": 26
      },
      "H2_probing": {
        "pearson_r": -0.003272317718288072,
        "pearson_p": 0.9873421046669328,
        "spearman_rho": 0.024155118470831436,
        "spearman_p": 0.9067596774417571,
        "R2": 1.0708063249422054e-05,
        "slope": -0.010121035106683636,
        "intercept": 0.48065132879642813,
        "passes": false,
        "n": 26
      },
      "H1b_delta_steering": {
        "pearson_r": 0.24523058952126178,
        "pearson_p": 0.2272465398637557,
        "spearman_rho": 0.23126249850825914,
        "spearman_p": 0.2556593395667908,
        "R2": 0.06013804203694559,
        "slope": 1.4411274854609304,
        "intercept": 0.39941371767717104,
        "passes": false,
        "n": 26,
        "mean_baseline_success": 0.34423076923076923
      }
    },
    "layer_8": {
      "absorption_rates": {
        "A": 0.08042544648051261,
        "B": 0.059999996423721315,
        "C": 0.0,
        "D": 0.0,
        "E": 0.0,
        "F": 0.0,
        "G": 0.0,
        "H": 0.19046150237321854,
        "I": 0.0,
        "J": 0.0,
        "K": 0.0,
        "L": 0.0,
        "M": 0.0,
        "N": 0.0,
        "O": 0.0,
        "P": 0.0,
        "Q": 0.0,
        "R": 0.0,
        "S": 0.1599999976158142,
        "T": 0.0,
        "U": 0.24160766899585723,
        "V": 0.1468816578388214,
        "W": 0.0,
        "X": 0.0,
        "Y": 0.0,
        "Z": 0.0
      },
      "steering_success_at_50": {
        "A": 1.0,
        "B": 0.7,
        "C": 1.0,
        "D": 0.85,
        "E": 1.0,
        "F": 0.75,
        "G": 0.8,
        "H": 0.55,
        "I": 0.95,
        "J": 1.0,
        "K": 0.9,
        "L": 1.0,
        "M": 0.75,
        "N": 0.9,
        "O": 0.9,
        "P": 0.65,
        "Q": 0.55,
        "R": 0.95,
        "S": 0.65,
        "T": 0.9,
        "U": 1.0,
        "V": 0.7,
        "W": 0.95,
        "X": 1.0,
        "Y": 0.95,
        "Z": 0.9
      },
      "probing_f1_k5": {
        "A": 0.4444444444444444,
        "B": 0.6666666666666666,
        "C": 0.3333333333333333,
        "D": 0.4,
        "E": 0.2608695652173913,
        "F": 0.2608695652173913,
        "G": 0.3333333333333333,
        "H": 0.4,
        "I": 0.4,
        "J": 0.6206896551724138,
        "K": 0.5185185185185185,
        "L": 0.7096774193548387,
        "M": 0.46153846153846156,
        "N": 0.4,
        "O": 0.3333333333333333,
        "P": 0.46153846153846156,
        "Q": 0.5185185185185185,
        "R": 0.3333333333333333,
        "S": 0.18181818181818182,
        "T": 0.5185185185185185,
        "U": 0.46153846153846156,
        "V": 0.6666666666666666,
        "W": 0.4,
        "X": 1.0,
        "Y": 0.6666666666666666,
        "Z": 0.8235294117647058
      },
      "H1_steering": {
        "pearson_r": -0.30051138349649265,
        "pearson_p": 0.13578311962233672,
        "spearman_rho": -0.22243558449066594,
        "spearman_p": 0.27475542970699446,
        "R2": 0.09030709161097607,
        "slope": -0.6298740079534727,
        "intercept": 0.8770729329043351,
        "passes": false,
        "n": 26
      },
      "H2_probing": {
        "pearson_r": -0.10668256241459427,
        "pearson_p": 0.6039647852920279,
        "spearman_rho": -0.0060633972211490555,
        "spearman_p": 0.9765479632573112,
        "R2": 0.011381169123343802,
        "slope": -0.28550852663262205,
        "intercept": 0.4933258438315138,
        "passes": false,
        "n": 26
      },
      "H1b_delta_steering": {
        "pearson_r": -0.4312704523611132,
        "pearson_p": 0.027825150948467228,
        "spearman_rho": -0.5024326694915014,
        "spearman_p": 0.00890327505338947,
        "R2": 0.18599420307975922,
        "slope": -2.491313639921956,
        "intercept": 0.5611846959768044,
        "passes": true,
        "n": 26,
        "mean_baseline_success": 0.3788461538461539
      }
    }
  },
  "H3_consistency": {
    "cv_h1": 1.0788909796963533,
    "cv_h2": 0.9315289374503848,
    "slopes_h1": [
      0.023902829950215133,
      -0.6298740079534727
    ],
    "slopes_h2": [
      -0.010121035106683636,
      -0.28550852663262205
    ],
    "signs_h1_consistent": false,
    "signs_h2_consistent": true,
    "passes": false
  },
  "multiple_comparisons_correction": {
    "tests": [
      {
        "name": "H1_L4_Pearson",
        "p_value": 0.9701273281788715,
        "hypothesis": "H1",
        "layer": "4",
        "metric": "Pearson",
        "bonferroni_p": 1.0,
        "bonferroni_rejected": false,
        "bh_qvalue": 0.9873421046669328,
        "bh_rejected": false
      },
      {
        "name": "H1_L4_Spearman",
        "p_value": 0.8888113628778493,
        "hypothesis": "H1",
        "layer": "4",
        "metric": "Spearman",
        "bonferroni_p": 1.0,
        "bonferroni_rejected": false,
        "bh_qvalue": 0.9873421046669328,
        "bh_rejected": false
      },
      {
        "name": "H1b_L4_Pearson",
        "p_value": 0.2272465398637557,
        "hypothesis": "H1b",
        "layer": "4",
        "metric": "Pearson",
        "bonferroni_p": 1.0,
        "bonferroni_rejected": false,
        "bh_qvalue": 0.5495108594139889,
        "bh_rejected": false
      },
      {
        "name": "H1b_L4_Spearman",
        "p_value": 0.2556593395667908,
        "hypothesis": "H1b",
        "layer": "4",
        "metric": "Spearman",
        "bonferroni_p": 1.0,
        "bonferroni_rejected": false,
        "bh_qvalue": 0.5495108594139889,