{
  "features.0.weight": {
    "r_t_mean": 0.01686703606820495,
    "r_t_std": 0.009964285584521792,
    "r_t_min": 0.0015313282080721814,
    "r_t_max": 0.25606083037369515,
    "delta_hat_mean": 7.429272642015624e-07,
    "delta_hat_std": 1.931644463015406e-05,
    "lambda_t_mean": 0.0007582204973281405,
    "lambda_t_std": 0.0002323040627014228,
    "n_records": 1950
  },
  "features.3.weight": {
    "r_t_mean": 0.01733208050958302,
    "r_t_std": 0.020022208495746294,
    "r_t_min": 0.0014244208568758676,
    "r_t_max": 0.8270349611456688,
    "delta_hat_mean": -5.686686622279449e-08,
    "delta_hat_std": 3.9843329272742725e-06,
    "lambda_t_mean": 0.0007301995673588913,
    "lambda_t_std": 0.0002209727623086864,
    "n_records": 1950
  },
  "features.7.weight": {
    "r_t_mean": 0.01891168602258931,
    "r_t_std": 0.013237353617956625,
    "r_t_min": 0.0015482818250361365,
    "r_t_max": 0.4841270852718258,
    "delta_hat_mean": -5.045177596458725e-10,
    "delta_hat_std": 2.913043701037693e-08,
    "lambda_t_mean": 0.0007265485267975861,
    "lambda_t_std": 0.00022308456104371555,
    "n_records": 1950
  },
  "features.10.weight": {
    "r_t_mean": 0.02025379092068909,
    "r_t_std": 0.014902171264990438,
    "r_t_min": 0.001703561086363312,
    "r_t_max": 0.5725026398500889,
    "delta_hat_mean": 3.8244668628409717e-10,
    "delta_hat_std": 2.4769673137450635e-08,
    "lambda_t_mean": 0.0007192931581742191,
    "lambda_t_std": 0.00021754410041018382,
    "n_records": 1950
  },
  "features.14.weight": {
    "r_t_mean": 0.021194985171722646,
    "r_t_std": 0.010885954429797673,
    "r_t_min": 0.00189630962503769,
    "r_t_max": 0.34592552975818847,
    "delta_hat_mean": -3.940316051254254e-08,
    "delta_hat_std": 1.3041728375527495e-06,
    "lambda_t_mean": 0.0007152153492637123,
    "lambda_t_std": 0.00021173554711997235,
    "n_records": 1950
  },
  "features.17.weight": {
    "r_t_mean": 0.021562519870647664,
    "r_t_std": 0.01203723746144311,
    "r_t_min": 0.0021436555942755627,
    "r_t_max": 0.40929988370225573,
    "delta_hat_mean": 6.461614253846134e-10,
    "delta_hat_std": 1.9769179017997982e-08,
    "lambda_t_mean": 0.0007121812252499161,
    "lambda_t_std": 0.00020827082261459063,
    "n_records": 1950
  },
  "features.20.weight": {
    "r_t_mean": 0.01973621358432312,
    "r_t_std": 0.010394800526520202,
    "r_t_min": 0.0021167266644963076,
    "r_t_max": 0.34290107054741276,
    "delta_hat_mean": 7.854286754351904e-10,
    "delta_hat_std": 2.8503303305952894e-08,
    "lambda_t_mean": 0.0007083555993848644,
    "lambda_t_std": 0.00020168773179738732,
    "n_records": 1950
  },
  "features.24.weight": {
    "r_t_mean": 0.015164933740758831,
    "r_t_std": 0.007224842125759498,
    "r_t_min": 0.001553421923102127,
    "r_t_max": 0.21340179862228134,
    "delta_hat_mean": 1.0076961230333109e-08,
    "delta_hat_std": 8.462058842465251e-07,
    "lambda_t_mean": 0.0007093175487375725,
    "lambda_t_std": 0.00019963146122576055,
    "n_records": 1950
  },
  "features.27.weight": {
    "r_t_mean": 0.012830421061111194,
    "r_t_std": 0.007345709224852512,
    "r_t_min": 0.001249086673874332,
    "r_t_max": 0.2541675343738269,
    "delta_hat_mean": -4.465655449574039e-08,
    "delta_hat_std": 1.1135394432198928e-06,
    "lambda_t_mean": 0.0007183984746304964,
    "lambda_t_std": 0.000205739602760807,
    "n_records": 1950
  },
  "features.30.weight": {
    "r_t_mean": 0.011536324634979514,
    "r_t_std": 0.006283965824266421,
    "r_t_min": 0.0011967240461194877,
    "r_t_max": 0.2167810180780735,
    "delta_hat_mean": -4.294207253090886e-09,
    "delta_hat_std": 1.0865904602587864e-06,
    "lambda_t_mean": 0.0007220254781808876,
    "lambda_t_std": 0.00020424275045337404,
    "n_records": 1950
  },
  "features.34.weight": {
    "r_t_mean": 0.010276187316707893,
    "r_t_std": 0.005806307847615251,
    "r_t_min": 0.0010928474603933566,
    "r_t_max": 0.20007623919431336,
    "delta_hat_mean": 6.944139604351052e-08,
    "delta_hat_std": 2.025523013652605e-06,
    "lambda_t_mean": 0.0007362972676551812,
    "lambda_t_std": 0.00021201599654191493,
    "n_records": 1950
  },
  "features.37.weight": {
    "r_t_mean": 0.010064332018838542,
    "r_t_std": 0.005075415602335056,
    "r_t_min": 0.0010315529904628086,
    "r_t_max": 0.1700577905845455,
    "delta_hat_mean": -6.495339773425444e-08,
    "delta_hat_std": 2.5248436353585503e-06,
    "lambda_t_mean": 0.0007298935601197476,
    "lambda_t_std": 0.00019826874453449458,
    "n_records": 1950
  },
  "features.40.weight": {
    "r_t_mean": 0.01054820157488644,
    "r_t_std": 0.0050994939068392175,
    "r_t_min": 0.0008959808222338397,
    "r_t_max": 0.1456929114725323,
    "delta_hat_mean": -1.6215454224266798e-08,
    "delta_hat_std": 4.605407946818616e-06,
    "lambda_t_mean": 0.0007209639809182318,
    "lambda_t_std": 0.00019546564561589953,
    "n_records": 1950
  },
  "classifier.0.weight": {
    "r_t_mean": 0.008890390901306519,
    "r_t_std": 0.010701293928836822,
    "r_t_min": 0.0006237761598673067,
    "r_t_max": 0.2710736965192502,
    "delta_hat_mean": -0.0025850866434217103,
    "delta_hat_std": 0.015976268708865954,
    "lambda_t_mean": 0.0007296203292719223,
    "lambda_t_std": 0.00030309698074206854,
    "n_records": 1950
  },
  "classifier.3.weight": {
    "r_t_mean": 0.012835433105039058,
    "r_t_std": 0.006675163146028985,
    "r_t_min": 0.0008450070142482008,
    "r_t_max": 0.09847207298818804,
    "delta_hat_mean": -0.0019745323782743257,
    "delta_hat_std": 0.013605931275091444,
    "lambda_t_mean": 0.0006900046249141936,
    "lambda_t_std": 0.00017975444920056524,
    "n_records": 1950
  },
  "classifier.6.weight": {
    "r_t_mean": 0.021794581571660906,
    "r_t_std": 0.021773982938900337,
    "r_t_min": 0.0012955208219497718,
    "r_t_max": 0.5587545386376057,
    "delta_hat_mean": -0.0067948113751779785,
    "delta_hat_std": 0.04757204753500089,
    "lambda_t_mean": 0.0006930497765494313,
    "lambda_t_std": 0.0001742735347102282,
    "n_records": 1950
  }
}