{
  "task_id": "pilot_multiscale",
  "variant": "MultiScale (Matryoshka)",
  "architecture": "matryoshka_batchtopk",
  "config": {
    "num_features": 1024,
    "hidden_dim": 256,
    "d_sae": 2048,
    "training_samples": 2000000,
    "batch_size": 1024,
    "seed": 42,
    "device": "cuda"
  },
  "metrics": {
    "absorption_rate": 0.05117940506251155,
    "feature_recovery_mcc": 0.21955478191375732,
    "reconstruction_mse": 0.007358410814777017,
    "explained_variance": -0.3232588774967191,
    "l0_sparsity": 50.0,
    "true_l0": 1.5838,
    "dead_latents": 1243,
    "shrinkage": 0.6868933489990234,
    "uniqueness": 0.41162109375,
    "hedging_score": 0.25390625,
    "classification_precision": 0.0053612240590155125,
    "classification_recall": 0.026584768667817116,
    "classification_f1": 0.0019808770157396793,
    "classification_accuracy": 0.9736331105232239
  },
  "absorption_details": {
    "absorption_rate": 0.05117940506251155,
    "num_pairs": 992,
    "parent_fire_count": 64948,
    "absorption_count": 3324
  },
  "hedging_details": {
    "hedging_score": 0.25390625,
    "hedging_latents": 520,
    "total_latents": 2048
  },
  "timing": {
    "elapsed_seconds": 4.458615779876709,
    "elapsed_minutes": 0.07431026299794515
  },
  "timestamp": "2026-04-26T17:11:24.551297"
}