{
  "task_id": "pilot_rq1_l0_match",
  "variant": "Baseline_L1_lambda_0.0005",
  "lambda_l1": 0.0005,
  "metrics": {
    "absorption_rate": 0.22925413682390713,
    "feature_recovery_mcc": 0.21962617337703705,
    "reconstruction_mse": 0.0055467907804995775,
    "explained_variance": -0.008671242793997669,
    "l0_sparsity": 1146.03435,
    "true_l0": 1.58214,
    "dead_latents": 0
  },
  "timing": {
    "elapsed_seconds": 3.2750284671783447
  },
  "timestamp": "2026-04-26T17:15:53.456302"
}