{
  "task_id": "pilot_baseline",
  "variant": "Baseline ReLU",
  "architecture": "standard",
  "config": {
    "num_features": 1024,
    "hidden_dim": 256,
    "d_sae": 2048,
    "training_samples": 2000000,
    "batch_size": 1024,
    "seed": 42,
    "device": "cuda"
  },
  "metrics": {
    "absorption_rate": 0.26906140296852865,
    "feature_recovery_mcc": 0.21566234529018402,
    "reconstruction_mse": 0.010881706327199935,
    "explained_variance": -0.962164308970779,
    "l0_sparsity": 1047.55204,
    "true_l0": 1.58256,
    "dead_latents": 0,
    "shrinkage": 1.04151642578125,
    "uniqueness": 0.3740234375,
    "hedging_score": 0.2275390625,
    "classification_precision": 0.0035039533395320177,
    "classification_recall": 0.17607150971889496,
    "classification_f1": 0.005279745906591415,
    "classification_accuracy": 0.48862242698669434
  },
  "absorption_details": {
    "absorption_rate": 0.26906140296852865,
    "num_pairs": 992,
    "parent_fire_count": 64948,
    "absorption_count": 17475
  },
  "hedging_details": {
    "hedging_score": 0.2275390625,
    "hedging_latents": 466,
    "total_latents": 2048
  },
  "timing": {
    "elapsed_seconds": 3.252577543258667,
    "elapsed_minutes": 0.05420962572097778
  },
  "timestamp": "2026-04-26T17:11:16.841526"
}