{
  "task_id": "pilot_rq2_dose_response",
  "variant": "Baseline_L1_lambda_0.001",
  "lambda_l1": 0.001,
  "metrics": {
    "absorption_rate": 0.2566220054334404,
    "feature_recovery_mcc": 0.21892888844013214,
    "reconstruction_mse": 0.0061436515301465985,
    "explained_variance": -0.11358073189848339,
    "l0_sparsity": 1137.54378,
    "true_l0": 1.5842,
    "dead_latents": 0
  },
  "timing": {
    "elapsed_seconds": 2.59572696685791
  },
  "timestamp": "2026-04-26T17:16:14.624128"
}