{
  "task_id": "pilot_rq2_dose_response",
  "variant": "Baseline_L1_lambda_0.0005",
  "lambda_l1": 0.0005,
  "metrics": {
    "absorption_rate": 0.23352988392195603,
    "feature_recovery_mcc": 0.2198331356048584,
    "reconstruction_mse": 0.005673013627529144,
    "explained_variance": -0.0285442403022933,
    "l0_sparsity": 1142.42805,
    "true_l0": 1.5842,
    "dead_latents": 0
  },
  "timing": {
    "elapsed_seconds": 2.5922110080718994
  },
  "timestamp": "2026-04-26T17:16:12.027798"
}