{
  "task_id": "pilot_rq2_dose_response",
  "variant": "Baseline_L1_lambda_5e-05",
  "lambda_l1": 5e-05,
  "metrics": {
    "absorption_rate": 0.22649110891578167,
    "feature_recovery_mcc": 0.2205011397600174,
    "reconstruction_mse": 0.005603133793920278,
    "explained_variance": -0.015622717825947374,
    "l0_sparsity": 1098.81587,
    "true_l0": 1.5842,
    "dead_latents": 0
  },
  "timing": {
    "elapsed_seconds": 2.601707696914673
  },
  "timestamp": "2026-04-26T17:16:06.827807"
}