{
  "task_id": "pilot_random_control",
  "variant": "random_control",
  "architecture": "random",
  "config": {
    "num_features": 1024,
    "hidden_dim": 256,
    "d_sae": 2048,
    "seed": 42
  },
  "metrics": {
    "absorption_rate": 0.5214787214386895,
    "feature_recovery_mcc": 0.22250084578990936,
    "reconstruction_mse": 0.6533734560012817,
    "explained_variance": -116.78392260967917,
    "l0_sparsity": 1020.58811,
    "true_l0": 1.58025,
    "dead_latents": 0,
    "shrinkage": 8.975402841796875,
    "uniqueness": 0.43603515625,
    "hedging_score": 0.24951171875,
    "classification_precision": 0.0023642713204026222,
    "classification_recall": 0.17962905764579773,
    "classification_f1": 0.003828244050964713,
    "classification_accuracy": 0.5014660954475403
  },
  "timing": {
    "elapsed_seconds": 0.6007513999938965,
    "elapsed_minutes": 0.010012523333231608
  },
  "timestamp": "2026-04-26T17:11:25.152848"
}