{
  "baseline": {
    "task_id": "pilot_baseline",
    "variant": "Baseline ReLU",
    "architecture": "standard",
    "config": {
      "num_features": 1024,
      "hidden_dim": 256,
      "d_sae": 2048,
      "training_samples": 2000000,
      "batch_size": 1024,
      "seed": 42,
      "device": "cuda"
    },
    "metrics": {
      "absorption_rate": 0.26906140296852865,
      "feature_recovery_mcc": 0.21566234529018402,
      "reconstruction_mse": 0.010881706327199935,
      "explained_variance": -0.962164308970779,
      "l0_sparsity": 1047.55204,
      "true_l0": 1.58256,
      "dead_latents": 0,
      "shrinkage": 1.04151642578125,
      "uniqueness": 0.3740234375,
      "hedging_score": 0.2275390625,
      "classification_precision": 0.0035039533395320177,
      "classification_recall": 0.17607150971889496,
      "classification_f1": 0.005279745906591415,
      "classification_accuracy": 0.48862242698669434
    },
    "absorption_details": {
      "absorption_rate": 0.26906140296852865,
      "num_pairs": 992,
      "parent_fire_count": 64948,
      "absorption_count": 17475
    },
    "hedging_details": {
      "hedging_score": 0.2275390625,
      "hedging_latents": 466,
      "total_latents": 2048
    },
    "timing": {
      "elapsed_seconds": 3.252577543258667,
      "elapsed_minutes": 0.05420962572097778
    },
    "timestamp": "2026-04-26T17:11:16.841526"
  },
  "topk": {
    "task_id": "pilot_topk",
    "variant": "TopK (k=50)",
    "architecture": "topk",
    "config": {
      "num_features": 1024,
      "hidden_dim": 256,
      "d_sae": 2048,
      "training_samples": 2000000,
      "batch_size": 1024,
      "seed": 42,
      "device": "cuda"
    },
    "metrics": {
      "absorption_rate": 0.024789062018845846,
      "feature_recovery_mcc": 0.2138061821460724,
      "reconstruction_mse": 0.007856176327914,
      "explained_variance": -0.41427501237644737,
      "l0_sparsity": 50.0,
      "true_l0": 1.5838,
      "dead_latents": 1677,
      "shrinkage": 0.6192096875,
      "uniqueness": 0.3642578125,
      "hedging_score": 0.21142578125,
      "classification_precision": 0.00301551166921854,
      "classification_recall": 0.012318015098571777,
      "classification_f1": 0.0014016118366271257,
      "classification_accuracy": 0.9741440415382385
    },
    "absorption_details": {
      "absorption_rate": 0.024789062018845846,
      "num_pairs": 992,
      "parent_fire_count": 64948,
      "absorption_count": 1610
    },
    "hedging_details": {
      "hedging_score": 0.21142578125,
      "hedging_latents": 433,
      "total_latents": 2048
    },
    "timing": {
      "elapsed_seconds": 3.249441146850586,
      "elapsed_minutes": 0.054157352447509764
    },
    "timestamp": "2026-04-26T17:11:20.091833"
  },
  "multiscale": {
    "task_id": "pilot_multiscale",
    "variant": "MultiScale (Matryoshka)",
    "architecture": "matryoshka_batchtopk",
    "config": {
      "num_features": 1024,
      "hidden_dim": 256,
      "d_sae": 2048,
      "training_samples": 2000000,
      "batch_size": 1024,
      "seed": 42,
      "device": "cuda"
    },
    "metrics": {
      "absorption_rate": 0.05117940506251155,
      "feature_recovery_mcc": 0.21955478191375732,
      "reconstruction_mse": 0.007358410814777017,
      "explained_variance": -0.3232588774967191,
      "l0_sparsity": 50.0,
      "true_l0": 1.5838,
      "dead_latents": 1243,
      "shrinkage": 0.6868933489990234,
      "uniqueness": 0.41162109375,
      "hedging_score": 0.25390625,
      "classification_precision": 0.0053612240590155125,
      "classification_recall": 0.026584768667817116,
      "classification_f1": 0.0019808770157396793,
      "classification_accuracy": 0.9736331105232239
    },
    "absorption_details": {
      "absorption_rate": 0.05117940506251155,
      "num_pairs": 992,
      "parent_fire_count": 64948,
      "absorption_count": 3324
    },
    "hedging_details": {
      "hedging_score": 0.25390625,
      "hedging_latents": 520,
      "total_latents": 2048
    },
    "timing": {
      "elapsed_seconds": 4.458615779876709,
      "elapsed_minutes": 0.07431026299794515
    },
    "timestamp": "2026-04-26T17:11:24.551297"
  },
  "random": {
    "task_id": "pilot_random_control",
    "variant": "random_control",
    "architecture": "random",
    "config": {
      "num_features": 1024,
      "hidden_dim": 256,
      "d_sae": 2048,
      "seed": 42
    },
    "metrics": {
      "absorption_rate": 0.5214787214386895,
      "feature_recovery_mcc": 0.22250084578990936,
      "reconstruction_mse": 0.6533734560012817,
      "explained_variance": -116.78392260967917,
      "l0_sparsity": 1020.58811,
      "true_l0": 1.58025,
      "dead_latents": 0,
      "shrinkage": 8.975402841796875,
      "uniqueness": 0.43603515625,
      "hedging_score": 0.24951171875,
      "classification_precision": 0.0023642713204026222,
      "classification_recall": 0.17962905764579773,
      "classification_f1": 0.003828244050964713,
      "classification_accuracy": 0.5014660954475403
    },
    "timing": {
      "elapsed_seconds": 0.6007513999938965,
      "elapsed_minutes": 0.010012523333231608
    },
    "timestamp": "2026-04-26T17:11:25.152848"
  }
}