{
  "task_id": "pilot_rq1_l0_match",
  "variant": "Baseline_L1_lambda_0.005",
  "lambda_l1": 0.005,
  "metrics": {
    "absorption_rate": 0.20415534699925908,
    "feature_recovery_mcc": 0.21633680164813995,
    "reconstruction_mse": 0.010814664233475924,
    "explained_variance": -0.9545376488085848,
    "l0_sparsity": 1054.55206,
    "true_l0": 1.5842,
    "dead_latents": 0
  },
  "timing": {
    "elapsed_seconds": 2.692087411880493
  },
  "timestamp": "2026-04-26T17:15:59.060507"
}