{
  "task_id": "pilot_rq2_dose_response",
  "variant": "Baseline_L1_lambda_0.002",
  "lambda_l1": 0.002,
  "metrics": {
    "absorption_rate": 0.2578260064213386,
    "feature_recovery_mcc": 0.21734149754047394,
    "reconstruction_mse": 0.007444190559908748,
    "explained_variance": -0.3479491642386898,
    "l0_sparsity": 1109.0572,
    "true_l0": 1.5842,
    "dead_latents": 0
  },
  "timing": {
    "elapsed_seconds": 2.7799129486083984
  },
  "timestamp": "2026-04-26T17:16:17.404721"
}