{
  "task_id": "pilot_rq1_l0_match",
  "variant": "Baseline_L1_lambda_0.01",
  "lambda_l1": 0.01,
  "metrics": {
    "absorption_rate": 0.2081223758952828,
    "feature_recovery_mcc": 0.21561050415039062,
    "reconstruction_mse": 0.011873151548206807,
    "explained_variance": -1.145696010402296,
    "l0_sparsity": 1003.20372,
    "true_l0": 1.5842,
    "dead_latents": 0
  },
  "timing": {
    "elapsed_seconds": 2.5850491523742676
  },
  "timestamp": "2026-04-26T17:16:01.646193"
}