{
  "task_id": "pilot_rq2_dose_response",
  "variant": "Baseline_L1_lambda_0.0002",
  "lambda_l1": 0.0002,
  "metrics": {
    "absorption_rate": 0.21318535440849593,
    "feature_recovery_mcc": 0.22024783492088318,
    "reconstruction_mse": 0.0055803060065954925,
    "explained_variance": -0.011616122402213547,
    "l0_sparsity": 1113.75646,
    "true_l0": 1.5842,
    "dead_latents": 0
  },
  "timing": {
    "elapsed_seconds": 2.6064395904541016
  },
  "timestamp": "2026-04-26T17:16:09.434935"
}