{
  "task_id": "pilot_rq1_l0_match",
  "variant": "Baseline_L1_lambda_0.02",
  "lambda_l1": 0.02,
  "metrics": {
    "absorption_rate": 0.1908187206717708,
    "feature_recovery_mcc": 0.2149507999420166,
    "reconstruction_mse": 0.01282847672700882,
    "explained_variance": -1.3192870594797768,
    "l0_sparsity": 963.25657,
    "true_l0": 1.5842,
    "dead_latents": 0
  },
  "timing": {
    "elapsed_seconds": 2.578413486480713
  },
  "timestamp": "2026-04-26T17:16:04.225206"
}