{
  "task_id": "pilot_topk",
  "variant": "TopK (k=50)",
  "architecture": "topk",
  "config": {
    "num_features": 1024,
    "hidden_dim": 256,
    "d_sae": 2048,
    "training_samples": 2000000,
    "batch_size": 1024,
    "seed": 42,
    "device": "cuda"
  },
  "metrics": {
    "absorption_rate": 0.024789062018845846,
    "feature_recovery_mcc": 0.2138061821460724,
    "reconstruction_mse": 0.007856176327914,
    "explained_variance": -0.41427501237644737,
    "l0_sparsity": 50.0,
    "true_l0": 1.5838,
    "dead_latents": 1677,
    "shrinkage": 0.6192096875,
    "uniqueness": 0.3642578125,
    "hedging_score": 0.21142578125,
    "classification_precision": 0.00301551166921854,
    "classification_recall": 0.012318015098571777,
    "classification_f1": 0.0014016118366271257,
    "classification_accuracy": 0.9741440415382385
  },
  "absorption_details": {
    "absorption_rate": 0.024789062018845846,
    "num_pairs": 992,
    "parent_fire_count": 64948,
    "absorption_count": 1610
  },
  "hedging_details": {
    "hedging_score": 0.21142578125,
    "hedging_latents": 433,
    "total_latents": 2048
  },
  "timing": {
    "elapsed_seconds": 3.249441146850586,
    "elapsed_minutes": 0.054157352447509764
  },
  "timestamp": "2026-04-26T17:11:20.091833"
}