{
  "conv1.weight": {
    "r_t_mean": 0.02520947542514787,
    "r_t_std": 0.022392530106465986,
    "r_t_min": 0.011109342070832553,
    "r_t_max": 0.48125133671618003,
    "delta_hat_mean": 2.555371357421548e-07,
    "delta_hat_std": 4.3355373150476434e-05,
    "lambda_t_mean": 1.0770672201667567e-05,
    "lambda_t_std": 2.1875237406834857e-06,
    "n_records": 780
  },
  "layer1.0.conv1.weight": {
    "r_t_mean": 0.024325985333292395,
    "r_t_std": 0.02166864079594314,
    "r_t_min": 0.012943270215029834,
    "r_t_max": 0.519000861319847,
    "delta_hat_mean": -1.7478673199501388e-07,
    "delta_hat_std": 1.328804289719987e-05,
    "lambda_t_mean": 1.0670975831396419e-05,
    "lambda_t_std": 1.4523292981517953e-06,
    "n_records": 780
  },
  "layer1.0.conv2.weight": {
    "r_t_mean": 0.02418685699897621,
    "r_t_std": 0.018900843359747625,
    "r_t_min": 0.013139056758301624,
    "r_t_max": 0.42846658178031394,
    "delta_hat_mean": 9.101723850271708e-08,
    "delta_hat_std": 8.500943622936743e-06,
    "lambda_t_mean": 1.0678025268882749e-05,
    "lambda_t_std": 1.3043643751645582e-06,
    "n_records": 780
  },
  "layer1.1.conv1.weight": {
    "r_t_mean": 0.025002698925391937,
    "r_t_std": 0.014335877278234864,
    "r_t_min": 0.013733278595926622,
    "r_t_max": 0.2931683234648461,
    "delta_hat_mean": -2.8965173236782923e-07,
    "delta_hat_std": 8.874705564613943e-06,
    "lambda_t_mean": 1.0667607520754875e-05,
    "lambda_t_std": 1.3969903900507396e-06,
    "n_records": 780
  },
  "layer1.1.conv2.weight": {
    "r_t_mean": 0.02454359419332208,
    "r_t_std": 0.014704944446796094,
    "r_t_min": 0.013622772982444077,
    "r_t_max": 0.2752783524751333,
    "delta_hat_mean": -4.531433905168132e-07,
    "delta_hat_std": 8.217962316253528e-06,
    "lambda_t_mean": 1.0643986203708691e-05,
    "lambda_t_std": 1.273403174491198e-06,
    "n_records": 780
  },
  "layer1.2.conv1.weight": {
    "r_t_mean": 0.026606997418613273,
    "r_t_std": 0.012402822201188246,
    "r_t_min": 0.015110390822289889,
    "r_t_max": 0.2586536887752113,
    "delta_hat_mean": 2.7998074609790446e-07,
    "delta_hat_std": 7.810559882641014e-06,
    "lambda_t_mean": 1.070108555571106e-05,
    "lambda_t_std": 1.3666903251588493e-06,
    "n_records": 780
  },
  "layer1.2.conv2.weight": {
    "r_t_mean": 0.025176547497375214,
    "r_t_std": 0.012300476393438585,
    "r_t_min": 0.014410529554601361,
    "r_t_max": 0.20989570288163434,
    "delta_hat_mean": -5.380407289627224e-07,
    "delta_hat_std": 8.784633438270216e-06,
    "lambda_t_mean": 1.0697203000787712e-05,
    "lambda_t_std": 1.2765715485331165e-06,
    "n_records": 780
  },
  "layer2.0.conv1.weight": {
    "r_t_mean": 0.024842827594972156,
    "r_t_std": 0.01213340866281505,
    "r_t_min": 0.013192398434614538,
    "r_t_max": 0.14930227943511096,
    "delta_hat_mean": 1.662693051058703e-07,
    "delta_hat_std": 8.27029640014034e-06,
    "lambda_t_mean": 1.0691180981296564e-05,
    "lambda_t_std": 1.1583635833467352e-06,
    "n_records": 780
  },
  "layer2.0.conv2.weight": {
    "r_t_mean": 0.02506534368526606,
    "r_t_std": 0.013330659970851491,
    "r_t_min": 0.013637069321903901,
    "r_t_max": 0.17785334837024083,
    "delta_hat_mean": -2.2525480816444799e-07,
    "delta_hat_std": 4.828433341365253e-06,
    "lambda_t_mean": 1.0659776654975626e-05,
    "lambda_t_std": 1.0726886300489009e-06,
    "n_records": 780
  },
  "layer2.0.shortcut.0.weight": {
    "r_t_mean": 0.020698256842044526,
    "r_t_std": 0.008603856698896404,
    "r_t_min": 0.011620811043165624,
    "r_t_max": 0.06396480544064188,
    "delta_hat_mean": -3.253954664144815e-07,
    "delta_hat_std": 1.924434137015775e-05,
    "lambda_t_mean": 1.0652748941088748e-05,
    "lambda_t_std": 1.2160433923931935e-06,
    "n_records": 780
  },
  "layer2.1.conv1.weight": {
    "r_t_mean": 0.025688526102024545,
    "r_t_std": 0.012845208520564467,
    "r_t_min": 0.014608446748917887,
    "r_t_max": 0.1639143692563857,
    "delta_hat_mean": 1.8751813314884712e-07,
    "delta_hat_std": 3.2886129393445935e-06,
    "lambda_t_mean": 1.068420961756098e-05,
    "lambda_t_std": 1.149503548054817e-06,
    "n_records": 780
  },
  "layer2.1.conv2.weight": {
    "r_t_mean": 0.025104924665825635,
    "r_t_std": 0.011299659415958983,
    "r_t_min": 0.014028544780945328,
    "r_t_max": 0.14279057389191285,
    "delta_hat_mean": 2.399769874761315e-08,
    "delta_hat_std": 3.478737143543486e-06,
    "lambda_t_mean": 1.0645698774712835e-05,
    "lambda_t_std": 1.0712951580847264e-06,
    "n_records": 780
  },
  "layer2.2.conv1.weight": {
    "r_t_mean": 0.02726029882911972,
    "r_t_std": 0.009940749422164786,
    "r_t_min": 0.01559348874820627,
    "r_t_max": 0.12010199121820464,
    "delta_hat_mean": -1.7086381893395314e-09,
    "delta_hat_std": 3.274991133115559e-06,
    "lambda_t_mean": 1.0656042944586122e-05,
    "lambda_t_std": 1.1217169642026938e-06,
    "n_records": 780
  },
  "layer2.2.conv2.weight": {
    "r_t_mean": 0.02585616415009264,
    "r_t_std": 0.009363806960501916,
    "r_t_min": 0.014499552946200889,
    "r_t_max": 0.10962557424249432,
    "delta_hat_mean": 8.051630966171421e-08,
    "delta_hat_std": 3.4683409097686887e-06,
    "lambda_t_mean": 1.0644494012314724e-05,
    "lambda_t_std": 1.0870046800050432e-06,
    "n_records": 780
  },
  "layer3.0.conv1.weight": {
    "r_t_mean": 0.02558522200218482,
    "r_t_std": 0.010040779044200365,
    "r_t_min": 0.01442163652768676,
    "r_t_max": 0.08246228223735864,
    "delta_hat_mean": -4.3423440436558715e-08,
    "delta_hat_std": 3.1952793833265867e-06,
    "lambda_t_mean": 1.0664408769157613e-05,
    "lambda_t_std": 9.920387503446195e-07,
    "n_records": 780
  },
  "layer3.0.conv2.weight": {
    "r_t_mean": 0.027657070402936183,
    "r_t_std": 0.0110365529213943,
    "r_t_min": 0.016359194660716926,
    "r_t_max": 0.1117044604705475,
    "delta_hat_mean": -6.71555439633555e-08,
    "delta_hat_std": 1.908961334939157e-06,
    "lambda_t_mean": 1.0648285352130771e-05,
    "lambda_t_std": 9.690756420948318e-07,
    "n_records": 780
  },
  "layer3.0.shortcut.0.weight": {
    "r_t_mean": 0.019420817190951855,
    "r_t_std": 0.008049154627370879,
    "r_t_min": 0.010229195102544792,
    "r_t_max": 0.061766495071053924,
    "delta_hat_mean": 4.020793608966882e-07,
    "delta_hat_std": 7.837093256513924e-06,
    "lambda_t_mean": 1.0657275818384733e-05,
    "lambda_t_std": 9.979130602524107e-07,
    "n_records": 780
  },
  "layer3.1.conv1.weight": {
    "r_t_mean": 0.027666514009310146,
    "r_t_std": 0.01117876361643516,
    "r_t_min": 0.015878870664627433,
    "r_t_max": 0.10400664315609823,
    "delta_hat_mean": 1.897524716613456e-08,
    "delta_hat_std": 1.9266950058586023e-06,
    "lambda_t_mean": 1.0651516724897806e-05,
    "lambda_t_std": 9.858964416487625e-07,
    "n_records": 780
  },
  "layer3.1.conv2.weight": {
    "r_t_mean": 0.027704347063902016,
    "r_t_std": 0.010079401678410933,
    "r_t_min": 0.016542741576641914,
    "r_t_max": 0.1110453820154066,
    "delta_hat_mean": -3.1683754583773256e-08,
    "delta_hat_std": 1.6836743610178156e-06,
    "lambda_t_mean": 1.0645792814784303e-05,
    "lambda_t_std": 9.693917829287513e-07,
    "n_records": 780
  },
  "layer3.2.conv1.weight": {
    "r_t_mean": 0.028183184897297514,
    "r_t_std": 0.009554470654994006,
    "r_t_min": 0.016571115731984307,
    "r_t_max": 0.10508001586557267,
    "delta_hat_mean": 8.999190089608859e-08,
    "delta_hat_std": 1.912534683090835e-06,
    "lambda_t_mean": 1.0623263225748655e-05,
    "lambda_t_std": 9.686086076585454e-07,
    "n_records": 780
  },
  "layer3.2.conv2.weight": {
    "r_t_mean": 0.026023469287529088,
    "r_t_std": 0.009135830705298317,
    "r_t_min": 0.014657365145487674,
    "r_t_max": 0.10419035689795869,
    "delta_hat_mean": 1.280130894649335e-07,
    "delta_hat_std": 1.6463703107460593e-06,
    "lambda_t_mean": 1.0620324928704602e-05,
    "lambda_t_std": 9.014386832118513e-07,
    "n_records": 780
  },