{
  "variant": "PD_control",
  "method": "UDWDC_v2_PD_control",
  "K_p": 0.5,
  "K_i": 0.0,
  "K_d": 0.3,
  "is_baseline": false,
  "seed": 123,
  "epochs": 200,
  "best_test_acc": 69.13,
  "final_test_acc": 68.73,
  "final_train_acc": 99.65945512820512,
  "generalization_gap": 30.92945512820512,
  "total_wd_budget": 0.27477531163776053,
  "v2_cumulative_wd_budget": 363512.8453983583,
  "csi": 0.2392765210984633,
  "nan_inf_detected": false,
  "elapsed_sec": 732.4376230239868
}