{
  "conv1.weight": {
    "r_t_mean": 0.05706937105723212,
    "r_t_std": 0.029079169355181605,
    "r_t_min": 0.02728631894969781,
    "r_t_max": 0.48125823883875496,
    "delta_hat_mean": -1.4861760783924379e-06,
    "delta_hat_std": 3.642875225970914e-05,
    "lambda_t_mean": 0.00073068766177561,
    "lambda_t_std": 0.0001458300417994718,
    "n_records": 780
  },
  "layer1.0.conv1.weight": {
    "r_t_mean": 0.055745663042709725,
    "r_t_std": 0.025254162688967872,
    "r_t_min": 0.03305571866329986,
    "r_t_max": 0.5190084084757001,
    "delta_hat_mean": -2.419618252538851e-08,
    "delta_hat_std": 8.680763060325252e-06,
    "lambda_t_mean": 0.0007285481704132174,
    "lambda_t_std": 9.328639821548315e-05,
    "n_records": 780
  },
  "layer1.0.conv2.weight": {
    "r_t_mean": 0.05502782480930645,
    "r_t_std": 0.02230834707846597,
    "r_t_min": 0.033031356250441325,
    "r_t_max": 0.42847284281099435,
    "delta_hat_mean": -8.135283909404816e-08,
    "delta_hat_std": 9.261774163351673e-06,
    "lambda_t_mean": 0.0007260739860691854,
    "lambda_t_std": 8.647851039105262e-05,
    "n_records": 780
  },
  "layer1.1.conv1.weight": {
    "r_t_mean": 0.056220343841595966,
    "r_t_std": 0.01808554434955758,
    "r_t_min": 0.03357255027392977,
    "r_t_max": 0.2931725657504581,
    "delta_hat_mean": 4.533602741765627e-08,
    "delta_hat_std": 8.704822596303038e-06,
    "lambda_t_mean": 0.0007289576104043897,
    "lambda_t_std": 9.163391306223958e-05,
    "n_records": 780
  },
  "layer1.1.conv2.weight": {
    "r_t_mean": 0.055204426411441694,
    "r_t_std": 0.017028298931139565,
    "r_t_min": 0.03542725830626319,
    "r_t_max": 0.27528232522562224,
    "delta_hat_mean": 1.9119824276190528e-07,
    "delta_hat_std": 6.716468633041863e-06,
    "lambda_t_mean": 0.0007298822442790709,
    "lambda_t_std": 8.185171793427503e-05,
    "n_records": 780
  },
  "layer1.2.conv1.weight": {
    "r_t_mean": 0.05826576458857918,
    "r_t_std": 0.01521039665203445,
    "r_t_min": 0.03550905919615708,
    "r_t_max": 0.2586574204543226,
    "delta_hat_mean": -3.185936039970171e-07,
    "delta_hat_std": 6.435143087837993e-06,
    "lambda_t_mean": 0.0007278982371589123,
    "lambda_t_std": 9.013407384400307e-05,
    "n_records": 780
  },
  "layer1.2.conv2.weight": {
    "r_t_mean": 0.05550928342910262,
    "r_t_std": 0.015425747458303067,
    "r_t_min": 0.03469964758007504,
    "r_t_max": 0.20989875196316873,
    "delta_hat_mean": 1.854059481196885e-07,
    "delta_hat_std": 6.286205883362212e-06,
    "lambda_t_mean": 0.0007303661005785784,
    "lambda_t_std": 7.992104313117835e-05,
    "n_records": 780
  },
  "layer2.0.conv1.weight": {
    "r_t_mean": 0.05609771888152122,
    "r_t_std": 0.014860006423974736,
    "r_t_min": 0.03493115263342343,
    "r_t_max": 0.14930444490802133,
    "delta_hat_mean": -1.182152706778703e-07,
    "delta_hat_std": 7.435351347629752e-06,
    "lambda_t_mean": 0.0007290900871038421,
    "lambda_t_std": 7.327342074479517e-05,
    "n_records": 780
  },
  "layer2.0.conv2.weight": {
    "r_t_mean": 0.0575214555358974,
    "r_t_std": 0.0184223934537518,
    "r_t_min": 0.03583104168442609,
    "r_t_max": 0.1778559183190695,
    "delta_hat_mean": -8.829659305418748e-08,
    "delta_hat_std": 4.665982686535603e-06,
    "lambda_t_mean": 0.000728748540819475,
    "lambda_t_std": 6.704337843986923e-05,
    "n_records": 780
  },
  "layer2.0.shortcut.0.weight": {
    "r_t_mean": 0.0446691910086787,
    "r_t_std": 0.009141542745571348,
    "r_t_min": 0.026865613679613806,
    "r_t_max": 0.09483143996371161,
    "delta_hat_mean": -8.336306499572686e-07,
    "delta_hat_std": 1.67542356431297e-05,
    "lambda_t_mean": 0.0007302016417041979,
    "lambda_t_std": 7.555999853595908e-05,
    "n_records": 780
  },
  "layer2.1.conv1.weight": {
    "r_t_mean": 0.05858561597737355,
    "r_t_std": 0.017061263437324198,
    "r_t_min": 0.038519595620960856,
    "r_t_max": 0.1639167410586601,
    "delta_hat_mean": 3.078453952569642e-08,
    "delta_hat_std": 3.5029396727825634e-06,
    "lambda_t_mean": 0.0007268200809564758,
    "lambda_t_std": 7.096462730204148e-05,
    "n_records": 780
  },
  "layer2.1.conv2.weight": {
    "r_t_mean": 0.05734668549347613,
    "r_t_std": 0.015445748196196117,
    "r_t_min": 0.036835035433168115,
    "r_t_max": 0.14279264456161858,
    "delta_hat_mean": -1.6291336322136994e-08,
    "delta_hat_std": 3.2267522823859545e-06,
    "lambda_t_mean": 0.000729524719337677,
    "lambda_t_std": 6.674850005062904e-05,
    "n_records": 780
  },
  "layer2.2.conv1.weight": {
    "r_t_mean": 0.06023923196223672,
    "r_t_std": 0.013621816305626042,
    "r_t_min": 0.04007463792030513,
    "r_t_max": 0.12083248647687678,
    "delta_hat_mean": -9.040916486796755e-08,
    "delta_hat_std": 3.2681315383872604e-06,
    "lambda_t_mean": 0.0007293422402857792,
    "lambda_t_std": 6.846023034646345e-05,
    "n_records": 780
  },
  "layer2.2.conv2.weight": {
    "r_t_mean": 0.057835828559750925,
    "r_t_std": 0.013589895857950764,
    "r_t_min": 0.0390809076999064,
    "r_t_max": 0.12928438942860687,
    "delta_hat_mean": -5.4890557867664916e-08,
    "delta_hat_std": 3.311243683839792e-06,
    "lambda_t_mean": 0.0007292028359771507,
    "lambda_t_std": 6.516295497652525e-05,
    "n_records": 780
  },
  "layer3.0.conv1.weight": {
    "r_t_mean": 0.05694096112043238,
    "r_t_std": 0.013800084867190244,
    "r_t_min": 0.03817098028019717,
    "r_t_max": 0.11787657724744008,
    "delta_hat_mean": 2.6675992003378524e-08,
    "delta_hat_std": 3.329868721499122e-06,
    "lambda_t_mean": 0.0007297250409160198,
    "lambda_t_std": 6.072174153476377e-05,
    "n_records": 780
  },
  "layer3.0.conv2.weight": {
    "r_t_mean": 0.0623594916675997,
    "r_t_std": 0.015160206745569537,
    "r_t_min": 0.03997894678719884,
    "r_t_max": 0.13140528230831336,
    "delta_hat_mean": -3.348571203782163e-08,
    "delta_hat_std": 1.804593035380804e-06,
    "lambda_t_mean": 0.0007295764138707031,
    "lambda_t_std": 5.973765181877054e-05,
    "n_records": 780
  },
  "layer3.0.shortcut.0.weight": {
    "r_t_mean": 0.044016351016699685,
    "r_t_std": 0.0073035298203760046,
    "r_t_min": 0.02546755708509443,
    "r_t_max": 0.07589955318548591,
    "delta_hat_mean": -6.837754399614282e-08,
    "delta_hat_std": 7.536121953501695e-06,
    "lambda_t_mean": 0.0007290395072938781,
    "lambda_t_std": 6.157745762884019e-05,
    "n_records": 780
  },
  "layer3.1.conv1.weight": {
    "r_t_mean": 0.06273228501434236,
    "r_t_std": 0.01569030348332233,
    "r_t_min": 0.040506713611988,
    "r_t_max": 0.13472394500705917,
    "delta_hat_mean": 2.713183796293341e-08,
    "delta_hat_std": 1.753210322902036e-06,
    "lambda_t_mean": 0.0007308584906785552,
    "lambda_t_std": 5.9948102121336306e-05,
    "n_records": 780
  },
  "layer3.1.conv2.weight": {
    "r_t_mean": 0.062227218423271426,
    "r_t_std": 0.012650490464857979,
    "r_t_min": 0.04175123939182235,
    "r_t_max": 0.11831145667202404,
    "delta_hat_mean": -6.288212419450212e-08,
    "delta_hat_std": 1.7173556157415283e-06,
    "lambda_t_mean": 0.0007302554790245062,
    "lambda_t_std": 5.6327141500550505e-05,
    "n_records": 780
  },
  "layer3.2.conv1.weight": {
    "r_t_mean": 0.06326130560890698,
    "r_t_std": 0.011165541841400627,
    "r_t_min": 0.04489387891101265,
    "r_t_max": 0.10950775757253872,
    "delta_hat_mean": -9.060745656684027e-08,
    "delta_hat_std": 1.7448199789868229e-06,
    "lambda_t_mean": 0.0007301875616196102,
    "lambda_t_std": 5.75626543958058e-05,
    "n_records": 780
  },
  "layer3.2.conv2.weight": {
    "r_t_mean": 0.05686111120850941,
    "r_t_std": 0.010969167568020183,
    "r_t_min": 0.03848727126542767,
    "r_t_max": 0.10419186032679396,
    "delta_hat_mean": -1.823201275012838e-07,
    "delta_hat_std": 1.5315307494579978e-06,
    "lambda_t_mean": 0.0007283320101213446,
    "lambda_t_std": 5.363833891285709e-05,
    "n_records": 780
  },
  "fc.weight": {
    "r_t_mean": 0.037394204153593624,