{
  "features.0.weight": {
    "r_t_mean": 0.022611161345586623,
    "r_t_std": 0.007735695722242305,
    "r_t_min": 0.005335679092360951,
    "r_t_max": 0.2516955082127892,
    "delta_hat_mean": -2.064668658860387e-07,
    "delta_hat_std": 1.8122104120933104e-05,
    "lambda_t_mean": 0.0006663302250152183,
    "lambda_t_std": 0.00013368923181221814,
    "n_records": 1950
  },
  "features.3.weight": {
    "r_t_mean": 0.02250301836506299,
    "r_t_std": 0.018612460898460654,
    "r_t_min": 0.0038223537112693756,
    "r_t_max": 0.8178312484009298,
    "delta_hat_mean": -1.4909289080558908e-07,
    "delta_hat_std": 3.641618652848179e-06,
    "lambda_t_mean": 0.0006241249376300274,
    "lambda_t_std": 0.00010745995374604483,
    "n_records": 1950
  },
  "features.7.weight": {
    "r_t_mean": 0.023832023869702984,
    "r_t_std": 0.011022002547115096,
    "r_t_min": 0.004073736647535238,
    "r_t_max": 0.46510378906051264,
    "delta_hat_mean": -4.946385376541195e-10,
    "delta_hat_std": 3.2704512502890625e-08,
    "lambda_t_mean": 0.0006167160732107397,
    "lambda_t_std": 9.858543005762976e-05,
    "n_records": 1950
  },
  "features.10.weight": {
    "r_t_mean": 0.02492063580113591,
    "r_t_std": 0.013100450139888845,
    "r_t_min": 0.0042903697872463615,
    "r_t_max": 0.5595200053005672,
    "delta_hat_mean": -6.006845089781626e-10,
    "delta_hat_std": 2.563375963214518e-08,
    "lambda_t_mean": 0.0006137541720417977,
    "lambda_t_std": 9.910601998259785e-05,
    "n_records": 1950
  },
  "features.14.weight": {
    "r_t_mean": 0.026563447968625406,
    "r_t_std": 0.009739094842603708,
    "r_t_min": 0.0046311659334196155,
    "r_t_max": 0.3404994719193539,
    "delta_hat_mean": 1.3087301546380404e-08,
    "delta_hat_std": 1.2059989668666164e-06,
    "lambda_t_mean": 0.0006092607149779717,
    "lambda_t_std": 9.48372745708787e-05,
    "n_records": 1950
  },
  "features.17.weight": {
    "r_t_mean": 0.02889413772084308,
    "r_t_std": 0.012517968573264229,
    "r_t_min": 0.005375522370738659,
    "r_t_max": 0.4039223214132788,
    "delta_hat_mean": -5.932269287730806e-10,
    "delta_hat_std": 2.407755270349001e-08,
    "lambda_t_mean": 0.0006066516853586013,
    "lambda_t_std": 9.24854086267691e-05,
    "n_records": 1950
  },
  "features.20.weight": {
    "r_t_mean": 0.028975600564439336,
    "r_t_std": 0.012226521598438593,
    "r_t_min": 0.005061752378530823,
    "r_t_max": 0.3377486924795548,
    "delta_hat_mean": 1.2454895345136768e-09,
    "delta_hat_std": 2.914762629126152e-08,
    "lambda_t_mean": 0.0006051970715171589,
    "lambda_t_std": 9.213514741757829e-05,
    "n_records": 1950
  },
  "features.24.weight": {
    "r_t_mean": 0.026061437175223676,
    "r_t_std": 0.010989646943348069,
    "r_t_min": 0.002317925151007968,
    "r_t_max": 0.21390437036788398,
    "delta_hat_mean": 2.129214806176694e-08,
    "delta_hat_std": 6.28660234948364e-07,
    "lambda_t_mean": 0.0006020304085956923,
    "lambda_t_std": 8.90874141630848e-05,
    "n_records": 1950
  },
  "features.27.weight": {
    "r_t_mean": 0.0241083677088188,
    "r_t_std": 0.010867673080625405,
    "r_t_min": 0.0018007002405319905,
    "r_t_max": 0.2583787793928525,
    "delta_hat_mean": -2.9097032040772466e-09,
    "delta_hat_std": 7.640005395699102e-07,
    "lambda_t_mean": 0.0006034427430730959,
    "lambda_t_std": 9.495882192096602e-05,
    "n_records": 1950
  },
  "features.30.weight": {
    "r_t_mean": 0.021155126589357816,
    "r_t_std": 0.008887751652091628,
    "r_t_min": 0.001455587301923791,
    "r_t_max": 0.22072177960971992,
    "delta_hat_mean": 1.3093668986139623e-08,
    "delta_hat_std": 8.833185586814793e-07,
    "lambda_t_mean": 0.0006096324332915105,
    "lambda_t_std": 0.00010323089176559575,
    "n_records": 1950
  },
  "features.34.weight": {
    "r_t_mean": 0.017230071748754287,
    "r_t_std": 0.006755421052676701,
    "r_t_min": 0.0007785415272474879,
    "r_t_max": 0.20364865686469746,
    "delta_hat_mean": -2.439466605727794e-08,
    "delta_hat_std": 1.7082227090716447e-06,
    "lambda_t_mean": 0.000623161949575751,
    "lambda_t_std": 0.00011699200029469383,
    "n_records": 1950
  },
  "features.37.weight": {
    "r_t_mean": 0.01610064724320639,
    "r_t_std": 0.00549939980668896,
    "r_t_min": 0.0015867353136571798,
    "r_t_max": 0.17337921057458325,
    "delta_hat_mean": 8.38765175656611e-09,
    "delta_hat_std": 1.99455459244583e-06,
    "lambda_t_mean": 0.0006193525753384268,
    "lambda_t_std": 0.00011146647462001345,
    "n_records": 1950
  },
  "features.40.weight": {
    "r_t_mean": 0.017563110879289,
    "r_t_std": 0.004414332504377784,
    "r_t_min": 0.004281285754953376,
    "r_t_max": 0.1502410437391961,
    "delta_hat_mean": 8.580967490072584e-08,
    "delta_hat_std": 1.8560742670180817e-06,
    "lambda_t_mean": 0.0006119030550698481,
    "lambda_t_std": 0.00010404528827987871,
    "n_records": 1950
  },
  "classifier.0.weight": {
    "r_t_mean": 0.022176676488188357,
    "r_t_std": 0.003973346349632668,
    "r_t_min": 0.012504990199419275,
    "r_t_max": 0.06494055790476046,
    "delta_hat_mean": 0.0002661916094276561,
    "delta_hat_std": 0.01871930302416975,
    "lambda_t_mean": 0.0005968543733148725,
    "lambda_t_std": 8.74667957071352e-05,
    "n_records": 1950
  },
  "classifier.3.weight": {
    "r_t_mean": 0.02045018970417777,
    "r_t_std": 0.004400917032790642,
    "r_t_min": 0.01164648721278715,
    "r_t_max": 0.07901136023018755,
    "delta_hat_mean": 0.0006245576263585789,
    "delta_hat_std": 0.012462271714299231,
    "lambda_t_mean": 0.0005871900245333413,
    "lambda_t_std": 6.85324503248473e-05,
    "n_records": 1950
  },
  "classifier.6.weight": {
    "r_t_mean": 0.022844039593876927,
    "r_t_std": 0.008893188578955446,
    "r_t_min": 0.013619979863938397,
    "r_t_max": 0.19548100410208571,
    "delta_hat_mean": 0.0006410776319483912,
    "delta_hat_std": 0.012548043425364959,
    "lambda_t_mean": 0.0005774377650082484,
    "lambda_t_std": 6.128482257614526e-05,
    "n_records": 1950
  }
}