{
  "method": "FixedWD_lam1e-03",
  "seed": 42,
  "model": "resnet50",
  "dataset": "imagenet",
  "epochs": [
    {
      "epoch": 0,
      "train_loss": 7.152270636137794,
      "test_loss": 6.917300902557373,
      "train_acc": 0.08329503676470588,
      "test_acc": 0.22,
      "lr": 0.1,
      "mean_rho_t": 0.0009857222319124112,
      "std_rho_t": 0.006542919485363964,
      "mean_alpha_t": 0.04969616791312045,
      "mean_effective_wd": 0.00036024844720496894,
      "total_wd_budget_epoch": 0.057999999999999996
    },
    {
      "epoch": 1,
      "train_loss": 6.898806768305161,
      "test_loss": 6.899388346862793,
      "train_acc": 0.14935661764705882,
      "test_acc": 0.16,
      "lr": 0.05,
      "mean_rho_t": 0.0011823630209189574,
      "std_rho_t": 0.005343564363267561,
      "mean_alpha_t": -0.054491259004074914,
      "mean_effective_wd": 0.00036024844720496894,
      "total_wd_budget_epoch": 0.057999999999999996
    }
  ]
}