{
  "method": "FixedWD_lam5e-04",
  "seed": 42,
  "model": "resnet50",
  "dataset": "imagenet",
  "epochs": [
    {
      "epoch": 0,
      "train_loss": 7.1297692200716805,
      "test_loss": 7.137978468322754,
      "train_acc": 0.13212316176470587,
      "test_acc": 0.32,
      "lr": 0.1,
      "mean_rho_t": 0.00127210938014427,
      "std_rho_t": 0.006938163923499556,
      "mean_alpha_t": 0.016444576831081276,
      "mean_effective_wd": 0.00018012422360248447,
      "total_wd_budget_epoch": 0.028999999999999998
    },
    {
      "epoch": 1,
      "train_loss": 6.90175876196693,
      "test_loss": 6.963011518859863,
      "train_acc": 0.21541819852941177,
      "test_acc": 0.2,
      "lr": 0.05,
      "mean_rho_t": 0.001540399783183921,
      "std_rho_t": 0.005506321009718178,
      "mean_alpha_t": -0.013524886475955065,
      "mean_effective_wd": 0.00018012422360248447,
      "total_wd_budget_epoch": 0.028999999999999998
    }
  ]
}