{
  "method": "FixedWD_lam7e-04",
  "seed": 42,
  "model": "resnet50",
  "dataset": "imagenet",
  "epochs": [
    {
      "epoch": 0,
      "train_loss": 7.143337919431574,
      "test_loss": 6.9076498558044435,
      "train_acc": 0.08329503676470588,
      "test_acc": 0.1,
      "lr": 0.1,
      "mean_rho_t": 0.0013935672638637092,
      "std_rho_t": 0.007070781090433137,
      "mean_alpha_t": -0.021134145875794114,
      "mean_effective_wd": 0.00025217391304347824,
      "total_wd_budget_epoch": 0.0406
    },
    {
      "epoch": 1,
      "train_loss": 6.898128032684326,
      "test_loss": 6.899161688232422,
      "train_acc": 0.18669577205882354,
      "test_acc": 0.14,
      "lr": 0.05,
      "mean_rho_t": 0.0013151083349628072,
      "std_rho_t": 0.005493579404438353,
      "mean_alpha_t": 0.05974960944750495,
      "mean_effective_wd": 0.00025217391304347824,
      "total_wd_budget_epoch": 0.0406
    }
  ]
}