{
  "method": "FixedWD_lam6e-04",
  "seed": 42,
  "model": "resnet50",
  "dataset": "imagenet",
  "epochs": [
    {
      "epoch": 0,
      "train_loss": 7.176364937249352,
      "test_loss": 6.906376106262207,
      "train_acc": 0.09191176470588236,
      "test_acc": 0.14,
      "lr": 0.1,
      "mean_rho_t": 0.0011167376391416136,
      "std_rho_t": 0.006774469139346361,
      "mean_alpha_t": 0.032894257207220126,
      "mean_effective_wd": 0.00021614906832298134,
      "total_wd_budget_epoch": 0.0348
    },
    {
      "epoch": 1,
      "train_loss": 6.899872818413903,
      "test_loss": 6.906321855163574,
      "train_acc": 0.21254595588235295,
      "test_acc": 0.2,
      "lr": 0.05,
      "mean_rho_t": 0.0009712012404059418,
      "std_rho_t": 0.0052730314124683165,
      "mean_alpha_t": 0.020185961056572,
      "mean_effective_wd": 0.00021614906832298134,
      "total_wd_budget_epoch": 0.0348
    }
  ]
}