{
  "method": "FixedWD_lam8e-04",
  "seed": 42,
  "model": "resnet50",
  "dataset": "imagenet",
  "epochs": [
    {
      "epoch": 0,
      "train_loss": 7.142845230944016,
      "test_loss": 8.574513203430175,
      "train_acc": 0.10340073529411764,
      "test_acc": 0.1,
      "lr": 0.1,
      "mean_rho_t": 0.0015632041858065658,
      "std_rho_t": 0.006930796111395473,
      "mean_alpha_t": 0.06349101172000314,
      "mean_effective_wd": 0.0002881987577639752,
      "total_wd_budget_epoch": 0.046400000000000004
    },
    {
      "epoch": 1,
      "train_loss": 6.903576563386356,
      "test_loss": 6.973185516357422,
      "train_acc": 0.20967371323529413,
      "test_acc": 0.06,
      "lr": 0.05,
      "mean_rho_t": 0.0013025318964408998,
      "std_rho_t": 0.005352744913582552,
      "mean_alpha_t": 0.02349885549055594,
      "mean_effective_wd": 0.0002881987577639752,
      "total_wd_budget_epoch": 0.046400000000000004
    }
  ]
}