{
  "task": "imagenet_budget_matched",
  "type": "pilot",
  "model": "resnet50",
  "dataset": "imagenet",
  "method": "FixedWD",
  "lambda_values": [
    0.0005,
    0.0006,
    0.0007,
    0.0008,
    0.001
  ],
  "epochs": 2,
  "batch_size": 256,
  "lr": 0.1,
  "momentum": 0.9,
  "seed": 42,
  "train_samples": 34862,
  "val_samples": 5000,
  "configs_passed": [
    "lam_0.0005",
    "lam_0.0006",
    "lam_0.0007",
    "lam_0.0008",
    "lam_0.001"
  ],
  "configs_failed": [],
  "all_passed": true,
  "budgets_differ": true,
  "wd_budgets": {
    "lam_0.0005": 7147.49057819748,
    "lam_0.0006": 8469.734592649842,
    "lam_0.0007": 9855.65139023876,
    "lam_0.0008": 11252.173444447326,
    "lam_0.001": 13994.40531396294
  },
  "total_time_sec": 452.68204140663147,
  "data_load_time_sec": 1.3170499801635742,
  "results": {
    "lam_0.0005": {
      "lambda": 0.0005,
      "method": "FixedWD",
      "model": "resnet50",
      "dataset": "imagenet",
      "seed": 42,
      "epochs": 2,
      "batch_size": 256,
      "lr": 0.1,
      "weight_decay": 0.0005,
      "best_val_acc": 0.32,
      "final_val_acc": 0.2,
      "final_train_acc": 0.21541819852941177,
      "total_wd_budget": 7147.49057819748,
      "avg_step_wd_budget": 26.27753889043191,
      "std_step_wd_budget": 0.3625295244445523,
      "n_steps": 272,
      "elapsed_sec": 96.70553040504456,
      "epoch_results": [
        {
          "epoch": 1,
          "train_loss": 7.1297692200716805,
          "train_acc": 0.13212316176470587,
          "val_loss": 7.137978468322754,
          "val_acc": 0.32,
          "lr": 0.1,
          "epoch_wd_budget": 3571.332697826386,
          "cumulative_wd_budget": 3571.332697826386
        },
        {
          "epoch": 2,
          "train_loss": 6.90175876196693,
          "train_acc": 0.21541819852941177,
          "val_loss": 6.963011518859863,
          "val_acc": 0.2,
          "lr": 0.05,
          "epoch_wd_budget": 3576.1578803710945,
          "cumulative_wd_budget": 7147.49057819748
        }
      ],
      "status": "success"
    },
    "lam_0.0006": {
      "lambda": 0.0006,
      "method": "FixedWD",
      "model": "resnet50",
      "dataset": "imagenet",
      "seed": 42,
      "epochs": 2,
      "batch_size": 256,
      "lr": 0.1,
      "weight_decay": 0.0006,
      "best_val_acc": 0.2,
      "final_val_acc": 0.2,
      "final_train_acc": 0.21254595588235295,
      "total_wd_budget": 8469.734592649842,
      "avg_step_wd_budget": 31.138730120036183,
      "std_step_wd_budget": 0.34443304937155833,
      "n_steps": 272,
      "elapsed_sec": 91.1770691871643,
      "epoch_results": [
        {
          "epoch": 1,
          "train_loss": 7.176364937249352,
          "train_acc": 0.09191176470588236,
          "val_loss": 6.906376106262207,
          "val_acc": 0.14,
          "lr": 0.1,
          "epoch_wd_budget": 4238.414083525086,
          "cumulative_wd_budget": 4238.414083525086
        },
        {
          "epoch": 2,
          "train_loss": 6.899872818413903,
          "train_acc": 0.21254595588235295,
          "val_loss": 6.906321855163574,
          "val_acc": 0.2,
          "lr": 0.05,
          "epoch_wd_budget": 4231.320509124755,
          "cumulative_wd_budget": 8469.734592649842
        }
      ],
      "status": "success"
    },
    "lam_0.0007": {
      "lambda": 0.0007,
      "method": "FixedWD",
      "model": "resnet50",
      "dataset": "imagenet",
      "seed": 42,
      "epochs": 2,
      "batch_size": 256,
      "lr": 0.1,
      "weight_decay": 0.0007,
      "best_val_acc": 0.14,
      "final_val_acc": 0.14,
      "final_train_acc": 0.18669577205882354,
      "total_wd_budget": 9855.65139023876,
      "avg_step_wd_budget": 36.23401246411309,
      "std_step_wd_budget": 0.40208393063886116,
      "n_steps": 272,
      "elapsed_sec": 91.20478224754333,
      "epoch_results": [
        {
          "epoch": 1,
          "train_loss": 7.143337919431574,
          "train_acc": 0.08329503676470588,
          "val_loss": 6.9076498558044435,
          "val_acc": 0.1,
          "lr": 0.1,
          "epoch_wd_budget": 4937.109867837331,
          "cumulative_wd_budget": 4937.109867837331
        },
        {
          "epoch": 2,
          "train_loss": 6.898128032684326,
          "train_acc": 0.18669577205882354,
          "val_loss": 6.899161688232422,
          "val_acc": 0.14,
          "lr": 0.05,
          "epoch_wd_budget": 4918.541522401429,
          "cumulative_wd_budget": 9855.65139023876
        }
      ],
      "status": "success"
    },
    "lam_0.0008": {
      "lambda": 0.0008,
      "method": "FixedWD",
      "model": "resnet50",
      "dataset": "imagenet",
      "seed": 42,
      "epochs": 2,
      "batch_size": 256,
      "lr": 0.1,
      "weight_decay": 0.0008,
      "best_val_acc": 0.1,
      "final_val_acc": 0.06,
      "final_train_acc": 0.20967371323529413,
      "total_wd_budget": 11252.173444447326,
      "avg_step_wd_budget": 41.36828472223282,
      "std_step_wd_budget": 0.4713807517647023,
      "n_steps": 272,
      "elapsed_sec": 88.17932629585266,
      "epoch_results": [
        {
          "epoch": 1,
          "train_loss": 7.142845230944016,
          "train_acc": 0.10340073529411764,
          "val_loss": 8.574513203430175,
          "val_acc": 0.1,
          "lr": 0.1,
          "epoch_wd_budget": 5642.492565882874,
          "cumulative_wd_budget": 5642.492565882874
        },
        {
          "epoch": 2,
          "train_loss": 6.903576563386356,
          "train_acc": 0.20967371323529413,
          "val_loss": 6.973185516357422,
          "val_acc": 0.06,
          "lr": 0.05,
          "epoch_wd_budget": 5609.680878564451,
          "cumulative_wd_budget": 11252.173444447326
        }
      ],
      "status": "success"
    },
    "lam_0.001": {
      "lambda": 0.001,
      "method": "FixedWD",
      "model": "resnet50",
      "dataset": "imagenet",
      "seed": 42,
      "epochs": 2,
      "batch_size": 256,
      "lr": 0.1,
      "weight_decay": 0.001,
      "best_val_acc": 0.22,
      "final_val_acc": 0.16,
      "final_train_acc": 0.14935661764705882,
      "total_wd_budget": 13994.40531396294,
      "avg_step_wd_budget": 51.450019536628446,
      "std_step_wd_budget": 0.5551811587955943,
      "n_steps": 272,
      "elapsed_sec": 84.0000216960907,
      "epoch_results": [
        {
          "epoch": 1,
          "train_loss": 7.152270636137794,
          "train_acc": 0.08329503676470588,
          "val_loss": 6.917300902557373,
          "val_acc": 0.22,
          "lr": 0.1,
          "epoch_wd_budget": 7024.854701215748,
          "cumulative_wd_budget": 7024.854701215748
        },
        {
          "epoch": 2,
          "train_loss": 6.898806768305161,
          "train_acc": 0.14935661764705882,
          "val_loss": 6.899388346862793,
          "val_acc": 0.16,
          "lr": 0.05,
          "epoch_wd_budget": 6969.550612747192,
          "cumulative_wd_budget": 13994.40531396294
        }
      ],
      "status": "success"
    }
  },
  "pass_criteria": "All 5 configs complete 2 epochs; WD budgets differ across lambda values",
  "timestamp": "2026-03-25T09:12:13.559588"
}