{
  "true_l0": 1.5854,
  "sae_l0": 50.0,
  "dead_latents": 621,
  "shrinkage": 0.9992001232910156,
  "explained_variance": 0.9992678972213791,
  "mcc": 0.38191890716552734,
  "uniqueness": 0.22998046875,
  "classification": {
    "precision": 0.24847060441970825,
    "recall": 0.365601122379303,
    "f1_score": 0.13953682780265808,
    "accuracy": 0.9638015031814575
  }
}