{
  "conv1.weight": {
    "r_t_mean": 0.0101420339273021,
    "r_t_std": 0.01786463740705874,
    "r_t_min": 0.004098907894935097,
    "r_t_max": 0.4812562667835315,
    "delta_hat_mean": -1.7370830401242953e-06,
    "delta_hat_std": 3.791648401993755e-05,
    "lambda_t_mean": 8.726359985622592e-05,
    "lambda_t_std": 1.821782235736997e-05,
    "n_records": 780
  },
  "layer1.0.conv1.weight": {
    "r_t_mean": 0.010402751545970276,
    "r_t_std": 0.0186102468094565,
    "r_t_min": 0.0051379637828570255,
    "r_t_max": 0.5190062366097953,
    "delta_hat_mean": 2.5722201916695717e-07,
    "delta_hat_std": 9.378659595502024e-06,
    "lambda_t_mean": 8.695418014433686e-05,
    "lambda_t_std": 1.3696707192949169e-05,
    "n_records": 780
  },
  "layer1.0.conv2.weight": {
    "r_t_mean": 0.010130685186174344,
    "r_t_std": 0.015474402850144082,
    "r_t_min": 0.00467511683587028,
    "r_t_max": 0.42847099093779284,
    "delta_hat_mean": 2.0441079548105242e-08,
    "delta_hat_std": 1.0333510735050842e-05,
    "lambda_t_mean": 8.683727644967502e-05,
    "lambda_t_std": 1.1757587618540665e-05,
    "n_records": 780
  },
  "layer1.1.conv1.weight": {
    "r_t_mean": 0.01059670393925135,
    "r_t_std": 0.010711337461891025,
    "r_t_min": 0.005805651338649178,
    "r_t_max": 0.29317136225270357,
    "delta_hat_mean": -3.23156253625502e-07,
    "delta_hat_std": 1.0682659012730644e-05,
    "lambda_t_mean": 8.729760708009342e-05,
    "lambda_t_std": 1.1790214462767665e-05,
    "n_records": 780
  },
  "layer1.1.conv2.weight": {
    "r_t_mean": 0.010289004280244074,
    "r_t_std": 0.010069070132092217,
    "r_t_min": 0.0057215824193611285,
    "r_t_max": 0.27528119014235325,
    "delta_hat_mean": -1.4799852265877343e-07,
    "delta_hat_std": 1.1020799178339423e-05,
    "lambda_t_mean": 8.715114602918518e-05,
    "lambda_t_std": 1.168918921821443e-05,
    "n_records": 780
  },
  "layer1.2.conv1.weight": {
    "r_t_mean": 0.01105600450786663,
    "r_t_std": 0.009434474958181878,
    "r_t_min": 0.006301275155925592,
    "r_t_max": 0.2586563542493035,
    "delta_hat_mean": 7.223673151384283e-08,
    "delta_hat_std": 8.295159022495356e-06,
    "lambda_t_mean": 8.709359061474045e-05,
    "lambda_t_std": 1.3558062865623217e-05,
    "n_records": 780
  },
  "layer1.2.conv2.weight": {
    "r_t_mean": 0.010583084468170982,
    "r_t_std": 0.007702078015421237,
    "r_t_min": 0.0057619534850810224,
    "r_t_max": 0.20989788078797672,
    "delta_hat_mean": 1.7653209383297691e-07,
    "delta_hat_std": 8.31832074192013e-06,
    "lambda_t_mean": 8.71046304733139e-05,
    "lambda_t_std": 1.1931748654682843e-05,
    "n_records": 780
  },
  "layer2.0.conv1.weight": {
    "r_t_mean": 0.010262801304260402,
    "r_t_std": 0.006551220412946516,
    "r_t_min": 0.005377604201985125,
    "r_t_max": 0.14930383081230764,
    "delta_hat_mean": 2.6366612394381535e-07,
    "delta_hat_std": 8.643202699730961e-06,
    "lambda_t_mean": 8.710456736491197e-05,
    "lambda_t_std": 1.083349218504819e-05,
    "n_records": 780
  },
  "layer2.0.conv2.weight": {
    "r_t_mean": 0.010428061040924487,
    "r_t_std": 0.007504670991581743,
    "r_t_min": 0.00565604225319663,
    "r_t_max": 0.17785518776768458,
    "delta_hat_mean": 3.526749731640153e-07,
    "delta_hat_std": 5.280343153578666e-06,
    "lambda_t_mean": 8.702312725476353e-05,
    "lambda_t_std": 9.608378287041862e-06,
    "n_records": 780
  },
  "layer2.0.shortcut.0.weight": {
    "r_t_mean": 0.008995537270636426,
    "r_t_std": 0.0046628969862895124,
    "r_t_min": 0.004916900880979894,
    "r_t_max": 0.06691501804543838,
    "delta_hat_mean": 1.3174532443717732e-06,
    "delta_hat_std": 2.6356850322201645e-05,
    "lambda_t_mean": 8.734201233532691e-05,
    "lambda_t_std": 1.05330776321365e-05,
    "n_records": 780
  },
  "layer2.1.conv1.weight": {
    "r_t_mean": 0.010941325481356392,
    "r_t_std": 0.006951395362962687,
    "r_t_min": 0.005780716262770813,
    "r_t_max": 0.16391605826006064,
    "delta_hat_mean": 9.994540797482643e-08,
    "delta_hat_std": 4.505412615321408e-06,
    "lambda_t_mean": 8.730915417789861e-05,
    "lambda_t_std": 1.055997845454036e-05,
    "n_records": 780
  },
  "layer2.1.conv2.weight": {
    "r_t_mean": 0.010664603577351205,
    "r_t_std": 0.006181376004886723,
    "r_t_min": 0.0061256121721239174,
    "r_t_max": 0.14279204104364404,
    "delta_hat_mean": -6.234739967266497e-08,
    "delta_hat_std": 4.192236363967119e-06,
    "lambda_t_mean": 8.72403349889106e-05,
    "lambda_t_std": 9.563633700588584e-06,
    "n_records": 780
  },
  "layer2.2.conv1.weight": {
    "r_t_mean": 0.01106219044692498,
    "r_t_std": 0.0057428702816577385,
    "r_t_min": 0.006262753559495374,
    "r_t_max": 0.12010323322585244,
    "delta_hat_mean": -2.9433087370169867e-07,
    "delta_hat_std": 4.0249925359402685e-06,
    "lambda_t_mean": 8.726110122163183e-05,
    "lambda_t_std": 1.0428028678390563e-05,
    "n_records": 780
  },
  "layer2.2.conv2.weight": {
    "r_t_mean": 0.010596036570294128,
    "r_t_std": 0.005282129696053671,
    "r_t_min": 0.006538736217459921,
    "r_t_max": 0.10962670928867646,
    "delta_hat_mean": 3.7230358002498646e-08,
    "delta_hat_std": 4.580870535108209e-06,
    "lambda_t_mean": 8.724924887429334e-05,
    "lambda_t_std": 9.410279151582925e-06,
    "n_records": 780
  },
  "layer3.0.conv1.weight": {
    "r_t_mean": 0.010419777056805876,
    "r_t_std": 0.005146484407792896,
    "r_t_min": 0.006053614055834796,
    "r_t_max": 0.08246313585050348,
    "delta_hat_mean": 8.532338432724706e-09,
    "delta_hat_std": 3.328680622523357e-06,
    "lambda_t_mean": 8.732329794026776e-05,
    "lambda_t_std": 9.008421270063119e-06,
    "n_records": 780
  },
  "layer3.0.conv2.weight": {
    "r_t_mean": 0.011009842718745342,
    "r_t_std": 0.005890793701600849,
    "r_t_min": 0.00615287460723796,
    "r_t_max": 0.11170561344470703,
    "delta_hat_mean": 7.79778696633425e-08,
    "delta_hat_std": 2.226638115779616e-06,
    "lambda_t_mean": 8.72907709610537e-05,
    "lambda_t_std": 8.489123561680813e-06,
    "n_records": 780
  },
  "layer3.0.shortcut.0.weight": {
    "r_t_mean": 0.008433403265508566,
    "r_t_std": 0.004700455943351126,
    "r_t_min": 0.004568679542192627,
    "r_t_max": 0.06307694085325061,
    "delta_hat_mean": 8.199101180672859e-08,
    "delta_hat_std": 8.293260285563031e-06,
    "lambda_t_mean": 8.738173827964778e-05,
    "lambda_t_std": 8.994696848065477e-06,
    "n_records": 780
  },
  "layer3.1.conv1.weight": {
    "r_t_mean": 0.011022923842559889,
    "r_t_std": 0.006085531551885098,
    "r_t_min": 0.006404319076572803,
    "r_t_max": 0.1040077242490414,
    "delta_hat_mean": 2.9509493601404978e-08,
    "delta_hat_std": 2.0709771410359537e-06,
    "lambda_t_mean": 8.726713278603022e-05,
    "lambda_t_std": 8.307806298423653e-06,
    "n_records": 780
  },
  "layer3.1.conv2.weight": {
    "r_t_mean": 0.011048656398386536,
    "r_t_std": 0.005889372350642866,
    "r_t_min": 0.006538095109485456,
    "r_t_max": 0.11104653118164717,
    "delta_hat_mean": 7.066674513647233e-08,
    "delta_hat_std": 1.7821197026678382e-06,
    "lambda_t_mean": 8.720248937854834e-05,
    "lambda_t_std": 7.963571678293146e-06,
    "n_records": 780
  },
  "layer3.2.conv1.weight": {
    "r_t_mean": 0.011360649223398977,
    "r_t_std": 0.00541505030567296,
    "r_t_min": 0.006685692854036457,
    "r_t_max": 0.10508109875186653,
    "delta_hat_mean": -2.0086312050354572e-08,
    "delta_hat_std": 1.9950862237704932e-06,
    "lambda_t_mean": 8.720965561794327e-05,
    "lambda_t_std": 8.13723418264077e-06,
    "n_records": 780
  },
  "layer3.2.conv2.weight": {
    "r_t_mean": 0.010929127480239404,
    "r_t_std": 0.005199776907085482,
    "r_t_min": 0.006689914497553077,
    "r_t_max": 0.10419142003242815,
    "delta_hat_mean": -2.913631801837742e-08,
    "delta_hat_std": 1.654909515403271e-06,
    "lambda_t_mean": 8.717181460724853e-05,
    "lambda_t_std": 8.021463598314365e-06,
    "n_records": 780
  },