{
  "task_id": "eval_geometric_h2_h4",
  "timestamp": "2026-04-14T18:49:15.665123",
  "mode": "PILOT",
  "pilot_config": {
    "seed": 42,
    "n_traj": 100,
    "n_epochs_vicreg": 5,
    "description": "Principal angle analysis on pilot checkpoint; necessary-compositionality fallback to scipy subspace_angles"
  },
  "necessary_compositionality": {
    "available": true,
    "fallback": "scipy.linalg.subspace_angles"
  },
  "principal_angles": {
    "SIGReg": {
      "pairwise": {
        "friction_0.5x_vs_friction_1.0x": {
          "principal_angles_rad": [
            0.10897191613912582,
            0.06983591616153717,
            0.058789871633052826,
            0.0222359299659729,
            0.019137004390358925,
            0.011695438995957375,
            0.011105925776064396,
            0.0072790225967764854
          ],
          "mean_cosine_similarity": 0.9986644983291626
        },
        "friction_0.5x_vs_friction_2.0x": {
          "principal_angles_rad": [
            0.08513997495174408,
            0.06976853311061859,
            0.0583951361477375,
            0.024485459551215172,
            0.022813815623521805,
            0.015119865536689758,
            0.01164438109844923,
            0.009265812113881111
          ],
          "mean_cosine_similarity": 0.998931884765625
        },
        "friction_1.0x_vs_friction_2.0x": {
          "principal_angles_rad": [
            0.10305414348840714,
            0.04933107644319534,
            0.0453498400747776,
            0.018013767898082733,
            0.010710942558944225,
            0.008860194124281406,
            0.007325048558413982,
            0.00546328304335475
          ],
          "mean_cosine_similarity": 0.999018669128418
        }
      },
      "mean_cosine_matrix": [
        [
          1.0,
          0.9986644983291626,
          0.998931884765625
        ],
        [
          0.9986644983291626,
          1.0,
          0.999018669128418
        ],
        [
          0.998931884765625,
          0.999018669128418,
          1.0
        ]
      ],
      "off_diag_mean_cosine": 0.9988716840744019
    },
    "VICReg": {
      "pairwise": {
        "friction_0.5x_vs_friction_1.0x": {
          "principal_angles_rad": [
            0.6253376007080078,
            0.15042182803153992,
            0.10153011977672577,
            0.09245642274618149,
            0.07844460010528564,
            0.0672391951084137,
            0.04676784202456474,
            0.03553266078233719
          ],
          "mean_cosine_similarity": 0.9728741645812988
        },
        "friction_0.5x_vs_friction_2.0x": {
          "principal_angles_rad": [
            0.6024574637413025,
            0.18170930445194244,
            0.13141080737113953,
            0.09964028745889664,
            0.0746040865778923,
            0.0635347068309784,
            0.058276690542697906,
            0.051029227674007416
          ],
          "mean_cosine_similarity": 0.9732626676559448
        },
        "friction_1.0x_vs_friction_2.0x": {
          "principal_angles_rad": [
            0.16939322650432587,
            0.11064095795154572,
            0.10177397727966309,
            0.072478748857975,
            0.05851573124527931,
            0.04433532804250717,
            0.04045644775032997,
            0.03547608107328415
          ],
          "mean_cosine_similarity": 0.9959539175033569
        }
      },
      "mean_cosine_matrix": [
        [
          1.0,
          0.9728741645812988,
          0.9732626676559448
        ],
        [
          0.9728741645812988,
          1.0,
          0.9959539175033569
        ],
        [
          0.9732626676559448,
          0.9959539175033569,
          1.0
        ]
      ],
      "off_diag_mean_cosine": 0.9806969165802002
    },
    "h2_comparison": {
      "sigreg_more_orthogonal": false,
      "delta": -0.01817476749420166,
      "note": "Positive delta means SIGReg is more orthogonal (lower cosine similarity = larger principal angles)"
    }
  },
  "displacement_consistency": {
    "SIGReg": {
      "consistency_score": 0.8269536097844442,
      "n_delta_vectors": 3,
      "note": "Cosine similarity between delta vectors at different reference points; higher = more consistent/linear factor structure"
    },
    "VICReg": {
      "consistency_score": 0.6786169012387594,
      "n_delta_vectors": 3
    },
    "h4_note": "Pilot: only 1 reference point available; consistency computed between friction delta vectors (f0.5->f1.0, f0.5->f2.0, f1.0->f2.0). Full study will use 3+ reference points."
  },
  "cka": {
    "SIGReg": {
      "friction_0.5x_vs_friction_1.0x": 0.04063043987754144,
      "friction_0.5x_vs_friction_2.0x": 0.043627555552979154,
      "friction_1.0x_vs_friction_2.0x": 0.019326484865011397
    },
    "VICReg": {
      "friction_0.5x_vs_friction_1.0x": 0.07520316725987469,
      "friction_0.5x_vs_friction_2.0x": 0.06314141840602194,
      "friction_1.0x_vs_friction_2.0x": 0.07091472246011225
    },
    "n_samples_per_group": 200,
    "note": "Linear CKA between factor-level embedding groups. Higher CKA = more similar representations across levels."
  },
  "pass_criteria": {
    "principal_angle_matrix_3x3": true,
    "mean_cosine_sim_in_0_1": true,
    "no_nan_in_results": true,
    "scipy_fallback_works": true,
    "all_pass": true
  },
  "go_no_go": "GO",
  "status": "success",
  "sigreg_checkpoint": {
    "path": "/home/qhxie/AutoResearch-SibylSystem/workspaces/lewm-generalization/current/exp/results/full/lewm_sigreg_primary/pilot_seed42_epoch5.pt",
    "epoch": 5,
    "final_loss": 0.4372021402703242
  },
  "vicreg_training": {
    "loss_history": [
      20.254175186157227,
      18.477887471516926,
      18.01693820953369,
      17.663231531778973,
      17.282047907511394
    ],
    "final_loss": 17.282047907511394
  },
  "embedding_shapes": {
    "sigreg": {
      "g1.0_f0.5_m1.0": [
        30000,
        192
      ],
      "g1.0_f1.0_m1.0": [
        30000,
        192
      ],
      "g1.0_f2.0_m1.0": [
        30000,
        192
      ]
    },
    "vicreg": {
      "g1.0_f0.5_m1.0": [
        30000,
        192
      ],
      "g1.0_f1.0_m1.0": [
        30000,
        192
      ],
      "g1.0_f2.0_m1.0": [
        30000,
        192
      ]
    }
  },
  "total_time_sec": 9.3,
  "total_time_min": 0.15
}