{
  "seed": 456,
  "metrics": {
    "absorption_rate": 0.3025516403402187,
    "feature_recovery_mcc": 0.22276565432548523,
    "reconstruction_mse": 3.201934996468481e-05,
    "explained_variance": 0.9943293511386334,
    "l0_sparsity": 551.40495,
    "true_l0": 1.5862,
    "dead_latents": 11,
    "shrinkage": 0.995642466430664,
    "uniqueness": 0.43896484375,
    "hedging_score": 0.24755859375,
    "classification_precision": 0.0045610819943249226,
    "classification_recall": 0.1103813648223877,
    "classification_f1": 0.004076074808835983,
    "classification_accuracy": 0.7304559946060181
  }
}