{
  "seed": 1011,
  "metrics": {
    "absorption_rate": 0.22129179237731667,
    "feature_recovery_mcc": 0.22212623059749603,
    "reconstruction_mse": 3.523259947542101e-05,
    "explained_variance": 0.9944345308493453,
    "l0_sparsity": 556.87281,
    "true_l0": 1.58203,
    "dead_latents": 11,
    "shrinkage": 0.9971554364013672,
    "uniqueness": 0.43505859375,
    "hedging_score": 0.25048828125,
    "classification_precision": 0.004553173668682575,
    "classification_recall": 0.11882752180099487,
    "classification_f1": 0.0037773032672703266,
    "classification_accuracy": 0.727249264717102
  }
}