{
  "seed": 456,
  "metrics": {
    "absorption_rate": 0.029495747266099635,
    "feature_recovery_mcc": 0.22056090831756592,
    "reconstruction_mse": 0.006373312836512923,
    "explained_variance": -0.14088286109028947,
    "l0_sparsity": 50.0,
    "true_l0": 1.58033,
    "dead_latents": 1229,
    "shrinkage": 0.6088621673583985,
    "uniqueness": 0.41796875,
    "hedging_score": 0.22509765625,
    "classification_precision": 0.006535712629556656,
    "classification_recall": 0.025169052183628082,
    "classification_f1": 0.004228680860251188,
    "classification_accuracy": 0.9746623635292053
  },
  "absorption_details": {
    "absorption_rate": 0.029495747266099635,
    "num_pairs": 992,
    "parent_fire_count": 65840,
    "absorption_count": 1942
  },
  "hedging_details": {
    "hedging_score": 0.22509765625,
    "hedging_latents": 461,
    "total_latents": 2048
  }
}