{
  "seed": 1011,
  "metrics": {
    "absorption_rate": 0.05438396650452559,
    "feature_recovery_mcc": 0.21391475200653076,
    "reconstruction_mse": 0.007726041367277503,
    "explained_variance": -0.39340948815520727,
    "l0_sparsity": 50.0,
    "true_l0": 1.58558,
    "dead_latents": 1663,
    "shrinkage": 0.544043616027832,
    "uniqueness": 0.35791015625,
    "hedging_score": 0.27490234375,
    "classification_precision": 0.0010537373600527644,
    "classification_recall": 0.013974757865071297,
    "classification_f1": 0.0012393072247505188,
    "classification_accuracy": 0.9735321998596191
  },
  "absorption_details": {
    "absorption_rate": 0.05438396650452559,
    "num_pairs": 992,
    "parent_fire_count": 64964,
    "absorption_count": 3533
  },
  "hedging_details": {
    "hedging_score": 0.27490234375,
    "hedging_latents": 563,
    "total_latents": 2048
  }
}