{
  "seed": 42,
  "metrics": {
    "absorption_rate": 0.044035228182546036,
    "feature_recovery_mcc": 0.2189815491437912,
    "reconstruction_mse": 0.007358938595280052,
    "explained_variance": -0.32559248482666914,
    "l0_sparsity": 50.0,
    "true_l0": 1.5824,
    "dead_latents": 1232,
    "shrinkage": 0.6486950436401367,
    "uniqueness": 0.416015625,
    "hedging_score": 0.2353515625,
    "classification_precision": 0.00562340347096324,
    "classification_recall": 0.029984861612319946,
    "classification_f1": 0.0029049240984022617,
    "classification_accuracy": 0.9741708040237427
  },
  "absorption_details": {
    "absorption_rate": 0.044035228182546036,
    "num_pairs": 992,
    "parent_fire_count": 64948,
    "absorption_count": 2860
  },
  "hedging_details": {
    "hedging_score": 0.2353515625,
    "hedging_latents": 482,
    "total_latents": 2048
  }
}