{
  "seed": 123,
  "metrics": {
    "absorption_rate": 0.3051913425345044,
    "feature_recovery_mcc": 0.22191202640533447,
    "reconstruction_mse": 3.323121218272718e-05,
    "explained_variance": 0.9942439355489768,
    "l0_sparsity": 544.0355,
    "true_l0": 1.58276,
    "dead_latents": 7,
    "shrinkage": 0.9960414361572265,
    "uniqueness": 0.4287109375,
    "hedging_score": 0.23681640625,
    "classification_precision": 0.0038198649417608976,
    "classification_recall": 0.1179673820734024,
    "classification_f1": 0.004280436784029007,
    "classification_accuracy": 0.734003484249115
  }
}