{
  "seed": 789,
  "metrics": {
    "absorption_rate": 0.25813751627503256,
    "feature_recovery_mcc": 0.21726363897323608,
    "reconstruction_mse": 0.008182890340685844,
    "explained_variance": -0.48254932176493925,
    "l0_sparsity": 1025.92818,
    "true_l0": 1.58098,
    "dead_latents": 0,
    "shrinkage": 0.8853875207519531,
    "uniqueness": 0.3984375,
    "hedging_score": 0.24609375,
    "classification_precision": 0.0018659490160644054,
    "classification_recall": 0.16132253408432007,
    "classification_f1": 0.002598722465336323,
    "classification_accuracy": 0.4990012049674988
  },
  "absorption_details": {
    "absorption_rate": 0.25813751627503256,
    "num_pairs": 992,
    "parent_fire_count": 64516,
    "absorption_count": 16654
  },
  "hedging_details": {
    "hedging_score": 0.24609375,
    "hedging_latents": 504,
    "total_latents": 2048
  }
}