{
  "seed": 42,
  "metrics": {
    "absorption_rate": 0.03184085730122559,
    "feature_recovery_mcc": 0.2133708894252777,
    "reconstruction_mse": 0.007956290151923895,
    "explained_variance": -0.4315637328377506,
    "l0_sparsity": 50.0,
    "true_l0": 1.58533,
    "dead_latents": 1675,
    "shrinkage": 0.6227096606445313,
    "uniqueness": 0.36572265625,
    "hedging_score": 0.22265625,
    "classification_precision": 0.002930712653324008,
    "classification_recall": 0.013798692263662815,
    "classification_f1": 0.001194771844893694,
    "classification_accuracy": 0.9743165373802185
  },
  "absorption_details": {
    "absorption_rate": 0.03184085730122559,
    "num_pairs": 992,
    "parent_fire_count": 64948,
    "absorption_count": 2068
  },
  "hedging_details": {
    "hedging_score": 0.22265625,
    "hedging_latents": 456,
    "total_latents": 2048
  }
}