{
  "seed": 42,
  "metrics": {
    "absorption_rate": 0.6293650304859272,
    "feature_recovery_mcc": 0.22088328003883362,
    "reconstruction_mse": 0.6153014838695526,
    "explained_variance": -109.91462842399085,
    "l0_sparsity": 1024.22769,
    "true_l0": 1.58211,
    "dead_latents": 0,
    "shrinkage": 8.67309337890625,
    "uniqueness": 0.42724609375,
    "hedging_score": 0.236328125,
    "classification_precision": 0.0027320762164890766,
    "classification_recall": 0.1749698966741562,
    "classification_f1": 0.004184310790151358,
    "classification_accuracy": 0.4997963011264801
  }
}