{
  "seed": 123,
  "metrics": {
    "absorption_rate": 0.0865276035131744,
    "feature_recovery_mcc": 0.2119445651769638,
    "reconstruction_mse": 0.007848338736221195,
    "explained_variance": -0.41911668582995465,
    "l0_sparsity": 50.0,
    "true_l0": 1.5838,
    "dead_latents": 1668,
    "shrinkage": 0.5812224444580079,
    "uniqueness": 0.34033203125,
    "hedging_score": 0.2177734375,
    "classification_precision": 0.0011690823594108224,
    "classification_recall": 0.014903050847351551,
    "classification_f1": 0.000751608342397958,
    "classification_accuracy": 0.9747610688209534
  },
  "absorption_details": {
    "absorption_rate": 0.0865276035131744,
    "num_pairs": 992,
    "parent_fire_count": 63760,
    "absorption_count": 5517
  },
  "hedging_details": {
    "hedging_score": 0.2177734375,
    "hedging_latents": 446,
    "total_latents": 2048
  }
}