{
  "task_id": "full_gating",
  "variant": "Gated SAE",
  "architecture": "gated",
  "config": {
    "num_features": 1024,
    "hidden_dim": 256,
    "d_sae": 2048,
    "training_samples": 2000000,
    "batch_size": 1024,
    "seeds": [
      42,
      123,
      456,
      789,
      1011
    ],
    "device": "cuda"
  },
  "replicates": [
    {
      "seed": 42,
      "metrics": {
        "absorption_rate": 0.23460306706903986,
        "feature_recovery_mcc": 0.21682904660701752,
        "reconstruction_mse": 0.008195718843489885,
        "explained_variance": -0.47533047293907504,
        "l0_sparsity": 1078.44544,
        "true_l0": 1.58276,
        "dead_latents": 0,
        "shrinkage": 0.8808206353759765,
        "uniqueness": 0.39599609375,
        "hedging_score": 0.220703125,
        "classification_precision": 0.002523449482396245,
        "classification_recall": 0.17382480204105377,
        "classification_f1": 0.0041135381907224655,
        "classification_accuracy": 0.4734138548374176
      },
      "absorption_details": {
        "absorption_rate": 0.23460306706903986,
        "num_pairs": 992,
        "parent_fire_count": 64948,
        "absorption_count": 15237
      },
      "hedging_details": {
        "hedging_score": 0.220703125,
        "hedging_latents": 452,
        "total_latents": 2048
      }
    },
    {
      "seed": 123,
      "metrics": {
        "absorption_rate": 0.3383939774153074,
        "feature_recovery_mcc": 0.21623241901397705,
        "reconstruction_mse": 0.00879502771422267,
        "explained_variance": -0.5876410618509789,
        "l0_sparsity": 956.83904,
        "true_l0": 1.5838,
        "dead_latents": 0,
        "shrinkage": 0.8732934527587891,
        "uniqueness": 0.392578125,
        "hedging_score": 0.23388671875,
        "classification_precision": 0.0018596639856696129,
        "classification_recall": 0.14793452620506287,
        "classification_f1": 0.0027921199798583984,
        "classification_accuracy": 0.5326279997825623
      },
      "absorption_details": {
        "absorption_rate": 0.3383939774153074,
        "num_pairs": 992,
        "parent_fire_count": 63760,
        "absorption_count": 21576
      },
      "hedging_details": {
        "hedging_score": 0.23388671875,
        "hedging_latents": 479,
        "total_latents": 2048
      }
    },
    {
      "seed": 456,
      "metrics": {
        "absorption_rate": 0.28526731470230865,
        "feature_recovery_mcc": 0.21810786426067352,
        "reconstruction_mse": 0.00706000323407352,
        "explained_variance": -0.26731161960019123,
        "l0_sparsity": 988.66821,
        "true_l0": 1.58033,
        "dead_latents": 0,
        "shrinkage": 0.8896789624023438,
        "uniqueness": 0.3935546875,
        "hedging_score": 0.228515625,
        "classification_precision": 0.0025517770554870367,
        "classification_recall": 0.1724567413330078,
        "classification_f1": 0.0036245158407837152,
        "classification_accuracy": 0.5173748731613159
      },
      "absorption_details": {
        "absorption_rate": 0.28526731470230865,
        "num_pairs": 992,
        "parent_fire_count": 65840,
        "absorption_count": 18782
      },
      "hedging_details": {
        "hedging_score": 0.228515625,
        "hedging_latents": 468,
        "total_latents": 2048
      }
    },
    {
      "seed": 789,
      "metrics": {
        "absorption_rate": 0.25813751627503256,
        "feature_recovery_mcc": 0.21726363897323608,
        "reconstruction_mse": 0.008182890340685844,
        "explained_variance": -0.48254932176493925,
        "l0_sparsity": 1025.92818,
        "true_l0": 1.58098,
        "dead_latents": 0,
        "shrinkage": 0.8853875207519531,
        "uniqueness": 0.3984375,
        "hedging_score": 0.24609375,
        "classification_precision": 0.0018659490160644054,
        "classification_recall": 0.16132253408432007,
        "classification_f1": 0.002598722465336323,
        "classification_accuracy": 0.4990012049674988
      },
      "absorption_details": {
        "absorption_rate": 0.25813751627503256,
        "num_pairs": 992,
        "parent_fire_count": 64516,
        "absorption_count": 16654
      },
      "hedging_details": {
        "hedging_score": 0.24609375,
        "hedging_latents": 504,
        "total_latents": 2048
      }
    },
    {
      "seed": 1011,
      "metrics": {
        "absorption_rate": 0.1898897851117542,
        "feature_recovery_mcc": 0.2179376184940338,
        "reconstruction_mse": 0.008818098902702331,
        "explained_variance": -0.5922661069535273,
        "l0_sparsity": 779.78428,
        "true_l0": 1.58558,
        "dead_latents": 0,
        "shrinkage": 0.8083836486816406,
        "uniqueness": 0.40087890625,
        "hedging_score": 0.234375,
        "classification_precision": 0.001911995466798544,
        "classification_recall": 0.14608702063560486,
        "classification_f1": 0.0026834625750780106,
        "classification_accuracy": 0.6186484098434448
      },
      "absorption_details": {
        "absorption_rate": 0.1898897851117542,
        "num_pairs": 992,
        "parent_fire_count": 64964,
        "absorption_count": 12336
      },
      "hedging_details": {
        "hedging_score": 0.234375,
        "hedging_latents": 480,
        "total_latents": 2048
      }
    }
  ],
  "aggregated": {
    "absorption_rate": {
      "mean": 0.2612583321146885,
      "std": 0.049679072391308615,
      "min": 0.1898897851117542,
      "max": 0.3383939774153074,
      "values": [
        0.23460306706903986,
        0.3383939774153074,
        0.28526731470230865,
        0.25813751627503256,
        0.1898897851117542
      ]
    },
    "feature_recovery_mcc": {
      "mean": 0.2172741174697876,
      "std": 0.0006955143226567398,
      "min": 0.21623241901397705,
      "max": 0.21810786426067352,
      "values": [
        0.21682904660701752,
        0.21623241901397705,
        0.21810786426067352,
        0.21726363897323608,
        0.2179376184940338
      ]
    },
    "reconstruction_mse": {
      "mean": 0.00821034780703485,
      "std": 0.0006380395824286253,
      "min": 0.00706000323407352,
      "max": 0.008818098902702331,
      "values": [
        0.008195718843489885,
        0.00879502771422267,
        0.00706000323407352,
        0.008182890340685844,
        0.008818098902702331
      ]
    },
    "explained_variance": {
      "mean": -0.48101971662174237,
      "std": 0.11785561381494855,
      "min": -0.5922661069535273,
      "max": -0.26731161960019123,
      "values": [
        -0.47533047293907504,
        -0.5876410618509789,
        -0.26731161960019123,
        -0.48254932176493925,
        -0.5922661069535273
      ]
    },
    "l0_sparsity": {
      "mean": 965.9330299999999,
      "std": 101.49818384369803,
      "min": 779.78428,
      "max": 1078.44544,
      "values": [
        1078.44544,
        956.83904,
        988.66821,
        1025.92818,
        779.78428
      ]
    },
    "true_l0": {
      "mean": 1.5826900000000002,
      "std": 0.0019017255322469596,
      "min": 1.58033,
      "max": 1.58558,
      "values": [
        1.58276,
        1.5838,
        1.58033,
        1.58098,
        1.58558
      ]
    },
    "dead_latents": {
      "mean": 0.0,
      "std": 0.0,
      "min": 0.0,
      "max": 0.0,
      "values": [
        0,
        0,
        0,
        0,
        0
      ]
    },
    "shrinkage": {
      "mean": 0.8675128439941406,
      "std": 0.030058660522182087,
      "min": 0.8083836486816406,
      "max": 0.8896789624023438,
      "values": [
        0.8808206353759765,
        0.8732934527587891,
        0.8896789624023438,
        0.8853875207519531,
        0.8083836486816406
      ]
    },
    "uniqueness": {
      "mean": 0.3962890625,
      "std": 0.003066468450802262,
      "min": 0.392578125,
      "max": 0.40087890625,