{
  "seed": 123,
  "metrics": {
    "absorption_rate": 0.513237139272271,
    "feature_recovery_mcc": 0.22174318134784698,
    "reconstruction_mse": 0.6348202764987946,
    "explained_variance": -113.70173336327369,
    "l0_sparsity": 1027.12474,
    "true_l0": 1.58025,
    "dead_latents": 0,
    "shrinkage": 8.78320013671875,
    "uniqueness": 0.42578125,
    "hedging_score": 0.240234375,
    "classification_precision": 0.0023536277003586292,
    "classification_recall": 0.17604027688503265,
    "classification_f1": 0.0038970718160271645,
    "classification_accuracy": 0.498585969209671
  }
}