{
  "seed": 42,
  "metrics": {
    "absorption_rate": 0.1010808646917534,
    "feature_recovery_mcc": 0.21892742812633514,
    "reconstruction_mse": 0.007335023442283273,
    "explained_variance": -0.3178450453623316,
    "l0_sparsity": 50.0,
    "true_l0": 1.58614,
    "dead_latents": 1268,
    "shrinkage": 0.6374941757202148,
    "uniqueness": 0.40869140625,
    "hedging_score": 0.22412109375,
    "classification_precision": 0.004305532667785883,
    "classification_recall": 0.025780227035284042,
    "classification_f1": 0.0027028736658394337,
    "classification_accuracy": 0.9742828607559204
  },
  "absorption_details": {
    "absorption_rate": 0.1010808646917534,
    "num_pairs": 992,
    "parent_fire_count": 64948,
    "absorption_count": 6565
  },
  "hedging_details": {
    "hedging_score": 0.22412109375,
    "hedging_latents": 459,
    "total_latents": 2048
  }
}