{
  "task_id": "full_baseline",
  "variant": "Baseline ReLU",
  "architecture": "standard",
  "config": {
    "num_features": 1024,
    "hidden_dim": 256,
    "d_sae": 2048,
    "training_samples": 2000000,
    "batch_size": 1024,
    "seeds": [
      42,
      123,
      456,
      789,
      1011
    ],
    "device": "cuda"
  },
  "replicates": [
    {
      "seed": 42,
      "metrics": {
        "absorption_rate": 0.285551518137587,
        "feature_recovery_mcc": 0.21564427018165588,
        "reconstruction_mse": 0.01068284185603261,
        "explained_variance": -0.9258519028464083,
        "l0_sparsity": 1045.26064,
        "true_l0": 1.57963,
        "dead_latents": 0,
        "shrinkage": 1.0199842767333984,
        "uniqueness": 0.38134765625,
        "hedging_score": 0.22705078125,
        "classification_precision": 0.004494091030210257,
        "classification_recall": 0.17626816034317017,
        "classification_f1": 0.0067131249234080315,
        "classification_accuracy": 0.49042072892189026
      },
      "absorption_details": {
        "absorption_rate": 0.285551518137587,
        "num_pairs": 992,
        "parent_fire_count": 64948,
        "absorption_count": 18546
      },
      "hedging_details": {
        "hedging_score": 0.22705078125,
        "hedging_latents": 465,
        "total_latents": 2048
      }
    },
    {
      "seed": 123,
      "metrics": {
        "absorption_rate": 0.3053168130489335,
        "feature_recovery_mcc": 0.21564459800720215,
        "reconstruction_mse": 0.011243432201445103,
        "explained_variance": -1.029516743726516,
        "l0_sparsity": 975.6917,
        "true_l0": 1.5838,
        "dead_latents": 0,
        "shrinkage": 1.0234735137939452,
        "uniqueness": 0.380859375,
        "hedging_score": 0.248046875,
        "classification_precision": 0.0019917357712984085,
        "classification_recall": 0.1672346144914627,
        "classification_f1": 0.0033273608423769474,
        "classification_accuracy": 0.5233901739120483
      },
      "absorption_details": {
        "absorption_rate": 0.3053168130489335,
        "num_pairs": 992,
        "parent_fire_count": 63760,
        "absorption_count": 19467
      },
      "hedging_details": {
        "hedging_score": 0.248046875,
        "hedging_latents": 508,
        "total_latents": 2048
      }
    },
    {
      "seed": 456,
      "metrics": {
        "absorption_rate": 0.2217345078979344,
        "feature_recovery_mcc": 0.21679401397705078,
        "reconstruction_mse": 0.008812992088496684,
        "explained_variance": -0.5829284924951301,
        "l0_sparsity": 966.00406,
        "true_l0": 1.58033,
        "dead_latents": 0,
        "shrinkage": 0.9964768414306641,
        "uniqueness": 0.3857421875,
        "hedging_score": 0.24072265625,
        "classification_precision": 0.0022459966130554676,
        "classification_recall": 0.17407828569412231,
        "classification_f1": 0.0033934989478439093,
        "classification_accuracy": 0.5283942818641663
      },
      "absorption_details": {
        "absorption_rate": 0.2217345078979344,
        "num_pairs": 992,
        "parent_fire_count": 65840,
        "absorption_count": 14599
      },
      "hedging_details": {
        "hedging_score": 0.24072265625,
        "hedging_latents": 493,
        "total_latents": 2048
      }
    },
    {
      "seed": 789,
      "metrics": {
        "absorption_rate": 0.27010354020708044,
        "feature_recovery_mcc": 0.21615122258663177,
        "reconstruction_mse": 0.010565064195543528,
        "explained_variance": -0.9134159272079174,
        "l0_sparsity": 1008.19007,
        "true_l0": 1.58098,
        "dead_latents": 0,
        "shrinkage": 1.02677892578125,
        "uniqueness": 0.38037109375,
        "hedging_score": 0.24072265625,
        "classification_precision": 0.001954476349055767,
        "classification_recall": 0.1581149697303772,
        "classification_f1": 0.0029213903471827507,
        "classification_accuracy": 0.5076799392700195
      },
      "absorption_details": {
        "absorption_rate": 0.27010354020708044,
        "num_pairs": 992,
        "parent_fire_count": 64516,
        "absorption_count": 17426
      },
      "hedging_details": {
        "hedging_score": 0.24072265625,
        "hedging_latents": 493,
        "total_latents": 2048
      }
    },
    {
      "seed": 1011,
      "metrics": {
        "absorption_rate": 0.1784680746259467,
        "feature_recovery_mcc": 0.21683314442634583,
        "reconstruction_mse": 0.010912926308810711,
        "explained_variance": -0.9692179265457588,
        "l0_sparsity": 824.72917,
        "true_l0": 1.58558,
        "dead_latents": 0,
        "shrinkage": 0.9589932366943359,
        "uniqueness": 0.3837890625,
        "hedging_score": 0.24560546875,
        "classification_precision": 0.001962972106412053,
        "classification_recall": 0.14291790127754211,
        "classification_f1": 0.0024995540734380484,
        "classification_accuracy": 0.596763014793396
      },
      "absorption_details": {
        "absorption_rate": 0.1784680746259467,
        "num_pairs": 992,
        "parent_fire_count": 64964,
        "absorption_count": 11594
      },
      "hedging_details": {
        "hedging_score": 0.24560546875,
        "hedging_latents": 503,
        "total_latents": 2048
      }
    }
  ],
  "aggregated": {
    "absorption_rate": {
      "mean": 0.25223489078349637,
      "std": 0.046084256062251486,
      "min": 0.1784680746259467,
      "max": 0.3053168130489335,
      "values": [
        0.285551518137587,
        0.3053168130489335,
        0.2217345078979344,
        0.27010354020708044,
        0.1784680746259467
      ]
    },
    "feature_recovery_mcc": {
      "mean": 0.21621344983577728,
      "std": 0.0005239286630425548,
      "min": 0.21564427018165588,
      "max": 0.21683314442634583,
      "values": [
        0.21564427018165588,
        0.21564459800720215,
        0.21679401397705078,
        0.21615122258663177,
        0.21683314442634583
      ]
    },
    "reconstruction_mse": {
      "mean": 0.010443451330065728,
      "std": 0.0008474515917302687,
      "min": 0.008812992088496684,
      "max": 0.011243432201445103,
      "values": [
        0.01068284185603261,
        0.011243432201445103,
        0.008812992088496684,
        0.010565064195543528,
        0.010912926308810711
      ]
    },
    "explained_variance": {
      "mean": -0.8841861985643462,
      "std": 0.15601152235435797,
      "min": -1.029516743726516,
      "max": -0.5829284924951301,
      "values": [
        -0.9258519028464083,
        -1.029516743726516,
        -0.5829284924951301,
        -0.9134159272079174,
        -0.9692179265457588
      ]
    },
    "l0_sparsity": {
      "mean": 963.975128,
      "std": 74.95749062101143,
      "min": 824.72917,
      "max": 1045.26064,
      "values": [
        1045.26064,
        975.6917,
        966.00406,
        1008.19007,
        824.72917
      ]
    },
    "true_l0": {
      "mean": 1.5820640000000001,
      "std": 0.0022575260795835634,
      "min": 1.57963,
      "max": 1.58558,
      "values": [
        1.57963,
        1.5838,
        1.58033,
        1.58098,
        1.58558
      ]
    },
    "dead_latents": {
      "mean": 0.0,
      "std": 0.0,
      "min": 0.0,
      "max": 0.0,
      "values": [
        0,
        0,
        0,
        0,
        0
      ]
    },
    "shrinkage": {
      "mean": 1.0051413588867186,
      "std": 0.02541372644651124,
      "min": 0.9589932366943359,
      "max": 1.02677892578125,
      "values": [
        1.0199842767333984,
        1.0234735137939452,
        0.9964768414306641,
        1.02677892578125,
        0.9589932366943359
      ]
    },
    "uniqueness": {
      "mean": 0.382421875,
      "std": 0.0020344401031249667,
      "min": 0.38037109375,
      "max": 0.3857421875,