{
  "seed": 789,
  "metrics": {
    "absorption_rate": 0.4921104842209684,
    "feature_recovery_mcc": 0.22112417221069336,
    "reconstruction_mse": 0.60335693359375,
    "explained_variance": -108.47138573930256,
    "l0_sparsity": 1024.78704,
    "true_l0": 1.5798,
    "dead_latents": 0,
    "shrinkage": 8.663772509765625,
    "uniqueness": 0.43359375,
    "hedging_score": 0.23046875,
    "classification_precision": 0.0013718587579205632,
    "classification_recall": 0.17379850149154663,
    "classification_f1": 0.0021078530699014664,
    "classification_accuracy": 0.4992099702358246
  }
}