{
  "seed": 789,
  "metrics": {
    "absorption_rate": 0.05685411370822742,
    "feature_recovery_mcc": 0.22001329064369202,
    "reconstruction_mse": 0.006918186228722334,
    "explained_variance": -0.2532446390337675,
    "l0_sparsity": 50.0,
    "true_l0": 1.58098,
    "dead_latents": 1115,
    "shrinkage": 0.5751017755126954,
    "uniqueness": 0.4150390625,
    "hedging_score": 0.2314453125,
    "classification_precision": 0.0040910146199166775,
    "classification_recall": 0.023233715444803238,
    "classification_f1": 0.0018580614123493433,
    "classification_accuracy": 0.9739968180656433
  },
  "absorption_details": {
    "absorption_rate": 0.05685411370822742,
    "num_pairs": 992,
    "parent_fire_count": 64516,
    "absorption_count": 3668
  },
  "hedging_details": {
    "hedging_score": 0.2314453125,
    "hedging_latents": 474,
    "total_latents": 2048
  }
}