{
  "task_id": "full_matryoshka",
  "variant": "Full Matryoshka",
  "architecture": "matryoshka_batchtopk",
  "config": {
    "num_features": 1024,
    "hidden_dim": 256,
    "d_sae": 2048,
    "training_samples": 2000000,
    "batch_size": 1024,
    "seeds": [
      42,
      123,
      456,
      789,
      1011
    ],
    "device": "cuda"
  },
  "replicates": [
    {
      "seed": 42,
      "metrics": {
        "absorption_rate": 0.1010808646917534,
        "feature_recovery_mcc": 0.21892742812633514,
        "reconstruction_mse": 0.007335023442283273,
        "explained_variance": -0.3178450453623316,
        "l0_sparsity": 50.0,
        "true_l0": 1.58614,
        "dead_latents": 1268,
        "shrinkage": 0.6374941757202148,
        "uniqueness": 0.40869140625,
        "hedging_score": 0.22412109375,
        "classification_precision": 0.004305532667785883,
        "classification_recall": 0.025780227035284042,
        "classification_f1": 0.0027028736658394337,
        "classification_accuracy": 0.9742828607559204
      },
      "absorption_details": {
        "absorption_rate": 0.1010808646917534,
        "num_pairs": 992,
        "parent_fire_count": 64948,
        "absorption_count": 6565
      },
      "hedging_details": {
        "hedging_score": 0.22412109375,
        "hedging_latents": 459,
        "total_latents": 2048
      }
    },
    {
      "seed": 123,
      "metrics": {
        "absorption_rate": 0.0441969887076537,
        "feature_recovery_mcc": 0.21980354189872742,
        "reconstruction_mse": 0.007540231570601463,
        "explained_variance": -0.3653454844783721,
        "l0_sparsity": 50.0,
        "true_l0": 1.5838,
        "dead_latents": 1186,
        "shrinkage": 0.6257573596191406,
        "uniqueness": 0.4111328125,
        "hedging_score": 0.2314453125,
        "classification_precision": 0.0040534483268857,
        "classification_recall": 0.027048613876104355,
        "classification_f1": 0.0022342761512845755,
        "classification_accuracy": 0.974118173122406
      },
      "absorption_details": {
        "absorption_rate": 0.0441969887076537,
        "num_pairs": 992,
        "parent_fire_count": 63760,
        "absorption_count": 2818
      },
      "hedging_details": {
        "hedging_score": 0.2314453125,
        "hedging_latents": 474,
        "total_latents": 2048
      }
    },
    {
      "seed": 456,
      "metrics": {
        "absorption_rate": 0.029495747266099635,
        "feature_recovery_mcc": 0.22056090831756592,
        "reconstruction_mse": 0.006373312836512923,
        "explained_variance": -0.14088286109028947,
        "l0_sparsity": 50.0,
        "true_l0": 1.58033,
        "dead_latents": 1229,
        "shrinkage": 0.6088621673583985,
        "uniqueness": 0.41796875,
        "hedging_score": 0.22509765625,
        "classification_precision": 0.006535712629556656,
        "classification_recall": 0.025169052183628082,
        "classification_f1": 0.004228680860251188,
        "classification_accuracy": 0.9746623635292053
      },
      "absorption_details": {
        "absorption_rate": 0.029495747266099635,
        "num_pairs": 992,
        "parent_fire_count": 65840,
        "absorption_count": 1942
      },
      "hedging_details": {
        "hedging_score": 0.22509765625,
        "hedging_latents": 461,
        "total_latents": 2048
      }
    },
    {
      "seed": 789,
      "metrics": {
        "absorption_rate": 0.05685411370822742,
        "feature_recovery_mcc": 0.22001329064369202,
        "reconstruction_mse": 0.006918186228722334,
        "explained_variance": -0.2532446390337675,
        "l0_sparsity": 50.0,
        "true_l0": 1.58098,
        "dead_latents": 1115,
        "shrinkage": 0.5751017755126954,
        "uniqueness": 0.4150390625,
        "hedging_score": 0.2314453125,
        "classification_precision": 0.0040910146199166775,
        "classification_recall": 0.023233715444803238,
        "classification_f1": 0.0018580614123493433,
        "classification_accuracy": 0.9739968180656433
      },
      "absorption_details": {
        "absorption_rate": 0.05685411370822742,
        "num_pairs": 992,
        "parent_fire_count": 64516,
        "absorption_count": 3668
      },
      "hedging_details": {
        "hedging_score": 0.2314453125,
        "hedging_latents": 474,
        "total_latents": 2048
      }
    },
    {
      "seed": 1011,
      "metrics": {
        "absorption_rate": 0.09959362108244567,
        "feature_recovery_mcc": 0.22061783075332642,
        "reconstruction_mse": 0.007310499157756567,
        "explained_variance": -0.32014736515303377,
        "l0_sparsity": 50.0,
        "true_l0": 1.58558,
        "dead_latents": 1013,
        "shrinkage": 0.5250410659790039,
        "uniqueness": 0.42138671875,
        "hedging_score": 0.25048828125,
        "classification_precision": 0.004269953817129135,
        "classification_recall": 0.0319598950445652,
        "classification_f1": 0.002892737276852131,
        "classification_accuracy": 0.9740564227104187
      },
      "absorption_details": {
        "absorption_rate": 0.09959362108244567,
        "num_pairs": 992,
        "parent_fire_count": 64964,
        "absorption_count": 6470
      },
      "hedging_details": {
        "hedging_score": 0.25048828125,
        "hedging_latents": 513,
        "total_latents": 2048
      }
    }
  ],
  "aggregated": {
    "absorption_rate": {
      "mean": 0.06624426709123596,
      "std": 0.02915640278919685,
      "min": 0.029495747266099635,
      "max": 0.1010808646917534,
      "values": [
        0.1010808646917534,
        0.0441969887076537,
        0.029495747266099635,
        0.05685411370822742,
        0.09959362108244567
      ]
    },
    "feature_recovery_mcc": {
      "mean": 0.21998459994792938,
      "std": 0.0006138941314907552,
      "min": 0.21892742812633514,
      "max": 0.22061783075332642,
      "values": [
        0.21892742812633514,
        0.21980354189872742,
        0.22056090831756592,
        0.22001329064369202,
        0.22061783075332642
      ]
    },
    "reconstruction_mse": {
      "mean": 0.007095450647175312,
      "std": 0.0004133707168004569,
      "min": 0.006373312836512923,
      "max": 0.007540231570601463,
      "values": [
        0.007335023442283273,
        0.007540231570601463,
        0.006373312836512923,
        0.006918186228722334,
        0.007310499157756567
      ]
    },
    "explained_variance": {
      "mean": -0.2794930790235589,
      "std": 0.07796929259975537,
      "min": -0.3653454844783721,
      "max": -0.14088286109028947,
      "values": [
        -0.3178450453623316,
        -0.3653454844783721,
        -0.14088286109028947,
        -0.2532446390337675,
        -0.32014736515303377
      ]
    },
    "l0_sparsity": {
      "mean": 50.0,
      "std": 0.0,
      "min": 50.0,
      "max": 50.0,
      "values": [
        50.0,
        50.0,
        50.0,
        50.0,
        50.0
      ]
    },
    "true_l0": {
      "mean": 1.5833660000000003,
      "std": 0.002353530114530099,
      "min": 1.58033,
      "max": 1.58614,
      "values": [
        1.58614,
        1.5838,
        1.58033,
        1.58098,
        1.58558
      ]
    },
    "dead_latents": {
      "mean": 1162.2,
      "std": 90.23391823477468,
      "min": 1013.0,
      "max": 1268.0,
      "values": [
        1268,
        1186,
        1229,
        1115,
        1013
      ]
    },
    "shrinkage": {
      "mean": 0.5944513088378907,
      "std": 0.04057737374916778,
      "min": 0.5250410659790039,
      "max": 0.6374941757202148,
      "values": [
        0.6374941757202148,
        0.6257573596191406,
        0.6088621673583985,
        0.5751017755126954,
        0.5250410659790039
      ]
    },
    "uniqueness": {
      "mean": 0.41484375,
      "std": 0.0045658866123284994,
      "min": 0.40869140625,
      "max": 0.42138671875,