{
  "seed": 42,
  "metrics": {
    "absorption_rate": 0.18274619695756605,
    "feature_recovery_mcc": 0.22235584259033203,
    "reconstruction_mse": 2.8267344714549835e-05,
    "explained_variance": 0.9946646776636466,
    "l0_sparsity": 546.61979,
    "true_l0": 1.5808,
    "dead_latents": 11,
    "shrinkage": 0.995898232421875,
    "uniqueness": 0.44091796875,
    "hedging_score": 0.22412109375,
    "classification_precision": 0.002480017952620983,
    "classification_recall": 0.09851721674203873,
    "classification_f1": 0.0025669881142675877,
    "classification_accuracy": 0.7327865362167358
  }
}