{
  "seed": 42,
  "metrics": {
    "absorption_rate": 0.23460306706903986,
    "feature_recovery_mcc": 0.21682904660701752,
    "reconstruction_mse": 0.008195718843489885,
    "explained_variance": -0.47533047293907504,
    "l0_sparsity": 1078.44544,
    "true_l0": 1.58276,
    "dead_latents": 0,
    "shrinkage": 0.8808206353759765,
    "uniqueness": 0.39599609375,
    "hedging_score": 0.220703125,
    "classification_precision": 0.002523449482396245,
    "classification_recall": 0.17382480204105377,
    "classification_f1": 0.0041135381907224655,
    "classification_accuracy": 0.4734138548374176
  },
  "absorption_details": {
    "absorption_rate": 0.23460306706903986,
    "num_pairs": 992,
    "parent_fire_count": 64948,
    "absorption_count": 15237
  },
  "hedging_details": {
    "hedging_score": 0.220703125,
    "hedging_latents": 452,
    "total_latents": 2048
  }
}