{
  "task_id": "full_orthogonality",
  "variant": "Orthogonality SAE",
  "architecture": "orthogonality",
  "config": {
    "num_features": 1024,
    "hidden_dim": 256,
    "d_sae": 2048,
    "ortho_lambda": 0.001,
    "training_samples": 2000000,
    "seeds": [
      42,
      123,
      456,
      789,
      1011
    ]
  },
  "replicates": [
    {
      "seed": 42,
      "metrics": {
        "absorption_rate": 0.18274619695756605,
        "feature_recovery_mcc": 0.22235584259033203,
        "reconstruction_mse": 2.8267344714549835e-05,
        "explained_variance": 0.9946646776636466,
        "l0_sparsity": 546.61979,
        "true_l0": 1.5808,
        "dead_latents": 11,
        "shrinkage": 0.995898232421875,
        "uniqueness": 0.44091796875,
        "hedging_score": 0.22412109375,
        "classification_precision": 0.002480017952620983,
        "classification_recall": 0.09851721674203873,
        "classification_f1": 0.0025669881142675877,
        "classification_accuracy": 0.7327865362167358
      }
    },
    {
      "seed": 123,
      "metrics": {
        "absorption_rate": 0.3051913425345044,
        "feature_recovery_mcc": 0.22191202640533447,
        "reconstruction_mse": 3.323121218272718e-05,
        "explained_variance": 0.9942439355489768,
        "l0_sparsity": 544.0355,
        "true_l0": 1.58276,
        "dead_latents": 7,
        "shrinkage": 0.9960414361572265,
        "uniqueness": 0.4287109375,
        "hedging_score": 0.23681640625,
        "classification_precision": 0.0038198649417608976,
        "classification_recall": 0.1179673820734024,
        "classification_f1": 0.004280436784029007,
        "classification_accuracy": 0.734003484249115
      }
    },
    {
      "seed": 456,
      "metrics": {
        "absorption_rate": 0.3025516403402187,
        "feature_recovery_mcc": 0.22276565432548523,
        "reconstruction_mse": 3.201934996468481e-05,
        "explained_variance": 0.9943293511386334,
        "l0_sparsity": 551.40495,
        "true_l0": 1.5862,
        "dead_latents": 11,
        "shrinkage": 0.995642466430664,
        "uniqueness": 0.43896484375,
        "hedging_score": 0.24755859375,
        "classification_precision": 0.0045610819943249226,
        "classification_recall": 0.1103813648223877,
        "classification_f1": 0.004076074808835983,
        "classification_accuracy": 0.7304559946060181
      }
    },
    {
      "seed": 789,
      "metrics": {
        "absorption_rate": 0.21523343046686094,
        "feature_recovery_mcc": 0.22276216745376587,
        "reconstruction_mse": 2.9690210794797167e-05,
        "explained_variance": 0.9941390123056405,
        "l0_sparsity": 552.22779,
        "true_l0": 1.57824,
        "dead_latents": 14,
        "shrinkage": 0.9964635260009765,
        "uniqueness": 0.44091796875,
        "hedging_score": 0.2421875,
        "classification_precision": 0.003917394671589136,
        "classification_recall": 0.11500127613544464,
        "classification_f1": 0.0034539890475571156,
        "classification_accuracy": 0.72946697473526
      }
    },
    {
      "seed": 1011,
      "metrics": {
        "absorption_rate": 0.22129179237731667,
        "feature_recovery_mcc": 0.22212623059749603,
        "reconstruction_mse": 3.523259947542101e-05,
        "explained_variance": 0.9944345308493453,
        "l0_sparsity": 556.87281,
        "true_l0": 1.58203,
        "dead_latents": 11,
        "shrinkage": 0.9971554364013672,
        "uniqueness": 0.43505859375,
        "hedging_score": 0.25048828125,
        "classification_precision": 0.004553173668682575,
        "classification_recall": 0.11882752180099487,
        "classification_f1": 0.0037773032672703266,
        "classification_accuracy": 0.727249264717102
      }
    }
  ],
  "aggregated": {
    "absorption_rate": {
      "mean": 0.24540288053529338,
      "std": 0.049513717739682925,
      "min": 0.18274619695756605,
      "max": 0.3051913425345044,
      "values": [
        0.18274619695756605,
        0.3051913425345044,
        0.3025516403402187,
        0.21523343046686094,
        0.22129179237731667
      ]
    },
    "feature_recovery_mcc": {
      "mean": 0.22238438427448273,
      "std": 0.00034019608685665904,
      "min": 0.22191202640533447,
      "max": 0.22276565432548523,
      "values": [
        0.22235584259033203,
        0.22191202640533447,
        0.22276565432548523,
        0.22276216745376587,
        0.22212623059749603
      ]
    },
    "reconstruction_mse": {
      "mean": 3.1688143426436e-05,
      "std": 2.4798196010442577e-06,
      "min": 2.8267344714549835e-05,
      "max": 3.523259947542101e-05,
      "values": [
        2.8267344714549835e-05,
        3.323121218272718e-05,
        3.201934996468481e-05,
        2.9690210794797167e-05,
        3.523259947542101e-05
      ]
    },
    "explained_variance": {
      "mean": 0.9943623015012486,
      "std": 0.00017977914909244821,
      "min": 0.9941390123056405,
      "max": 0.9946646776636466,
      "values": [
        0.9946646776636466,
        0.9942439355489768,
        0.9943293511386334,
        0.9941390123056405,
        0.9944345308493453
      ]
    },
    "l0_sparsity": {
      "mean": 550.2321679999999,
      "std": 4.492304977974677,
      "min": 544.0355,
      "max": 556.87281,
      "values": [
        546.61979,
        544.0355,
        551.40495,
        552.22779,
        556.87281
      ]
    },
    "true_l0": {
      "mean": 1.5820060000000002,
      "std": 0.0025998430721872333,
      "min": 1.57824,
      "max": 1.5862,
      "values": [
        1.5808,
        1.58276,
        1.5862,
        1.57824,
        1.58203
      ]
    },
    "dead_latents": {
      "mean": 10.8,
      "std": 2.2271057451320084,
      "min": 7.0,
      "max": 14.0,
      "values": [
        11,
        7,
        11,
        14,
        11
      ]
    },
    "shrinkage": {
      "mean": 0.9962402194824218,
      "std": 0.0005293895504816392,
      "min": 0.995642466430664,
      "max": 0.9971554364013672,
      "values": [
        0.995898232421875,
        0.9960414361572265,
        0.995642466430664,
        0.9964635260009765,
        0.9971554364013672
      ]
    },
    "uniqueness": {
      "mean": 0.4369140625,
      "std": 0.004626062219658989,
      "min": 0.4287109375,
      "max": 0.44091796875,
      "values": [
        0.44091796875,
        0.4287109375,
        0.43896484375,
        0.44091796875,
        0.43505859375
      ]
    },
    "hedging_score": {
      "mean": 0.240234375,
      "std": 0.00931581251383736,
      "min": 0.22412109375,
      "max": 0.25048828125,
      "values": [
        0.22412109375,
        0.23681640625,
        0.24755859375,
        0.2421875,
        0.25048828125
      ]
    },
    "classification_precision": {
      "mean": 0.003866306645795703,
      "std": 0.0007590865894126405,
      "min": 0.002480017952620983,
      "max": 0.0045610819943249226,
      "values": [
        0.002480017952620983,
        0.0038198649417608976,
        0.0045610819943249226,
        0.003917394671589136,
        0.004553173668682575
      ]
    },
    "classification_recall": {
      "mean": 0.11213895231485367,
      "std": 0.00742349306842221,
      "min": 0.09851721674203873,
      "max": 0.11882752180099487,
      "values": [
        0.09851721674203873,
        0.1179673820734024,
        0.1103813648223877,
        0.11500127613544464,
        0.11882752180099487
      ]
    },
    "classification_f1": {
      "mean": 0.003630958404392004,
      "std": 0.000600785906881629,
      "min": 0.0025669881142675877,
      "max": 0.004280436784029007,
      "values": [
        0.0025669881142675877,
        0.004280436784029007,
        0.004076074808835983,
        0.0034539890475571156,
        0.0037773032672703266
      ]
    },
    "classification_accuracy": {
      "mean": 0.7307924509048462,
      "std": 0.0023963042230602913,
      "min": 0.727249264717102,