{
  "task_id": "full_random_control",
  "variant": "random_control",
  "architecture": "random",
  "config": {
    "num_features": 1024,
    "hidden_dim": 256,
    "d_sae": 2048,
    "seeds": [
      42,
      123,
      456,
      789,
      1011
    ]
  },
  "replicates": [
    {
      "seed": 42,
      "metrics": {
        "absorption_rate": 0.6293650304859272,
        "feature_recovery_mcc": 0.22088328003883362,
        "reconstruction_mse": 0.6153014838695526,
        "explained_variance": -109.91462842399085,
        "l0_sparsity": 1024.22769,
        "true_l0": 1.58211,
        "dead_latents": 0,
        "shrinkage": 8.67309337890625,
        "uniqueness": 0.42724609375,
        "hedging_score": 0.236328125,
        "classification_precision": 0.0027320762164890766,
        "classification_recall": 0.1749698966741562,
        "classification_f1": 0.004184310790151358,
        "classification_accuracy": 0.4997963011264801
      }
    },
    {
      "seed": 123,
      "metrics": {
        "absorption_rate": 0.513237139272271,
        "feature_recovery_mcc": 0.22174318134784698,
        "reconstruction_mse": 0.6348202764987946,
        "explained_variance": -113.70173336327369,
        "l0_sparsity": 1027.12474,
        "true_l0": 1.58025,
        "dead_latents": 0,
        "shrinkage": 8.78320013671875,
        "uniqueness": 0.42578125,
        "hedging_score": 0.240234375,
        "classification_precision": 0.0023536277003586292,
        "classification_recall": 0.17604027688503265,
        "classification_f1": 0.0038970718160271645,
        "classification_accuracy": 0.498585969209671
      }
    },
    {
      "seed": 456,
      "metrics": {
        "absorption_rate": 0.538730255164034,
        "feature_recovery_mcc": 0.22215667366981506,
        "reconstruction_mse": 0.627257090806961,
        "explained_variance": -111.0932363030647,
        "l0_sparsity": 1020.65462,
        "true_l0": 1.58564,
        "dead_latents": 0,
        "shrinkage": 8.76415814453125,
        "uniqueness": 0.43212890625,
        "hedging_score": 0.2294921875,
        "classification_precision": 0.0020424688700586557,
        "classification_recall": 0.1856774389743805,
        "classification_f1": 0.0031147890258580446,
        "classification_accuracy": 0.501503050327301
      }
    },
    {
      "seed": 789,
      "metrics": {
        "absorption_rate": 0.4921104842209684,
        "feature_recovery_mcc": 0.22112417221069336,
        "reconstruction_mse": 0.60335693359375,
        "explained_variance": -108.47138573930256,
        "l0_sparsity": 1024.78704,
        "true_l0": 1.5798,
        "dead_latents": 0,
        "shrinkage": 8.663772509765625,
        "uniqueness": 0.43359375,
        "hedging_score": 0.23046875,
        "classification_precision": 0.0013718587579205632,
        "classification_recall": 0.17379850149154663,
        "classification_f1": 0.0021078530699014664,
        "classification_accuracy": 0.4992099702358246
      }
    },
    {
      "seed": 1011,
      "metrics": {
        "absorption_rate": 0.4980450711163106,
        "feature_recovery_mcc": 0.22146090865135193,
        "reconstruction_mse": 0.7648716330528259,
        "explained_variance": -136.97157252491806,
        "l0_sparsity": 1049.0759,
        "true_l0": 1.58262,
        "dead_latents": 0,
        "shrinkage": 9.72607271484375,
        "uniqueness": 0.42138671875,
        "hedging_score": 0.2412109375,
        "classification_precision": 0.0025230306200683117,
        "classification_recall": 0.1806378960609436,
        "classification_f1": 0.0037839971482753754,
        "classification_accuracy": 0.4875449538230896
      }
    }
  ],
  "aggregated": {
    "absorption_rate": {
      "mean": 0.5342975960519023,
      "std": 0.050189653047774944,
      "min": 0.4921104842209684,
      "max": 0.6293650304859272,
      "values": [
        0.6293650304859272,
        0.513237139272271,
        0.538730255164034,
        0.4921104842209684,
        0.4980450711163106
      ]
    },
    "feature_recovery_mcc": {
      "mean": 0.22147364318370819,
      "std": 0.000449444599255384,
      "min": 0.22088328003883362,
      "max": 0.22215667366981506,
      "values": [
        0.22088328003883362,
        0.22174318134784698,
        0.22215667366981506,
        0.22112417221069336,
        0.22146090865135193
      ]
    },
    "reconstruction_mse": {
      "mean": 0.6491214835643768,
      "std": 0.058853818421838046,
      "min": 0.60335693359375,
      "max": 0.7648716330528259,
      "values": [
        0.6153014838695526,
        0.6348202764987946,
        0.627257090806961,
        0.60335693359375,
        0.7648716330528259
      ]
    },
    "explained_variance": {
      "mean": -116.03051127090995,
      "std": 10.610111581837051,
      "min": -136.97157252491806,
      "max": -108.47138573930256,
      "values": [
        -109.91462842399085,
        -113.70173336327369,
        -111.0932363030647,
        -108.47138573930256,
        -136.97157252491806
      ]
    },
    "l0_sparsity": {
      "mean": 1029.173998,
      "std": 10.164411703583074,
      "min": 1020.65462,
      "max": 1049.0759,
      "values": [
        1024.22769,
        1027.12474,
        1020.65462,
        1024.78704,
        1049.0759
      ]
    },
    "true_l0": {
      "mean": 1.582084,
      "std": 0.002074286383313514,
      "min": 1.5798,
      "max": 1.58564,
      "values": [
        1.58211,
        1.58025,
        1.58564,
        1.5798,
        1.58262
      ]
    },
    "dead_latents": {
      "mean": 0.0,
      "std": 0.0,
      "min": 0.0,
      "max": 0.0,
      "values": [
        0,
        0,
        0,
        0,
        0
      ]
    },
    "shrinkage": {
      "mean": 8.922059376953126,
      "std": 0.4048081790798822,
      "min": 8.663772509765625,
      "max": 9.72607271484375,
      "values": [
        8.67309337890625,
        8.78320013671875,
        8.76415814453125,
        8.663772509765625,
        9.72607271484375
      ]
    },
    "uniqueness": {
      "mean": 0.42802734375,
      "std": 0.004417258936679157,
      "min": 0.42138671875,
      "max": 0.43359375,
      "values": [
        0.42724609375,
        0.42578125,
        0.43212890625,
        0.43359375,
        0.42138671875
      ]
    },
    "hedging_score": {
      "mean": 0.235546875,
      "std": 0.00483965300522026,
      "min": 0.2294921875,
      "max": 0.2412109375,
      "values": [
        0.236328125,
        0.240234375,
        0.2294921875,
        0.23046875,
        0.2412109375
      ]
    },
    "classification_precision": {
      "mean": 0.0022046124329790475,
      "std": 0.0004736207244232599,
      "min": 0.0013718587579205632,
      "max": 0.0027320762164890766,
      "values": [
        0.0027320762164890766,
        0.0023536277003586292,
        0.0020424688700586557,
        0.0013718587579205632,
        0.0025230306200683117
      ]
    },
    "classification_recall": {
      "mean": 0.17822480201721191,
      "std": 0.004389157451450758,
      "min": 0.17379850149154663,
      "max": 0.1856774389743805,
      "values": [
        0.1749698966741562,
        0.17604027688503265,
        0.1856774389743805,
        0.17379850149154663,
        0.1806378960609436
      ]
    },
    "classification_f1": {
      "mean": 0.0034176043700426817,
      "std": 0.0007428481722708995,
      "min": 0.0021078530699014664,
      "max": 0.004184310790151358,
      "values": [
        0.004184310790151358,
        0.0038970718160271645,
        0.0031147890258580446,
        0.0021078530699014664,
        0.0037839971482753754
      ]
    },
    "classification_accuracy": {
      "mean": 0.49732804894447324,
      "std": 0.004987100293258051,
      "min": 0.4875449538230896,
      "max": 0.501503050327301,
      "values": [
        0.4997963011264801,
        0.498585969209671,
        0.501503050327301,
        0.4992099702358246,
        0.4875449538230896
      ]
    }
  },