{
  "seed": 42,
  "metrics": {
    "absorption_rate": 0.285551518137587,
    "feature_recovery_mcc": 0.21564427018165588,
    "reconstruction_mse": 0.01068284185603261,
    "explained_variance": -0.9258519028464083,
    "l0_sparsity": 1045.26064,
    "true_l0": 1.57963,
    "dead_latents": 0,
    "shrinkage": 1.0199842767333984,
    "uniqueness": 0.38134765625,
    "hedging_score": 0.22705078125,
    "classification_precision": 0.004494091030210257,
    "classification_recall": 0.17626816034317017,
    "classification_f1": 0.0067131249234080315,
    "classification_accuracy": 0.49042072892189026
  },
  "absorption_details": {
    "absorption_rate": 0.285551518137587,
    "num_pairs": 992,
    "parent_fire_count": 64948,
    "absorption_count": 18546
  },
  "hedging_details": {
    "hedging_score": 0.22705078125,
    "hedging_latents": 465,
    "total_latents": 2048
  }
}