{
  "seed": 789,
  "metrics": {
    "absorption_rate": 0.27010354020708044,
    "feature_recovery_mcc": 0.21615122258663177,
    "reconstruction_mse": 0.010565064195543528,
    "explained_variance": -0.9134159272079174,
    "l0_sparsity": 1008.19007,
    "true_l0": 1.58098,
    "dead_latents": 0,
    "shrinkage": 1.02677892578125,
    "uniqueness": 0.38037109375,
    "hedging_score": 0.24072265625,
    "classification_precision": 0.001954476349055767,
    "classification_recall": 0.1581149697303772,
    "classification_f1": 0.0029213903471827507,
    "classification_accuracy": 0.5076799392700195
  },
  "absorption_details": {
    "absorption_rate": 0.27010354020708044,
    "num_pairs": 992,
    "parent_fire_count": 64516,
    "absorption_count": 17426
  },
  "hedging_details": {
    "hedging_score": 0.24072265625,
    "hedging_latents": 493,
    "total_latents": 2048
  }
}