{
  "seed": 456,
  "metrics": {
    "absorption_rate": 0.538730255164034,
    "feature_recovery_mcc": 0.22215667366981506,
    "reconstruction_mse": 0.627257090806961,
    "explained_variance": -111.0932363030647,
    "l0_sparsity": 1020.65462,
    "true_l0": 1.58564,
    "dead_latents": 0,
    "shrinkage": 8.76415814453125,
    "uniqueness": 0.43212890625,
    "hedging_score": 0.2294921875,
    "classification_precision": 0.0020424688700586557,
    "classification_recall": 0.1856774389743805,
    "classification_f1": 0.0031147890258580446,
    "classification_accuracy": 0.501503050327301
  }
}