{
  "task_id": "statistical_analysis",
  "timestamp": "2026-04-25T20:16:56.649887",
  "variants": {
    "Baseline ReLU": {
      "absorption_mean": 0.25223489078349637,
      "absorption_std": 0.051523764623850554,
      "l0_mean": 963.975128,
      "mse_mean": 0.010443451330065728,
      "mcc_mean": 0.21621344983577728,
      "hedging_mean": 0.2404296875
    },
    "TopK (k=50)": {
      "absorption_mean": 0.05556164081537893,
      "absorption_std": 0.023064842813323532,
      "l0_mean": 50.0,
      "mse_mean": 0.007679070783779026,
      "mcc_mean": 0.21361718475818633,
      "hedging_mean": 0.23671875
    },
    "MultiScale": {
      "absorption_mean": 0.05483513978939449,
      "absorption_std": 0.026829512975213667,
      "l0_mean": 50.0,
      "mse_mean": 0.007100233677774669,
      "mcc_mean": 0.2199954241514206,
      "hedging_mean": 0.234765625
    },
    "Orthogonality": {
      "absorption_mean": 0.24540288053529338,
      "absorption_std": 0.05535801934233413,
      "l0_mean": 550.2321679999999,
      "mse_mean": 3.1688143426436e-05,
      "mcc_mean": 0.22238438427448273,
      "hedging_mean": 0.240234375
    },
    "Gated": {
      "absorption_mean": 0.2612583321146885,
      "absorption_std": 0.05554289146304955,
      "l0_mean": 965.9330299999999,
      "mse_mean": 0.00821034780703485,
      "mcc_mean": 0.2172741174697876,
      "hedging_mean": 0.23271484375
    },
    "Full Matryoshka": {
      "absorption_mean": 0.06624426709123596,
      "absorption_std": 0.032597849308004315,
      "l0_mean": 50.0,
      "mse_mean": 0.007095450647175312,
      "mcc_mean": 0.21998459994792938,
      "hedging_mean": 0.23251953125
    },
    "Random Control": {
      "absorption_mean": 0.5342975960519023,
      "absorption_std": 0.05611373799097714,
      "l0_mean": 1029.173998,
      "mse_mean": 0.6491214835643768,
      "mcc_mean": 0.22147364318370819,
      "hedging_mean": 0.235546875
    }
  },
  "anova": {
    "f_statistic": 73.35987350951164,
    "p_value": 8.016749337781591e-16,
    "significant": true
  },
  "pairwise_comparisons": [
    {
      "comparison": "Baseline ReLU vs TopK (k=50)",
      "cohens_d": 4.927092368641556,
      "t_statistic": 7.790417063470649,
      "p_value": 5.28368145771146e-05,
      "absorption_diff": 0.19667324996811744,
      "absorption_reduction_pct": 77.9722620281467
    },
    {
      "comparison": "Baseline ReLU vs MultiScale",
      "cohens_d": 4.80568748519493,
      "t_statistic": 7.598459088091343,
      "p_value": 6.314070085093505e-05,
      "absorption_diff": 0.19739975099410187,
      "absorption_reduction_pct": 78.26028761561707
    },
    {
      "comparison": "Baseline ReLU vs Orthogonality",
      "cohens_d": 0.12776018659010618,
      "t_statistic": 0.2020065919564183,
      "p_value": 0.8449538816929297,
      "absorption_diff": 0.006832010248202985,
      "absorption_reduction_pct": 2.708590483648506
    },
    {
      "comparison": "Baseline ReLU vs Gated",
      "cohens_d": -0.16843881585889206,
      "t_statistic": -0.2663251522478948,
      "p_value": 0.7967244260674629,
      "absorption_diff": -0.00902344133119215,
      "absorption_reduction_pct": -3.5773961735283257
    },
    {
      "comparison": "Baseline ReLU vs Full Matryoshka",
      "cohens_d": 4.314109711707091,
      "t_statistic": 6.82120638242339,
      "p_value": 0.00013487772645118677,
      "absorption_diff": 0.1859906236922604,
      "absorption_reduction_pct": 73.73707226408413
    },
    {
      "comparison": "Baseline ReLU vs Random Control",
      "cohens_d": -5.236215892441282,
      "t_statistic": -8.279184270242851,
      "p_value": 3.408543641025269e-05,
      "absorption_diff": -0.28206270526840593,
      "absorption_reduction_pct": -111.82541177878203
    }
  ],
  "l0_absorption_correlation": {
    "pearson_r": 0.8652263791749063,
    "p_value": 0.011895073705614117,
    "significant": true
  },
  "hypothesis_tests": {
    "H1_TopK_dominance": {
      "prediction": "TopK shows largest absorption reduction",
      "result": "SUPPORTED",
      "cohens_d": 4.927092368641556
    },
    "H2_sparsity_mediation": {
      "prediction": "L0 correlates with absorption",
      "result": "SUPPORTED",
      "correlation": 0.8652263791749063,
      "p_value": 0.011895073705614117
    },
    "H3_orthogonality_null": {
      "prediction": "Orthogonality has negligible effect",
      "result": "SUPPORTED",
      "cohens_d": 0.12776018659010618
    }
  }
}