{
  "conv1.weight": {
    "r_t_mean": 0.010962716978365601,
    "r_t_std": 0.006840962977350369,
    "r_t_min": 0.004602041944072546,
    "r_t_max": 0.19038914256226525,
    "delta_hat_mean": 8.149826802628956e-07,
    "delta_hat_std": 4.5006890966054314e-05,
    "lambda_t_mean": 0.00025205583978554487,
    "lambda_t_std": 0.00011996759782627888,
    "n_records": 7800
  },
  "layer1.0.conv1.weight": {
    "r_t_mean": 0.011190049976159801,
    "r_t_std": 0.006135513957090254,
    "r_t_min": 0.005731636717908438,
    "r_t_max": 0.3937948042464652,
    "delta_hat_mean": -8.262055258247741e-08,
    "delta_hat_std": 1.442435207977557e-05,
    "lambda_t_mean": 0.00025105837110698853,
    "lambda_t_std": 0.00012041161994824916,
    "n_records": 7800
  },
  "layer1.0.conv2.weight": {
    "r_t_mean": 0.01120758776665796,
    "r_t_std": 0.005514880048654681,
    "r_t_min": 0.005857877134180792,
    "r_t_max": 0.34680118863380843,
    "delta_hat_mean": 2.1353090202966132e-07,
    "delta_hat_std": 1.2621361397343951e-05,
    "lambda_t_mean": 0.0002480014390983116,
    "lambda_t_std": 0.0001186670864459157,
    "n_records": 7800
  },
  "layer1.1.conv1.weight": {
    "r_t_mean": 0.011426415241513848,
    "r_t_std": 0.004964782901851422,
    "r_t_min": 0.005834018989980778,
    "r_t_max": 0.26910615799559723,
    "delta_hat_mean": 6.97297164040314e-08,
    "delta_hat_std": 8.133994889702558e-06,
    "lambda_t_mean": 0.0002516898955869818,
    "lambda_t_std": 0.00011957537596360708,
    "n_records": 7800
  },
  "layer1.1.conv2.weight": {
    "r_t_mean": 0.011386376259890993,
    "r_t_std": 0.0049184434738381,
    "r_t_min": 0.00599925519120864,
    "r_t_max": 0.27027639650993474,
    "delta_hat_mean": 7.160644637120395e-08,
    "delta_hat_std": 8.645569654050623e-06,
    "lambda_t_mean": 0.0002513392024272747,
    "lambda_t_std": 0.00011859141606465234,
    "n_records": 7800
  },
  "layer1.2.conv1.weight": {
    "r_t_mean": 0.011616421767529706,
    "r_t_std": 0.004401640771414265,
    "r_t_min": 0.006006154439441934,
    "r_t_max": 0.21313481803233772,
    "delta_hat_mean": 9.407733245021419e-08,
    "delta_hat_std": 9.462939224102453e-06,
    "lambda_t_mean": 0.00025007089159617495,
    "lambda_t_std": 0.00012033714887664984,
    "n_records": 7800
  },
  "layer1.2.conv2.weight": {
    "r_t_mean": 0.011447435797619147,
    "r_t_std": 0.0042548721056181495,
    "r_t_min": 0.005831471963641458,
    "r_t_max": 0.168841677103092,
    "delta_hat_mean": 8.713508155990869e-08,
    "delta_hat_std": 7.57778197857246e-06,
    "lambda_t_mean": 0.00024910830790194824,
    "lambda_t_std": 0.00012027646895694619,
    "n_records": 7800
  },
  "layer2.0.conv1.weight": {
    "r_t_mean": 0.011236246827394077,
    "r_t_std": 0.004687775749888436,
    "r_t_min": 0.005220001792800395,
    "r_t_max": 0.13626060958192673,
    "delta_hat_mean": -1.3618232868342985e-07,
    "delta_hat_std": 9.329352865146582e-06,
    "lambda_t_mean": 0.0002507635572644758,
    "lambda_t_std": 0.00012014339122663311,
    "n_records": 7800
  },
  "layer2.0.conv2.weight": {
    "r_t_mean": 0.011294416459885536,
    "r_t_std": 0.004938800974658255,
    "r_t_min": 0.005575119643020661,
    "r_t_max": 0.15406124971490373,
    "delta_hat_mean": -2.9544266949964565e-08,
    "delta_hat_std": 4.942655202453761e-06,
    "lambda_t_mean": 0.0002491258831126611,
    "lambda_t_std": 0.00011895117109001983,
    "n_records": 7800
  },
  "layer2.0.shortcut.0.weight": {
    "r_t_mean": 0.010278679843483456,
    "r_t_std": 0.004100024848264566,
    "r_t_min": 0.004927785004297984,
    "r_t_max": 0.08937060707094989,
    "delta_hat_mean": 8.229845901191596e-08,
    "delta_hat_std": 2.09416734715498e-05,
    "lambda_t_mean": 0.00024959880455207635,
    "lambda_t_std": 0.00011920352907779834,
    "n_records": 7800
  },
  "layer2.1.conv1.weight": {
    "r_t_mean": 0.011616887747925212,
    "r_t_std": 0.0046361869851137966,
    "r_t_min": 0.005618384148491997,
    "r_t_max": 0.13838776969391772,
    "delta_hat_mean": -4.732142061066783e-09,
    "delta_hat_std": 3.871673229936952e-06,
    "lambda_t_mean": 0.00025012511662546506,
    "lambda_t_std": 0.00012049017308262521,
    "n_records": 7800
  },
  "layer2.1.conv2.weight": {
    "r_t_mean": 0.011506526121150034,
    "r_t_std": 0.004401864394646946,
    "r_t_min": 0.005872332090097019,
    "r_t_max": 0.12187115462875932,
    "delta_hat_mean": 1.6860555762167365e-08,
    "delta_hat_std": 3.5397171353485208e-06,
    "lambda_t_mean": 0.0002497717160061499,
    "lambda_t_std": 0.00012043195171637133,
    "n_records": 7800
  },
  "layer2.2.conv1.weight": {
    "r_t_mean": 0.011918991071155505,
    "r_t_std": 0.004355484155617639,
    "r_t_min": 0.0063436504827388785,
    "r_t_max": 0.10788341983919787,
    "delta_hat_mean": 3.292995676726434e-08,
    "delta_hat_std": 3.5064256473986175e-06,
    "lambda_t_mean": 0.0002504259613917949,
    "lambda_t_std": 0.00011918340226105789,
    "n_records": 7800
  },
  "layer2.2.conv2.weight": {
    "r_t_mean": 0.011578585500459836,
    "r_t_std": 0.00403340777023856,
    "r_t_min": 0.005965226681958948,
    "r_t_max": 0.09720505265269268,
    "delta_hat_mean": -8.328818217165428e-09,
    "delta_hat_std": 3.6350647726341095e-06,
    "lambda_t_mean": 0.0002498659729350982,
    "lambda_t_std": 0.00011925142466218991,
    "n_records": 7800
  },
  "layer3.0.conv1.weight": {
    "r_t_mean": 0.011301843988391182,
    "r_t_std": 0.004366466484773544,
    "r_t_min": 0.005923150016062677,
    "r_t_max": 0.07394359544350007,
    "delta_hat_mean": -5.063696951011099e-09,
    "delta_hat_std": 3.538289942157011e-06,
    "lambda_t_mean": 0.00025240168109121167,
    "lambda_t_std": 0.00012033326465782231,
    "n_records": 7800
  },
  "layer3.0.conv2.weight": {
    "r_t_mean": 0.011817963132712871,
    "r_t_std": 0.004644421726331054,
    "r_t_min": 0.006167598113912523,
    "r_t_max": 0.10069472168783272,
    "delta_hat_mean": 2.11068162153945e-09,
    "delta_hat_std": 1.9988721083017814e-06,
    "lambda_t_mean": 0.00025117163875564095,
    "lambda_t_std": 0.00011941553320954964,
    "n_records": 7800
  },
  "layer3.0.shortcut.0.weight": {
    "r_t_mean": 0.0098813929528043,
    "r_t_std": 0.0035455893924629138,
    "r_t_min": 0.0048185786212146505,
    "r_t_max": 0.055565285793528055,
    "delta_hat_mean": -1.2293794100888438e-07,
    "delta_hat_std": 8.010870215728857e-06,
    "lambda_t_mean": 0.00024923699971759377,
    "lambda_t_std": 0.00011966961537473515,
    "n_records": 7800
  },
  "layer3.1.conv1.weight": {
    "r_t_mean": 0.011958230561054042,
    "r_t_std": 0.004668718414011113,
    "r_t_min": 0.006247499769454397,
    "r_t_max": 0.09003758238698707,
    "delta_hat_mean": 9.354974211188807e-09,
    "delta_hat_std": 1.9763508075734026e-06,
    "lambda_t_mean": 0.00025015713953334715,
    "lambda_t_std": 0.000119741639204293,
    "n_records": 7800
  },
  "layer3.1.conv2.weight": {
    "r_t_mean": 0.01201231151835549,
    "r_t_std": 0.004308308671331615,
    "r_t_min": 0.006372809082444248,
    "r_t_max": 0.09170698193370933,
    "delta_hat_mean": 1.3180375764801854e-08,
    "delta_hat_std": 1.5405780286999514e-06,
    "lambda_t_mean": 0.0002494488925704913,
    "lambda_t_std": 0.00011933369867471202,
    "n_records": 7800
  },
  "layer3.2.conv1.weight": {
    "r_t_mean": 0.012142686922941228,
    "r_t_std": 0.004150194580592104,
    "r_t_min": 0.00640408894905633,
    "r_t_max": 0.08735524940726415,
    "delta_hat_mean": -9.481847099872372e-09,
    "delta_hat_std": 1.85027093979488e-06,
    "lambda_t_mean": 0.0002500476492107171,
    "lambda_t_std": 0.00011995003461074883,
    "n_records": 7800
  },
  "layer3.2.conv2.weight": {
    "r_t_mean": 0.011766699582039882,
    "r_t_std": 0.003919321639234727,
    "r_t_min": 0.006217024522674042,
    "r_t_max": 0.08868705606482287,
    "delta_hat_mean": -3.272518967021099e-08,
    "delta_hat_std": 1.527573878255771e-06,
    "lambda_t_mean": 0.0002497881735385577,
    "lambda_t_std": 0.00012139275650119265,