{
  "method": "CPR",
  "seed": 42,
  "model": "resnet50",
  "dataset": "imagenet",
  "epochs": [
    {
      "epoch": 0,
      "train_loss": 7.185302787356907,
      "test_loss": 6.917705741882324,
      "train_acc": 0.11017628205128205,
      "test_acc": 0.1,
      "lr": 0.1,
      "mean_rho_t": 0.001966183367055306,
      "std_rho_t": 0.007806241603481237,
      "mean_alpha_t": -0.04964383299878569,
      "mean_effective_wd": 0.00015527950310559007,
      "total_wd_budget_epoch": 0.025
    },
    {
      "epoch": 1,
      "train_loss": 6.908566360799675,
      "test_loss": 6.908068081665039,
      "train_acc": 0.16359508547008547,
      "test_acc": 0.08,
      "lr": 0.05,
      "mean_rho_t": 0.001221770010304727,
      "std_rho_t": 0.005706851218667782,
      "mean_alpha_t": 0.06409508515073013,
      "mean_effective_wd": 0.00014136676412918476,
      "total_wd_budget_epoch": 0.022760049024798747
    }
  ]
}