{
  "method": "CWD",
  "seed": 42,
  "model": "resnet50",
  "dataset": "imagenet",
  "epochs": [
    {
      "epoch": 0,
      "train_loss": 7.197285953749958,
      "test_loss": 7.059537366485595,
      "train_acc": 0.15357905982905984,
      "test_acc": 0.14,
      "lr": 0.1,
      "mean_rho_t": 0.0028437480233396814,
      "std_rho_t": 0.008290388176164476,
      "mean_alpha_t": -0.10256867809199922,
      "mean_effective_wd": 1.80009658107106e-05,
      "total_wd_budget_epoch": 0.0028981554955244066
    },
    {
      "epoch": 1,
      "train_loss": 6.89243562404926,
      "test_loss": 6.888293186950683,
      "train_acc": 0.27377136752136755,
      "test_acc": 0.24,
      "lr": 0.05,
      "mean_rho_t": 0.0012353354435518495,
      "std_rho_t": 0.005686485479825346,
      "mean_alpha_t": -0.010852177430319578,
      "mean_effective_wd": 1.7998760623961503e-05,
      "total_wd_budget_epoch": 0.002897800460457802
    }
  ]
}