{
  "method": "DefazioCorrective",
  "seed": 42,
  "model": "resnet50",
  "dataset": "imagenet",
  "epochs": [
    {
      "epoch": 0,
      "train_loss": 7.1913270379743,
      "test_loss": 7.352031644439697,
      "train_acc": 0.1502403846153846,
      "test_acc": 0.12,
      "lr": 0.1,
      "mean_rho_t": 0.0013471642956377498,
      "std_rho_t": 0.0076493126416567,
      "mean_alpha_t": -0.057915461585019035,
      "mean_effective_wd": 3.602484111801279e-05,
      "total_wd_budget_epoch": 0.005799999420000059
    },
    {
      "epoch": 1,
      "train_loss": 6.906164169311523,
      "test_loss": 6.904270015716553,
      "train_acc": 0.20699786324786323,
      "test_acc": 0.18,
      "lr": 0.05,
      "mean_rho_t": 0.00271104448460342,
      "std_rho_t": 0.0063150002899938495,
      "mean_alpha_t": -0.018692335590334477,
      "mean_effective_wd": 1.8012420559006395e-05,
      "total_wd_budget_epoch": 0.0028999997100000296
    }
  ]
}