{
  "method": "FixedWD",
  "seed": 42,
  "model": "resnet50",
  "dataset": "imagenet",
  "epochs": [
    {
      "epoch": 0,
      "train_loss": 7.1913270379743,
      "test_loss": 7.352031644439697,
      "train_acc": 0.1502403846153846,
      "test_acc": 0.12,
      "lr": 0.1,
      "mean_rho_t": 0.0013471642956377498,
      "std_rho_t": 0.0076493126416567,
      "mean_alpha_t": -0.057915461585019035,
      "mean_effective_wd": 3.60248447204969e-05,
      "total_wd_budget_epoch": 0.0058000000000000005
    },
    {
      "epoch": 1,
      "train_loss": 6.906568478315305,
      "test_loss": 6.903826280212402,
      "train_acc": 0.19030448717948717,
      "test_acc": 0.18,
      "lr": 0.05,
      "mean_rho_t": 0.0014882473668464036,
      "std_rho_t": 0.00585805435181987,
      "mean_alpha_t": -0.03848042193070747,
      "mean_effective_wd": 3.60248447204969e-05,
      "total_wd_budget_epoch": 0.0058000000000000005
    }
  ]
}