{
  "method": "NoWD",
  "seed": 42,
  "model": "resnet50",
  "dataset": "imagenet",
  "epochs": [
    {
      "epoch": 0,
      "train_loss": 7.185643615885677,
      "test_loss": 6.97520690612793,
      "train_acc": 0.13354700854700854,
      "test_acc": 0.14,
      "lr": 0.1,
      "mean_rho_t": 0.0024855382521398683,
      "std_rho_t": 0.007858133948113225,
      "mean_alpha_t": -0.07009449475866916,
      "mean_effective_wd": 0.0,
      "total_wd_budget_epoch": 0.0
    },
    {
      "epoch": 1,
      "train_loss": 6.903287121373364,
      "test_loss": 6.919709014892578,
      "train_acc": 0.1702724358974359,
      "test_acc": 0.12,
      "lr": 0.05,
      "mean_rho_t": 0.002301145823465388,
      "std_rho_t": 0.005963943356420704,
      "mean_alpha_t": -0.08070189710560965,
      "mean_effective_wd": 0.0,
      "total_wd_budget_epoch": 0.0
    }
  ]
}