{
  "task": "imagenet_main",
  "type": "pilot",
  "model": "resnet50",
  "dataset": "imagenet",
  "epochs": 2,
  "batch_size": 256,
  "seed": 42,
  "train_samples": 34862,
  "val_samples": 5000,
  "methods_passed": [
    "NoWD",
    "FixedWD",
    "SWD",
    "CWD",
    "CPR",
    "DefazioCorrective",
    "UDWDC"
  ],
  "methods_failed": [],
  "all_passed": true,
  "total_time_sec": 642.9378571510315,
  "data_load_time_sec": 1.6794366836547852,
  "results": {
    "NoWD": {
      "method": "NoWD",
      "model": "resnet50",
      "dataset": "imagenet",
      "seed": 42,
      "epochs": 2,
      "batch_size": 256,
      "lr": 0.1,
      "weight_decay": 0.0,
      "best_val_acc": 0.26,
      "final_val_acc": 0.26,
      "final_train_acc": 0.18956801470588236,
      "elapsed_sec": 93.90291404724121,
      "epoch_results": [
        {
          "epoch": 1,
          "train_loss": 7.133132107117596,
          "train_acc": 0.1091452205882353,
          "val_loss": 6.905448834991455,
          "val_acc": 0.1,
          "lr": 0.1
        },
        {
          "epoch": 2,
          "train_loss": 6.902734139386346,
          "train_acc": 0.18956801470588236,
          "val_loss": 6.969921172332763,
          "val_acc": 0.26,
          "lr": 0.05
        }
      ],
      "status": "success"
    },
    "FixedWD": {
      "method": "FixedWD",
      "model": "resnet50",
      "dataset": "imagenet",
      "seed": 42,
      "epochs": 2,
      "batch_size": 256,
      "lr": 0.1,
      "weight_decay": 0.0001,
      "best_val_acc": 0.22,
      "final_val_acc": 0.22,
      "final_train_acc": 0.2211626838235294,
      "elapsed_sec": 87.2318742275238,
      "epoch_results": [
        {
          "epoch": 1,
          "train_loss": 7.128806552466224,
          "train_acc": 0.11776194852941177,
          "val_loss": 7.02994487991333,
          "val_acc": 0.04,
          "lr": 0.1
        },
        {
          "epoch": 2,
          "train_loss": 6.898584513103261,
          "train_acc": 0.2211626838235294,
          "val_loss": 7.034786378479004,
          "val_acc": 0.22,
          "lr": 0.05
        }
      ],
      "status": "success"
    },
    "SWD": {
      "method": "SWD",
      "model": "resnet50",
      "dataset": "imagenet",
      "seed": 42,
      "epochs": 2,
      "batch_size": 256,
      "lr": 0.1,
      "weight_decay": 0.0001,
      "best_val_acc": 0.12,
      "final_val_acc": 0.12,
      "final_train_acc": 0.19244025735294118,
      "elapsed_sec": 92.90255928039551,
      "epoch_results": [
        {
          "epoch": 1,
          "train_loss": 7.14036418059293,
          "train_acc": 0.11776194852941177,
          "val_loss": 6.9947111000061035,
          "val_acc": 0.06,
          "lr": 0.1
        },
        {
          "epoch": 2,
          "train_loss": 6.894517628585591,
          "train_acc": 0.19244025735294118,
          "val_loss": 6.904161030578614,
          "val_acc": 0.12,
          "lr": 0.05
        }
      ],
      "status": "success"
    },
    "CWD": {
      "method": "CWD",
      "model": "resnet50",
      "dataset": "imagenet",
      "seed": 42,
      "epochs": 2,
      "batch_size": 256,
      "lr": 0.1,
      "weight_decay": 0.0001,
      "best_val_acc": 0.14,
      "final_val_acc": 0.14,
      "final_train_acc": 0.20392922794117646,
      "elapsed_sec": 88.88441967964172,
      "epoch_results": [
        {
          "epoch": 1,
          "train_loss": 7.135023772716522,
          "train_acc": 0.08042279411764706,
          "val_loss": 7.691944141387939,
          "val_acc": 0.12,
          "lr": 0.1
        },
        {
          "epoch": 2,
          "train_loss": 6.89846481996424,
          "train_acc": 0.20392922794117646,
          "val_loss": 7.282505037689209,
          "val_acc": 0.14,
          "lr": 0.05
        }
      ],
      "status": "success"
    },
    "CPR": {
      "method": "CPR",
      "model": "resnet50",
      "dataset": "imagenet",
      "seed": 42,
      "epochs": 2,
      "batch_size": 256,
      "lr": 0.1,
      "weight_decay": 0.0001,
      "best_val_acc": 0.14,
      "final_val_acc": 0.14,
      "final_train_acc": 0.18382352941176472,
      "elapsed_sec": 86.77679586410522,
      "epoch_results": [
        {
          "epoch": 1,
          "train_loss": 7.168649042353911,
          "train_acc": 0.10052849264705882,
          "val_loss": 7.732786210632324,
          "val_acc": 0.04,
          "lr": 0.1
        },
        {
          "epoch": 2,
          "train_loss": 6.900390221792109,
          "train_acc": 0.18382352941176472,
          "val_loss": 6.901598735046386,
          "val_acc": 0.14,
          "lr": 0.05
        }
      ],
      "status": "success"
    },
    "DefazioCorrective": {
      "method": "DefazioCorrective",
      "model": "resnet50",
      "dataset": "imagenet",
      "seed": 42,
      "epochs": 2,
      "batch_size": 256,
      "lr": 0.1,
      "weight_decay": 0.0001,
      "best_val_acc": 0.22,
      "final_val_acc": 0.22,
      "final_train_acc": 0.22403492647058823,
      "elapsed_sec": 87.43808126449585,
      "epoch_results": [
        {
          "epoch": 1,
          "train_loss": 7.128806552466224,
          "train_acc": 0.11776194852941177,
          "val_loss": 7.02994487991333,
          "val_acc": 0.04,
          "lr": 0.1
        },
        {
          "epoch": 2,
          "train_loss": 6.898541790597579,
          "train_acc": 0.22403492647058823,
          "val_loss": 7.033987171936035,
          "val_acc": 0.22,
          "lr": 0.05
        }
      ],
      "status": "success"
    },
    "UDWDC": {
      "method": "UDWDC",
      "model": "resnet50",
      "dataset": "imagenet",
      "seed": 42,
      "epochs": 2,
      "batch_size": 256,
      "lr": 0.1,
      "weight_decay": 0.0001,
      "best_val_acc": 0.12,
      "final_val_acc": 0.12,
      "final_train_acc": 0.1694623161764706,
      "elapsed_sec": 103.67204976081848,
      "epoch_results": [
        {
          "epoch": 1,
          "train_loss": 7.176829636096954,
          "train_acc": 0.10627297794117647,
          "val_loss": 6.906779153442383,
          "val_acc": 0.06,
          "lr": 0.1
        },
        {
          "epoch": 2,
          "train_loss": 6.899549466722152,
          "train_acc": 0.1694623161764706,
          "val_loss": 6.903269776916504,
          "val_acc": 0.12,
          "lr": 0.05
        }
      ],
      "status": "success"
    }
  },
  "pass_criteria": "All 7 methods complete 2 epochs without OOM; training progresses",
  "timestamp": "2026-03-25T08:49:20.960287"
}