{
  "method": "SWD",
  "seed": 42,
  "model": "resnet50",
  "dataset": "imagenet",
  "epochs": [
    {
      "epoch": 0,
      "train_loss": 7.212563115307408,
      "test_loss": 6.906730899047852,
      "train_acc": 0.13020833333333334,
      "test_acc": 0.2,
      "lr": 0.1,
      "mean_rho_t": 0.001795285580041761,
      "std_rho_t": 0.007651832744187909,
      "mean_alpha_t": -0.05934606205581362,
      "mean_effective_wd": 6.481946682191558e-07,
      "total_wd_budget_epoch": 0.00010435934158328409
    },
    {
      "epoch": 1,
      "train_loss": 6.907747541737352,
      "test_loss": 7.026277296447754,
      "train_acc": 0.1936431623931624,
      "test_acc": 0.14,
      "lr": 0.05,
      "mean_rho_t": 0.001255836752292984,
      "std_rho_t": 0.0056137229215852185,
      "mean_alpha_t": -0.007395661294924761,
      "mean_effective_wd": 1.043241411486634e-06,
      "total_wd_budget_epoch": 0.00016796186724934807
    }
  ]
}