{
  "method": "UDWDC",
  "seed": 42,
  "model": "resnet50",
  "dataset": "imagenet",
  "epochs": [
    {
      "epoch": 0,
      "train_loss": 7.186199404235579,
      "test_loss": 6.908662429809571,
      "train_acc": 0.10349893162393162,
      "test_acc": 0.06,
      "lr": 0.1,
      "mean_rho_t": 0.001574599641998687,
      "std_rho_t": 0.007716506016480148,
      "mean_alpha_t": -0.07085978390830941,
      "mean_effective_wd": 3.7267080745341614e-05,
      "total_wd_budget_epoch": 0.006
    },
    {
      "epoch": 1,
      "train_loss": 6.906826712127424,
      "test_loss": 6.95255366821289,
      "train_acc": 0.1469017094017094,
      "test_acc": 0.06,
      "lr": 0.05,
      "mean_rho_t": 0.0014655565911291253,
      "std_rho_t": 0.005838575953780923,
      "mean_alpha_t": -0.001326050453437551,
      "mean_effective_wd": 6.211180124223604e-05,
      "total_wd_budget_epoch": 0.010000000000000002
    }
  ]
}