{
  "method": "UDWDC-v2",
  "seed": 42,
  "model": "resnet50",
  "dataset": "imagenet",
  "epochs": [
    {
      "epoch": 0,
      "train_loss": 7.188357671101888,
      "test_loss": 10.186332762908936,
      "train_acc": 0.14356303418803418,
      "test_acc": 0.12,
      "lr": 0.1,
      "mean_rho_t": 0.0011504856529842421,
      "std_rho_t": 0.007574114432390218,
      "mean_alpha_t": -0.03731975702931379,
      "mean_effective_wd": 9.206724944438103e-05,
      "total_wd_budget_epoch": 0.014822827160545345
    },
    {
      "epoch": 1,
      "train_loss": 6.900598110296787,
      "test_loss": 6.917199607849121,
      "train_acc": 0.20699786324786323,
      "test_acc": 0.16,
      "lr": 0.05,
      "mean_rho_t": 0.0014101000615989862,
      "std_rho_t": 0.005760312281035309,
      "mean_alpha_t": -0.020746091340430362,
      "mean_effective_wd": 8.968944099378882e-05,
      "total_wd_budget_epoch": 0.014440000000000001
    }
  ]
}