{
  "conv1.weight": {
    "r_t_mean": 0.021766291025633017,
    "r_t_std": 0.020849077521720046,
    "r_t_min": 0.008868214365725149,
    "r_t_max": 0.4812533580315771,
    "delta_hat_mean": -1.3434077480712931e-06,
    "delta_hat_std": 4.556367046812856e-05,
    "lambda_t_mean": 9.582314032713145e-05,
    "lambda_t_std": 3.593115346994749e-06,
    "n_records": 780
  },
  "layer1.0.conv1.weight": {
    "r_t_mean": 0.02187817500372179,
    "r_t_std": 0.019942085436626296,
    "r_t_min": 0.012036810453432576,
    "r_t_max": 0.5190031417322873,
    "delta_hat_mean": -1.2822755107704937e-06,
    "delta_hat_std": 1.0242214674652232e-05,
    "lambda_t_mean": 9.58255586542752e-05,
    "lambda_t_std": 2.2389313172030053e-06,
    "n_records": 780
  },
  "layer1.0.conv2.weight": {
    "r_t_mean": 0.021842368961357567,
    "r_t_std": 0.016921575567876403,
    "r_t_min": 0.012783590404185611,
    "r_t_max": 0.4284685217984249,
    "delta_hat_mean": -1.7673364633214037e-06,
    "delta_hat_std": 8.572966227266417e-06,
    "lambda_t_mean": 9.587452520980091e-05,
    "lambda_t_std": 1.8298840764834143e-06,
    "n_records": 780
  },
  "layer1.1.conv1.weight": {
    "r_t_mean": 0.02188522180357755,
    "r_t_std": 0.012375694271229098,
    "r_t_min": 0.012654619347490192,
    "r_t_max": 0.29316961719851037,
    "delta_hat_mean": -5.513892194074756e-07,
    "delta_hat_std": 1.2790686014721886e-05,
    "lambda_t_mean": 9.59461091216835e-05,
    "lambda_t_std": 1.8400411265952874e-06,
    "n_records": 780
  },
  "layer1.1.conv2.weight": {
    "r_t_mean": 0.021581434562040844,
    "r_t_std": 0.012110442390303027,
    "r_t_min": 0.012842686134179333,
    "r_t_max": 0.27527962941814255,
    "delta_hat_mean": -1.2533743073821605e-06,
    "delta_hat_std": 9.699929053792638e-06,
    "lambda_t_mean": 9.585116204599713e-05,
    "lambda_t_std": 2.02099273672945e-06,
    "n_records": 780
  },
  "layer1.2.conv1.weight": {
    "r_t_mean": 0.02289956202942706,
    "r_t_std": 0.010838738604133771,
    "r_t_min": 0.014380033455324593,
    "r_t_max": 0.2586548615770437,
    "delta_hat_mean": -1.2737225286701532e-06,
    "delta_hat_std": 8.69892736369942e-06,
    "lambda_t_mean": 9.588882091591816e-05,
    "lambda_t_std": 1.6874227362047395e-06,
    "n_records": 780
  },
  "layer1.2.conv2.weight": {
    "r_t_mean": 0.021512659235714493,
    "r_t_std": 0.010026169992448855,
    "r_t_min": 0.01327557831156622,
    "r_t_max": 0.20989663937582276,
    "delta_hat_mean": -1.7212383059409046e-06,
    "delta_hat_std": 7.959881973465021e-06,
    "lambda_t_mean": 9.595272343523045e-05,
    "lambda_t_std": 1.7720668827058555e-06,
    "n_records": 780
  },
  "layer2.0.conv1.weight": {
    "r_t_mean": 0.022143500390585873,
    "r_t_std": 0.009734349161282303,
    "r_t_min": 0.013185724523830234,
    "r_t_max": 0.14930293661179306,
    "delta_hat_mean": -1.7485982609831953e-06,
    "delta_hat_std": 7.979434015229703e-06,
    "lambda_t_mean": 9.589260814507673e-05,
    "lambda_t_std": 1.244387715976845e-06,
    "n_records": 780
  },
  "layer2.0.conv2.weight": {
    "r_t_mean": 0.022557438888352148,
    "r_t_std": 0.011150002151731486,
    "r_t_min": 0.013833791928173588,
    "r_t_max": 0.17785413108790699,
    "delta_hat_mean": -1.8037254463115059e-06,
    "delta_hat_std": 5.102460854404867e-06,
    "lambda_t_mean": 9.588983433735797e-05,
    "lambda_t_std": 8.924646725228959e-07,
    "n_records": 780
  },
  "layer2.0.shortcut.0.weight": {
    "r_t_mean": 0.01878361256327182,
    "r_t_std": 0.008029103167945749,
    "r_t_min": 0.010674755756136835,
    "r_t_max": 0.07730331015078115,
    "delta_hat_mean": -1.2527382136141887e-07,
    "delta_hat_std": 1.940500599783329e-05,
    "lambda_t_mean": 9.577178985856807e-05,
    "lambda_t_std": 3.194930291491937e-06,
    "n_records": 780
  },
  "layer2.1.conv1.weight": {
    "r_t_mean": 0.023169945243068424,
    "r_t_std": 0.010635924057690385,
    "r_t_min": 0.014541169017812454,
    "r_t_max": 0.16391508797709933,
    "delta_hat_mean": -1.3196958960651847e-06,
    "delta_hat_std": 3.4708351514868627e-06,
    "lambda_t_mean": 9.588095327842496e-05,
    "lambda_t_std": 9.294376689949835e-07,
    "n_records": 780
  },
  "layer2.1.conv2.weight": {
    "r_t_mean": 0.022535960313135105,
    "r_t_std": 0.009801317941539576,
    "r_t_min": 0.013428180584172104,
    "r_t_max": 0.14279120861342964,
    "delta_hat_mean": -1.3307989844859364e-06,
    "delta_hat_std": 4.0141297762029845e-06,
    "lambda_t_mean": 9.588244672463564e-05,
    "lambda_t_std": 8.518417868240102e-07,
    "n_records": 780
  },
  "layer2.2.conv1.weight": {
    "r_t_mean": 0.024397915671433467,
    "r_t_std": 0.008425791325467351,
    "r_t_min": 0.014527512760767003,
    "r_t_max": 0.1201025160070346,
    "delta_hat_mean": -1.274832853573825e-06,
    "delta_hat_std": 3.5587410922079046e-06,
    "lambda_t_mean": 9.584812172307558e-05,
    "lambda_t_std": 9.208470474683295e-07,
    "n_records": 780
  },
  "layer2.2.conv2.weight": {
    "r_t_mean": 0.023237734599852344,
    "r_t_std": 0.008085175406607165,
    "r_t_min": 0.015080016414633612,
    "r_t_max": 0.10962606182987594,
    "delta_hat_mean": -1.584752694414547e-06,
    "delta_hat_std": 4.0195273270263545e-06,
    "lambda_t_mean": 9.585433602574718e-05,
    "lambda_t_std": 8.737719305782856e-07,
    "n_records": 780
  },
  "layer3.0.conv1.weight": {
    "r_t_mean": 0.022447123972736686,
    "r_t_std": 0.008866640992955165,
    "r_t_min": 0.013835838112708594,
    "r_t_max": 0.08246264928884517,
    "delta_hat_mean": -1.7024610883401656e-06,
    "delta_hat_std": 3.490391219288783e-06,
    "lambda_t_mean": 9.589220818547824e-05,
    "lambda_t_std": 6.380361395248086e-07,
    "n_records": 780
  },
  "layer3.0.conv2.weight": {
    "r_t_mean": 0.024263298195380596,
    "r_t_std": 0.009769603456501897,
    "r_t_min": 0.014864798848577747,
    "r_t_max": 0.11170495624651929,
    "delta_hat_mean": -1.5111348485407897e-06,
    "delta_hat_std": 2.3173939364880105e-06,
    "lambda_t_mean": 9.586741126906761e-05,
    "lambda_t_std": 4.3325109084509e-07,
    "n_records": 780
  },
  "layer3.0.shortcut.0.weight": {
    "r_t_mean": 0.01746499009745799,
    "r_t_std": 0.007185310164257707,
    "r_t_min": 0.01023841467001738,
    "r_t_max": 0.062327061841350104,
    "delta_hat_mean": -1.816758941676524e-06,
    "delta_hat_std": 8.747956592084129e-06,
    "lambda_t_mean": 9.595061545768943e-05,
    "lambda_t_std": 1.605363684953846e-06,
    "n_records": 780
  },
  "layer3.1.conv1.weight": {
    "r_t_mean": 0.0242127681277414,
    "r_t_std": 0.01026571546528184,
    "r_t_min": 0.014914439549984252,
    "r_t_max": 0.1040071141245186,
    "delta_hat_mean": -1.52641260402714e-06,
    "delta_hat_std": 2.2462959194349376e-06,
    "lambda_t_mean": 9.584388772585998e-05,
    "lambda_t_std": 4.923285913822973e-07,
    "n_records": 780
  },
  "layer3.1.conv2.weight": {
    "r_t_mean": 0.024541111981998685,
    "r_t_std": 0.009315359547628662,
    "r_t_min": 0.015294522959504335,
    "r_t_max": 0.11104587615397526,
    "delta_hat_mean": -1.5357954219480528e-06,
    "delta_hat_std": 1.9695335267331225e-06,
    "lambda_t_mean": 9.586543085373259e-05,
    "lambda_t_std": 4.914661203676305e-07,
    "n_records": 780
  },
  "layer3.2.conv1.weight": {
    "r_t_mean": 0.025093037378363024,
    "r_t_std": 0.008605724846372308,
    "r_t_min": 0.01594527856143969,
    "r_t_max": 0.10508048150394385,
    "delta_hat_mean": -1.5113114298353192e-06,
    "delta_hat_std": 2.1911595364315616e-06,
    "lambda_t_mean": 9.586785798584773e-05,
    "lambda_t_std": 5.234570383606881e-07,
    "n_records": 780
  },
  "layer3.2.conv2.weight": {
    "r_t_mean": 0.023397479571384563,
    "r_t_std": 0.008408683471856535,
    "r_t_min": 0.01444365028503278,
    "r_t_max": 0.10419081866077011,
    "delta_hat_mean": -1.5706577619502033e-06,
    "delta_hat_std": 1.887183534325659e-06,
    "lambda_t_mean": 9.580186166338675e-05,
    "lambda_t_std": 6.461177141053624e-07,
    "n_records": 780
  },