{
  "conv1.weight": {
    "r_t_mean": Infinity,
    "r_t_std": NaN,
    "r_t_min": 4.5233294471020734e-05,
    "r_t_max": Infinity,
    "delta_hat_mean": NaN,
    "delta_hat_std": NaN,
    "lambda_t_mean": 0.0001,
    "lambda_t_std": 0.0,
    "n_records": 1126
  },
  "layer1.0.conv1.weight": {
    "r_t_mean": 0.005363458176412715,
    "r_t_std": 0.005176201950420613,
    "r_t_min": 0.00011784706807623918,
    "r_t_max": 0.17386566064064055,
    "delta_hat_mean": 6.281034161741353e-07,
    "delta_hat_std": 5.544951550724451e-05,
    "lambda_t_mean": 0.0001,
    "lambda_t_std": 0.0,
    "n_records": 1126
  },
  "layer1.0.conv2.weight": {
    "r_t_mean": 0.0052824313754523435,
    "r_t_std": 0.011926210146266592,
    "r_t_min": 6.148105402956448e-05,
    "r_t_max": 0.40420236523619846,
    "delta_hat_mean": 8.236038785408208e-08,
    "delta_hat_std": 2.622556776929509e-05,
    "lambda_t_mean": 0.0001,
    "lambda_t_std": 0.0,
    "n_records": 1126
  },
  "layer1.0.conv3.weight": {
    "r_t_mean": 0.004934520983027012,
    "r_t_std": 0.0064708063443579015,
    "r_t_min": 6.957538566538301e-05,
    "r_t_max": 0.22047563842002169,
    "delta_hat_mean": -1.1860042696621774e-06,
    "delta_hat_std": 2.278837128322438e-05,
    "lambda_t_mean": 0.0001,
    "lambda_t_std": 0.0,
    "n_records": 1126
  },
  "layer1.0.downsample.0.weight": {
    "r_t_mean": 0.005400371802736311,
    "r_t_std": 0.007331198406216437,
    "r_t_min": 5.060443384024536e-05,
    "r_t_max": 0.24895757958541867,
    "delta_hat_mean": 8.540252821633811e-07,
    "delta_hat_std": 2.5164014419791372e-05,
    "lambda_t_mean": 0.0001,
    "lambda_t_std": 0.0,
    "n_records": 1126
  },
  "layer1.1.conv1.weight": {
    "r_t_mean": Infinity,
    "r_t_std": NaN,
    "r_t_min": 3.752950302588195e-05,
    "r_t_max": Infinity,
    "delta_hat_mean": NaN,
    "delta_hat_std": NaN,
    "lambda_t_mean": 0.0001,
    "lambda_t_std": 0.0,
    "n_records": 1126
  },
  "layer1.1.conv2.weight": {
    "r_t_mean": 0.0048426214621593595,
    "r_t_std": 0.007553511403448941,
    "r_t_min": 2.7130243374677795e-05,
    "r_t_max": 0.25570247429789383,
    "delta_hat_mean": 9.837936494441604e-08,
    "delta_hat_std": 2.2596678294473582e-05,
    "lambda_t_mean": 0.0001,
    "lambda_t_std": 0.0,
    "n_records": 1126
  },
  "layer1.1.conv3.weight": {
    "r_t_mean": 0.004535485049360613,
    "r_t_std": 0.004490348412369637,
    "r_t_min": 4.7739967390623206e-05,
    "r_t_max": 0.1522648206274663,
    "delta_hat_mean": -7.537392404575263e-07,
    "delta_hat_std": 1.8443172028944556e-05,
    "lambda_t_mean": 0.0001,
    "lambda_t_std": 0.0,
    "n_records": 1126
  },
  "layer1.2.conv1.weight": {
    "r_t_mean": 0.003974104655923679,
    "r_t_std": 0.0016892163238579946,
    "r_t_min": 1.6624102782575608e-05,
    "r_t_max": 0.037677393702413485,
    "delta_hat_mean": -2.267115167064699e-07,
    "delta_hat_std": 1.763995098002771e-05,
    "lambda_t_mean": 0.0001,
    "lambda_t_std": 0.0,
    "n_records": 1126
  },
  "layer1.2.conv2.weight": {
    "r_t_mean": 0.004968647747329478,
    "r_t_std": 0.005566952113793812,
    "r_t_min": 2.4358901123563907e-05,
    "r_t_max": 0.18761938285679924,
    "delta_hat_mean": 3.0607914348902533e-07,
    "delta_hat_std": 1.664929372364516e-05,
    "lambda_t_mean": 0.0001,
    "lambda_t_std": 0.0,
    "n_records": 1126
  },
  "layer1.2.conv3.weight": {
    "r_t_mean": 0.004448354890262139,
    "r_t_std": 0.002962247727044672,
    "r_t_min": 3.808169786637972e-05,
    "r_t_max": 0.09867428835000841,
    "delta_hat_mean": -1.1091291668992271e-08,
    "delta_hat_std": 1.0329866051377838e-05,
    "lambda_t_mean": 0.0001,
    "lambda_t_std": 0.0,
    "n_records": 1126
  },
  "layer2.0.conv1.weight": {
    "r_t_mean": 0.004546188027360535,
    "r_t_std": 0.001503813308582333,
    "r_t_min": 3.4961985884616444e-05,
    "r_t_max": 0.041183483066173955,
    "delta_hat_mean": -4.5846414119991966e-07,
    "delta_hat_std": 1.0017199972200432e-05,
    "lambda_t_mean": 0.0001,
    "lambda_t_std": 0.0,
    "n_records": 1126
  },
  "layer2.0.conv2.weight": {
    "r_t_mean": 0.004871799125856823,
    "r_t_std": 0.004349980248521965,
    "r_t_min": 3.777020878060394e-05,
    "r_t_max": 0.14803635895091702,
    "delta_hat_mean": -7.537923102423522e-08,
    "delta_hat_std": 5.041768719158505e-06,
    "lambda_t_mean": 0.0001,
    "lambda_t_std": 0.0,
    "n_records": 1126
  },
  "layer2.0.conv3.weight": {
    "r_t_mean": 0.0045619981813027405,
    "r_t_std": 0.0024801643269011142,
    "r_t_min": 5.1001904263826065e-05,
    "r_t_max": 0.08280837489265838,
    "delta_hat_mean": 7.176115959930522e-08,
    "delta_hat_std": 3.807290303672153e-06,
    "lambda_t_mean": 0.0001,
    "lambda_t_std": 0.0,
    "n_records": 1126
  },
  "layer2.0.downsample.0.weight": {
    "r_t_mean": 0.0045583584425425705,
    "r_t_std": 0.0016978465902412069,
    "r_t_min": 5.401289302218012e-05,
    "r_t_max": 0.05881482822335726,
    "delta_hat_mean": 1.6662468686833107e-08,
    "delta_hat_std": 5.086723620873763e-06,
    "lambda_t_mean": 0.0001,
    "lambda_t_std": 0.0,
    "n_records": 1126
  },
  "layer2.1.conv1.weight": {
    "r_t_mean": 0.003348903806350243,
    "r_t_std": 0.0011645676965267528,
    "r_t_min": 3.928902951565356e-05,
    "r_t_max": 0.020591855623977785,
    "delta_hat_mean": 2.904340668157332e-07,
    "delta_hat_std": 6.54499214734728e-06,
    "lambda_t_mean": 0.0001,
    "lambda_t_std": 0.0,
    "n_records": 1126
  },
  "layer2.1.conv2.weight": {
    "r_t_mean": 0.004476208538261844,
    "r_t_std": 0.0030319018566842522,
    "r_t_min": 5.625918641450133e-05,
    "r_t_max": 0.10300001734618312,
    "delta_hat_mean": 7.472717058543566e-08,
    "delta_hat_std": 5.016369300418859e-06,
    "lambda_t_mean": 0.0001,
    "lambda_t_std": 0.0,
    "n_records": 1126
  },
  "layer2.1.conv3.weight": {
    "r_t_mean": 0.0045871812557980495,
    "r_t_std": 0.0017158247674319749,
    "r_t_min": 7.399119531298767e-05,
    "r_t_max": 0.0583733957753762,
    "delta_hat_mean": -1.9963456797855302e-07,
    "delta_hat_std": 4.2432482726562575e-06,
    "lambda_t_mean": 0.0001,
    "lambda_t_std": 0.0,
    "n_records": 1126
  },
  "layer2.2.conv1.weight": {
    "r_t_mean": 0.0037550408203815807,
    "r_t_std": 0.0011049034966113384,
    "r_t_min": 2.9918726822262333e-05,
    "r_t_max": 0.014650158926544095,
    "delta_hat_mean": 8.616991836158962e-08,
    "delta_hat_std": 6.355611447573899e-06,
    "lambda_t_mean": 0.0001,
    "lambda_t_std": 0.0,
    "n_records": 1126
  },
  "layer2.2.conv2.weight": {
    "r_t_mean": 0.004950262863898488,
    "r_t_std": 0.0022707186795362677,
    "r_t_min": 6.918602517420719e-05,
    "r_t_max": 0.07810508360962246,
    "delta_hat_mean": -1.454878934066936e-07,
    "delta_hat_std": 3.584042952455814e-06,
    "lambda_t_mean": 0.0001,
    "lambda_t_std": 0.0,
    "n_records": 1126
  },
  "layer2.2.conv3.weight": {
    "r_t_mean": 0.004774443800942157,
    "r_t_std": 0.0012692389531961802,
    "r_t_min": 6.500412775984246e-05,
    "r_t_max": 0.04266856107494339,
    "delta_hat_mean": 9.174648527538058e-08,
    "delta_hat_std": 2.7851959735409014e-06,
    "lambda_t_mean": 0.0001,
    "lambda_t_std": 0.0,
    "n_records": 1126
  },
  "layer2.3.conv1.weight": {
    "r_t_mean": 0.003932617991829025,
    "r_t_std": 0.0010069906961001557,
    "r_t_min": 2.4764523358558597e-05,
    "r_t_max": 0.011532052082099526,
    "delta_hat_mean": -2.6099945295596262e-08,
    "delta_hat_std": 5.088997781232313e-06,
    "lambda_t_mean": 0.0001,
    "lambda_t_std": 0.0,
    "n_records": 1126
  },
  "layer2.3.conv2.weight": {
    "r_t_mean": 0.0050926111615335985,
    "r_t_std": 0.001761805573704078,
    "r_t_min": 7.17767450928602e-05,
    "r_t_max": 0.058520686774660866,
    "delta_hat_mean": -6.110334176270397e-09,
    "delta_hat_std": 3.783684328915823e-06,
    "lambda_t_mean": 0.0001,
    "lambda_t_std": 0.0,
    "n_records": 1126
  },
  "layer2.3.conv3.weight": {
    "r_t_mean": 0.004878606888540446,