{
  "best_global_step": null,
  "best_metric": null,
  "best_model_checkpoint": null,
  "epoch": 5.410958904109589,
  "eval_steps": 500,
  "global_step": 200,
  "is_hyper_param_search": false,
  "is_local_process_zero": true,
  "is_world_process_zero": true,
  "log_history": [
    {
      "entropy": 2.9524538308382033,
      "epoch": 0.547945205479452,
      "grad_norm": 1.3203125,
      "learning_rate": 4.525e-07,
      "logits/chosen": -1.7841530898302724,
      "logits/rejected": -1.766405691589356,
      "logps/chosen": -51.28119387626648,
      "logps/rejected": -52.2598256111145,
      "loss": 0.6925,
      "mean_token_accuracy": 0.5164684543386102,
      "num_tokens": 10664.0,
      "rewards/accuracies": 0.51875,
      "rewards/chosen": 0.0003757214290089905,
      "rewards/margins": 0.0014372207137057559,
      "rewards/rejected": -0.0010614992323098704,
      "step": 20
    },
    {
      "entropy": 2.9669322340916366,
      "epoch": 1.0821917808219177,
      "grad_norm": 1.2890625,
      "learning_rate": 4.025e-07,
      "logits/chosen": -1.7708148579004173,
      "logits/rejected": -1.7402456957150703,
      "logps/chosen": -49.76760223584297,
      "logps/rejected": -50.99807406694461,
      "loss": 0.6929,
      "mean_token_accuracy": 0.4988086117574802,
      "num_tokens": 20871.0,
      "rewards/accuracies": 0.5192307692307693,
      "rewards/chosen": 0.001085173811402339,
      "rewards/margins": 0.0006575792324908364,
      "rewards/rejected": 0.00042759451436069916,
      "step": 40
    },
    {
      "entropy": 2.984434688091278,
      "epoch": 1.6301369863013697,
      "grad_norm": 1.1015625,
      "learning_rate": 3.5249999999999996e-07,
      "logits/chosen": -1.7676398793500057,
      "logits/rejected": -1.7891733452658496,
      "logps/chosen": -50.564768171310426,
      "logps/rejected": -51.18414177894592,
      "loss": 0.6924,
      "mean_token_accuracy": 0.4917181327473372,
      "num_tokens": 31480.0,
      "rewards/accuracies": 0.525,
      "rewards/chosen": 0.0004710925197286997,
      "rewards/margins": 0.001680162014963571,
      "rewards/rejected": -0.0012090695468941703,
      "step": 60
    },
    {
      "entropy": 2.763228647219829,
      "epoch": 2.1643835616438354,
      "grad_norm": 1.34375,
      "learning_rate": 3.0249999999999996e-07,
      "logits/chosen": -1.8168894726855807,
      "logits/rejected": -1.9030250771759842,
      "logps/chosen": -50.04039373153295,
      "logps/rejected": -50.01169679103754,
      "loss": 0.6929,
      "mean_token_accuracy": 0.5179411103137028,
      "num_tokens": 41825.0,
      "rewards/accuracies": 0.5064102564102564,
      "rewards/chosen": -0.000318392757505465,
      "rewards/margins": 0.0004768642098404085,
      "rewards/rejected": -0.0007952568016779155,
      "step": 80
    },
    {
      "entropy": 3.0724370047450065,
      "epoch": 2.712328767123288,
      "grad_norm": 1.25,
      "learning_rate": 2.5249999999999996e-07,
      "logits/chosen": -1.6819409325009105,
      "logits/rejected": -1.7362557430024972,
      "logps/chosen": -51.76238250732422,
      "logps/rejected": -52.39887132644653,
      "loss": 0.6922,
      "mean_token_accuracy": 0.5074625708162784,
      "num_tokens": 52443.0,
      "rewards/accuracies": 0.50625,
      "rewards/chosen": 0.0016108739480841904,
      "rewards/margins": 0.001872938868473284,
      "rewards/rejected": -0.000262064906564774,
      "step": 100
    },
    {
      "entropy": 2.9147959458522306,
      "epoch": 3.2465753424657535,
      "grad_norm": 1.1015625,
      "learning_rate": 2.025e-07,
      "logits/chosen": -1.7648595563302376,
      "logits/rejected": -1.7845761929940323,
      "logps/chosen": -50.059586060352814,
      "logps/rejected": -51.07687986814059,
      "loss": 0.6929,
      "mean_token_accuracy": 0.5030414529908926,
      "num_tokens": 62531.0,
      "rewards/accuracies": 0.5128205128205128,
      "rewards/chosen": 0.0008676309087791313,
      "rewards/margins": 0.001103537061657661,
      "rewards/rejected": -0.00023590607862644948,
      "step": 120
    },
    {
      "entropy": 2.9356880471110345,
      "epoch": 3.7945205479452055,
      "grad_norm": 1.171875,
      "learning_rate": 1.525e-07,
      "logits/chosen": -1.7434743913850999,
      "logits/rejected": -1.7639168596485213,
      "logps/chosen": -50.13771662712097,
      "logps/rejected": -50.17855553627014,
      "loss": 0.692,
      "mean_token_accuracy": 0.517386616487056,
      "num_tokens": 72880.0,
      "rewards/accuracies": 0.525,
      "rewards/chosen": 0.0009684253171144519,
      "rewards/margins": 0.002462079594261013,
      "rewards/rejected": -0.001493654314253945,
      "step": 140
    },
    {
      "entropy": 3.0598493233705177,
      "epoch": 4.328767123287671,
      "grad_norm": 1.3046875,
      "learning_rate": 1.0249999999999998e-07,
      "logits/chosen": -1.7724436650078381,
      "logits/rejected": -1.841352708704391,
      "logps/chosen": -50.13256630530724,
      "logps/rejected": -50.90058074853359,
      "loss": 0.6913,
      "mean_token_accuracy": 0.4496278967708349,
      "num_tokens": 83067.0,
      "rewards/accuracies": 0.6025641025641025,
      "rewards/chosen": 0.0012099523252497117,
      "rewards/margins": 0.0036722587370045055,
      "rewards/rejected": -0.0024623064598880517,
      "step": 160
    },
    {
      "entropy": 2.939428539574146,
      "epoch": 4.876712328767123,
      "grad_norm": 1.09375,
      "learning_rate": 5.2499999999999994e-08,
      "logits/chosen": -1.7176392846843374,
      "logits/rejected": -1.7809200271944405,
      "logps/chosen": -51.913270711898804,
      "logps/rejected": -51.899406385421756,
      "loss": 0.6926,
      "mean_token_accuracy": 0.5134439998306334,
      "num_tokens": 93757.0,
      "rewards/accuracies": 0.4625,
      "rewards/chosen": 0.0008504927245667204,
      "rewards/margins": 0.001110545480332803,
      "rewards/rejected": -0.0002600526961032301,
      "step": 180
    },
    {
      "entropy": 2.8961871587313137,
      "epoch": 5.410958904109589,
      "grad_norm": 1.2421875,
      "learning_rate": 2.5e-09,
      "logits/chosen": -1.743344675434892,
      "logits/rejected": -1.8290734452438424,
      "logps/chosen": -49.67113240559896,
      "logps/rejected": -51.01088391817533,
      "loss": 0.6915,
      "mean_token_accuracy": 0.5213451416064532,
      "num_tokens": 104088.0,
      "rewards/accuracies": 0.5128205128205128,
      "rewards/chosen": 0.0012624728872488516,
      "rewards/margins": 0.0034593448359280443,
      "rewards/rejected": -0.002196871952410453,
      "step": 200
    },
    {
      "epoch": 5.410958904109589,
      "step": 200,
      "total_flos": 6417639410122752.0,
      "train_loss": 0.6923153495788574,
      "train_runtime": 161.9497,
      "train_samples_per_second": 9.88,
      "train_steps_per_second": 1.235
    }
  ],
  "logging_steps": 20,
  "max_steps": 200,
  "num_input_tokens_seen": 0,
  "num_train_epochs": 6,
  "save_steps": 50,
  "stateful_callbacks": {
    "TrainerControl": {
      "args": {
        "should_epoch_stop": false,
        "should_evaluate": false,
        "should_log": false,
        "should_save": true,
        "should_training_stop": true
      },
      "attributes": {}
    }
  },
  "total_flos": 6417639410122752.0,
  "train_batch_size": 2,
  "trial_name": null,
  "trial_params": null
}
