{
  "overall_recommendation": "GO",
  "candidates": [],
  "task_id": "ablation_cifar100",
  "model": "vgg16_bn",
  "dataset": "cifar100",
  "pilot_epochs": 10,
  "pilot_samples": null,
  "seed": 42,
  "version": "v2",
  "key_fix": "All UDWDC variants use v2 with floor clipping (0.1 * lambda_base)",
  "pass_criteria": {
    "all_8_variants_complete": true,
    "no_nan_inf": true,
    "all_above_20pct": true,
    "all_wd_budget_positive": true
  },
  "details": {},
  "variants": {
    "FixedWD": {
      "K_p": 0.0,
      "K_i": 0.0,
      "K_d": 0.0,
      "is_baseline": true,
      "is_v2_default": false,
      "final_test_acc": 28.08,
      "final_train_acc": 24.89783653846154,
      "generalization_gap": -3.182163461538458,
      "total_wd_budget": 0.028999999999999998,
      "v2_cumulative_wd_budget": null,
      "wd_budget_per_epoch": [
        0.0029,
        0.0029,
        0.0029,
        0.0029,
        0.0029,
        0.0029,
        0.0029,
        0.0029,
        0.0029,
        0.0029
      ],
      "nan_inf_detected": false,
      "elapsed_sec": 44.371307611465454
    },
    "Kp_only": {
      "K_p": 0.5,
      "K_i": 0.0,
      "K_d": 0.0,
      "is_baseline": false,
      "is_v2_default": false,
      "final_test_acc": 25.27,
      "final_train_acc": 20.753205128205128,
      "generalization_gap": -4.516794871794872,
      "total_wd_budget": 0.002900000000000001,
      "v2_cumulative_wd_budget": 541.980601108319,
      "wd_budget_per_epoch": [
        0.0002900000000000001,
        0.0002900000000000001,
        0.0002900000000000001,
        0.0002900000000000001,
        0.0002900000000000001,
        0.0002900000000000001,
        0.0002900000000000001,
        0.0002900000000000001,
        0.0002900000000000001,
        0.0002900000000000001
      ],
      "nan_inf_detected": false,
      "elapsed_sec": 137.42427968978882
    },
    "Ki_only": {
      "K_p": 0.0,
      "K_i": 0.1,
      "K_d": 0.0,
      "is_baseline": false,
      "is_v2_default": false,
      "final_test_acc": 26.85,
      "final_train_acc": 21.86698717948718,
      "generalization_gap": -4.983012820512823,
      "total_wd_budget": 0.00890891444587429,
      "v2_cumulative_wd_budget": 703.2678658934632,
      "wd_budget_per_epoch": [
        0.001348914445874289,
        0.00128,
        0.00128,
        0.00128,
        0.00128,
        0.00128,
        0.0002900000000000001,
        0.0002900000000000001,
        0.0002900000000000001,
        0.0002900000000000001
      ],
      "nan_inf_detected": false,
      "elapsed_sec": 379.49941539764404
    },
    "Kd_only": {
      "K_p": 0.0,
      "K_i": 0.0,
      "K_d": 0.3,
      "is_baseline": false,
      "is_v2_default": false,
      "final_test_acc": 29.5,
      "final_train_acc": 25.15625,
      "generalization_gap": -4.34375,
      "total_wd_budget": 0.041538532697774654,
      "v2_cumulative_wd_budget": 6559.935728240144,
      "wd_budget_per_epoch": [
        0.004292368235584471,
        0.004209553437637181,
        0.004216131930685325,
        0.0042513395265837105,
        0.00436652454227562,
        0.004200775297342831,
        0.004073069515669503,
        0.003995627383098387,
        0.003971848499772256,
        0.0039612943291253665
      ],
      "nan_inf_detected": false,
      "elapsed_sec": 374.7429254055023
    },
    "PI_control": {
      "K_p": 0.5,
      "K_i": 0.1,
      "K_d": 0.0,
      "is_baseline": false,
      "is_v2_default": false,
      "final_test_acc": 25.48,
      "final_train_acc": 22.33173076923077,
      "generalization_gap": -3.1482692307692304,
      "total_wd_budget": 0.003890000000000001,
      "v2_cumulative_wd_budget": 554.4030043053593,
      "wd_budget_per_epoch": [
        0.00128,
        0.0002900000000000001,
        0.0002900000000000001,
        0.0002900000000000001,
        0.0002900000000000001,
        0.0002900000000000001,
        0.0002900000000000001,
        0.0002900000000000001,
        0.0002900000000000001,
        0.0002900000000000001
      ],
      "nan_inf_detected": false,
      "elapsed_sec": 399.96484637260437
    },
    "PD_control": {
      "K_p": 0.5,
      "K_i": 0.0,
      "K_d": 0.3,
      "is_baseline": false,
      "is_v2_default": false,
      "final_test_acc": 25.82,
      "final_train_acc": 22.349759615384617,
      "generalization_gap": -3.4702403846153835,
      "total_wd_budget": 0.002900000000000001,
      "v2_cumulative_wd_budget": 542.0546019100113,
      "wd_budget_per_epoch": [
        0.0002900000000000001,
        0.0002900000000000001,
        0.0002900000000000001,
        0.0002900000000000001,
        0.0002900000000000001,
        0.0002900000000000001,
        0.0002900000000000001,
        0.0002900000000000001,
        0.0002900000000000001,
        0.0002900000000000001
      ],
      "nan_inf_detected": false,
      "elapsed_sec": 383.2169930934906
    },
    "Full_PID": {
      "K_p": 0.5,
      "K_i": 0.1,
      "K_d": 0.3,
      "is_baseline": false,
      "is_v2_default": false,
      "final_test_acc": 26.62,
      "final_train_acc": 23.341346153846153,
      "generalization_gap": -3.2786538461538477,
      "total_wd_budget": 0.003890000000000001,
      "v2_cumulative_wd_budget": 555.8175082789747,
      "wd_budget_per_epoch": [
        0.00128,
        0.0002900000000000001,
        0.0002900000000000001,
        0.0002900000000000001,
        0.0002900000000000001,
        0.0002900000000000001,
        0.0002900000000000001,
        0.0002900000000000001,
        0.0002900000000000001,
        0.0002900000000000001
      ],
      "nan_inf_detected": false,
      "elapsed_sec": 393.6971912384033
    },
    "UDWDC_v2": {
      "K_p": 0.5,
      "K_i": 0.1,
      "K_d": 0.3,
      "is_baseline": false,
      "is_v2_default": true,
      "final_test_acc": 26.62,
      "final_train_acc": 23.341346153846153,
      "generalization_gap": -3.2786538461538477,
      "total_wd_budget": 0.003890000000000001,
      "v2_cumulative_wd_budget": 555.8175082789747,
      "wd_budget_per_epoch": [
        0.00128,
        0.0002900000000000001,
        0.0002900000000000001,
        0.0002900000000000001,
        0.0002900000000000001,
        0.0002900000000000001,
        0.0002900000000000001,
        0.0002900000000000001,
        0.0002900000000000001,
        0.0002900000000000001
      ],
      "nan_inf_detected": false,
      "elapsed_sec": 199.65752458572388
    }
  },
  "total_elapsed_sec": 2313.8938903808594
}