{
  "features.0.weight": {
    "r_t_mean": 0.019866171916242462,
    "r_t_std": 0.00790358841012751,
    "r_t_min": 0.0014455220883499813,
    "r_t_max": 0.2516892020707864,
    "delta_hat_mean": -3.3174531359610646e-07,
    "delta_hat_std": 1.7515636755455127e-05,
    "lambda_t_mean": 0.0002499999170776331,
    "lambda_t_std": 4.378905410258191e-09,
    "n_records": 1950
  },
  "features.3.weight": {
    "r_t_mean": 0.020090455133184425,
    "r_t_std": 0.018680259817268532,
    "r_t_min": 0.001252059776631295,
    "r_t_max": 0.8178107828561367,
    "delta_hat_mean": -1.4650098989397118e-07,
    "delta_hat_std": 3.949920417910977e-06,
    "lambda_t_mean": 0.0002499999633642669,
    "lambda_t_std": 9.874754989799473e-10,
    "n_records": 1950
  },
  "features.7.weight": {
    "r_t_mean": 0.021475927756059242,
    "r_t_std": 0.010977316676383358,
    "r_t_min": 0.0008795920511226031,
    "r_t_max": 0.4650921566844552,
    "delta_hat_mean": -7.190963697720138e-11,
    "delta_hat_std": 3.124683002540852e-08,
    "lambda_t_mean": 0.00024999999997961044,
    "lambda_t_std": 7.816368741880543e-12,
    "n_records": 1950
  },
  "features.10.weight": {
    "r_t_mean": 0.02263411944649652,
    "r_t_std": 0.013020955146563751,
    "r_t_min": 0.0007031881250352009,
    "r_t_max": 0.5595059911024858,
    "delta_hat_mean": 2.1669979860385652e-10,
    "delta_hat_std": 2.6169304268562022e-08,
    "lambda_t_mean": 0.0002500000000538806,
    "lambda_t_std": 6.547266537618915e-12,
    "n_records": 1950
  },
  "features.14.weight": {
    "r_t_mean": 0.024267829916814112,
    "r_t_std": 0.009547593426754677,
    "r_t_min": 0.000547639083005338,
    "r_t_max": 0.3404909340746393,
    "delta_hat_mean": 5.585431522682518e-08,
    "delta_hat_std": 1.251041403722582e-06,
    "lambda_t_mean": 0.0002500000139624382,
    "lambda_t_std": 3.1275774132224265e-10,
    "n_records": 1950
  },
  "features.17.weight": {
    "r_t_mean": 0.026202124422667474,
    "r_t_std": 0.012070239655121525,
    "r_t_min": 0.0005581417605523913,
    "r_t_max": 0.403912175021057,
    "delta_hat_mean": -3.562484099811209e-10,
    "delta_hat_std": 2.6163016216992185e-08,
    "lambda_t_mean": 0.00024999999991089913,
    "lambda_t_std": 6.540306609084389e-12,
    "n_records": 1950
  },
  "features.20.weight": {
    "r_t_mean": 0.025962880950003143,
    "r_t_std": 0.011381700651179653,
    "r_t_min": 0.0005326601042574881,
    "r_t_max": 0.33774022060547293,
    "delta_hat_mean": -5.669850157216874e-11,
    "delta_hat_std": 2.8347494878939945e-08,
    "lambda_t_mean": 0.00024999999998293667,
    "lambda_t_std": 7.087828919816204e-12,
    "n_records": 1950
  },
  "features.24.weight": {
    "r_t_mean": 0.022863600664344574,
    "r_t_std": 0.009793792602221858,
    "r_t_min": 0.0002558205045976482,
    "r_t_max": 0.21389901470288117,
    "delta_hat_mean": 1.0782411093448947e-08,
    "delta_hat_std": 6.246744403828566e-07,
    "lambda_t_mean": 0.0002500000026961663,
    "lambda_t_std": 1.5617034751676557e-10,
    "n_records": 1950
  },
  "features.27.weight": {
    "r_t_mean": 0.021248703467359423,
    "r_t_std": 0.009994229990833997,
    "r_t_min": 0.00020478567856328954,
    "r_t_max": 0.25837231051284953,
    "delta_hat_mean": -9.748438697871783e-09,
    "delta_hat_std": 6.903383398866767e-07,
    "lambda_t_mean": 0.0002499999975658695,
    "lambda_t_std": 1.7258644254205298e-10,
    "n_records": 1950
  },
  "features.30.weight": {
    "r_t_mean": 0.018485112418305794,
    "r_t_std": 0.008042806349617954,
    "r_t_min": 0.00018861545408073796,
    "r_t_max": 0.2207162527577199,
    "delta_hat_mean": -3.555501047854019e-09,
    "delta_hat_std": 7.327672101173207e-07,
    "lambda_t_mean": 0.00024999999911230584,
    "lambda_t_std": 1.831916718378767e-10,
    "n_records": 1950
  },
  "features.34.weight": {
    "r_t_mean": 0.0146658893430186,
    "r_t_std": 0.006150486006652798,
    "r_t_min": 0.00016038344613388656,
    "r_t_max": 0.2036435747629994,
    "delta_hat_mean": -1.5587330017602233e-08,
    "delta_hat_std": 1.411360247301135e-06,
    "lambda_t_mean": 0.0002499999961025033,
    "lambda_t_std": 3.5283769579169546e-10,
    "n_records": 1950
  },
  "features.37.weight": {
    "r_t_mean": 0.013657294201305839,
    "r_t_std": 0.005060179365735179,
    "r_t_min": 0.0004242151581886746,
    "r_t_max": 0.1733748694377014,
    "delta_hat_mean": -4.5278502251601156e-08,
    "delta_hat_std": 1.5476855903740934e-06,
    "lambda_t_mean": 0.0002499999886795134,
    "lambda_t_std": 3.86921567775161e-10,
    "n_records": 1950
  },
  "features.40.weight": {
    "r_t_mean": 0.01547344941525262,
    "r_t_std": 0.004170147361238472,
    "r_t_min": 0.0018158409936308822,
    "r_t_max": 0.15023728018627397,
    "delta_hat_mean": -5.5098293931770524e-09,
    "delta_hat_std": 1.6618977638926882e-06,
    "lambda_t_mean": 0.00024999999862209646,
    "lambda_t_std": 4.1547501598359227e-10,
    "n_records": 1950
  },
  "classifier.0.weight": {
    "r_t_mean": 0.019850251553794312,
    "r_t_std": 0.003931860162988211,
    "r_t_min": 0.004387304302433379,
    "r_t_max": 0.06493894552689153,
    "delta_hat_mean": 0.0006070721414035245,
    "delta_hat_std": 0.016607289790331083,
    "lambda_t_mean": 0.00025015176801960494,
    "lambda_t_std": 4.1518224756299826e-06,
    "n_records": 1950
  },
  "classifier.3.weight": {
    "r_t_mean": 0.018438291336097926,
    "r_t_std": 0.0044045253245341715,
    "r_t_min": 0.009610884889779375,
    "r_t_max": 0.08505542698396695,
    "delta_hat_mean": 0.0008520025375442996,
    "delta_hat_std": 0.011508074271066135,
    "lambda_t_mean": 0.00025021300062747404,
    "lambda_t_std": 2.8770185616573747e-06,
    "n_records": 1950
  },
  "classifier.6.weight": {
    "r_t_mean": 0.02096096067438306,
    "r_t_std": 0.009174357312341225,
    "r_t_min": 0.01154774049946607,
    "r_t_max": 0.20277163107667062,
    "delta_hat_mean": 0.00091128000075176,
    "delta_hat_std": 0.011749046232033555,
    "lambda_t_mean": 0.0002502278199803751,
    "lambda_t_std": 2.9372615829775772e-06,
    "n_records": 1950
  }
}