{
  "conv1.weight": {
    "r_t_mean": 0.03588495848649451,
    "r_t_std": 0.021172716319448365,
    "r_t_min": 0.013748218143645238,
    "r_t_max": 0.48142315982793593,
    "delta_hat_mean": -4.803364918423916e-06,
    "delta_hat_std": 6.183401777537705e-05,
    "lambda_t_mean": 0.003554692201847595,
    "lambda_t_std": 0.0012624605697949638,
    "n_records": 780
  },
  "layer1.0.conv1.weight": {
    "r_t_mean": 0.032211601553049106,
    "r_t_std": 0.02172907617961151,
    "r_t_min": 0.012964450575277613,
    "r_t_max": 0.5191862373528876,
    "delta_hat_mean": -1.036690419249535e-06,
    "delta_hat_std": 1.8577170605678373e-05,
    "lambda_t_mean": 0.0030422698725698287,
    "lambda_t_std": 0.0009517139601767756,
    "n_records": 780
  },
  "layer1.0.conv2.weight": {
    "r_t_mean": 0.03136697676566389,
    "r_t_std": 0.018495607598694595,
    "r_t_min": 0.013346305749679077,
    "r_t_max": 0.4286196326215761,
    "delta_hat_mean": 4.808150092955179e-07,
    "delta_hat_std": 1.381049202065701e-05,
    "lambda_t_mean": 0.002898656645246248,
    "lambda_t_std": 0.0006808641257147759,
    "n_records": 780
  },
  "layer1.1.conv1.weight": {
    "r_t_mean": 0.03179398851353668,
    "r_t_std": 0.015322520253000203,
    "r_t_min": 0.010707143694816667,
    "r_t_max": 0.29327303246729886,
    "delta_hat_mean": 4.370208723769017e-07,
    "delta_hat_std": 1.2498616160164789e-05,
    "lambda_t_mean": 0.0029783793460933495,
    "lambda_t_std": 0.0007609188330081554,
    "n_records": 780
  },
  "layer1.1.conv2.weight": {
    "r_t_mean": 0.031111777147191218,
    "r_t_std": 0.01456096708004776,
    "r_t_min": 0.012510154715283509,
    "r_t_max": 0.27537665496948605,
    "delta_hat_mean": -2.250814930978761e-07,
    "delta_hat_std": 1.4112419405541063e-05,
    "lambda_t_mean": 0.0029357986669325932,
    "lambda_t_std": 0.0006861113957064868,
    "n_records": 780
  },
  "layer1.2.conv1.weight": {
    "r_t_mean": 0.03207083776511334,
    "r_t_std": 0.015070735839497378,
    "r_t_min": 0.009035596647537128,
    "r_t_max": 0.2587460528172759,
    "delta_hat_mean": -1.6569523506764046e-07,
    "delta_hat_std": 1.1926746601160819e-05,
    "lambda_t_mean": 0.002914742281408029,
    "lambda_t_std": 0.0006726898075643393,
    "n_records": 780
  },
  "layer1.2.conv2.weight": {
    "r_t_mean": 0.03144705388638309,
    "r_t_std": 0.013816642619908661,
    "r_t_min": 0.010735800730413924,
    "r_t_max": 0.20997067062769698,
    "delta_hat_mean": 6.113774171595674e-08,
    "delta_hat_std": 1.1841539231316651e-05,
    "lambda_t_mean": 0.0028606128999495058,
    "lambda_t_std": 0.000676779728978869,
    "n_records": 780
  },
  "layer2.0.conv1.weight": {
    "r_t_mean": 0.03095441021518886,
    "r_t_std": 0.011629506586178992,
    "r_t_min": 0.012057954925758037,
    "r_t_max": 0.14935561574568615,
    "delta_hat_mean": 4.94759236164992e-07,
    "delta_hat_std": 1.0362059272007118e-05,
    "lambda_t_mean": 0.002889876258606853,
    "lambda_t_std": 0.0006487453927102262,
    "n_records": 780
  },
  "layer2.0.conv2.weight": {
    "r_t_mean": 0.03036469038912955,
    "r_t_std": 0.012218106583687582,
    "r_t_min": 0.014712278711759109,
    "r_t_max": 0.17791687526695474,
    "delta_hat_mean": 5.022185562007181e-09,
    "delta_hat_std": 6.903777828442827e-06,
    "lambda_t_mean": 0.002785678297320998,
    "lambda_t_std": 0.000608522382264542,
    "n_records": 780
  },
  "layer2.0.shortcut.0.weight": {
    "r_t_mean": 0.030690149068115843,
    "r_t_std": 0.010977918728579728,
    "r_t_min": 0.01464751205387349,
    "r_t_max": 0.07666912685611024,
    "delta_hat_mean": 1.528803956851732e-06,
    "delta_hat_std": 2.4689838152044636e-05,
    "lambda_t_mean": 0.0028882074134551593,
    "lambda_t_std": 0.0006488263268455727,
    "n_records": 780
  },
  "layer2.1.conv1.weight": {
    "r_t_mean": 0.031878600739372445,
    "r_t_std": 0.013785477944559515,
    "r_t_min": 0.012761708244830368,
    "r_t_max": 0.1639729177286321,
    "delta_hat_mean": 2.8036987888088086e-07,
    "delta_hat_std": 5.208744139441232e-06,
    "lambda_t_mean": 0.002830356279419108,
    "lambda_t_std": 0.0006426275733512204,
    "n_records": 780
  },
  "layer2.1.conv2.weight": {
    "r_t_mean": 0.03145992302944959,
    "r_t_std": 0.013283137429042824,
    "r_t_min": 0.01343217338010079,
    "r_t_max": 0.1428415777037417,
    "delta_hat_mean": -1.204618577480924e-07,
    "delta_hat_std": 4.603909582377317e-06,
    "lambda_t_mean": 0.002786260070510157,
    "lambda_t_std": 0.0005680297597778603,
    "n_records": 780
  },
  "layer2.2.conv1.weight": {
    "r_t_mean": 0.031406559196615676,
    "r_t_std": 0.012829805807928602,
    "r_t_min": 0.013015131310444182,
    "r_t_max": 0.12014489034234047,
    "delta_hat_mean": -1.1919316519593847e-07,
    "delta_hat_std": 4.745981473700331e-06,
    "lambda_t_mean": 0.0027735593444009362,
    "lambda_t_std": 0.0005673214681115918,
    "n_records": 780
  },
  "layer2.2.conv2.weight": {
    "r_t_mean": 0.03070817512210452,
    "r_t_std": 0.012275395732261647,
    "r_t_min": 0.013913961708510355,
    "r_t_max": 0.10966473092514643,
    "delta_hat_mean": -6.998779182295833e-08,
    "delta_hat_std": 4.095702366657816e-06,
    "lambda_t_mean": 0.0027415913267103335,
    "lambda_t_std": 0.000532356570681853,
    "n_records": 780
  },
  "layer3.0.conv1.weight": {
    "r_t_mean": 0.03007243862722148,
    "r_t_std": 0.01119928657306324,
    "r_t_min": 0.012401694963134714,
    "r_t_max": 0.09590568178476419,
    "delta_hat_mean": 1.4943300659895297e-07,
    "delta_hat_std": 3.4759495888114e-06,
    "lambda_t_mean": 0.0027198336569327045,
    "lambda_t_std": 0.0006111771012598137,
    "n_records": 780
  },
  "layer3.0.conv2.weight": {
    "r_t_mean": 0.030329402754885843,
    "r_t_std": 0.011878515489538657,
    "r_t_min": 0.014357703886065961,
    "r_t_max": 0.11174435567856068,
    "delta_hat_mean": -4.9662872683780117e-08,
    "delta_hat_std": 2.468733696752293e-06,
    "lambda_t_mean": 0.0026878935777876517,
    "lambda_t_std": 0.0005475242604849209,
    "n_records": 780
  },
  "layer3.0.shortcut.0.weight": {
    "r_t_mean": 0.029050910498068492,
    "r_t_std": 0.010069257607361442,
    "r_t_min": 0.014128213413913735,
    "r_t_max": 0.09474775225023135,
    "delta_hat_mean": -9.93284317474537e-09,
    "delta_hat_std": 8.974248200178277e-06,
    "lambda_t_mean": 0.0027299582657771583,
    "lambda_t_std": 0.0005703747454498714,
    "n_records": 780
  },
  "layer3.1.conv1.weight": {
    "r_t_mean": 0.031063117937855978,
    "r_t_std": 0.012831347149289718,
    "r_t_min": 0.013865077520284624,
    "r_t_max": 0.10699299577396099,
    "delta_hat_mean": -3.348881891511268e-08,
    "delta_hat_std": 2.6161874576547067e-06,
    "lambda_t_mean": 0.0027065126786959257,
    "lambda_t_std": 0.0005703273197642933,
    "n_records": 780
  },
  "layer3.1.conv2.weight": {
    "r_t_mean": 0.030772470151686174,
    "r_t_std": 0.012454623154495916,
    "r_t_min": 0.014176735415130407,
    "r_t_max": 0.11108504199997783,
    "delta_hat_mean": -7.010340825647933e-08,
    "delta_hat_std": 1.8641070271554319e-06,
    "lambda_t_mean": 0.0026738850550164068,
    "lambda_t_std": 0.00046024738872676047,
    "n_records": 780
  },
  "layer3.2.conv1.weight": {
    "r_t_mean": 0.030332210063408284,
    "r_t_std": 0.011565358228417977,
    "r_t_min": 0.01433418384133205,
    "r_t_max": 0.10511755089186373,
    "delta_hat_mean": 9.763915270487845e-08,
    "delta_hat_std": 2.2573082146031585e-06,
    "lambda_t_mean": 0.002660803467977376,
    "lambda_t_std": 0.0004552040061901727,
    "n_records": 780
  },
  "layer3.2.conv2.weight": {
    "r_t_mean": 0.028993464738894102,
    "r_t_std": 0.009819995880593369,
    "r_t_min": 0.014887220550890585,
    "r_t_max": 0.10422756877167076,
    "delta_hat_mean": 1.298099655851951e-07,
    "delta_hat_std": 2.1907063368950086e-06,
    "lambda_t_mean": 0.0026423882424815807,
    "lambda_t_std": 0.0004355965368653371,
    "n_records": 780
  },