{
  "features.0.weight": {
    "r_t_mean": 0.022727052758161167,
    "r_t_std": 0.008052347962470124,
    "r_t_min": 0.0012500779295133032,
    "r_t_max": 0.2516955082127892,
    "delta_hat_mean": -7.041522559418467e-08,
    "delta_hat_std": 1.7793509101050234e-05,
    "lambda_t_mean": 0.0006665782592197663,
    "lambda_t_std": 0.00014812172228146787,
    "n_records": 1950
  },
  "features.3.weight": {
    "r_t_mean": 0.022829961935407088,
    "r_t_std": 0.01867238765030589,
    "r_t_min": 0.0015714538336255711,
    "r_t_max": 0.8178312484009298,
    "delta_hat_mean": 4.7805900028818337e-08,
    "delta_hat_std": 3.919644785494489e-06,
    "lambda_t_mean": 0.0006274520187790278,
    "lambda_t_std": 0.0001182915051660104,
    "n_records": 1950
  },
  "features.7.weight": {
    "r_t_mean": 0.024074382366987432,
    "r_t_std": 0.011139306257421894,
    "r_t_min": 0.0013836534330358625,
    "r_t_max": 0.46510378906051264,
    "delta_hat_mean": -1.2147529504620452e-09,
    "delta_hat_std": 3.173793262213949e-08,
    "lambda_t_mean": 0.000619056210196875,
    "lambda_t_std": 0.00010760933721333182,
    "n_records": 1950
  },
  "features.10.weight": {
    "r_t_mean": 0.02516181807806105,
    "r_t_std": 0.013189130992342972,
    "r_t_min": 0.0013436177446972852,
    "r_t_max": 0.5595200053005672,
    "delta_hat_mean": -1.252736200125454e-09,
    "delta_hat_std": 2.6938412573330763e-08,
    "lambda_t_mean": 0.0006146674281326318,
    "lambda_t_std": 0.00010526870216469196,
    "n_records": 1950
  },
  "features.14.weight": {
    "r_t_mean": 0.027005071988166728,
    "r_t_std": 0.010026791689498158,
    "r_t_min": 0.0009022001914702174,
    "r_t_max": 0.3404994719193539,
    "delta_hat_mean": -1.6111015441858184e-08,
    "delta_hat_std": 1.225092153527008e-06,
    "lambda_t_mean": 0.0006102967663686013,
    "lambda_t_std": 9.917955816261252e-05,
    "n_records": 1950
  },
  "features.17.weight": {
    "r_t_mean": 0.029163045781019394,
    "r_t_std": 0.012824574155557576,
    "r_t_min": 0.0008571389213713177,
    "r_t_max": 0.4039223214132788,
    "delta_hat_mean": -2.3815727818796364e-10,
    "delta_hat_std": 2.6179221669130664e-08,
    "lambda_t_mean": 0.0006075632798101463,
    "lambda_t_std": 9.564241809685543e-05,
    "n_records": 1950
  },
  "features.20.weight": {
    "r_t_mean": 0.029228052410960506,
    "r_t_std": 0.012520893965014379,
    "r_t_min": 0.0008767668971877095,
    "r_t_max": 0.3377486924795548,
    "delta_hat_mean": 1.0997898275197583e-09,
    "delta_hat_std": 3.153316284299155e-08,
    "lambda_t_mean": 0.0006047243848857307,
    "lambda_t_std": 9.59349089887234e-05,
    "n_records": 1950
  },
  "features.24.weight": {
    "r_t_mean": 0.02644260412196742,
    "r_t_std": 0.011489985123098841,
    "r_t_min": 0.0004868592083187514,
    "r_t_max": 0.21390437036788398,
    "delta_hat_mean": 1.8751598885790573e-08,
    "delta_hat_std": 6.680714327595861e-07,
    "lambda_t_mean": 0.0006032676965608989,
    "lambda_t_std": 9.681993419932452e-05,
    "n_records": 1950
  },
  "features.27.weight": {
    "r_t_mean": 0.02449778685951313,
    "r_t_std": 0.01136586645923188,
    "r_t_min": 0.00039100720428420383,
    "r_t_max": 0.2583787793928525,
    "delta_hat_mean": 6.63435099637408e-08,
    "delta_hat_std": 7.478253923262085e-07,
    "lambda_t_mean": 0.0006055239929009296,
    "lambda_t_std": 0.00010242119547126313,
    "n_records": 1950
  },
  "features.30.weight": {
    "r_t_mean": 0.02134758105989984,
    "r_t_std": 0.009069720417916717,
    "r_t_min": 0.0003578950844005979,
    "r_t_max": 0.22072177960971992,
    "delta_hat_mean": -4.1371650890765234e-08,
    "delta_hat_std": 8.468645016664862e-07,
    "lambda_t_mean": 0.0006112478727032985,
    "lambda_t_std": 0.00011214453550916878,
    "n_records": 1950
  },
  "features.34.weight": {
    "r_t_mean": 0.01733658606883487,
    "r_t_std": 0.006781152125375253,
    "r_t_min": 0.00027278747160659636,
    "r_t_max": 0.20364865686469746,
    "delta_hat_mean": 1.5579951255044005e-08,
    "delta_hat_std": 1.7842644606886389e-06,
    "lambda_t_mean": 0.0006240550963929341,
    "lambda_t_std": 0.0001253063037741134,
    "n_records": 1950
  },
  "features.37.weight": {
    "r_t_mean": 0.016409498275666297,
    "r_t_std": 0.005600365052149931,
    "r_t_min": 0.0008318110783222163,
    "r_t_max": 0.17337921057458325,
    "delta_hat_mean": 2.712087566855632e-08,
    "delta_hat_std": 1.8917657633758967e-06,
    "lambda_t_mean": 0.0006205556210604445,
    "lambda_t_std": 0.0001186890812637307,
    "n_records": 1950
  },
  "features.40.weight": {
    "r_t_mean": 0.01793282715590001,
    "r_t_std": 0.004506019644005225,
    "r_t_min": 0.003460463184236665,
    "r_t_max": 0.1502410437391961,
    "delta_hat_mean": -3.423271364383505e-09,
    "delta_hat_std": 1.8169957027114422e-06,
    "lambda_t_mean": 0.0006100493302132452,
    "lambda_t_std": 0.00010613734377804893,
    "n_records": 1950
  },
  "classifier.0.weight": {
    "r_t_mean": 0.022335422944125383,
    "r_t_std": 0.003978912104055272,
    "r_t_min": 0.009344685459106113,
    "r_t_max": 0.06494055790476046,
    "delta_hat_mean": 0.0005637145608393322,
    "delta_hat_std": 0.01810728025474817,
    "lambda_t_mean": 0.0005981240670014878,
    "lambda_t_std": 9.187417334788248e-05,
    "n_records": 1950
  },
  "classifier.3.weight": {
    "r_t_mean": 0.020519924816755013,
    "r_t_std": 0.004076998665248081,
    "r_t_min": 0.011538691654287048,
    "r_t_max": 0.08129151549308522,
    "delta_hat_mean": 0.000801209536146836,
    "delta_hat_std": 0.012036171107571427,
    "lambda_t_mean": 0.0005797329897320348,
    "lambda_t_std": 6.458196296702296e-05,
    "n_records": 1950
  },
  "classifier.6.weight": {
    "r_t_mean": 0.0228938996830178,
    "r_t_std": 0.008544396812556322,
    "r_t_min": 0.01400044292081322,
    "r_t_max": 0.19818258470366035,
    "delta_hat_mean": 0.0007011665531783179,
    "delta_hat_std": 0.012067533959118098,
    "lambda_t_mean": 0.0005723785361405405,
    "lambda_t_std": 5.9863542372786866e-05,
    "n_records": 1950
  }
}