{
  "conv1.weight": {
    "r_t_mean": 0.026717330010582085,
    "r_t_std": 0.015746085693293246,
    "r_t_min": 0.009331338773797443,
    "r_t_max": 0.34458323281897574,
    "delta_hat_mean": -5.16202431901419e-07,
    "delta_hat_std": 6.463475771278477e-05,
    "lambda_t_mean": 0.0028032210990719063,
    "lambda_t_std": 4.339591371453838e-19,
    "n_records": 780
  },
  "layer1.0.conv1.weight": {
    "r_t_mean": 0.02611835870173599,
    "r_t_std": 0.015978982208394533,
    "r_t_min": 0.010400413749183516,
    "r_t_max": 0.3515748539018077,
    "delta_hat_mean": -3.39285042035187e-07,
    "delta_hat_std": 1.6750818876605244e-05,
    "lambda_t_mean": 0.0028032210990719063,
    "lambda_t_std": 4.339591371453838e-19,
    "n_records": 780
  },
  "layer1.0.conv2.weight": {
    "r_t_mean": 0.025861973876001292,
    "r_t_std": 0.015302466151705987,
    "r_t_min": 0.008731816459306135,
    "r_t_max": 0.32886685805693766,
    "delta_hat_mean": -5.136088433187725e-09,
    "delta_hat_std": 1.2104197026205592e-05,
    "lambda_t_mean": 0.0028032210990719063,
    "lambda_t_std": 4.339591371453838e-19,
    "n_records": 780
  },
  "layer1.1.conv1.weight": {
    "r_t_mean": 0.02658889140779152,
    "r_t_std": 0.015236735049796503,
    "r_t_min": 0.007189958270188096,
    "r_t_max": 0.2810250606512156,
    "delta_hat_mean": 5.128443188203628e-07,
    "delta_hat_std": 1.8119938248115737e-05,
    "lambda_t_mean": 0.0028032210990719063,
    "lambda_t_std": 4.339591371453838e-19,
    "n_records": 780
  },
  "layer1.1.conv2.weight": {
    "r_t_mean": 0.026338257696980172,
    "r_t_std": 0.013696836607858033,
    "r_t_min": 0.009313367547238308,
    "r_t_max": 0.2139231207648875,
    "delta_hat_mean": 6.337111133027416e-08,
    "delta_hat_std": 1.356305272583499e-05,
    "lambda_t_mean": 0.0028032210990719063,
    "lambda_t_std": 4.339591371453838e-19,
    "n_records": 780
  },
  "layer1.2.conv1.weight": {
    "r_t_mean": 0.026403722264289983,
    "r_t_std": 0.014046749803500987,
    "r_t_min": 0.007439885798667105,
    "r_t_max": 0.24495699000381274,
    "delta_hat_mean": 6.198356921778451e-07,
    "delta_hat_std": 9.604444767760265e-06,
    "lambda_t_mean": 0.0028032210990719063,
    "lambda_t_std": 4.339591371453838e-19,
    "n_records": 780
  },
  "layer1.2.conv2.weight": {
    "r_t_mean": 0.026270910328864083,
    "r_t_std": 0.013732032605429096,
    "r_t_min": 0.00786600762368192,
    "r_t_max": 0.22375288153964043,
    "delta_hat_mean": 4.7403283820126936e-07,
    "delta_hat_std": 1.2193075128468564e-05,
    "lambda_t_mean": 0.0028032210990719063,
    "lambda_t_std": 4.339591371453838e-19,
    "n_records": 780
  },
  "layer2.0.conv1.weight": {
    "r_t_mean": 0.025992080747542855,
    "r_t_std": 0.011454653798079924,
    "r_t_min": 0.008081063732698178,
    "r_t_max": 0.1645912958503503,
    "delta_hat_mean": -4.179599551835695e-07,
    "delta_hat_std": 9.634039892990591e-06,
    "lambda_t_mean": 0.0028032210990719063,
    "lambda_t_std": 4.339591371453838e-19,
    "n_records": 780
  },
  "layer2.0.conv2.weight": {
    "r_t_mean": 0.025849656823464275,
    "r_t_std": 0.011672989589565457,
    "r_t_min": 0.008464743853489734,
    "r_t_max": 0.16775712808789514,
    "delta_hat_mean": 3.3577748802270636e-07,
    "delta_hat_std": 6.132457889655534e-06,
    "lambda_t_mean": 0.0028032210990719063,
    "lambda_t_std": 4.339591371453838e-19,
    "n_records": 780
  },
  "layer2.0.shortcut.0.weight": {
    "r_t_mean": 0.025735422933089367,
    "r_t_std": 0.010704908814668781,
    "r_t_min": 0.01180640855281797,
    "r_t_max": 0.06201821231547136,
    "delta_hat_mean": 8.254362944589899e-07,
    "delta_hat_std": 2.5466374319297624e-05,
    "lambda_t_mean": 0.0028032210990719063,
    "lambda_t_std": 4.339591371453838e-19,
    "n_records": 780
  },
  "layer2.1.conv1.weight": {
    "r_t_mean": 0.026907330357669602,
    "r_t_std": 0.01342306795763972,
    "r_t_min": 0.008704952724224833,
    "r_t_max": 0.16347576147962745,
    "delta_hat_mean": 5.983978568156709e-08,
    "delta_hat_std": 5.091511068591519e-06,
    "lambda_t_mean": 0.0028032210990719063,
    "lambda_t_std": 4.339591371453838e-19,
    "n_records": 780
  },
  "layer2.1.conv2.weight": {
    "r_t_mean": 0.026735534980321274,
    "r_t_std": 0.012683241819125179,
    "r_t_min": 0.01049240105966266,
    "r_t_max": 0.13258067064588008,
    "delta_hat_mean": 1.0703287156975633e-07,
    "delta_hat_std": 4.681489758070506e-06,
    "lambda_t_mean": 0.0028032210990719063,
    "lambda_t_std": 4.339591371453838e-19,
    "n_records": 780
  },
  "layer2.2.conv1.weight": {
    "r_t_mean": 0.026789981320082704,
    "r_t_std": 0.012588652250951208,
    "r_t_min": 0.00884201253551772,
    "r_t_max": 0.12670349267010073,
    "delta_hat_mean": 3.2464620161242725e-08,
    "delta_hat_std": 5.001930888076156e-06,
    "lambda_t_mean": 0.0028032210990719063,
    "lambda_t_std": 4.339591371453838e-19,
    "n_records": 780
  },
  "layer2.2.conv2.weight": {
    "r_t_mean": 0.02635990723509644,
    "r_t_std": 0.011980757882370673,
    "r_t_min": 0.008251373082639034,
    "r_t_max": 0.1129212751622647,
    "delta_hat_mean": -1.350796193532434e-07,
    "delta_hat_std": 4.350876622169992e-06,
    "lambda_t_mean": 0.0028032210990719063,
    "lambda_t_std": 4.339591371453838e-19,
    "n_records": 780
  },
  "layer3.0.conv1.weight": {
    "r_t_mean": 0.025906380992983494,
    "r_t_std": 0.01093988559510164,
    "r_t_min": 0.01003267691470751,
    "r_t_max": 0.08788511349867409,
    "delta_hat_mean": -1.41662575364031e-07,
    "delta_hat_std": 3.753388261209189e-06,
    "lambda_t_mean": 0.0028032210990719063,
    "lambda_t_std": 4.339591371453838e-19,
    "n_records": 780
  },
  "layer3.0.conv2.weight": {
    "r_t_mean": 0.026345843380145586,
    "r_t_std": 0.011699774626023294,
    "r_t_min": 0.013567089811133502,
    "r_t_max": 0.10978602236040347,
    "delta_hat_mean": -1.7910295839011308e-09,
    "delta_hat_std": 2.6153087073567344e-06,
    "lambda_t_mean": 0.0028032210990719063,
    "lambda_t_std": 4.339591371453838e-19,
    "n_records": 780
  },
  "layer3.0.shortcut.0.weight": {
    "r_t_mean": 0.02524253307365963,
    "r_t_std": 0.009740305861245323,
    "r_t_min": 0.012718608445856028,
    "r_t_max": 0.054226248430249264,
    "delta_hat_mean": 1.4601995327067332e-07,
    "delta_hat_std": 8.861805004974161e-06,
    "lambda_t_mean": 0.0028032210990719063,
    "lambda_t_std": 4.339591371453838e-19,
    "n_records": 780
  },
  "layer3.1.conv1.weight": {
    "r_t_mean": 0.02655257558299187,
    "r_t_std": 0.011769973184258988,
    "r_t_min": 0.013360833829866045,
    "r_t_max": 0.09891963461503932,
    "delta_hat_mean": -8.166549981372743e-08,
    "delta_hat_std": 2.446670024859176e-06,
    "lambda_t_mean": 0.0028032210990719063,
    "lambda_t_std": 4.339591371453838e-19,
    "n_records": 780
  },
  "layer3.1.conv2.weight": {
    "r_t_mean": 0.026322231898752088,
    "r_t_std": 0.011334653546412882,
    "r_t_min": 0.013637801717342975,
    "r_t_max": 0.09359858803826854,
    "delta_hat_mean": -1.2910603707313364e-07,
    "delta_hat_std": 2.093992308118456e-06,
    "lambda_t_mean": 0.0028032210990719063,
    "lambda_t_std": 4.339591371453838e-19,
    "n_records": 780
  },
  "layer3.2.conv1.weight": {
    "r_t_mean": 0.027122370466499113,
    "r_t_std": 0.012465198043377448,
    "r_t_min": 0.01356120645736764,
    "r_t_max": 0.09160695695183003,
    "delta_hat_mean": -6.868970521950884e-08,
    "delta_hat_std": 2.3289004503385942e-06,
    "lambda_t_mean": 0.0028032210990719063,
    "lambda_t_std": 4.339591371453838e-19,
    "n_records": 780
  },
  "layer3.2.conv2.weight": {
    "r_t_mean": 0.02584614935478431,
    "r_t_std": 0.010467259353500595,
    "r_t_min": 0.012499239344087877,
    "r_t_max": 0.09361428073354361,
    "delta_hat_mean": 8.301843943858973e-08,
    "delta_hat_std": 2.0854163207915983e-06,
    "lambda_t_mean": 0.0028032210990719063,
    "lambda_t_std": 4.339591371453838e-19,
    "n_records": 780
  },