{
  "features.0.weight": {
    "r_t_mean": 0.01396950323166701,
    "r_t_std": 0.014164639208768199,
    "r_t_min": 0.0017733672265395984,
    "r_t_max": 0.45643702729734503,
    "delta_hat_mean": -6.660375196463228e-06,
    "delta_hat_std": 1.7947876027923392e-05,
    "lambda_t_mean": 0.0002504904158069537,
    "lambda_t_std": 5.4391315877941345e-06,
    "n_records": 1950
  },
  "features.3.weight": {
    "r_t_mean": 0.014263535292483386,
    "r_t_std": 0.02226031967186555,
    "r_t_min": 0.00169729785346772,
    "r_t_max": 0.8270144737725901,
    "delta_hat_mean": -7.238598888808412e-06,
    "delta_hat_std": 6.537359748183719e-06,
    "lambda_t_mean": 0.0002473829258558078,
    "lambda_t_std": 3.38005885824664e-06,
    "n_records": 1950
  },
  "features.7.weight": {
    "r_t_mean": 0.015336712581304326,
    "r_t_std": 0.014046217716146482,
    "r_t_min": 0.0020052077718702146,
    "r_t_max": 0.4841149380557575,
    "delta_hat_mean": -7.29747148011778e-06,
    "delta_hat_std": 5.232863969851955e-06,
    "lambda_t_mean": 0.0002473493303778844,
    "lambda_t_std": 2.523919474574941e-06,
    "n_records": 1950
  },
  "features.10.weight": {
    "r_t_mean": 0.01645499304038799,
    "r_t_std": 0.014907908668252538,
    "r_t_min": 0.00247375970280146,
    "r_t_max": 0.5724883651309028,
    "delta_hat_mean": -7.448919441261573e-06,
    "delta_hat_std": 5.3290166807601355e-06,
    "lambda_t_mean": 0.0002500251972904572,
    "lambda_t_std": 1.260629694408764e-06,
    "n_records": 1950
  },
  "features.14.weight": {
    "r_t_mean": 0.017214915174402524,
    "r_t_std": 0.010159660891118624,
    "r_t_min": 0.003503801181611743,
    "r_t_max": 0.3459168797925593,
    "delta_hat_mean": -7.415543795671644e-06,
    "delta_hat_std": 5.497725483389689e-06,
    "lambda_t_mean": 0.0002499610667121716,
    "lambda_t_std": 7.980652950894217e-07,
    "n_records": 1950
  },
  "features.17.weight": {
    "r_t_mean": 0.017977691051328615,
    "r_t_std": 0.011081333924308621,
    "r_t_min": 0.004460485896419436,
    "r_t_max": 0.4092896517305141,
    "delta_hat_mean": -7.3215889350553796e-06,
    "delta_hat_std": 5.327822583454003e-06,
    "lambda_t_mean": 0.00024999012688795724,
    "lambda_t_std": 8.305513787632333e-07,
    "n_records": 1950
  },
  "features.20.weight": {
    "r_t_mean": 0.016622263258270646,
    "r_t_std": 0.00953852832069445,
    "r_t_min": 0.004080904357725432,
    "r_t_max": 0.342892500637668,
    "delta_hat_mean": -7.397384588854109e-06,
    "delta_hat_std": 5.336115878461611e-06,
    "lambda_t_mean": 0.00024997719005132333,
    "lambda_t_std": 9.700306504955012e-07,
    "n_records": 1950
  },
  "features.24.weight": {
    "r_t_mean": 0.012487421833377957,
    "r_t_std": 0.006403239022366448,
    "r_t_min": 0.0030004451446430085,
    "r_t_max": 0.21339645601745616,
    "delta_hat_mean": -7.391583388627958e-06,
    "delta_hat_std": 5.4171467511801004e-06,
    "lambda_t_mean": 0.00025007716888800647,
    "lambda_t_std": 1.0401466580950075e-06,
    "n_records": 1950
  },
  "features.27.weight": {
    "r_t_mean": 0.010335994704426492,
    "r_t_std": 0.006620513072493399,
    "r_t_min": 0.0021707199892780095,
    "r_t_max": 0.25416116959451673,
    "delta_hat_mean": -7.3051450354784e-06,
    "delta_hat_std": 5.330145618007034e-06,
    "lambda_t_mean": 0.00024993938964911,
    "lambda_t_std": 1.3058239395305052e-06,
    "n_records": 1950
  },
  "features.30.weight": {
    "r_t_mean": 0.009226040686219546,
    "r_t_std": 0.00566199891670356,
    "r_t_min": 0.0018312790125864934,
    "r_t_max": 0.21677560671476537,
    "delta_hat_mean": -7.290689834157969e-06,
    "delta_hat_std": 5.281455361565802e-06,
    "lambda_t_mean": 0.0002499682754354599,
    "lambda_t_std": 2.2409741443201586e-06,
    "n_records": 1950
  },
  "features.34.weight": {
    "r_t_mean": 0.00784422279750203,
    "r_t_std": 0.00520798744320261,
    "r_t_min": 0.0013420691474549237,
    "r_t_max": 0.2000712297325208,
    "delta_hat_mean": -6.978116345424112e-06,
    "delta_hat_std": 5.315992274988891e-06,
    "lambda_t_mean": 0.000250146278104721,
    "lambda_t_std": 2.6403206460881097e-06,
    "n_records": 1950
  },
  "features.37.weight": {
    "r_t_mean": 0.007778684570027751,
    "r_t_std": 0.004663075979244184,
    "r_t_min": 0.0012783399647565566,
    "r_t_max": 0.17005349339960374,
    "delta_hat_mean": -6.206516139791587e-06,
    "delta_hat_std": 4.84288520801434e-06,
    "lambda_t_mean": 0.00023409970832940862,
    "lambda_t_std": 6.582247827695843e-06,
    "n_records": 1950
  },
  "features.40.weight": {
    "r_t_mean": 0.008624963402865367,
    "r_t_std": 0.005278710579316491,
    "r_t_min": 0.0011943233295305603,
    "r_t_max": 0.14568926181558708,
    "delta_hat_mean": -5.415530131164184e-06,
    "delta_hat_std": 5.47872583156546e-06,
    "lambda_t_mean": 0.000233393406080894,
    "lambda_t_std": 1.9733178212706862e-05,
    "n_records": 1950
  },
  "classifier.0.weight": {
    "r_t_mean": 0.008650245519012922,
    "r_t_std": 0.010948724638572759,
    "r_t_min": 0.0009515256268849667,
    "r_t_max": 0.299079540580101,
    "delta_hat_mean": -0.002048271197490976,
    "delta_hat_std": 0.015398061608962042,
    "lambda_t_mean": 5.178680811172877e-05,
    "lambda_t_std": 1.1613038618643835e-05,
    "n_records": 1950
  },
  "classifier.3.weight": {
    "r_t_mean": 0.010163686796099467,
    "r_t_std": 0.007607030928388174,
    "r_t_min": 0.0010243319848636289,
    "r_t_max": 0.0987919520121934,
    "delta_hat_mean": -0.0010126548510878564,
    "delta_hat_std": 0.010779049930741698,
    "lambda_t_mean": 6.421609634008163e-05,
    "lambda_t_std": 1.4294991651452692e-05,
    "n_records": 1950
  },
  "classifier.6.weight": {
    "r_t_mean": 0.019725703469816187,
    "r_t_std": 0.022003251158061392,
    "r_t_min": 0.0019469738196502754,
    "r_t_max": 0.5497755590437658,
    "delta_hat_mean": -0.0043805887666269715,
    "delta_hat_std": 0.041469942736915406,
    "lambda_t_mean": 0.00016533163354947016,
    "lambda_t_std": 1.5691745532256863e-05,
    "n_records": 1950
  }
}