{
  "task_id": "e1_anova",
  "conditions": {
    "trained": [
      0.35916666666666663,
      0.1875,
      0.23000000000000007,
      0.2033333333333333,
      0.06416666666666668,
      0.3516666666666667,
      0.25000000000000006
    ],
    "random": [
      0.3516666666666667
    ],
    "pca": [
      0.36925
    ]
  },
  "f_statistic": 1.1953190217181657,
  "p_value": 0.3656527050632519,
  "eta_squared": 0.7150826872687668
}