{
  "task_id": "e1_pca_construction",
  "status": "completed",
  "pca_sae_path": "/home/qhxie/AutoResearch-SibylSystem/workspaces/sae-absorption-kimi/current/exp/checkpoints/pca_sae",
  "activation_dim": 768,
  "dict_size": 768,
  "n_tokens_used": 2048,
  "top_5_singular_values": [
    992.8593139648438,
    200.92477416992188,
    142.08157348632812,
    126.31405639648438,
    90.34188079833984
  ],
  "decoder_orthonormal": true,
  "reconstruction_mse": 0.6563193202018738,
  "mean_l0": 768.0
}