{
  "task_id": "e2_partial_correlation",
  "raw_correlation": {
    "r": -0.6528468397156794,
    "p": 0.11189578378225834
  },
  "partial_correlation_controlling_auc": {
    "r": 0.7220105698374195,
    "p": 0.06692417561990108
  },
  "bootstrap_95_ci": [
    NaN,
    NaN
  ],
  "n_saes": 7
}