{
  "task_id": "e3_statistical_test",
  "comparisons": {
    "hierarchy_vs_high_cooccurrence": {
      "t_statistic": -4.747797980647411,
      "p_value": 0.003165890357810002,
      "cohens_d": -1.7944989617096718,
      "mean_hierarchy": 0.23511904761904764,
      "mean_high": 0.33093984962406015
    },
    "hierarchy_vs_low_cooccurrence": {
      "t_statistic": 4.589535678718981,
      "p_value": 0.0037328617115392594,
      "cohens_d": 1.734681434164066,
      "mean_hierarchy": 0.23511904761904764,
      "mean_low": 0.05918005948650172
    }
  }
}