{
  "task_id": "e4_welch_test",
  "low_absorption": {
    "architectures": [
      "MatryoshkaBatchTopK",
      "GatedSAE",
      "PAnneal"
    ],
    "margins": [
      -0.8755555555555556,
      -0.7295081967213117,
      -4.4805194805194795
    ],
    "mean": -2.028527744265449,
    "std": 2.124742352321607
  },
  "high_absorption": {
    "architectures": [
      "BatchTopK",
      "TopK",
      "JumpRelu"
    ],
    "margins": [
      0.02088167053364256,
      -0.5289855072463765,
      -0.4066666666666664
    ],
    "mean": -0.30492350112646677,
    "std": 0.2887078663641608
  },
  "welch_t_statistic": -1.3922565100082174,
  "welch_p_value": 0.2943425926567219,
  "cohens_d": -1.043097017577703
}