{
  "conv1.weight": {
    "r_t_mean": 0.014262320950367773,
    "r_t_std": 0.01824179727346505,
    "r_t_min": 0.0065890083969358006,
    "r_t_max": 0.4812637606793628,
    "delta_hat_mean": 1.5737175693503904e-06,
    "delta_hat_std": 4.485647557371583e-05,
    "lambda_t_mean": 0.0002677692074763027,
    "lambda_t_std": 5.6355730378389725e-05,
    "n_records": 780
  },
  "layer1.0.conv1.weight": {
    "r_t_mean": 0.014498604098636429,
    "r_t_std": 0.018699676994386433,
    "r_t_min": 0.008533403238354359,
    "r_t_max": 0.5190143269025457,
    "delta_hat_mean": 2.1931107049146576e-07,
    "delta_hat_std": 9.588555424971776e-06,
    "lambda_t_mean": 0.000266906934654596,
    "lambda_t_std": 3.8370888936781214e-05,
    "n_records": 780
  },
  "layer1.0.conv2.weight": {
    "r_t_mean": 0.01419931038292817,
    "r_t_std": 0.015596275015673376,
    "r_t_min": 0.00896661734700794,
    "r_t_max": 0.4284776930309589,
    "delta_hat_mean": -3.2306294126025994e-07,
    "delta_hat_std": 1.0258318430660264e-05,
    "lambda_t_mean": 0.00026663268546027485,
    "lambda_t_std": 3.24625738921407e-05,
    "n_records": 780
  },
  "layer1.1.conv1.weight": {
    "r_t_mean": 0.014741921816812524,
    "r_t_std": 0.01064964045150384,
    "r_t_min": 0.0086037697496451,
    "r_t_max": 0.29317593559673805,
    "delta_hat_mean": 3.619383349154704e-07,
    "delta_hat_std": 9.697654006714733e-06,
    "lambda_t_mean": 0.0002675305991635594,
    "lambda_t_std": 3.8297985269873286e-05,
    "n_records": 780
  },
  "layer1.1.conv2.weight": {
    "r_t_mean": 0.01444686558743122,
    "r_t_std": 0.010085735249252317,
    "r_t_min": 0.009104626308773789,
    "r_t_max": 0.27528550350857495,
    "delta_hat_mean": -1.0516349083464715e-07,
    "delta_hat_std": 9.084979471922775e-06,
    "lambda_t_mean": 0.00026696359170852213,
    "lambda_t_std": 3.4802988172119134e-05,
    "n_records": 780
  },
  "layer1.2.conv1.weight": {
    "r_t_mean": 0.015281900771331342,
    "r_t_std": 0.009279881459975279,
    "r_t_min": 0.010035377586532926,
    "r_t_max": 0.2586603792192915,
    "delta_hat_mean": 5.021824619880567e-07,
    "delta_hat_std": 9.7045020759627e-06,
    "lambda_t_mean": 0.00026625417481540407,
    "lambda_t_std": 3.520963146064601e-05,
    "n_records": 780
  },
  "layer1.2.conv2.weight": {
    "r_t_mean": 0.014787149511849234,
    "r_t_std": 0.007813398951084006,
    "r_t_min": 0.009286465533184362,
    "r_t_max": 0.20990114773223506,
    "delta_hat_mean": 1.346031358515859e-07,
    "delta_hat_std": 9.438550751153767e-06,
    "lambda_t_mean": 0.0002668815610740686,
    "lambda_t_std": 3.7194692399105265e-05,
    "n_records": 780
  },
  "layer2.0.conv1.weight": {
    "r_t_mean": 0.014589760081793992,
    "r_t_std": 0.006600984669067038,
    "r_t_min": 0.009027828779250268,
    "r_t_max": 0.14930615793855406,
    "delta_hat_mean": -4.965809807799815e-08,
    "delta_hat_std": 9.838115671169693e-06,
    "lambda_t_mean": 0.0002677534428982511,
    "lambda_t_std": 3.2696113505080145e-05,
    "n_records": 780
  },
  "layer2.0.conv2.weight": {
    "r_t_mean": 0.014634519243677925,
    "r_t_std": 0.007833051783252063,
    "r_t_min": 0.00920402086441389,
    "r_t_max": 0.1778579665040588,
    "delta_hat_mean": 2.0025064717429858e-07,
    "delta_hat_std": 5.5859721179691115e-06,
    "lambda_t_mean": 0.0002675850871578089,
    "lambda_t_std": 2.859553224551026e-05,
    "n_records": 780
  },
  "layer2.0.shortcut.0.weight": {
    "r_t_mean": 0.012646395982434262,
    "r_t_std": 0.0048265389328021185,
    "r_t_min": 0.00781916720001491,
    "r_t_max": 0.047084509150204776,
    "delta_hat_mean": 1.0225840935437127e-06,
    "delta_hat_std": 2.508143208264564e-05,
    "lambda_t_mean": 0.00026873955625903784,
    "lambda_t_std": 2.99547545982423e-05,
    "n_records": 780
  },
  "layer2.1.conv1.weight": {
    "r_t_mean": 0.014880122919787865,
    "r_t_std": 0.007452808358022578,
    "r_t_min": 0.008947427461044417,
    "r_t_max": 0.16391862177895183,
    "delta_hat_mean": 1.486018985348167e-07,
    "delta_hat_std": 4.149309364241743e-06,
    "lambda_t_mean": 0.0002678490638561144,
    "lambda_t_std": 2.981653575868981e-05,
    "n_records": 780
  },
  "layer2.1.conv2.weight": {
    "r_t_mean": 0.0146341646287042,
    "r_t_std": 0.006766030074239788,
    "r_t_min": 0.009157967342457834,
    "r_t_max": 0.1427942782479382,
    "delta_hat_mean": 1.0445350871596686e-07,
    "delta_hat_std": 3.7606870857981544e-06,
    "lambda_t_mean": 0.00026802902979350347,
    "lambda_t_std": 2.7454207525758525e-05,
    "n_records": 780
  },
  "layer2.2.conv1.weight": {
    "r_t_mean": 0.01547860413827618,
    "r_t_std": 0.006201240255544368,
    "r_t_min": 0.009146451620373683,
    "r_t_max": 0.1201051137792813,
    "delta_hat_mean": 1.7332482723821987e-07,
    "delta_hat_std": 4.042737513498385e-06,
    "lambda_t_mean": 0.00026874539935309495,
    "lambda_t_std": 2.9433201125857086e-05,
    "n_records": 780
  },
  "layer2.2.conv2.weight": {
    "r_t_mean": 0.014775327640376774,
    "r_t_std": 0.005669931056934007,
    "r_t_min": 0.009130762065852798,
    "r_t_max": 0.10962841989563532,
    "delta_hat_mean": 3.397708110021187e-08,
    "delta_hat_std": 4.0342726528495655e-06,
    "lambda_t_mean": 0.00026838987039536636,
    "lambda_t_std": 2.7296727764543766e-05,
    "n_records": 780
  },
  "layer3.0.conv1.weight": {
    "r_t_mean": 0.014382569439011936,
    "r_t_std": 0.0055322483786351935,
    "r_t_min": 0.00872554902809566,
    "r_t_max": 0.08246442483984291,
    "delta_hat_mean": -7.501209386745335e-08,
    "delta_hat_std": 3.4015887860410103e-06,
    "lambda_t_mean": 0.00026805533478342994,
    "lambda_t_std": 2.761035532444308e-05,
    "n_records": 780
  },
  "layer3.0.conv2.weight": {
    "r_t_mean": 0.01524343091647557,
    "r_t_std": 0.006190375068571929,
    "r_t_min": 0.009218760424217464,
    "r_t_max": 0.11170736601101428,
    "delta_hat_mean": 4.0146328164981107e-08,
    "delta_hat_std": 2.229720759257965e-06,
    "lambda_t_mean": 0.000268130072766599,
    "lambda_t_std": 2.6319895906613507e-05,
    "n_records": 780
  },
  "layer3.0.shortcut.0.weight": {
    "r_t_mean": 0.01192309136509621,
    "r_t_std": 0.00459624081249541,
    "r_t_min": 0.007622166665340407,
    "r_t_max": 0.050190728165651725,
    "delta_hat_mean": 3.346576820858397e-07,
    "delta_hat_std": 8.677609726862222e-06,
    "lambda_t_mean": 0.0002681215873334245,
    "lambda_t_std": 2.5785134991942952e-05,
    "n_records": 780
  },
  "layer3.1.conv1.weight": {
    "r_t_mean": 0.01567910662821107,
    "r_t_std": 0.006139957309526007,
    "r_t_min": 0.009875144642850059,
    "r_t_max": 0.10400935128276502,
    "delta_hat_mean": -1.8055310056169924e-07,
    "delta_hat_std": 2.064793375731972e-06,
    "lambda_t_mean": 0.00026825741761687515,
    "lambda_t_std": 2.6855554182391423e-05,
    "n_records": 780
  },
  "layer3.1.conv2.weight": {
    "r_t_mean": 0.015711412919422026,
    "r_t_std": 0.005770826084562587,
    "r_t_min": 0.010183344437468702,
    "r_t_max": 0.11104826646774404,
    "delta_hat_mean": -2.8878478490016828e-08,
    "delta_hat_std": 1.6956816918669394e-06,
    "lambda_t_mean": 0.000268097802177691,
    "lambda_t_std": 2.4859265724676794e-05,
    "n_records": 780
  },
  "layer3.2.conv1.weight": {
    "r_t_mean": 0.015469701205843699,
    "r_t_std": 0.0059613985028169475,
    "r_t_min": 0.009796679470464531,
    "r_t_max": 0.10508274478177927,
    "delta_hat_mean": 2.9986104353978815e-08,
    "delta_hat_std": 2.0747049759419385e-06,
    "lambda_t_mean": 0.00026848156346363517,
    "lambda_t_std": 2.4099511774433677e-05,
    "n_records": 780
  },
  "layer3.2.conv2.weight": {
    "r_t_mean": 0.01479177152406278,
    "r_t_std": 0.005695238660989529,
    "r_t_min": 0.009407175001276415,
    "r_t_max": 0.10419305236192261,
    "delta_hat_mean": -3.9700671153829154e-08,
    "delta_hat_std": 1.7956688880692573e-06,
    "lambda_t_mean": 0.00026813715044402984,
    "lambda_t_std": 2.289042005225325e-05,
    "n_records": 780
  },