{
  "conv1.weight": {
    "r_t_mean": 0.007436914412627649,
    "r_t_std": 0.007170596966640651,
    "r_t_min": 0.002108658449495369,
    "r_t_max": 0.19038485943699265,
    "delta_hat_mean": 6.76303695305509e-07,
    "delta_hat_std": 4.1461188099394616e-05,
    "lambda_t_mean": 0.0,
    "lambda_t_std": 0.0,
    "n_records": 7800
  },
  "layer1.0.conv1.weight": {
    "r_t_mean": 0.0073959429384790045,
    "r_t_std": 0.006449044322805121,
    "r_t_min": 0.002433211428224598,
    "r_t_max": 0.3937868655139496,
    "delta_hat_mean": 1.447202886615205e-07,
    "delta_hat_std": 1.1156272570934483e-05,
    "lambda_t_mean": 0.0,
    "lambda_t_std": 0.0,
    "n_records": 7800
  },
  "layer1.0.conv2.weight": {
    "r_t_mean": 0.007536081749075603,
    "r_t_std": 0.005913597794761176,
    "r_t_min": 0.0028042286850692094,
    "r_t_max": 0.3467987622876623,
    "delta_hat_mean": -1.6542455857739464e-07,
    "delta_hat_std": 9.91533470341511e-06,
    "lambda_t_mean": 0.0,
    "lambda_t_std": 0.0,
    "n_records": 7800
  },
  "layer1.1.conv1.weight": {
    "r_t_mean": 0.007695297567455618,
    "r_t_std": 0.005687789146476176,
    "r_t_min": 0.0027436852953112378,
    "r_t_max": 0.2691021188821186,
    "delta_hat_mean": 1.0579991663315265e-07,
    "delta_hat_std": 7.827783919485042e-06,
    "lambda_t_mean": 0.0,
    "lambda_t_std": 0.0,
    "n_records": 7800
  },
  "layer1.1.conv2.weight": {
    "r_t_mean": 0.007581585937365509,
    "r_t_std": 0.005711984351149964,
    "r_t_min": 0.0028816633068311803,
    "r_t_max": 0.27027482786536267,
    "delta_hat_mean": -1.1016021624648385e-07,
    "delta_hat_std": 9.260677637882052e-06,
    "lambda_t_mean": 0.0,
    "lambda_t_std": 0.0,
    "n_records": 7800
  },
  "layer1.2.conv1.weight": {
    "r_t_mean": 0.008264153815053655,
    "r_t_std": 0.00460713634524552,
    "r_t_min": 0.003037941508657252,
    "r_t_max": 0.21313239649741925,
    "delta_hat_mean": 9.211236044936156e-08,
    "delta_hat_std": 9.036099145934561e-06,
    "lambda_t_mean": 0.0,
    "lambda_t_std": 0.0,
    "n_records": 7800
  },
  "layer1.2.conv2.weight": {
    "r_t_mean": 0.007828686354817121,
    "r_t_std": 0.004671514103120657,
    "r_t_min": 0.003011851538766951,
    "r_t_max": 0.16883875183226502,
    "delta_hat_mean": -2.3815559437490315e-08,
    "delta_hat_std": 6.751327341667266e-06,
    "lambda_t_mean": 0.0,
    "lambda_t_std": 0.0,
    "n_records": 7800
  },
  "layer2.0.conv1.weight": {
    "r_t_mean": 0.007628023816323532,
    "r_t_std": 0.00544165425780631,
    "r_t_min": 0.0026009726754885236,
    "r_t_max": 0.13625753065620091,
    "delta_hat_mean": 1.0945836242997309e-07,
    "delta_hat_std": 8.014915619715402e-06,
    "lambda_t_mean": 0.0,
    "lambda_t_std": 0.0,
    "n_records": 7800
  },
  "layer2.0.conv2.weight": {
    "r_t_mean": 0.007709017590458236,
    "r_t_std": 0.0056651333986393404,
    "r_t_min": 0.002717855350901916,
    "r_t_max": 0.15406124971490373,
    "delta_hat_mean": -1.1738053918277704e-07,
    "delta_hat_std": 4.606134566652921e-06,
    "lambda_t_mean": 0.0,
    "lambda_t_std": 0.0,
    "n_records": 7800
  },
  "layer2.0.shortcut.0.weight": {
    "r_t_mean": 0.006654265505751106,
    "r_t_std": 0.004735989068032883,
    "r_t_min": 0.002119694171739379,
    "r_t_max": 0.04442420165194176,
    "delta_hat_mean": 2.4208103447728935e-07,
    "delta_hat_std": 2.042309474286013e-05,
    "lambda_t_mean": 0.0,
    "lambda_t_std": 0.0,
    "n_records": 7800
  },
  "layer2.1.conv1.weight": {
    "r_t_mean": 0.008081117476181253,
    "r_t_std": 0.005004410858948805,
    "r_t_min": 0.003068197766604887,
    "r_t_max": 0.13838632890905145,
    "delta_hat_mean": -3.3702098965357404e-09,
    "delta_hat_std": 3.625840403286457e-06,
    "lambda_t_mean": 0.0,
    "lambda_t_std": 0.0,
    "n_records": 7800
  },
  "layer2.1.conv2.weight": {
    "r_t_mean": 0.008005511713592992,
    "r_t_std": 0.004903372765673578,
    "r_t_min": 0.003018109423647728,
    "r_t_max": 0.12186654864290952,
    "delta_hat_mean": -2.3194801109808004e-08,
    "delta_hat_std": 3.396286428662638e-06,
    "lambda_t_mean": 0.0,
    "lambda_t_std": 0.0,
    "n_records": 7800
  },
  "layer2.2.conv1.weight": {
    "r_t_mean": 0.008300793925913352,
    "r_t_std": 0.0050459672238716505,
    "r_t_min": 0.003046504519335736,
    "r_t_max": 0.10787827192265542,
    "delta_hat_mean": 1.0976115233082484e-08,
    "delta_hat_std": 3.671344031905417e-06,
    "lambda_t_mean": 0.0,
    "lambda_t_std": 0.0,
    "n_records": 7800
  },
  "layer2.2.conv2.weight": {
    "r_t_mean": 0.00796540712104947,
    "r_t_std": 0.004648856512262468,
    "r_t_min": 0.003120228664873451,
    "r_t_max": 0.09720267874158496,
    "delta_hat_mean": 7.833994851443215e-09,
    "delta_hat_std": 3.681264486966715e-06,
    "lambda_t_mean": 0.0,
    "lambda_t_std": 0.0,
    "n_records": 7800
  },
  "layer3.0.conv1.weight": {
    "r_t_mean": 0.007755236398907394,
    "r_t_std": 0.0050572507666955075,
    "r_t_min": 0.002759432338726478,
    "r_t_max": 0.07374849531059627,
    "delta_hat_mean": -1.5363146220403026e-08,
    "delta_hat_std": 3.3167683113864208e-06,
    "lambda_t_mean": 0.0,
    "lambda_t_std": 0.0,
    "n_records": 7800
  },
  "layer3.0.conv2.weight": {
    "r_t_mean": 0.008239464776817387,
    "r_t_std": 0.005397225753322697,
    "r_t_min": 0.0028861349090543564,
    "r_t_max": 0.1006905327639284,
    "delta_hat_mean": 3.808656554111023e-09,
    "delta_hat_std": 2.0050862113072787e-06,
    "lambda_t_mean": 0.0,
    "lambda_t_std": 0.0,
    "n_records": 7800
  },
  "layer3.0.shortcut.0.weight": {
    "r_t_mean": 0.006207559954180496,
    "r_t_std": 0.004349509598019773,
    "r_t_min": 0.0020513625260488383,
    "r_t_max": 0.04274601362945997,
    "delta_hat_mean": -2.588627209134294e-08,
    "delta_hat_std": 7.796372045887534e-06,
    "lambda_t_mean": 0.0,
    "lambda_t_std": 0.0,
    "n_records": 7800
  },
  "layer3.1.conv1.weight": {
    "r_t_mean": 0.008298018575157374,
    "r_t_std": 0.005375900178504867,
    "r_t_min": 0.002968106410952761,
    "r_t_max": 0.09003351725104738,
    "delta_hat_mean": 1.2458872462897603e-08,
    "delta_hat_std": 1.8690126227381675e-06,
    "lambda_t_mean": 0.0,
    "lambda_t_std": 0.0,
    "n_records": 7800
  },
  "layer3.1.conv2.weight": {
    "r_t_mean": 0.008393785252800486,
    "r_t_std": 0.005037047442913374,
    "r_t_min": 0.002960018385634787,
    "r_t_max": 0.09170351481747382,
    "delta_hat_mean": 1.3585513232503224e-08,
    "delta_hat_std": 1.5626741408837788e-06,
    "lambda_t_mean": 0.0,
    "lambda_t_std": 0.0,
    "n_records": 7800
  },
  "layer3.2.conv1.weight": {
    "r_t_mean": 0.008671795860677425,
    "r_t_std": 0.004784907095635072,
    "r_t_min": 0.003174180330160799,
    "r_t_max": 0.08735327487330423,
    "delta_hat_mean": -2.957602121052461e-08,
    "delta_hat_std": 1.809188306836936e-06,
    "lambda_t_mean": 0.0,
    "lambda_t_std": 0.0,
    "n_records": 7800
  },
  "layer3.2.conv2.weight": {
    "r_t_mean": 0.008453952173928348,
    "r_t_std": 0.004645092212424165,
    "r_t_min": 0.0028873857940333093,
    "r_t_max": 0.09147012593872068,
    "delta_hat_mean": 2.978518704398156e-10,
    "delta_hat_std": 1.4796797812292347e-06,
    "lambda_t_mean": 0.0,
    "lambda_t_std": 0.0,
    "n_records": 7800
  },
  "fc.weight": {
    "r_t_mean": 0.006651114430860066,
    "r_t_std": 0.006918251491244851,
    "r_t_min": 0.0018415624391889397,
    "r_t_max": 0.1819851738631708,
    "delta_hat_mean": -0.001656325995908656,
    "delta_hat_std": 0.004540100021122898,
    "lambda_t_mean": 0.0,
    "lambda_t_std": 0.0,
    "n_records": 7800
  }
}