{
  "features.0.weight": {
    "r_t_mean": 1.0661791099378387e-09,
    "r_t_std": 5.415710005933809e-09,
    "r_t_min": 0.0,
    "r_t_max": 6.727750040053198e-08,
    "delta_hat_mean": 0.00017104627636066165,
    "delta_hat_std": 0.008334531839531647,
    "lambda_t_mean": 0.0005028998084707628,
    "lambda_t_std": 1.0824194961983015e-05,
    "n_records": 1950
  },
  "features.2.weight": {
    "r_t_mean": 5.256820678288696e-09,
    "r_t_std": 2.6696496541924413e-08,
    "r_t_min": 0.0,
    "r_t_max": 3.339745939023546e-07,
    "delta_hat_mean": 4.109275215914939e-05,
    "delta_hat_std": 0.002189893602793841,
    "lambda_t_mean": 0.0005056141553743907,
    "lambda_t_std": 1.6284791579002154e-05,
    "n_records": 1950
  },
  "features.5.weight": {
    "r_t_mean": 3.965340660900368e-09,
    "r_t_std": 1.9935582350863192e-08,
    "r_t_min": 0.0,
    "r_t_max": 2.576855571056423e-07,
    "delta_hat_mean": 2.8323796072283603e-05,
    "delta_hat_std": 0.0015597019044241748,
    "lambda_t_mean": 0.0005052462416107992,
    "lambda_t_std": 1.6502534256142638e-05,
    "n_records": 1950
  },
  "features.7.weight": {
    "r_t_mean": 5.900424517168431e-09,
    "r_t_std": 2.978772089226162e-08,
    "r_t_min": 0.0,
    "r_t_max": 4.0757858207826e-07,
    "delta_hat_mean": 1.9799084820063738e-05,
    "delta_hat_std": 0.0011082192642681407,
    "lambda_t_mean": 0.000506862884432516,
    "lambda_t_std": 1.9459466541341683e-05,
    "n_records": 1950
  },
  "features.10.weight": {
    "r_t_mean": 4.649364964857004e-09,
    "r_t_std": 2.32411678351376e-08,
    "r_t_min": 0.0,
    "r_t_max": 3.2115488445493194e-07,
    "delta_hat_mean": 1.2019937943884647e-05,
    "delta_hat_std": 0.0007599042752073272,
    "lambda_t_mean": 0.0005072176263990374,
    "lambda_t_std": 1.9829501524939623e-05,
    "n_records": 1950
  },
  "features.12.weight": {
    "r_t_mean": 8.463958474931182e-09,
    "r_t_std": 4.067518484758252e-08,
    "r_t_min": 0.0,
    "r_t_max": 5.771607634775077e-07,
    "delta_hat_mean": -1.378372350821713e-07,
    "delta_hat_std": 0.0005942295280107973,
    "lambda_t_mean": 0.0005117459515743348,
    "lambda_t_std": 2.7557006229040166e-05,
    "n_records": 1950
  },
  "features.14.weight": {
    "r_t_mean": 1.2575818695716112e-08,
    "r_t_std": 5.761745696743695e-08,
    "r_t_min": 0.0,
    "r_t_max": 8.240533952845148e-07,
    "delta_hat_mean": -9.493580217004376e-07,
    "delta_hat_std": 0.000820103824954999,
    "lambda_t_mean": 0.0005173804359509263,
    "lambda_t_std": 3.465002701879899e-05,
    "n_records": 1950
  },
  "features.17.weight": {
    "r_t_mean": 2.2825038291767857e-08,
    "r_t_std": 9.929170233303093e-08,
    "r_t_min": 0.0,
    "r_t_max": 1.3203555246123406e-06,
    "delta_hat_mean": 2.3115323936665914e-05,
    "delta_hat_std": 0.0005829608546518491,
    "lambda_t_mean": 0.000527472464500501,
    "lambda_t_std": 4.370124283051985e-05,
    "n_records": 1950
  },
  "features.19.weight": {
    "r_t_mean": 8.250693659488789e-08,
    "r_t_std": 3.429127152587029e-07,
    "r_t_min": 0.0,
    "r_t_max": 4.6379720959049315e-06,
    "delta_hat_mean": -6.226141680459617e-06,
    "delta_hat_std": 0.0005972756474283844,
    "lambda_t_mean": 0.0005648170184406852,
    "lambda_t_std": 6.792818782510453e-05,
    "n_records": 1950
  },
  "features.21.weight": {
    "r_t_mean": 1.80941399389455e-07,
    "r_t_std": 7.10463923093704e-07,
    "r_t_min": 0.0,
    "r_t_max": 9.431651805263124e-06,
    "delta_hat_mean": 1.3430242969960022e-05,
    "delta_hat_std": 0.0007293910625950002,
    "lambda_t_mean": 0.0006192676980856371,
    "lambda_t_std": 0.00010439401806781653,
    "n_records": 1950
  },
  "features.24.weight": {
    "r_t_mean": 5.595073038186995e-07,
    "r_t_std": 2.0965886180452366e-06,
    "r_t_min": 0.0,
    "r_t_max": 2.8012983152663605e-05,
    "delta_hat_mean": -7.166462661882925e-06,
    "delta_hat_std": 0.0005697443224993854,
    "lambda_t_mean": 0.0006895540245961093,
    "lambda_t_std": 0.0001711361322856011,
    "n_records": 1950
  },
  "features.26.weight": {
    "r_t_mean": 1.8185880467168767e-06,
    "r_t_std": 6.252788446670085e-06,
    "r_t_min": 0.0,
    "r_t_max": 8.015672461167171e-05,
    "delta_hat_mean": 1.939081411755512e-05,
    "delta_hat_std": 0.0006495944485422557,
    "lambda_t_mean": 0.0007240620168401066,
    "lambda_t_std": 0.0002119067413372991,
    "n_records": 1950
  },
  "features.28.weight": {
    "r_t_mean": 7.507263864895294e-06,
    "r_t_std": 2.312182822827477e-05,
    "r_t_min": 0.0,
    "r_t_max": 0.0002896986662983031,
    "delta_hat_mean": 1.3040074010716988e-06,
    "delta_hat_std": 0.0009076191009924128,
    "lambda_t_mean": 0.0007334349105241125,
    "lambda_t_std": 0.0002255068389458482,
    "n_records": 1950
  },
  "classifier.0.weight": {
    "r_t_mean": 1.7417102162063995e-05,
    "r_t_std": 4.146922122262771e-05,
    "r_t_min": 0.0,
    "r_t_max": 0.00039496883003353544,
    "delta_hat_mean": 1.2653585536245606e-05,
    "delta_hat_std": 0.0021764063940600317,
    "lambda_t_mean": 0.0007196169297651067,
    "lambda_t_std": 0.00021727379172024286,
    "n_records": 1950
  },
  "classifier.3.weight": {
    "r_t_mean": 0.0001563734554329513,
    "r_t_std": 0.0002800662652917521,
    "r_t_min": 0.0,
    "r_t_max": 0.002485655060850566,
    "delta_hat_mean": 1.2974047295590306e-05,
    "delta_hat_std": 0.0019528222720610368,
    "lambda_t_mean": 0.0007177175844559442,
    "lambda_t_std": 0.00021819317409122702,
    "n_records": 1950
  },
  "classifier.6.weight": {
    "r_t_mean": 0.000610018963810351,
    "r_t_std": 0.001500598233835135,
    "r_t_min": 0.0,
    "r_t_max": 0.012523248879373554,
    "delta_hat_mean": 0.00023056126609815645,
    "delta_hat_std": 0.004385065830557271,
    "lambda_t_mean": 0.0006931205426651677,
    "lambda_t_std": 0.00022753839381635892,
    "n_records": 1950
  }
}