{
  "conv1.weight": {
    "r_t_mean": 0.011076922141986117,
    "r_t_std": 0.007944454207902515,
    "r_t_min": 0.004117052148040763,
    "r_t_max": 0.4812574007133102,
    "delta_hat_mean": -2.4287596681076958e-06,
    "delta_hat_std": 4.4698181008198086e-05,
    "lambda_t_mean": 0.0002515028162208321,
    "lambda_t_std": 0.00011992134178035285,
    "n_records": 7800
  },
  "layer1.0.conv1.weight": {
    "r_t_mean": 0.011125776971627045,
    "r_t_std": 0.006763100152862858,
    "r_t_min": 0.005637299434568925,
    "r_t_max": 0.5190046620183807,
    "delta_hat_mean": -1.487626272767209e-07,
    "delta_hat_std": 1.3645713119635466e-05,
    "lambda_t_mean": 0.0002488115469426108,
    "lambda_t_std": 0.00011929865156680166,
    "n_records": 7800
  },
  "layer1.0.conv2.weight": {
    "r_t_mean": 0.01108247239464328,
    "r_t_std": 0.0061233713689298535,
    "r_t_min": 0.006038843896972507,
    "r_t_max": 0.4284784426202044,
    "delta_hat_mean": 1.6214717258261482e-07,
    "delta_hat_std": 1.1140553151317772e-05,
    "lambda_t_mean": 0.00025139489320595803,
    "lambda_t_std": 0.00011987183130050759,
    "n_records": 7800
  },
  "layer1.1.conv1.weight": {
    "r_t_mean": 0.011512197759515489,
    "r_t_std": 0.00479480303051679,
    "r_t_min": 0.005636583249390981,
    "r_t_max": 0.29317334802929723,
    "delta_hat_mean": 8.262523174888004e-08,
    "delta_hat_std": 1.0029473660199548e-05,
    "lambda_t_mean": 0.0002493014348531117,
    "lambda_t_std": 0.00012155887435143363,
    "n_records": 7800
  },
  "layer1.1.conv2.weight": {
    "r_t_mean": 0.011361826257054437,
    "r_t_std": 0.004642504039502595,
    "r_t_min": 0.005792505855189861,
    "r_t_max": 0.27528524810812594,
    "delta_hat_mean": 4.046313872488968e-08,
    "delta_hat_std": 1.0439037772833123e-05,
    "lambda_t_mean": 0.00024908780198419964,
    "lambda_t_std": 0.00012043782033868901,
    "n_records": 7800
  },
  "layer1.2.conv1.weight": {
    "r_t_mean": 0.01201070162203549,
    "r_t_std": 0.004363114898587381,
    "r_t_min": 0.0065836195479745665,
    "r_t_max": 0.2586657638121061,
    "delta_hat_mean": 1.0282885967355026e-07,
    "delta_hat_std": 9.14583999106738e-06,
    "lambda_t_mean": 0.0002502116536814341,
    "lambda_t_std": 0.00011998962684903928,
    "n_records": 7800
  },
  "layer1.2.conv2.weight": {
    "r_t_mean": 0.011698679547629418,
    "r_t_std": 0.004194243565322414,
    "r_t_min": 0.00639010044888861,
    "r_t_max": 0.20989779367085526,
    "delta_hat_mean": -8.515403451094008e-08,
    "delta_hat_std": 8.93654036755166e-06,
    "lambda_t_mean": 0.0002488295997927242,
    "lambda_t_std": 0.0001201626531739905,
    "n_records": 7800
  },
  "layer2.0.conv1.weight": {
    "r_t_mean": 0.011358589448961566,
    "r_t_std": 0.00440660140066216,
    "r_t_min": 0.005735720201671041,
    "r_t_max": 0.1493071491439847,
    "delta_hat_mean": 1.8510019150348045e-07,
    "delta_hat_std": 9.274712277018812e-06,
    "lambda_t_mean": 0.0002515284557140905,
    "lambda_t_std": 0.00011977971803643201,
    "n_records": 7800
  },
  "layer2.0.conv2.weight": {
    "r_t_mean": 0.011298034548614399,
    "r_t_std": 0.004979790588743607,
    "r_t_min": 0.006038667770753647,
    "r_t_max": 0.1778587492623736,
    "delta_hat_mean": 7.064598092471207e-08,
    "delta_hat_std": 5.251522195073259e-06,
    "lambda_t_mean": 0.000250079501454711,
    "lambda_t_std": 0.00012052556072602654,
    "n_records": 7800
  },
  "layer2.0.shortcut.0.weight": {
    "r_t_mean": 0.010485257447416829,
    "r_t_std": 0.0038229316214577506,
    "r_t_min": 0.005225706676973757,
    "r_t_max": 0.058109788613780335,
    "delta_hat_mean": 2.295208665116546e-07,
    "delta_hat_std": 2.359727677992174e-05,
    "lambda_t_mean": 0.00025146726878229065,
    "lambda_t_std": 0.00011870972168511768,
    "n_records": 7800
  },
  "layer2.1.conv1.weight": {
    "r_t_mean": 0.011655320226513584,
    "r_t_std": 0.004854387042940724,
    "r_t_min": 0.005959479797774025,
    "r_t_max": 0.16391854990349786,
    "delta_hat_mean": 3.436288599941489e-08,
    "delta_hat_std": 3.5047844733069514e-06,
    "lambda_t_mean": 0.00025154281112819716,
    "lambda_t_std": 0.00011963585579288243,
    "n_records": 7800
  },
  "layer2.1.conv2.weight": {
    "r_t_mean": 0.011560224610591446,
    "r_t_std": 0.004492749442290107,
    "r_t_min": 0.005936203401929022,
    "r_t_max": 0.14279135428801654,
    "delta_hat_mean": 5.540700097232782e-09,
    "delta_hat_std": 3.756101375988071e-06,
    "lambda_t_mean": 0.00025081681432439606,
    "lambda_t_std": 0.00012059884782038547,
    "n_records": 7800
  },
  "layer2.2.conv1.weight": {
    "r_t_mean": 0.011903981153365021,
    "r_t_std": 0.004404610804630862,
    "r_t_min": 0.006441611896310917,
    "r_t_max": 0.12010559486054817,
    "delta_hat_mean": -4.2731479639258066e-08,
    "delta_hat_std": 3.4230201024853426e-06,
    "lambda_t_mean": 0.00025015059099677526,
    "lambda_t_std": 0.00012025876485887745,
    "n_records": 7800
  },
  "layer2.2.conv2.weight": {
    "r_t_mean": 0.011591090493638963,
    "r_t_std": 0.003936941987874184,
    "r_t_min": 0.006232111280283976,
    "r_t_max": 0.10962884355887774,
    "delta_hat_mean": 3.725830544896397e-08,
    "delta_hat_std": 4.105471179799885e-06,
    "lambda_t_mean": 0.00024944247565601257,
    "lambda_t_std": 0.00011973482642192696,
    "n_records": 7800
  },
  "layer3.0.conv1.weight": {
    "r_t_mean": 0.01138783338515743,
    "r_t_std": 0.004293886725076906,
    "r_t_min": 0.006146631744594008,
    "r_t_max": 0.08246577362679774,
    "delta_hat_mean": -1.3757700676023181e-08,
    "delta_hat_std": 3.4426239714194394e-06,
    "lambda_t_mean": 0.0002498583223865289,
    "lambda_t_std": 0.00011977757280622544,
    "n_records": 7800
  },
  "layer3.0.conv2.weight": {
    "r_t_mean": 0.011867189741473784,
    "r_t_std": 0.004662638486276761,
    "r_t_min": 0.006470314782659776,
    "r_t_max": 0.11170574027331764,
    "delta_hat_mean": -1.4878839466795443e-09,
    "delta_hat_std": 2.092313546603119e-06,
    "lambda_t_mean": 0.00024750144482223977,
    "lambda_t_std": 0.00011943406446984602,
    "n_records": 7800
  },
  "layer3.0.shortcut.0.weight": {
    "r_t_mean": 0.009744909526089682,
    "r_t_std": 0.0035927295767882138,
    "r_t_min": 0.005154313870031353,
    "r_t_max": 0.047515600595006015,
    "delta_hat_mean": -1.8904449203195084e-07,
    "delta_hat_std": 8.216225814601939e-06,
    "lambda_t_mean": 0.00024856702116823946,
    "lambda_t_std": 0.00011999090436711662,
    "n_records": 7800
  },
  "layer3.1.conv1.weight": {
    "r_t_mean": 0.012002602578268488,
    "r_t_std": 0.0046804904915328975,
    "r_t_min": 0.0066643678143926376,
    "r_t_max": 0.10400946903060185,
    "delta_hat_mean": -6.825029516273518e-09,
    "delta_hat_std": 1.9552895987221167e-06,
    "lambda_t_mean": 0.00024809964057842147,
    "lambda_t_std": 0.00011971975556205446,
    "n_records": 7800
  },
  "layer3.1.conv2.weight": {
    "r_t_mean": 0.012042793387030676,
    "r_t_std": 0.004391682212653556,
    "r_t_min": 0.006914585980053921,
    "r_t_max": 0.11104624388785723,
    "delta_hat_mean": -2.1012889035758213e-08,
    "delta_hat_std": 1.5545162271634403e-06,
    "lambda_t_mean": 0.00025140046853186184,
    "lambda_t_std": 0.00011888293408796108,
    "n_records": 7800
  },
  "layer3.2.conv1.weight": {
    "r_t_mean": 0.01206109846398089,
    "r_t_std": 0.004449696621219337,
    "r_t_min": 0.006638669961227169,
    "r_t_max": 0.10508502981667718,
    "delta_hat_mean": 1.583608700349186e-08,
    "delta_hat_std": 1.856298297320494e-06,
    "lambda_t_mean": 0.00025252500464221833,
    "lambda_t_std": 0.00011877664116260802,
    "n_records": 7800
  },
  "layer3.2.conv2.weight": {
    "r_t_mean": 0.011720813458602722,
    "r_t_std": 0.004232704394896105,
    "r_t_min": 0.0061860385892624405,
    "r_t_max": 0.10419303088357089,
    "delta_hat_mean": 2.095717653972964e-08,
    "delta_hat_std": 1.6098433172468486e-06,
    "lambda_t_mean": 0.0002517849676617241,