{
  "conv1.weight": {
    "r_t_mean": 0.00785707034379894,
    "r_t_std": 0.017584884626027468,
    "r_t_min": 0.002759421971524977,
    "r_t_max": 0.4812528650262561,
    "delta_hat_mean": -3.602718365395929e-06,
    "delta_hat_std": 4.1003729584583246e-05,
    "lambda_t_mean": 2.7043639775741267e-05,
    "lambda_t_std": 1.5153464537799776e-06,
    "n_records": 780
  },
  "layer1.0.conv1.weight": {
    "r_t_mean": 0.007777142118568491,
    "r_t_std": 0.018580459273584746,
    "r_t_min": 0.003632516144949829,
    "r_t_max": 0.5190025987751268,
    "delta_hat_mean": 4.1831470009963293e-07,
    "delta_hat_std": 1.7811883290480115e-05,
    "lambda_t_mean": 2.638027603889141e-05,
    "lambda_t_std": 1.0633898447050082e-06,
    "n_records": 780
  },
  "layer1.0.conv2.weight": {
    "r_t_mean": 0.007751366108690052,
    "r_t_std": 0.01533976454066102,
    "r_t_min": 0.004405989905543681,
    "r_t_max": 0.42846803679225015,
    "delta_hat_mean": -4.329217593012906e-07,
    "delta_hat_std": 1.242522656990141e-05,
    "lambda_t_mean": 2.6172056639072822e-05,
    "lambda_t_std": 8.853585264654421e-07,
    "n_records": 780
  },
  "layer1.1.conv1.weight": {
    "r_t_mean": 0.00823131348891968,
    "r_t_std": 0.010646158875750092,
    "r_t_min": 0.004334491661526609,
    "r_t_max": 0.2931693163291974,
    "delta_hat_mean": -3.9160309628873447e-07,
    "delta_hat_std": 8.156484651404873e-06,
    "lambda_t_mean": 2.6318512480086347e-05,
    "lambda_t_std": 9.865835161140093e-07,
    "n_records": 780
  },
  "layer1.1.conv2.weight": {
    "r_t_mean": 0.007982304205153891,
    "r_t_std": 0.010156088493476672,
    "r_t_min": 0.004174158881820923,
    "r_t_max": 0.2752792605222786,
    "delta_hat_mean": -4.149338565731306e-08,
    "delta_hat_std": 9.648981590498707e-06,
    "lambda_t_mean": 2.6218660484032466e-05,
    "lambda_t_std": 9.17546035177957e-07,
    "n_records": 780
  },
  "layer1.2.conv1.weight": {
    "r_t_mean": 0.00861408314923783,
    "r_t_std": 0.009279353375353544,
    "r_t_min": 0.004789852772192268,
    "r_t_max": 0.25865454172094376,
    "delta_hat_mean": -1.6110205126339795e-07,
    "delta_hat_std": 8.361211419342772e-06,
    "lambda_t_mean": 2.6233384929470197e-05,
    "lambda_t_std": 9.429157905831554e-07,
    "n_records": 780
  },
  "layer1.2.conv2.weight": {
    "r_t_mean": 0.00813820978793859,
    "r_t_std": 0.007703351366813134,
    "r_t_min": 0.004978735825941561,
    "r_t_max": 0.20989639980674654,
    "delta_hat_mean": -6.088711927964833e-07,
    "delta_hat_std": 7.712280296857492e-06,
    "lambda_t_mean": 2.6088680213598418e-05,
    "lambda_t_std": 8.510508045760739e-07,
    "n_records": 780
  },
  "layer2.0.conv1.weight": {
    "r_t_mean": 0.008082471273004592,
    "r_t_std": 0.006323851067373736,
    "r_t_min": 0.004266639283217543,
    "r_t_max": 0.1493027857838463,
    "delta_hat_mean": -1.7368564196531885e-07,
    "delta_hat_std": 9.475832396783725e-06,
    "lambda_t_mean": 2.611105941201741e-05,
    "lambda_t_std": 8.38387432576744e-07,
    "n_records": 780
  },
  "layer2.0.conv2.weight": {
    "r_t_mean": 0.008094485728294057,
    "r_t_std": 0.007231703457263732,
    "r_t_min": 0.004277958664394944,
    "r_t_max": 0.17785394845316868,
    "delta_hat_mean": -2.709831020311993e-07,
    "delta_hat_std": 6.112688785361759e-06,
    "lambda_t_mean": 2.59760314203705e-05,
    "lambda_t_std": 7.344780944080396e-07,
    "n_records": 780
  },
  "layer2.0.shortcut.0.weight": {
    "r_t_mean": 0.006964253495782593,
    "r_t_std": 0.004157315512854464,
    "r_t_min": 0.003349211688777125,
    "r_t_max": 0.04056763875319116,
    "delta_hat_mean": 2.1497001260201295e-06,
    "delta_hat_std": 2.841768996499027e-05,
    "lambda_t_mean": 2.6094527457963223e-05,
    "lambda_t_std": 8.529015211770288e-07,
    "n_records": 780
  },
  "layer2.1.conv1.weight": {
    "r_t_mean": 0.008404137429900331,
    "r_t_std": 0.006635925996092533,
    "r_t_min": 0.004757985739334694,
    "r_t_max": 0.16391492027503574,
    "delta_hat_mean": -7.503326545387468e-08,
    "delta_hat_std": 4.6310321171034944e-06,
    "lambda_t_mean": 2.5970173427115073e-05,
    "lambda_t_std": 7.74139699696013e-07,
    "n_records": 780
  },
  "layer2.1.conv2.weight": {
    "r_t_mean": 0.008237385463567273,
    "r_t_std": 0.005976338816525616,
    "r_t_min": 0.004440715346795013,
    "r_t_max": 0.14279105253384494,
    "delta_hat_mean": 2.0602118016933028e-07,
    "delta_hat_std": 4.213187259267317e-06,
    "lambda_t_mean": 2.5924730688836783e-05,
    "lambda_t_std": 7.357561714063373e-07,
    "n_records": 780
  },
  "layer2.2.conv1.weight": {
    "r_t_mean": 0.008782161360732711,
    "r_t_std": 0.00534471206846564,
    "r_t_min": 0.00481167791579448,
    "r_t_max": 0.12010240230239892,
    "delta_hat_mean": 7.521704603892688e-08,
    "delta_hat_std": 3.7324698613622456e-06,
    "lambda_t_mean": 2.600794223305744e-05,
    "lambda_t_std": 7.556118895657706e-07,
    "n_records": 780
  },
  "layer2.2.conv2.weight": {
    "r_t_mean": 0.008333261663311204,
    "r_t_std": 0.004987816310977718,
    "r_t_min": 0.00502458081658575,
    "r_t_max": 0.10962594193093733,
    "delta_hat_mean": -2.398039692150173e-07,
    "delta_hat_std": 4.30413470197621e-06,
    "lambda_t_mean": 2.5915621387695413e-05,
    "lambda_t_std": 7.464303679701301e-07,
    "n_records": 780
  },
  "layer3.0.conv1.weight": {
    "r_t_mean": 0.008084604388752206,
    "r_t_std": 0.004683126897667574,
    "r_t_min": 0.004568879969722594,
    "r_t_max": 0.08246255539164224,
    "delta_hat_mean": -2.932563769028262e-08,
    "delta_hat_std": 3.052937958622193e-06,
    "lambda_t_mean": 2.5895288091077302e-05,
    "lambda_t_std": 6.983947001346047e-07,
    "n_records": 780
  },
  "layer3.0.conv2.weight": {
    "r_t_mean": 0.008462106068215397,
    "r_t_std": 0.005469390738882534,
    "r_t_min": 0.0048875537210582585,
    "r_t_max": 0.11170484094938894,
    "delta_hat_mean": 1.4136125581210024e-08,
    "delta_hat_std": 2.465669635539875e-06,
    "lambda_t_mean": 2.585308033386043e-05,
    "lambda_t_std": 6.598708704528357e-07,
    "n_records": 780
  },
  "layer3.0.shortcut.0.weight": {
    "r_t_mean": 0.006464111820381093,
    "r_t_std": 0.0038666965777884197,
    "r_t_min": 0.0032667107859381214,
    "r_t_max": 0.03923928635062545,
    "delta_hat_mean": 1.0698448455228661e-07,
    "delta_hat_std": 8.951483551520673e-06,
    "lambda_t_mean": 2.59062476046851e-05,
    "lambda_t_std": 7.007526403490068e-07,
    "n_records": 780
  },
  "layer3.1.conv1.weight": {
    "r_t_mean": 0.008734630217565813,
    "r_t_std": 0.00525346697132772,
    "r_t_min": 0.005238857385120606,
    "r_t_max": 0.10400698567816277,
    "delta_hat_mean": 4.9459249351624377e-08,
    "delta_hat_std": 2.0519257545327763e-06,
    "lambda_t_mean": 2.5888808791236736e-05,
    "lambda_t_std": 6.931977331069749e-07,
    "n_records": 780
  },
  "layer3.1.conv2.weight": {
    "r_t_mean": 0.008783215598631175,
    "r_t_std": 0.005181601272404396,
    "r_t_min": 0.005238570642024042,
    "r_t_max": 0.11104576123763663,
    "delta_hat_mean": 4.021808924923548e-08,
    "delta_hat_std": 1.728893479584795e-06,
    "lambda_t_mean": 2.587138580997467e-05,
    "lambda_t_std": 6.492833686818383e-07,
    "n_records": 780
  },
  "layer3.2.conv1.weight": {
    "r_t_mean": 0.008623645997874498,
    "r_t_std": 0.005336450440963657,
    "r_t_min": 0.004921460414464298,
    "r_t_max": 0.10508037321558229,
    "delta_hat_mean": 6.639887259164167e-08,
    "delta_hat_std": 2.0861294543857817e-06,
    "lambda_t_mean": 2.5859710625990145e-05,
    "lambda_t_std": 6.309872161722766e-07,
    "n_records": 780
  },
  "layer3.2.conv2.weight": {
    "r_t_mean": 0.008388550873005543,
    "r_t_std": 0.005106695441602096,
    "r_t_min": 0.004708527968055922,
    "r_t_max": 0.10419070053501014,
    "delta_hat_mean": 4.960428871428478e-08,
    "delta_hat_std": 1.7506448484807476e-06,
    "lambda_t_mean": 2.5838332728942172e-05,
    "lambda_t_std": 6.136012932195582e-07,
    "n_records": 780
  },