{
  "conv1.weight": {
    "r_t_mean": 0.011031535187024462,
    "r_t_std": 0.006694036194819732,
    "r_t_min": 0.0046576563848133475,
    "r_t_max": 0.3443348694712485,
    "delta_hat_mean": -1.6121673446533008e-06,
    "delta_hat_std": 5.246085342314023e-05,
    "lambda_t_mean": 0.00024810408755898656,
    "lambda_t_std": 0.00012000056864671585,
    "n_records": 7800
  },
  "layer1.0.conv1.weight": {
    "r_t_mean": 0.011408671342090358,
    "r_t_std": 0.005310237209936354,
    "r_t_min": 0.00631307766305206,
    "r_t_max": 0.35132382418545605,
    "delta_hat_mean": -1.0466006788311651e-07,
    "delta_hat_std": 1.2702082704322638e-05,
    "lambda_t_mean": 0.000247600106143395,
    "lambda_t_std": 0.00011905108294171091,
    "n_records": 7800
  },
  "layer1.0.conv2.weight": {
    "r_t_mean": 0.011358349622134667,
    "r_t_std": 0.005106080855199011,
    "r_t_min": 0.006552764717791529,
    "r_t_max": 0.32862948060462155,
    "delta_hat_mean": -1.5297233182339833e-07,
    "delta_hat_std": 1.2493553569498656e-05,
    "lambda_t_mean": 0.0002489319112408228,
    "lambda_t_std": 0.00011922787616933351,
    "n_records": 7800
  },
  "layer1.1.conv1.weight": {
    "r_t_mean": 0.011434195445101648,
    "r_t_std": 0.004701031257720383,
    "r_t_min": 0.006205018571732551,
    "r_t_max": 0.28082339708927373,
    "delta_hat_mean": 6.584014682083546e-08,
    "delta_hat_std": 1.1050403545119959e-05,
    "lambda_t_mean": 0.00025085076593368773,
    "lambda_t_std": 0.00011976738040542311,
    "n_records": 7800
  },
  "layer1.1.conv2.weight": {
    "r_t_mean": 0.01135407789910046,
    "r_t_std": 0.004368796455293281,
    "r_t_min": 0.005964422543714682,
    "r_t_max": 0.21377050894288652,
    "delta_hat_mean": -8.352484339236029e-08,
    "delta_hat_std": 9.600126615096776e-06,
    "lambda_t_mean": 0.00025072369539501393,
    "lambda_t_std": 0.00012030048579436784,
    "n_records": 7800
  },
  "layer1.2.conv1.weight": {
    "r_t_mean": 0.011644466677728588,
    "r_t_std": 0.004707210267003797,
    "r_t_min": 0.006322120387687488,
    "r_t_max": 0.2447869557777482,
    "delta_hat_mean": 8.937661571964761e-09,
    "delta_hat_std": 7.945327495161682e-06,
    "lambda_t_mean": 0.00025053715318789754,
    "lambda_t_std": 0.00011968769440902916,
    "n_records": 7800
  },
  "layer1.2.conv2.weight": {
    "r_t_mean": 0.011461600038731704,
    "r_t_std": 0.004584500759682786,
    "r_t_min": 0.006353969634996691,
    "r_t_max": 0.22359403011059417,
    "delta_hat_mean": 4.990355185636901e-08,
    "delta_hat_std": 8.290369181800789e-06,
    "lambda_t_mean": 0.00025136002043880804,
    "lambda_t_std": 0.00012050162712880246,
    "n_records": 7800
  },
  "layer2.0.conv1.weight": {
    "r_t_mean": 0.011401589878312076,
    "r_t_std": 0.0043713369192236754,
    "r_t_min": 0.006337275046448847,
    "r_t_max": 0.1644763463046444,
    "delta_hat_mean": -2.1953350847616398e-08,
    "delta_hat_std": 8.189432706610129e-06,
    "lambda_t_mean": 0.0002496507540394403,
    "lambda_t_std": 0.00011951346016092666,
    "n_records": 7800
  },
  "layer2.0.conv2.weight": {
    "r_t_mean": 0.011414643906505673,
    "r_t_std": 0.004647728174888113,
    "r_t_min": 0.006167907897373446,
    "r_t_max": 0.16764111613199964,
    "delta_hat_mean": 3.722937293267379e-08,
    "delta_hat_std": 5.2976175187698845e-06,
    "lambda_t_mean": 0.0002502612958009966,
    "lambda_t_std": 0.00012031623336704705,
    "n_records": 7800
  },
  "layer2.0.shortcut.0.weight": {
    "r_t_mean": 0.010488560126184595,
    "r_t_std": 0.003925026826993853,
    "r_t_min": 0.005868582114109374,
    "r_t_max": 0.04802979689899186,
    "delta_hat_mean": 3.7103293686221937e-07,
    "delta_hat_std": 2.403386300397976e-05,
    "lambda_t_mean": 0.00024758824497258137,
    "lambda_t_std": 0.00011999578264074584,
    "n_records": 7800
  },
  "layer2.1.conv1.weight": {
    "r_t_mean": 0.011704386960060814,
    "r_t_std": 0.004530527117656148,
    "r_t_min": 0.006682073220427264,
    "r_t_max": 0.16335971436722077,
    "delta_hat_mean": 5.039523427765648e-09,
    "delta_hat_std": 3.5825310044730207e-06,
    "lambda_t_mean": 0.00024971294750427553,
    "lambda_t_std": 0.00011951403910590673,
    "n_records": 7800
  },
  "layer2.1.conv2.weight": {
    "r_t_mean": 0.011608111669910012,
    "r_t_std": 0.004292186703105972,
    "r_t_min": 0.006643303126597979,
    "r_t_max": 0.13248695990161444,
    "delta_hat_mean": -3.803910095386746e-08,
    "delta_hat_std": 3.781236373598355e-06,
    "lambda_t_mean": 0.0002500099428291408,
    "lambda_t_std": 0.00012010506757387384,
    "n_records": 7800
  },
  "layer2.2.conv1.weight": {
    "r_t_mean": 0.012099208058244491,
    "r_t_std": 0.004046776481173028,
    "r_t_min": 0.006983176049845366,
    "r_t_max": 0.12661247768027548,
    "delta_hat_mean": -2.130688335015527e-09,
    "delta_hat_std": 3.4382159099367998e-06,
    "lambda_t_mean": 0.00024917893296631154,
    "lambda_t_std": 0.00011959545132854903,
    "n_records": 7800
  },
  "layer2.2.conv2.weight": {
    "r_t_mean": 0.011782039483042935,
    "r_t_std": 0.003935840565543814,
    "r_t_min": 0.006615026717208545,
    "r_t_max": 0.11284196063613201,
    "delta_hat_mean": -6.808666263363632e-09,
    "delta_hat_std": 3.673910669165917e-06,
    "lambda_t_mean": 0.0002505331806646283,
    "lambda_t_std": 0.00011998805126554475,
    "n_records": 7800
  },
  "layer3.0.conv1.weight": {
    "r_t_mean": 0.011394932644828916,
    "r_t_std": 0.004221275495073501,
    "r_t_min": 0.00656808992662498,
    "r_t_max": 0.08782241631510315,
    "delta_hat_mean": 3.5289782318514415e-08,
    "delta_hat_std": 3.3717148337335006e-06,
    "lambda_t_mean": 0.0002501957955429097,
    "lambda_t_std": 0.00012050411863254468,
    "n_records": 7800
  },
  "layer3.0.conv2.weight": {
    "r_t_mean": 0.01187340745509597,
    "r_t_std": 0.004554797811086853,
    "r_t_min": 0.006506356148774853,
    "r_t_max": 0.10970808197653512,
    "delta_hat_mean": 7.246239419810826e-09,
    "delta_hat_std": 2.198052832452686e-06,
    "lambda_t_mean": 0.0002487854429132853,
    "lambda_t_std": 0.00012034390274423551,
    "n_records": 7800
  },
  "layer3.0.shortcut.0.weight": {
    "r_t_mean": 0.009853586203571659,
    "r_t_std": 0.003668195805316938,
    "r_t_min": 0.005424003208920444,
    "r_t_max": 0.04563005148101048,
    "delta_hat_mean": -9.161032810658444e-08,
    "delta_hat_std": 8.364205982621447e-06,
    "lambda_t_mean": 0.0002506837209294711,
    "lambda_t_std": 0.0001198493991110206,
    "n_records": 7800
  },
  "layer3.1.conv1.weight": {
    "r_t_mean": 0.011879207840078817,
    "r_t_std": 0.004767233288971106,
    "r_t_min": 0.006441075371053241,
    "r_t_max": 0.09884819765621086,
    "delta_hat_mean": -2.009636846551743e-08,
    "delta_hat_std": 1.9029995408654411e-06,
    "lambda_t_mean": 0.0002512980180921525,
    "lambda_t_std": 0.00012113603209143974,
    "n_records": 7800
  },
  "layer3.1.conv2.weight": {
    "r_t_mean": 0.012003688582572022,
    "r_t_std": 0.004476678133629548,
    "r_t_min": 0.006499478305057461,
    "r_t_max": 0.0961295201486102,
    "delta_hat_mean": 3.048584203471009e-08,
    "delta_hat_std": 1.5918422019610728e-06,
    "lambda_t_mean": 0.00025017389684650404,
    "lambda_t_std": 0.00012075044167416613,
    "n_records": 7800
  },
  "layer3.2.conv1.weight": {
    "r_t_mean": 0.012237351534761087,
    "r_t_std": 0.004225340633997949,
    "r_t_min": 0.006821729133821607,
    "r_t_max": 0.09862860200101942,
    "delta_hat_mean": 2.5234113034457197e-08,
    "delta_hat_std": 1.7997982669888425e-06,
    "lambda_t_mean": 0.0002498628517612719,
    "lambda_t_std": 0.0001213964898025116,
    "n_records": 7800
  },
  "layer3.2.conv2.weight": {
    "r_t_mean": 0.01185983695513868,
    "r_t_std": 0.004165220424783535,
    "r_t_min": 0.006742220721364086,
    "r_t_max": 0.13108820312532057,
    "delta_hat_mean": -1.0293174299690316e-08,
    "delta_hat_std": 1.534198641191849e-06,
    "lambda_t_mean": 0.00024942254958578125,