{
  "variant": "Kd_only",
  "method": "UDWDC_v2_Kd_only",
  "K_p": 0.0,
  "K_i": 0.0,
  "K_d": 0.3,
  "is_baseline": false,
  "seed": 123,
  "epochs": 200,
  "best_test_acc": 70.95,
  "final_test_acc": 70.69,
  "final_train_acc": 99.83373397435898,
  "generalization_gap": 29.14373397435898,
  "total_wd_budget": 0.5902533224555017,
  "v2_cumulative_wd_budget": 400274.97069893003,
  "csi": 0.2392768321293124,
  "nan_inf_detected": false,
  "elapsed_sec": 715.2275748252869
}