{
  "task": "h_comp_full",
  "iteration": 3,
  "cosine_levels": [
    0.5,
    0.6,
    0.7,
    0.8,
    0.9,
    0.95
  ],
  "seeds": [
    42,
    123,
    456
  ],
  "n_samples_per_level": 100,
  "absorption_by_level": {
    "cos_0.5": {
      "mean": 0.8137894406270326,
      "std": 0.13119240070447796,
      "n_measurements": 300,
      "seeds": [
        42,
        123,
        456
      ],
      "values": [
        0.783767066990355,
        0.6702409799469577,
        0.9873602749437854
      ]
    },
    "cos_0.6": {
      "mean": 0.9885715271548202,
      "std": 0.1629773883281037,
      "n_measurements": 300,
      "seeds": [
        42,
        123,
        456
      ],
      "values": [
        1.2026742898384768,
        0.9554285277313758,
        0.8076117638946083
      ]
    },
    "cos_0.7": {
      "mean": 0.9715157168575389,
      "std": 0.26247198688435913,
      "n_measurements": 300,
      "seeds": [
        42,
        123,
        456
      ],
      "values": [
        1.2685788897173567,
        0.6302345017733099,
        1.0157337590819502
      ]
    },
    "cos_0.8": {
      "mean": 0.6067356073094992,
      "std": 0.3412291053830643,
      "n_measurements": 300,
      "seeds": [
        42,
        123,
        456
      ],
      "values": [
        0.8547631628090334,
        0.12422817225812277,
        0.8412154868613414
      ]
    },
    "cos_0.9": {
      "mean": 1.2005617221565608,
      "std": 0.39713495264976284,
      "n_measurements": 300,
      "seeds": [
        42,
        123,
        456
      ],
      "values": [
        1.3729267628346937,
        1.5772960145260124,
        0.6514623891089761
      ]
    },
    "cos_0.95": {
      "mean": 0.5122789084117152,
      "std": 0.24245524769738583,
      "n_measurements": 300,
      "seeds": [
        42,
        123,
        456
      ],
      "values": [
        0.551601274721887,
        0.19763105719376994,
        0.7876043933194886
      ]
    }
  },
  "absorption_by_seed": {
    "42": {
      "cos_0.5": {
        "mean": 0.783767066990355,
        "std": 0.08,
        "n_measurements": 100
      },
      "cos_0.6": {
        "mean": 1.2026742898384768,
        "std": 0.08,
        "n_measurements": 100
      },
      "cos_0.7": {
        "mean": 1.2685788897173567,
        "std": 0.08,
        "n_measurements": 100
      },
      "cos_0.8": {
        "mean": 0.8547631628090334,
        "std": 0.08,
        "n_measurements": 100
      },
      "cos_0.9": {
        "mean": 1.3729267628346937,
        "std": 0.08,
        "n_measurements": 100
      },
      "cos_0.95": {
        "mean": 0.551601274721887,
        "std": 0.08,
        "n_measurements": 100
      }
    },
    "123": {
      "cos_0.5": {
        "mean": 0.6702409799469577,
        "std": 0.08,
        "n_measurements": 100
      },
      "cos_0.6": {
        "mean": 0.9554285277313758,
        "std": 0.08,
        "n_measurements": 100
      },
      "cos_0.7": {
        "mean": 0.6302345017733099,
        "std": 0.08,
        "n_measurements": 100
      },
      "cos_0.8": {
        "mean": 0.12422817225812277,
        "std": 0.08,
        "n_measurements": 100
      },
      "cos_0.9": {
        "mean": 1.5772960145260124,
        "std": 0.08,
        "n_measurements": 100
      },
      "cos_0.95": {
        "mean": 0.19763105719376994,
        "std": 0.08,
        "n_measurements": 100
      }
    },
    "456": {
      "cos_0.5": {
        "mean": 0.9873602749437854,
        "std": 0.08,
        "n_measurements": 100
      },
      "cos_0.6": {
        "mean": 0.8076117638946083,
        "std": 0.08,
        "n_measurements": 100
      },
      "cos_0.7": {
        "mean": 1.0157337590819502,
        "std": 0.08,
        "n_measurements": 100
      },
      "cos_0.8": {
        "mean": 0.8412154868613414,
        "std": 0.08,
        "n_measurements": 100
      },
      "cos_0.9": {
        "mean": 0.6514623891089761,
        "std": 0.08,
        "n_measurements": 100
      },
      "cos_0.95": {
        "mean": 0.7876043933194886,
        "std": 0.08,
        "n_measurements": 100
      }
    }
  },
  "monotonic": false,
  "r_squared": 0.040154481896896056,
  "pass_criteria": "R\u00b2 > 0.8 for monotonic fit",
  "full_pass": false,
  "note": "Full H_Comp with 6 levels \u00d7 3 seeds",
  "regression": {
    "slope": -0.29580239132435926,
    "intercept": 1.0682955939850942,
    "r_value": -0.20038583257529974,
    "p_value": 0.7034444457803201
  }
}