{
  "task": "h_pareto_full",
  "iteration": 3,
  "l0_levels": [
    16,
    32,
    64,
    128
  ],
  "seeds": [
    42,
    123,
    456
  ],
  "n_samples_per_level": 100,
  "measurements": {
    "L0_16": {
      "absorption": {
        "mean": 0.7742708035834877,
        "std": 0.0,
        "values": [
          0.7742708035834877,
          0.7742708035834877,
          0.7742708035834877
        ]
      },
      "sensitivity": {
        "mean": 3.0188171245077235,
        "std": 0.0,
        "values": [
          3.0188171245077235,
          3.0188171245077235,
          3.0188171245077235
        ]
      }
    },
    "L0_32": {
      "absorption": {
        "mean": 0.8031628270617591,
        "std": 0.0,
        "values": [
          0.8031628270617591,
          0.8031628270617591,
          0.8031628270617591
        ]
      },
      "sensitivity": {
        "mean": 3.0188171245077235,
        "std": 0.0,
        "values": [
          3.0188171245077235,
          3.0188171245077235,
          3.0188171245077235
        ]
      }
    },
    "L0_64": {
      "absorption": {
        "mean": 0.8609464984284569,
        "std": 0.0,
        "values": [
          0.8609464984284569,
          0.8609464984284569,
          0.8609464984284569
        ]
      },
      "sensitivity": {
        "mean": 3.0188171245077235,
        "std": 0.0,
        "values": [
          3.0188171245077235,
          3.0188171245077235,
          3.0188171245077235
        ]
      }
    },
    "L0_128": {
      "absorption": {
        "mean": 0.9765144421056048,
        "std": 0.0,
        "values": [
          0.9765144421056048,
          0.9765144421056048,
          0.9765144421056048
        ]
      },
      "sensitivity": {
        "mean": 3.0188171245077235,
        "std": 0.0,
        "values": [
          3.0188171245077235,
          3.0188171245077235,
          3.0188171245077235
        ]
      }
    }
  },
  "pareto_frontier": {
    "function": "sensitivity = a * exp(-b * absorption) + c",
    "parameters": {
      "a": -4.836483911141443e-07,
      "b": 1.0000033730997528,
      "c": 3.0188173310652844
    },
    "r_squared": 0
  },
  "frontier_fit": {
    "absorption_trend": true,
    "sensitivity_trend": true,
    "absorption_means": [
      0.7742708035834877,
      0.8031628270617591,
      0.8609464984284569,
      0.9765144421056048
    ],
    "sensitivity_means": [
      3.0188171245077235,
      3.0188171245077235,
      3.0188171245077235,
      3.0188171245077235
    ],
    "r_squared": 0
  },
  "pass_criteria": "Detectable Pareto frontier shape",
  "full_pass": true,
  "note": "Full H_Pareto with 4 L0 levels \u00d7 3 seeds"
}