{
  "conv1.weight": {
    "r_t_mean": NaN,
    "r_t_std": NaN,
    "r_t_min": NaN,
    "r_t_max": NaN,
    "delta_hat_mean": NaN,
    "delta_hat_std": NaN,
    "lambda_t_mean": 0.0001,
    "lambda_t_std": 0.0,
    "n_records": 4
  },
  "layer1.0.conv1.weight": {
    "r_t_mean": 0.0858196466705963,
    "r_t_std": 0.1125273841266763,
    "r_t_min": 0.013036871177531694,
    "r_t_max": 0.2536632236203993,
    "delta_hat_mean": 2.0150953901065805e-06,
    "delta_hat_std": 2.4068592890119866e-06,
    "lambda_t_mean": 0.0001,
    "lambda_t_std": 0.0,
    "n_records": 4
  },
  "layer1.0.conv2.weight": {
    "r_t_mean": 0.15790912671500523,
    "r_t_std": 0.25096419750073823,
    "r_t_min": 0.009435541833716431,
    "r_t_max": 0.5333385541208961,
    "delta_hat_mean": 3.794280587499088e-07,
    "delta_hat_std": 2.795156999232004e-06,
    "lambda_t_mean": 0.0001,
    "lambda_t_std": 0.0,
    "n_records": 4
  },
  "layer1.0.conv3.weight": {
    "r_t_mean": 0.10243513574573823,
    "r_t_std": 0.11792310909195844,
    "r_t_min": 0.018752434889159064,
    "r_t_max": 0.27523572787803147,
    "delta_hat_mean": 1.3355218015931314e-06,
    "delta_hat_std": 3.0689930807488073e-06,
    "lambda_t_mean": 0.0001,
    "lambda_t_std": 0.0,
    "n_records": 4
  },
  "layer1.0.downsample.0.weight": {
    "r_t_mean": 0.09689673970596197,
    "r_t_std": 0.12452425796026417,
    "r_t_min": 0.015228275119023468,
    "r_t_max": 0.28012407382757426,
    "delta_hat_mean": 9.828016089841185e-08,
    "delta_hat_std": 8.195363157716963e-07,
    "lambda_t_mean": 0.0001,
    "lambda_t_std": 0.0,
    "n_records": 4
  },
  "layer1.1.conv1.weight": {
    "r_t_mean": 0.026984958008944855,
    "r_t_std": 0.024855663177205212,
    "r_t_min": 0.009833528063248062,
    "r_t_max": 0.06344203007852706,
    "delta_hat_mean": 1.326673521262478e-06,
    "delta_hat_std": 9.86878568211796e-07,
    "lambda_t_mean": 0.0001,
    "lambda_t_std": 0.0,
    "n_records": 4
  },
  "layer1.1.conv2.weight": {
    "r_t_mean": 0.10879491371299871,
    "r_t_std": 0.14154742907189197,
    "r_t_min": 0.013565914589024152,
    "r_t_max": 0.3172961643132242,
    "delta_hat_mean": 2.4317416222885413e-06,
    "delta_hat_std": 3.0071734955328632e-06,
    "lambda_t_mean": 0.0001,
    "lambda_t_std": 0.0,
    "n_records": 4
  },
  "layer1.1.conv3.weight": {
    "r_t_mean": 0.07575508887528296,
    "r_t_std": 0.06853862005481783,
    "r_t_min": 0.018122524008340912,
    "r_t_max": 0.17154168964765087,
    "delta_hat_mean": -1.6993712961266283e-06,
    "delta_hat_std": 1.2229873162752026e-06,
    "lambda_t_mean": 0.0001,
    "lambda_t_std": 0.0,
    "n_records": 4
  },
  "layer1.2.conv1.weight": {
    "r_t_mean": 0.01937915837291412,
    "r_t_std": 0.016135351791952395,
    "r_t_min": 0.007475495987030217,
    "r_t_max": 0.04257905302128807,
    "delta_hat_mean": -9.028069172245523e-06,
    "delta_hat_std": 1.5304306251315175e-05,
    "lambda_t_mean": 0.0001,
    "lambda_t_std": 0.0,
    "n_records": 4
  },
  "layer1.2.conv2.weight": {
    "r_t_mean": 0.07808976336806166,
    "r_t_std": 0.08731922918009544,
    "r_t_min": 0.012054727165077337,
    "r_t_max": 0.20113700006496804,
    "delta_hat_mean": -1.49886352573958e-06,
    "delta_hat_std": 2.523429871297642e-06,
    "lambda_t_mean": 0.0001,
    "lambda_t_std": 0.0,
    "n_records": 4
  },
  "layer1.2.conv3.weight": {
    "r_t_mean": 0.05487237932340266,
    "r_t_std": 0.04819122863317655,
    "r_t_min": 0.010417967951350965,
    "r_t_max": 0.11398462839874866,
    "delta_hat_mean": -1.1035525204761143e-06,
    "delta_hat_std": 3.1569823161533475e-06,
    "lambda_t_mean": 0.0001,
    "lambda_t_std": 0.0,
    "n_records": 4
  },
  "layer2.0.conv1.weight": {
    "r_t_mean": 0.02194537034306925,
    "r_t_std": 0.019695403179112794,
    "r_t_min": 0.004473466983596102,
    "r_t_max": 0.0458772506326471,
    "delta_hat_mean": 1.0770062743858944e-06,
    "delta_hat_std": 2.727297595116533e-06,
    "lambda_t_mean": 0.0001,
    "lambda_t_std": 0.0,
    "n_records": 4
  },
  "layer2.0.conv2.weight": {
    "r_t_mean": 0.06563869249041993,
    "r_t_std": 0.0687002316245085,
    "r_t_min": 0.005029517256296168,
    "r_t_max": 0.15273104053788386,
    "delta_hat_mean": -6.085519395071515e-07,
    "delta_hat_std": 2.8800120529811907e-06,
    "lambda_t_mean": 0.0001,
    "lambda_t_std": 0.0,
    "n_records": 4
  },
  "layer2.0.conv3.weight": {
    "r_t_mean": 0.05021992092240505,
    "r_t_std": 0.03754365248858128,
    "r_t_min": 0.0062664194125409715,
    "r_t_max": 0.08489129321804537,
    "delta_hat_mean": -6.8498273719797e-08,
    "delta_hat_std": 1.1914654884410203e-06,
    "lambda_t_mean": 0.0001,
    "lambda_t_std": 0.0,
    "n_records": 4
  },
  "layer2.0.downsample.0.weight": {
    "r_t_mean": 0.03328227646688034,
    "r_t_std": 0.026867506364469884,
    "r_t_min": 0.004345569298961126,
    "r_t_max": 0.05926828658382002,
    "delta_hat_mean": 2.25470593306909e-07,
    "delta_hat_std": 8.030756583764133e-07,
    "lambda_t_mean": 0.0001,
    "lambda_t_std": 0.0,
    "n_records": 4
  },
  "layer2.1.conv1.weight": {
    "r_t_mean": 0.012362355486974362,
    "r_t_std": 0.00863474457837182,
    "r_t_min": 0.001956159637440553,
    "r_t_max": 0.0208160772819569,
    "delta_hat_mean": 9.266763640880527e-07,
    "delta_hat_std": 2.1540385406019144e-06,
    "lambda_t_mean": 0.0001,
    "lambda_t_std": 0.0,
    "n_records": 4
  },
  "layer2.1.conv2.weight": {
    "r_t_mean": 0.05586243711959885,
    "r_t_std": 0.04975772622525329,
    "r_t_min": 0.006144806762991327,
    "r_t_max": 0.10382305641580987,
    "delta_hat_mean": 1.5435487767945233e-06,
    "delta_hat_std": 2.1771549753125314e-06,
    "lambda_t_mean": 0.0001,
    "lambda_t_std": 0.0,
    "n_records": 4
  },
  "layer2.1.conv3.weight": {
    "r_t_mean": 0.04452214316172364,
    "r_t_std": 0.027086832950587093,
    "r_t_min": 0.007038803182159965,
    "r_t_max": 0.06878348857524129,
    "delta_hat_mean": 3.6666477498670247e-07,
    "delta_hat_std": 9.690128906378714e-07,
    "lambda_t_mean": 0.0001,
    "lambda_t_std": 0.0,
    "n_records": 4
  },
  "layer2.2.conv1.weight": {
    "r_t_mean": 0.012216978512223087,
    "r_t_std": 0.006889547616352743,
    "r_t_min": 0.0019924364284246918,
    "r_t_max": 0.016983431678095375,
    "delta_hat_mean": 9.025507807791655e-08,
    "delta_hat_std": 1.91507702059114e-06,
    "lambda_t_mean": 0.0001,
    "lambda_t_std": 0.0,
    "n_records": 4
  },
  "layer2.2.conv2.weight": {
    "r_t_mean": 0.04657693275890914,
    "r_t_std": 0.04027820329604476,
    "r_t_min": 0.005771059468810735,
    "r_t_max": 0.0890314709447652,
    "delta_hat_mean": -8.588127293762682e-07,
    "delta_hat_std": 3.4218238507723605e-06,
    "lambda_t_mean": 0.0001,
    "lambda_t_std": 0.0,
    "n_records": 4
  },
  "layer2.2.conv3.weight": {
    "r_t_mean": 0.030900814649296844,
    "r_t_std": 0.020588993309049425,
    "r_t_min": 0.0068690850021489855,
    "r_t_max": 0.05423305620702385,
    "delta_hat_mean": 1.2758935907797309e-07,
    "delta_hat_std": 1.6461630782814952e-06,
    "lambda_t_mean": 0.0001,
    "lambda_t_std": 0.0,
    "n_records": 4
  },
  "layer2.3.conv1.weight": {
    "r_t_mean": 0.008918465141762685,
    "r_t_std": 0.005314804640113273,
    "r_t_min": 0.0017968458697819626,
    "r_t_max": 0.014529995764347242,
    "delta_hat_mean": 7.991938986151581e-07,
    "delta_hat_std": 2.2074129642201293e-06,
    "lambda_t_mean": 0.0001,
    "lambda_t_std": 0.0,
    "n_records": 4
  },
  "layer2.3.conv2.weight": {
    "r_t_mean": 0.03929252647037669,
    "r_t_std": 0.029696073037897074,
    "r_t_min": 0.006117690636858963,
    "r_t_max": 0.07346869493265736,
    "delta_hat_mean": 2.459424432998958e-07,
    "delta_hat_std": 1.8818522586817651e-06,
    "lambda_t_mean": 0.0001,
    "lambda_t_std": 0.0,
    "n_records": 4
  },
  "layer2.3.conv3.weight": {
    "r_t_mean": 0.023624448172030667,
    "r_t_std": 0.015669005705034125,
    "r_t_min": 0.007291879309527004,
    "r_t_max": 0.04289386514919913,