{
  "features.0.weight": {
    "r_t_mean": 1.1133438709153404e-09,
    "r_t_std": 5.467417902632152e-09,
    "r_t_min": 0.0,
    "r_t_max": 6.737909717644071e-08,
    "delta_hat_mean": -9.359775092503807e-05,
    "delta_hat_std": 0.008698504948221221,
    "lambda_t_mean": 0.0005,
    "lambda_t_std": 0.0,
    "n_records": 1950
  },
  "features.2.weight": {
    "r_t_mean": 5.4819320833157775e-09,
    "r_t_std": 2.7040459801847727e-08,
    "r_t_min": 0.0,
    "r_t_max": 3.34125716010513e-07,
    "delta_hat_mean": -1.3588034232831147e-05,
    "delta_hat_std": 0.0024025902575386376,
    "lambda_t_mean": 0.0005,
    "lambda_t_std": 0.0,
    "n_records": 1950
  },
  "features.5.weight": {
    "r_t_mean": 4.10525555915632e-09,
    "r_t_std": 1.9959353242800916e-08,
    "r_t_min": 0.0,
    "r_t_max": 2.563357850869529e-07,
    "delta_hat_mean": -9.7423120132735e-06,
    "delta_hat_std": 0.0017266202709918166,
    "lambda_t_mean": 0.0005,
    "lambda_t_std": 0.0,
    "n_records": 1950
  },
  "features.7.weight": {
    "r_t_mean": 6.098687216123081e-09,
    "r_t_std": 2.975269995156227e-08,
    "r_t_min": 0.0,
    "r_t_max": 4.054890510621176e-07,
    "delta_hat_mean": -7.380017206540602e-07,
    "delta_hat_std": 0.0012271526403800942,
    "lambda_t_mean": 0.0005,
    "lambda_t_std": 0.0,
    "n_records": 1950
  },
  "features.10.weight": {
    "r_t_mean": 4.832971498498673e-09,
    "r_t_std": 2.336696745608291e-08,
    "r_t_min": 0.0,
    "r_t_max": 3.1926404948591425e-07,
    "delta_hat_mean": -1.6568227361300723e-06,
    "delta_hat_std": 0.0008862091376626782,
    "lambda_t_mean": 0.0005,
    "lambda_t_std": 0.0,
    "n_records": 1950
  },
  "features.12.weight": {
    "r_t_mean": 8.822112708016296e-09,
    "r_t_std": 4.081248301306039e-08,
    "r_t_min": 0.0,
    "r_t_max": 5.758094323950112e-07,
    "delta_hat_mean": 9.202291410274891e-06,
    "delta_hat_std": 0.0007795458071214396,
    "lambda_t_mean": 0.0005,
    "lambda_t_std": 0.0,
    "n_records": 1950
  },
  "features.14.weight": {
    "r_t_mean": 1.3101693040556608e-08,
    "r_t_std": 5.759633503696196e-08,
    "r_t_min": 0.0,
    "r_t_max": 8.22489129981417e-07,
    "delta_hat_mean": 3.0272578892873542e-05,
    "delta_hat_std": 0.0008828608946226427,
    "lambda_t_mean": 0.0005,
    "lambda_t_std": 0.0,
    "n_records": 1950
  },
  "features.17.weight": {
    "r_t_mean": 2.3865464403583113e-08,
    "r_t_std": 9.865173224669756e-08,
    "r_t_min": 0.0,
    "r_t_max": 1.3178531110218835e-06,
    "delta_hat_mean": 2.228113585025481e-05,
    "delta_hat_std": 0.0007817239004303977,
    "lambda_t_mean": 0.0005,
    "lambda_t_std": 0.0,
    "n_records": 1950
  },
  "features.19.weight": {
    "r_t_mean": 8.711569997133685e-08,
    "r_t_std": 3.3922203577220374e-07,
    "r_t_min": 0.0,
    "r_t_max": 4.62510915193862e-06,
    "delta_hat_mean": 4.130097246789505e-06,
    "delta_hat_std": 0.0007273188465137352,
    "lambda_t_mean": 0.0005,
    "lambda_t_std": 0.0,
    "n_records": 1950
  },
  "features.21.weight": {
    "r_t_mean": 1.9271595174731933e-07,
    "r_t_std": 7.03001669383233e-07,
    "r_t_min": 0.0,
    "r_t_max": 9.424119838432004e-06,
    "delta_hat_mean": -3.8874886505423906e-07,
    "delta_hat_std": 0.0008569777232980096,
    "lambda_t_mean": 0.0005,
    "lambda_t_std": 0.0,
    "n_records": 1950
  },
  "features.24.weight": {
    "r_t_mean": 6.046538911419812e-07,
    "r_t_std": 2.064661342824189e-06,
    "r_t_min": 0.0,
    "r_t_max": 2.7996303906760506e-05,
    "delta_hat_mean": -1.1549677341265171e-05,
    "delta_hat_std": 0.0007940182207355437,
    "lambda_t_mean": 0.0005,
    "lambda_t_std": 0.0,
    "n_records": 1950
  },
  "features.26.weight": {
    "r_t_mean": 1.9856997068526656e-06,
    "r_t_std": 6.140090251909634e-06,
    "r_t_min": 0.0,
    "r_t_max": 8.0170789812162e-05,
    "delta_hat_mean": -2.2038809343948392e-05,
    "delta_hat_std": 0.0006488019285844523,
    "lambda_t_mean": 0.0005,
    "lambda_t_std": 0.0,
    "n_records": 1950
  },
  "features.28.weight": {
    "r_t_mean": 8.087888901033593e-06,
    "r_t_std": 2.2574424707414075e-05,
    "r_t_min": 0.0,
    "r_t_max": 0.0002896953961451216,
    "delta_hat_mean": 9.605104516164322e-06,
    "delta_hat_std": 0.0008100616374953155,
    "lambda_t_mean": 0.0005,
    "lambda_t_std": 0.0,
    "n_records": 1950
  },
  "classifier.0.weight": {
    "r_t_mean": 1.8115134081334572e-05,
    "r_t_std": 3.975461031844402e-05,
    "r_t_min": 0.0,
    "r_t_max": 0.0003949569594832394,
    "delta_hat_mean": 3.1477767124961715e-05,
    "delta_hat_std": 0.0019783762691087353,
    "lambda_t_mean": 0.0005,
    "lambda_t_std": 0.0,
    "n_records": 1950
  },
  "classifier.3.weight": {
    "r_t_mean": 0.00016359715018825615,
    "r_t_std": 0.00026953547527009764,
    "r_t_min": 0.0,
    "r_t_max": 0.002486279301655964,
    "delta_hat_mean": 4.074057856987915e-05,
    "delta_hat_std": 0.0018501893769638327,
    "lambda_t_mean": 0.0005,
    "lambda_t_std": 0.0,
    "n_records": 1950
  },
  "classifier.6.weight": {
    "r_t_mean": 0.000654976550303665,
    "r_t_std": 0.001471547265418679,
    "r_t_min": 0.0,
    "r_t_max": 0.012522009483495997,
    "delta_hat_mean": 0.00027908887103946585,
    "delta_hat_std": 0.004558286686247304,
    "lambda_t_mean": 0.0005,
    "lambda_t_std": 0.0,
    "n_records": 1950
  }
}