{
  "task_id": "P1_clustered_regression",
  "mode": "FULL",
  "timestamp": "2026-04-15T01:50:43.837972",
  "runtime_seconds": 0.716647,
  "n_observations": 806,
  "n_clusters": 26,
  "n_configs": 31,
  "data_from": "iter_004/exp/results/full/C2B_absorption_survey.parquet",
  "distribution_diagnostics": {
    "n_total": 806,
    "n_zero": 472,
    "n_one": 3,
    "n_interior": 331,
    "zero_fraction": 0.5856079404466501,
    "one_fraction": 0.0037220843672456576,
    "skewness": 4.8115854178038395,
    "kurtosis": 30.781456610435434,
    "jarque_bera_stat": 34930.14213837817,
    "jarque_bera_p": 0.0,
    "shapiro_stat": 0.5084534526755752,
    "shapiro_p": 5.870884694833112e-35,
    "quantiles": {
      "q0": 0.0,
      "q5": 0.0,
      "q10": 0.0,
      "q25": 0.0,
      "q50": 0.0,
      "q75": 0.05,
      "q90": 0.11173533083645443,
      "q95": 0.18562499999999998,
      "q100": 1.0
    }
  },
  "se_comparison": {
    "const": {
      "coef": 0.05218829501536037,
      "se_hc3": 0.06444960939346661,
      "se_clustered": 0.092272637702926,
      "se_ratio": 1.4317020470923112,
      "p_hc3": 0.4180818784919629,
      "p_clustered": 0.5716738989807678,
      "significance_changed": false
    },
    "log_L0": {
      "coef": 0.013171681532184128,
      "se_hc3": 0.005225664184548494,
      "se_clustered": 0.010407140534003795,
      "se_ratio": 1.9915440729574911,
      "p_hc3": 0.01171630739312721,
      "p_clustered": 0.20564240502696873,
      "significance_changed": true
    },
    "log_width": {
      "coef": 0.003238162199435783,
      "se_hc3": 0.003986757676971104,
      "se_clustered": 0.004415066845410466,
      "se_ratio": 1.1074329575919362,
      "p_hc3": 0.4166599545147448,
      "p_clustered": 0.46329348357514377,
      "significance_changed": false
    },
    "layer": {
      "coef": -0.012023085091879467,
      "se_hc3": 0.001820071236117858,
      "se_clustered": 0.0038445107832737447,
      "se_ratio": 2.1122858858392477,
      "p_hc3": 3.952905549472607e-11,
      "p_clustered": 0.0017639693652727875,
      "significance_changed": false
    },
    "log_PMI": {
      "coef": -0.006303479553529185,
      "se_hc3": 0.011792088902580862,
      "se_clustered": 0.01466879003120756,
      "se_ratio": 1.2439517843184758,
      "p_hc3": 0.5929599850468188,
      "p_clustered": 0.6673989808688021,
      "significance_changed": false
    }
  },
  "model_comparison": {
    "OLS_HC3": {
      "model": "OLS with HC3 robust SE",
      "r_squared": 0.08724650762252972,
      "aic": -1406.3189664273768,
      "pmi_coef": -0.006303479553529185,
      "pmi_se": 0.011792088902580862,
      "pmi_p": 0.5929599850468188
    },
    "OLS_Clustered": {
      "model": "OLS with letter-clustered SE (26 clusters)",
      "r_squared": 0.08724650762252972,
      "aic": -1406.3189664273768,
      "pmi_coef": -0.006303479553529185,
      "pmi_se": 0.01466879003120756,
      "pmi_p": 0.6673989808688021
    },
    "Beta_Regression": {
      "model": "Beta regression (Smithson-Verkuilen transform)",
      "pseudo_r_squared": -0.02367015576686682,
      "aic": -4763.769954902889,
      "pmi_coef": -0.2400192820203807,
      "pmi_se": 0.08551347994851277,
      "pmi_p": 0.0050036212470888995
    }
  },
  "beta_regression": {
    "converged": true,
    "log_likelihood": 2387.8849774514447,
    "aic": -4763.769954902889,
    "pseudo_r_squared": -0.02367015576686682,
    "precision_phi": 1.5155321065834233,
    "precision_se": 0.06737707977875165,
    "coefficients": {
      "const": {
        "value": -3.650376060805071,
        "se": 0.4538801610857984,
        "pvalue": 8.795288714212101e-16
      },
      "log_L0": {
        "value": 0.3502717188319557,
        "se": 0.04544333541658116,
        "pvalue": 1.2792621124221578e-14
      },
      "log_width": {
        "value": 0.031310362912117216,
        "se": 0.030919833226384166,
        "pvalue": 0.3112367363435987
      },
      "layer": {
        "value": -0.09152916836179197,
        "se": 0.015817841968527598,
        "pvalue": 7.188902000498496e-09
      },
      "log_PMI": {
        "value": -0.2400192820203807,
        "se": 0.08551347994851277,
        "pvalue": 0.0050036212470888995
      }
    },
    "y_transform": "Smithson-Verkuilen (y*(n-1)+0.5)/n",
    "summary": "                              BetaModel Results                               \n==============================================================================\nDep. Variable:                      y   Log-Likelihood:                 2387.9\nModel:                      BetaModel   AIC:                            -4764.\nMethod:            Maximum Likelihood   BIC:                            -4736.\nDate:                Wed, 15 Apr 2026                                         \nTime:                        01:50:43                                         \nNo. Observations:                 806                                         \nDf Residuals:                     800                                         \nDf Model:                           4                                         \n==============================================================================\n                 coef    std err          z      P>|z|      [0.025      0.975]\n------------------------------------------------------------------------------\nconst         -3.6504      0.454     -8.043      0.000      -4.540      -2.761\nx1             0.3503      0.045      7.708      0.000       0.261       0.439\nx2             0.0313      0.031      1.013      0.311      -0.029       0.092\nx3            -0.0915      0.016     -5.786      0.000      -0.123      -0.061\nx4            -0.2400      0.086     -2.807      0.005      -0.408      -0.072\nprecision      1.5155      0.067     22.493      0.000       1.383       1.648\n=============================================================================="
  },
  "hurdle_model": {
    "logistic_part": {
      "standard": {
        "pseudo_r2": 0.3041978991072183,
        "aic": 770.9351943782742,
        "coefficients": {
          "const": {
            "value": -3.7289980552220667,
            "se": 1.091974181468493,
            "pvalue": 0.0006380212358463648
          },
          "log_L0": {
            "value": 1.8044500291304713,
            "se": 0.16215043899801843,
            "pvalue": 9.141625929809974e-29
          },
          "log_width": {
            "value": 0.04604656880265175,
            "se": 0.07586227404708892,
            "pvalue": 0.543866934521011
          },
          "layer": {
            "value": -0.4818672066015793,
            "se": 0.05175740654124404,
            "pvalue": 1.2769867090264344e-20
          },
          "log_PMI": {
            "value": -1.3688341095939112,
            "se": 0.23639775692640644,
            "pvalue": 7.022511831282114e-09
          }
        }
      },
      "clustered": {
        "pseudo_r2": 0.3041978991072183,
        "aic": 770.9351943782742,
        "coefficients": {
          "const": {
            "value": -3.7289980552220667,
            "se": 1.2225802228275011,
            "pvalue": 0.002287613710975063
          },
          "log_L0": {
            "value": 1.8044500291304713,
            "se": 0.3368972160495029,
            "pvalue": 8.504464710561063e-08
          },
          "log_width": {
            "value": 0.04604656880265175,
            "se": 0.08534626948794295,
            "pvalue": 0.5895236593490375
          },
          "layer": {
            "value": -0.4818672066015793,
            "se": 0.09967928637544442,
            "pvalue": 1.3369831215947943e-06
          },
          "log_PMI": {
            "value": -1.3688341095939112,
            "se": 0.4990929919811287,
            "pvalue": 0.006094682865327706
          }
        }
      }
    },
    "nonzero_ols_part": {
      "n_nonzero": 334,
      "r_squared": 0.09533144964420137,
      "hc3": {
        "const": {
          "value": 0.3250190736399771,