{
  "task_id": "P3_scaling_surface",
  "mode": "FULL",
  "timestamp": 1776189116.3992722,
  "runtime_seconds": 0.81306,
  "pilot_pass": true,
  "pilot_criteria": {
    "n_saes_with_absorption_and_l0": 420,
    "n_threshold": 100,
    "n_pass": true,
    "linear_r_squared": 0.4881681077154296,
    "r_squared_threshold": 0.15,
    "r_squared_pass": true
  },
  "descriptive_statistics": {
    "n_total_parsed": 420,
    "n_with_absorption_l0_width_layer": 420,
    "width_values": [
      2304,
      4096,
      16384,
      64512,
      65536,
      1048576
    ],
    "width_range": [
      2304.0,
      1048576.0
    ],
    "l0_range": [
      9.345510482788086,
      8277.1181640625
    ],
    "layer_range": [
      5,
      19
    ],
    "absorption_range": [
      9.782200769096677e-05,
      0.8959882118240787
    ],
    "absorption_mean": 0.07722782258413545,
    "absorption_std": 0.13937043100448035,
    "architecture_breakdown": {
      "jumprelu": 54,
      "standard": 360,
      "unknown": 6
    },
    "release_breakdown": {
      "gemma-2-2b_baselines": 6,
      "gemma-scope-2b-pt-res": 48,
      "gemma-scope-2b-pt-res-canonical": 6,
      "sae_bench_gemma-2-2b_topk_width-2pow12_date-1109": 18,
      "sae_bench_gemma-2-2b_topk_width-2pow14_date-1109": 144,
      "sae_bench_gemma-2-2b_topk_width-2pow16_date-1109": 18,
      "sae_bench_gemma-2-2b_vanilla_width-2pow12_date-1109": 18,
      "sae_bench_gemma-2-2b_vanilla_width-2pow14_date-1109": 144,
      "sae_bench_gemma-2-2b_vanilla_width-2pow16_date-1109": 18
    }
  },
  "model_comparison": {
    "linear": {
      "r_squared": 0.4881681077154296,
      "aic": -1929.6207227712698,
      "coefficients": {
        "log_width": 0.05437520465122224,
        "log_l0": -0.014264654322524786,
        "layer": 0.00277649579834188
      },
      "intercept": -0.6326712863050931
    },
    "additive_gam": {
      "r_squared": 0.6202712966492474,
      "aic": -843.8040910514255
    },
    "interaction_gam": {
      "r_squared": 0.6927197370498089,
      "aic": -916.9219023080557,
      "interaction_p_value": 3.1086244689504383e-15,
      "interaction_significant": true
    }
  },
  "gradient_analysis": {
    "phase_boundary_detected": true,
    "n_ridge_points": 443,
    "ridge_log_width_range": [
      10.669925001442312,
      20.5
    ],
    "ridge_log_l0_range": [
      2.724273470912351,
      3.8142370433578234
    ],
    "max_gradient_magnitude": 0.9868571505246203,
    "ridge_threshold": 0.6908000053672342
  },
  "per_layer_analysis": [
    {
      "layer": 5,
      "n": 140,
      "absorption_mean": 0.0510996730513522,
      "absorption_std": 0.08116409249404555,
      "spearman_width": 0.3469704162882375,
      "spearman_width_p": 2.671111855006241e-05,
      "spearman_l0": -0.49092153264889665,
      "spearman_l0_p": 7.36967390459791e-10
    },
    {
      "layer": 12,
      "n": 140,
      "absorption_mean": 0.09074431374889236,
      "absorption_std": 0.16742522602851712,
      "spearman_width": 0.422911763667676,
      "spearman_width_p": 1.935149862880588e-07,
      "spearman_l0": -0.4691895266727287,
      "spearman_l0_p": 4.996693529686676e-09
    },
    {
      "layer": 19,
      "n": 140,
      "absorption_mean": 0.0898394809521618,
      "absorption_std": 0.15133148693080503,
      "spearman_width": 0.3371308413569402,
      "spearman_width_p": 4.638773153005701e-05,
      "spearman_l0": -0.45737901233764294,
      "spearman_l0_p": 1.338663936154176e-08
    }
  ],
  "width_l0_breakdown": [
    {
      "width": 2304,
      "layer": 5,
      "n": 2,
      "l0_range": [
        2301.81689453125,
        2304.0
      ],
      "absorption_mean": 0.008040945384562445
    },
    {
      "width": 2304,
      "layer": 12,
      "n": 2,
      "l0_range": [
        2302.0341796875,
        2304.0
      ],
      "absorption_mean": 0.017546204498260047
    },
    {
      "width": 2304,
      "layer": 19,
      "n": 2,
      "l0_range": [
        2302.277099609375,
        2304.0
      ],
      "absorption_mean": 0.012292743244456113
    },
    {
      "width": 4096,
      "layer": 5,
      "n": 12,
      "l0_range": [
        13.69251537322998,
        640.0
      ],
      "absorption_mean": 0.030227770617016595
    },
    {
      "width": 4096,
      "layer": 12,
      "n": 12,
      "l0_range": [
        15.457939147949219,
        640.0
      ],
      "absorption_mean": 0.02215195608145545
    },
    {
      "width": 4096,
      "layer": 19,
      "n": 12,
      "l0_range": [
        13.822868347167969,
        640.0
      ],
      "absorption_mean": 0.043907868822190194
    },
    {
      "width": 16384,
      "layer": 5,
      "n": 102,
      "l0_range": [
        12.956338882446289,
        8277.1181640625
      ],
      "absorption_mean": 0.03370221930280817
    },
    {
      "width": 16384,
      "layer": 12,
      "n": 102,
      "l0_range": [
        13.670177459716797,
        8208.0595703125
      ],
      "absorption_mean": 0.04964747383033881
    },
    {
      "width": 16384,
      "layer": 19,
      "n": 102,
      "l0_range": [
        12.293476104736328,
        8189.03271484375
      ],
      "absorption_mean": 0.055519546585972704
    },
    {
      "width": 64512,
      "layer": 19,
      "n": 12,
      "l0_range": [
        19.472673416137695,
        640.0
      ],
      "absorption_mean": 0.10963862845897693
    },
    {
      "width": 65536,
      "layer": 5,
      "n": 18,
      "l0_range": [
        17.175003051757812,
        640.0
      ],
      "absorption_mean": 0.09776900919420838
    },
    {
      "width": 65536,
      "layer": 12,
      "n": 18,
      "l0_range": [
        17.323444366455078,
        685.0512084960938
      ],
      "absorption_mean": 0.173259471673647
    },
    {
      "width": 65536,
      "layer": 19,
      "n": 6,
      "l0_range": [
        21.293237686157227,
        216.03843688964844
      ],
      "absorption_mean": 0.2563526924240247
    },
    {
      "width": 1048576,
      "layer": 5,
      "n": 6,
      "l0_range": [
        9.345510482788086,
        120.56402587890625
      ],
      "absorption_mean": 0.2629450924389665
    },
    {
      "width": 1048576,
      "layer": 12,
      "n": 6,
      "l0_range": [
        18.4305419921875,
        210.41099548339844
      ],
      "absorption_mean": 0.7034292036751232
    },
    {
      "width": 1048576,
      "layer": 19,
      "n": 6,
      "l0_range": [
        16.227645874023438,
        172.631103515625
      ],
      "absorption_mean": 0.5848789955210618
    }
  ],
  "visualizations": {
    "contour_plot": "/home/qhxie/AutoResearch-SibylSystem/workspaces/sae-absorption/current/exp/results/pilots/P3_absorption_contour.png",
    "gradient_plot": "/home/qhxie/AutoResearch-SibylSystem/workspaces/sae-absorption/current/exp/results/pilots/P3_gradient_surface.png"
  },
  "mode_upgrade_timestamp": "2026-04-15T03:04:46.265479",
  "mode_upgrade_note": "Phase 3 ran on full SAEBench dataset (420 SAEs). Mode tag upgraded from pilot to FULL."
}