{
  "variant": "Ki_only",
  "method": "UDWDC_v2_Ki_only",
  "K_p": 0.0,
  "K_i": 0.1,
  "K_d": 0.0,
  "is_baseline": false,
  "seed": 42,
  "epochs": 200,
  "best_test_acc": 68.76,
  "final_test_acc": 68.45,
  "final_train_acc": 99.24879807692308,
  "generalization_gap": 30.798798076923077,
  "total_wd_budget": 0.16067970738687,
  "v2_cumulative_wd_budget": 191550.83124567813,
  "csi": 0.23927652275430478,
  "nan_inf_detected": false,
  "elapsed_sec": 716.710944890976
}