{
  "conv1.weight": {
    "r_t_mean": 0.01746170159731909,
    "r_t_std": 0.01901803020806963,
    "r_t_min": 0.007826186451658404,
    "r_t_max": 0.4812577458234339,
    "delta_hat_mean": -5.780987097800323e-07,
    "delta_hat_std": 5.072914262984962e-05,
    "lambda_t_mean": 0.00021351222120222848,
    "lambda_t_std": 1.0276528329000132e-05,
    "n_records": 780
  },
  "layer1.0.conv1.weight": {
    "r_t_mean": 0.017317894597426012,
    "r_t_std": 0.019366942906060523,
    "r_t_min": 0.010390830147311948,
    "r_t_max": 0.5190078112107642,
    "delta_hat_mean": 2.3419120050965202e-07,
    "delta_hat_std": 1.5007308050527324e-05,
    "lambda_t_mean": 0.00020843985513357304,
    "lambda_t_std": 6.220748793532869e-06,
    "n_records": 780
  },
  "layer1.0.conv2.weight": {
    "r_t_mean": 0.017212007554452312,
    "r_t_std": 0.016332195454503675,
    "r_t_min": 0.010381276955497702,
    "r_t_max": 0.4284723577950372,
    "delta_hat_mean": -1.4570534820616643e-07,
    "delta_hat_std": 1.05850258586196e-05,
    "lambda_t_mean": 0.00020757393352212564,
    "lambda_t_std": 5.68020909470515e-06,
    "n_records": 780
  },
  "layer1.1.conv1.weight": {
    "r_t_mean": 0.01825859777094622,
    "r_t_std": 0.011586372806613064,
    "r_t_min": 0.010807769700272255,
    "r_t_max": 0.2931722648750931,
    "delta_hat_mean": 7.167798915621924e-07,
    "delta_hat_std": 9.674822558194517e-06,
    "lambda_t_mean": 0.0002079044312832784,
    "lambda_t_std": 6.079738217489856e-06,
    "n_records": 780
  },
  "layer1.1.conv2.weight": {
    "r_t_mean": 0.01798729497761478,
    "r_t_std": 0.011213245902646798,
    "r_t_min": 0.01044726637636561,
    "r_t_max": 0.27528204145392743,
    "delta_hat_mean": 1.4933286447700768e-07,
    "delta_hat_std": 9.585088871077856e-06,
    "lambda_t_mean": 0.00020733566034036925,
    "lambda_t_std": 5.727848346233415e-06,
    "n_records": 780
  },
  "layer1.2.conv1.weight": {
    "r_t_mean": 0.01860074970321184,
    "r_t_std": 0.010251112127953267,
    "r_t_min": 0.011087709960740448,
    "r_t_max": 0.25865715390224375,
    "delta_hat_mean": 5.337745630544332e-07,
    "delta_hat_std": 9.881042448073879e-06,
    "lambda_t_mean": 0.0002083225033849698,
    "lambda_t_std": 6.5813768196297394e-06,
    "n_records": 780
  },
  "layer1.2.conv2.weight": {
    "r_t_mean": 0.017680340320431007,
    "r_t_std": 0.009156581876430743,
    "r_t_min": 0.010913079727026397,
    "r_t_max": 0.20989853416869278,
    "delta_hat_mean": 2.7770189728397844e-08,
    "delta_hat_std": 8.459796565382084e-06,
    "lambda_t_mean": 0.00020744166305151728,
    "lambda_t_std": 5.649686270153687e-06,
    "n_records": 780
  },
  "layer2.0.conv1.weight": {
    "r_t_mean": 0.01779868870604095,
    "r_t_std": 0.008742037083572908,
    "r_t_min": 0.010946571661785795,
    "r_t_max": 0.14930429407702717,
    "delta_hat_mean": 3.327461481427408e-07,
    "delta_hat_std": 8.588647950283017e-06,
    "lambda_t_mean": 0.00020749172996302454,
    "lambda_t_std": 5.681532020744187e-06,
    "n_records": 780
  },
  "layer2.0.conv2.weight": {
    "r_t_mean": 0.01775295250208948,
    "r_t_std": 0.009838463831286165,
    "r_t_min": 0.011210617576592693,
    "r_t_max": 0.17785573568066063,
    "delta_hat_mean": 1.0576529167913224e-07,
    "delta_hat_std": 5.333481662023664e-06,
    "lambda_t_mean": 0.00020643900357525952,
    "lambda_t_std": 4.918784703910337e-06,
    "n_records": 780
  },
  "layer2.0.shortcut.0.weight": {
    "r_t_mean": 0.015845569931678124,
    "r_t_std": 0.006401798840619023,
    "r_t_min": 0.00930302344767657,
    "r_t_max": 0.05639122575478232,
    "delta_hat_mean": -1.6390494566715247e-07,
    "delta_hat_std": 1.9543738743907273e-05,
    "lambda_t_mean": 0.00020746155305873082,
    "lambda_t_std": 5.50992841657741e-06,
    "n_records": 780
  },
  "layer2.1.conv1.weight": {
    "r_t_mean": 0.01898319757057814,
    "r_t_std": 0.008726978173640352,
    "r_t_min": 0.012241361318139451,
    "r_t_max": 0.16391657335321394,
    "delta_hat_mean": 1.7446262031862753e-07,
    "delta_hat_std": 3.7408747856918548e-06,
    "lambda_t_mean": 0.0002068130920570603,
    "lambda_t_std": 5.099241224360145e-06,
    "n_records": 780
  },
  "layer2.1.conv2.weight": {
    "r_t_mean": 0.018531643746124284,
    "r_t_std": 0.00794542113903724,
    "r_t_min": 0.012230469518867535,
    "r_t_max": 0.1427924884788947,
    "delta_hat_mean": -2.144286847034949e-07,
    "delta_hat_std": 3.5090903820331745e-06,
    "lambda_t_mean": 0.00020664941240733673,
    "lambda_t_std": 5.0842148338749625e-06,
    "n_records": 780
  },
  "layer2.2.conv1.weight": {
    "r_t_mean": 0.01932651154184145,
    "r_t_std": 0.007709569098793224,
    "r_t_min": 0.01210421068086232,
    "r_t_max": 0.12010360933182701,
    "delta_hat_mean": 2.749693337896963e-07,
    "delta_hat_std": 3.6376619697290424e-06,
    "lambda_t_mean": 0.0002066479092967528,
    "lambda_t_std": 5.036464096191306e-06,
    "n_records": 780
  },
  "layer2.2.conv2.weight": {
    "r_t_mean": 0.01861518393136208,
    "r_t_std": 0.0069042693578932335,
    "r_t_min": 0.011612170168786223,
    "r_t_max": 0.10962705300448068,
    "delta_hat_mean": -7.82846849704063e-08,
    "delta_hat_std": 3.6479898733836247e-06,
    "lambda_t_mean": 0.00020647976304210387,
    "lambda_t_std": 4.814168454463435e-06,
    "n_records": 780
  },
  "layer3.0.conv1.weight": {
    "r_t_mean": 0.018351793674438094,
    "r_t_std": 0.00691893928415173,
    "r_t_min": 0.012042528476222074,
    "r_t_max": 0.08246339193789308,
    "delta_hat_mean": 1.6566223170762406e-07,
    "delta_hat_std": 3.241038423661464e-06,
    "lambda_t_mean": 0.0002061505249817506,
    "lambda_t_std": 4.521883341212331e-06,
    "n_records": 780
  },
  "layer3.0.conv2.weight": {
    "r_t_mean": 0.019548523366201595,
    "r_t_std": 0.007884233165794993,
    "r_t_min": 0.012568156353493279,
    "r_t_max": 0.11170597087152934,
    "delta_hat_mean": -2.6478495875664613e-08,
    "delta_hat_std": 2.109849477808163e-06,
    "lambda_t_mean": 0.00020600883489775977,
    "lambda_t_std": 4.661852067049382e-06,
    "n_records": 780
  },
  "layer3.0.shortcut.0.weight": {
    "r_t_mean": 0.014555043435514758,
    "r_t_std": 0.0057546495689427815,
    "r_t_min": 0.009011645743219138,
    "r_t_max": 0.04909663256090975,
    "delta_hat_mean": 2.787979350584781e-07,
    "delta_hat_std": 8.201226312672112e-06,
    "lambda_t_mean": 0.00020615959848785338,
    "lambda_t_std": 4.803357212568772e-06,
    "n_records": 780
  },
  "layer3.1.conv1.weight": {
    "r_t_mean": 0.019509809239661627,
    "r_t_std": 0.008107936143042591,
    "r_t_min": 0.012549599188124946,
    "r_t_max": 0.10400803466601968,
    "delta_hat_mean": 4.4441773222816734e-08,
    "delta_hat_std": 1.9079635032131813e-06,
    "lambda_t_mean": 0.00020608881620299177,
    "lambda_t_std": 4.654394114214059e-06,
    "n_records": 780
  },
  "layer3.1.conv2.weight": {
    "r_t_mean": 0.019666118496185128,
    "r_t_std": 0.007485796388984929,
    "r_t_min": 0.012903839324237002,
    "r_t_max": 0.11104687593615734,
    "delta_hat_mean": 1.3185431949443053e-07,
    "delta_hat_std": 1.6686510319015464e-06,
    "lambda_t_mean": 0.00020587280943542416,
    "lambda_t_std": 4.510303760182989e-06,
    "n_records": 780
  },
  "layer3.2.conv1.weight": {
    "r_t_mean": 0.01991203903576191,
    "r_t_std": 0.00718208335696139,
    "r_t_min": 0.013017521207216958,
    "r_t_max": 0.10508143445114951,
    "delta_hat_mean": -6.641654384591636e-08,
    "delta_hat_std": 1.8381644279480614e-06,
    "lambda_t_mean": 0.0002058573600726472,
    "lambda_t_std": 4.5999953195481655e-06,
    "n_records": 780
  },
  "layer3.2.conv2.weight": {
    "r_t_mean": 0.018740558168655195,
    "r_t_std": 0.006867087130536313,
    "r_t_min": 0.01204085854639755,
    "r_t_max": 0.10419174219867203,
    "delta_hat_mean": -6.716909514404589e-08,
    "delta_hat_std": 1.6915314784039245e-06,
    "lambda_t_mean": 0.00020577468068439281,
    "lambda_t_std": 4.454915949733488e-06,
    "n_records": 780
  },