{
  "method": "CPR",
  "seed": 42,
  "model": "vit_s_16",
  "dataset": "imagenet",
  "epochs": [
    {
      "epoch": 0,
      "train_loss": 7.052604580713698,
      "test_loss": 6.9111533416748046,
      "train_acc": 0.11266820966614594,
      "test_acc": 0.14,
      "lr": 0.001,
      "mean_rho_t": 0.0037321767696435,
      "std_rho_t": 0.013567940783191283,
      "mean_alpha_t": 0.015073457034578349,
      "mean_effective_wd": 0.14753046787281987,
      "total_wd_budget_epoch": 22.42463111666862
    },
    {
      "epoch": 1,
      "train_loss": 6.902038005429523,
      "test_loss": 6.859705852508545,
      "train_acc": 0.16036944363789618,
      "test_acc": 0.32,
      "lr": 0.001,
      "mean_rho_t": 0.0041199602268092396,
      "std_rho_t": 0.012692320940499704,
      "mean_alpha_t": 0.0750803396748098,
      "mean_effective_wd": 0.10526315789473684,
      "total_wd_budget_epoch": 16.0
    }
  ]
}