{
  "method": "CWD",
  "seed": 42,
  "model": "vit_s_16",
  "dataset": "imagenet",
  "epochs": [
    {
      "epoch": 0,
      "train_loss": 7.056222997092675,
      "test_loss": 6.956719367980957,
      "train_acc": 0.12398421065721496,
      "test_acc": 0.14,
      "lr": 0.001,
      "mean_rho_t": 0.007987508983588727,
      "std_rho_t": 0.05541823570497327,
      "mean_alpha_t": -0.03341667764722725,
      "mean_effective_wd": 0.008519439320815237,
      "total_wd_budget_epoch": 1.294954776763916
    },
    {
      "epoch": 1,
      "train_loss": 6.918193049995695,
      "test_loss": 6.860363938140869,
      "train_acc": 0.11485123252573091,
      "test_acc": 0.18,
      "lr": 0.001,
      "mean_rho_t": 0.009336173506949309,
      "std_rho_t": 0.05776860686255829,
      "mean_alpha_t": 0.027415751714434472,
      "mean_effective_wd": 0.008438387934706713,
      "total_wd_budget_epoch": 1.2826349660754204
    }
  ]
}