{
  "method": "DefazioCorrective",
  "seed": 42,
  "model": "vit_s_16",
  "dataset": "imagenet",
  "epochs": [
    {
      "epoch": 0,
      "train_loss": 7.0462130278595225,
      "test_loss": 6.885793341064453,
      "train_acc": 0.11569082428051478,
      "test_acc": 0.24,
      "lr": 0.001,
      "mean_rho_t": 0.003970272132118541,
      "std_rho_t": 0.014026537395572776,
      "mean_alpha_t": -0.010261764706573123,
      "mean_effective_wd": 0.01710509210697367,
      "total_wd_budget_epoch": 2.599974000259998
    },
    {
      "epoch": 1,
      "train_loss": 6.8967068858711515,
      "test_loss": 6.85512512512207,
      "train_acc": 0.1749265213780057,
      "test_acc": 0.22,
      "lr": 0.001,
      "mean_rho_t": 0.004698760853490288,
      "std_rho_t": 0.013616418693269154,
      "mean_alpha_t": -0.024346669489703595,
      "mean_effective_wd": 0.01710509210697367,
      "total_wd_budget_epoch": 2.599974000259998
    }
  ]
}