{
  "method": "SWD",
  "seed": 42,
  "model": "vit_s_16",
  "dataset": "imagenet",
  "epochs": [
    {
      "epoch": 0,
      "train_loss": 7.035916419068644,
      "test_loss": 6.943980285644531,
      "train_acc": 0.1126259880097022,
      "test_acc": 0.12,
      "lr": 0.001,
      "mean_rho_t": 0.0023156342275562707,
      "std_rho_t": 0.01240259216341787,
      "mean_alpha_t": -0.025483929976626237,
      "mean_effective_wd": 0.0019220592108776743,
      "total_wd_budget_epoch": 0.2921530000534065
    },
    {
      "epoch": 1,
      "train_loss": 6.92960391425561,
      "test_loss": 6.900982305908203,
      "train_acc": 0.11535304762282785,
      "test_acc": 0.12,
      "lr": 0.001,
      "mean_rho_t": 0.0029818679595668544,
      "std_rho_t": 0.011237861218332828,
      "mean_alpha_t": 0.025798853660377694,
      "mean_effective_wd": 0.003153568440407899,
      "total_wd_budget_epoch": 0.4793424029420007
    }
  ]
}