{
  "method": "UDWDC-v2",
  "model": "vit_s_16",
  "dataset": "imagenet",
  "optimizer": "AdamW",
  "seed": 42,
  "epochs": 2,
  "batch_size": 96,
  "lr": 0.001,
  "weight_decay": 0.05,
  "best_val_acc": 0.12,
  "best_val_top5": 0.62,
  "final_val_acc": 0.12,
  "final_val_top5": 0.62,
  "final_train_acc": 0.09800436331335065,
  "total_wd_budget": 5.493262404569329,
  "wd_budget_per_epoch": [
    207069.33531788245,
    227804.5493771105
  ],
  "wd_budget_all_positive": true,
  "elapsed_sec": 278.17493176460266,
  "epoch_results": [
    {
      "epoch": 1,
      "train_loss": 7.039373378123134,
      "train_acc": 0.11058724126417217,
      "val_loss": 6.943660411071777,
      "val_acc": 0.1,
      "val_top5": 0.46,
      "lr": 0.001,
      "epoch_wd_budget": 207069.33531788245
    },
    {
      "epoch": 2,
      "train_loss": 6.932104842393523,
      "train_acc": 0.09800436331335065,
      "val_loss": 6.944748091125488,
      "val_acc": 0.12,
      "val_top5": 0.62,
      "lr": 0.001,
      "epoch_wd_budget": 227804.5493771105
    }
  ],
  "n_params": 22050664,
  "diagnostics_coverage": {
    "total_tracked": 152,
    "attention_layers": 50,
    "mlp_layers": 48,
    "covers_attn": true,
    "covers_mlp": true,
    "passed": true
  },
  "cutmix_mixup_enabled": true,
  "status": "success"
}