{
  "method": "UDWDC",
  "seed": 42,
  "model": "vit_s_16",
  "dataset": "imagenet",
  "epochs": [
    {
      "epoch": 0,
      "train_loss": 6.9716865560587715,
      "test_loss": 6.889116867828369,
      "train_acc": 0.15510110294117646,
      "test_acc": 0.34,
      "lr": 0.001,
      "mean_rho_t": 0.011872580633178871,
      "std_rho_t": 0.07722536476486835,
      "mean_alpha_t": -0.049705194918204264,
      "mean_effective_wd": 0.018318885220573292,
      "total_wd_budget_epoch": 2.7844705535271403
    },
    {
      "epoch": 1,
      "train_loss": 6.8959417623632095,
      "test_loss": 6.85889980545044,
      "train_acc": 0.16371783088235295,
      "test_acc": 0.14,
      "lr": 0.001,
      "mean_rho_t": 0.01170883567552567,
      "std_rho_t": 0.03730890722608965,
      "mean_alpha_t": 0.04228960928200185,
      "mean_effective_wd": 0.01869959046959818,
      "total_wd_budget_epoch": 2.842337751378923
    }
  ]
}