{
  "method": "UDWDC-v2",
  "seed": 42,
  "model": "vit_s_16",
  "dataset": "imagenet",
  "epochs": [
    {
      "epoch": 0,
      "train_loss": 7.039373378123134,
      "test_loss": 6.943660411071777,
      "train_acc": 0.11058724126417217,
      "test_acc": 0.1,
      "lr": 0.001,
      "mean_rho_t": 0.002564261327187236,
      "std_rho_t": 0.012442751736928328,
      "mean_alpha_t": -0.06539107830643362,
      "mean_effective_wd": 0.01795319083677836,
      "total_wd_budget_epoch": 2.7288850071903106
    },
    {
      "epoch": 1,
      "train_loss": 6.932104842393523,
      "test_loss": 6.944748091125488,
      "train_acc": 0.09800436331335065,
      "test_acc": 0.12,
      "lr": 0.001,
      "mean_rho_t": 0.0026418824170681954,
      "std_rho_t": 0.012181566328005966,
      "mean_alpha_t": 0.04735136180533075,
      "mean_effective_wd": 0.01818669340380933,
      "total_wd_budget_epoch": 2.764377397379018
    }
  ]
}