{
  "conv1.weight": {
    "r_t_mean": 0.01477869456480126,
    "r_t_std": 0.0077371930039845495,
    "r_t_min": 0.005650972508049845,
    "r_t_max": 0.4812751498758097,
    "delta_hat_mean": -1.9728714833474235e-06,
    "delta_hat_std": 5.023898329342337e-05,
    "lambda_t_mean": 0.0005074411647110862,
    "lambda_t_std": 5.841925140737165e-06,
    "n_records": 7800
  },
  "layer1.0.conv1.weight": {
    "r_t_mean": 0.014898512572073223,
    "r_t_std": 0.006980784279731963,
    "r_t_min": 0.007211371548525548,
    "r_t_max": 0.5190265442655931,
    "delta_hat_mean": -1.5977073672828518e-07,
    "delta_hat_std": 1.0318427583173056e-05,
    "lambda_t_mean": 0.0005049934641179948,
    "lambda_t_std": 3.924995498341872e-06,
    "n_records": 7800
  },
  "layer1.0.conv2.weight": {
    "r_t_mean": 0.014953069606282761,
    "r_t_std": 0.006303884824427561,
    "r_t_min": 0.008667529934832217,
    "r_t_max": 0.42848783475481467,
    "delta_hat_mean": -5.72023467721891e-08,
    "delta_hat_std": 9.880191216814569e-06,
    "lambda_t_mean": 0.0005044625046325765,
    "lambda_t_std": 3.547970466160492e-06,
    "n_records": 7800
  },
  "layer1.1.conv1.weight": {
    "r_t_mean": 0.015302501942841966,
    "r_t_std": 0.005011842546121096,
    "r_t_min": 0.00822758659651067,
    "r_t_max": 0.29318285605967587,
    "delta_hat_mean": -8.829448817942297e-08,
    "delta_hat_std": 1.0270295858835913e-05,
    "lambda_t_mean": 0.000504707588813982,
    "lambda_t_std": 3.7316874044419016e-06,
    "n_records": 7800
  },
  "layer1.1.conv2.weight": {
    "r_t_mean": 0.015185798919466172,
    "r_t_std": 0.004844380143851238,
    "r_t_min": 0.00860119124145262,
    "r_t_max": 0.2752919738113606,
    "delta_hat_mean": -2.158397931957652e-07,
    "delta_hat_std": 1.1086572778910063e-05,
    "lambda_t_mean": 0.0005044952877879434,
    "lambda_t_std": 3.5500439238345113e-06,
    "n_records": 7800
  },
  "layer1.2.conv1.weight": {
    "r_t_mean": 0.015526800614413227,
    "r_t_std": 0.004657735670235815,
    "r_t_min": 0.00807974602229983,
    "r_t_max": 0.25866648355189337,
    "delta_hat_mean": -9.205311323711135e-08,
    "delta_hat_std": 1.0341641398357266e-05,
    "lambda_t_mean": 0.0005046524459703531,
    "lambda_t_std": 3.71597312153284e-06,
    "n_records": 7800
  },
  "layer1.2.conv2.weight": {
    "r_t_mean": 0.015135099446989039,
    "r_t_std": 0.00441009992050654,
    "r_t_min": 0.008203606765967517,
    "r_t_max": 0.2099061136822812,
    "delta_hat_mean": 5.6623990464642585e-08,
    "delta_hat_std": 8.530945763552116e-06,
    "lambda_t_mean": 0.0005045389689088586,
    "lambda_t_std": 3.6415387163662935e-06,
    "n_records": 7800
  },
  "layer2.0.conv1.weight": {
    "r_t_mean": 0.014984927413534986,
    "r_t_std": 0.00434751383321648,
    "r_t_min": 0.008291534478620846,
    "r_t_max": 0.1493096810871661,
    "delta_hat_mean": 1.1330077660275924e-07,
    "delta_hat_std": 8.463139972493411e-06,
    "lambda_t_mean": 0.0005044733421475353,
    "lambda_t_std": 3.5420492691627934e-06,
    "n_records": 7800
  },
  "layer2.0.conv2.weight": {
    "r_t_mean": 0.014898699499461678,
    "r_t_std": 0.0047149772311277,
    "r_t_min": 0.00856051727746802,
    "r_t_max": 0.17786216738774682,
    "delta_hat_mean": -4.947805244585203e-08,
    "delta_hat_std": 5.472444780203508e-06,
    "lambda_t_mean": 0.0005039871332472399,
    "lambda_t_std": 3.2422119783493178e-06,
    "n_records": 7800
  },
  "layer2.0.shortcut.0.weight": {
    "r_t_mean": 0.014291838927780813,
    "r_t_std": 0.0038501065634608017,
    "r_t_min": 0.008032165630673275,
    "r_t_max": 0.05711891689090779,
    "delta_hat_mean": 2.2618612768754431e-07,
    "delta_hat_std": 2.1813405163981805e-05,
    "lambda_t_mean": 0.0005045337387213283,
    "lambda_t_std": 3.562106871737679e-06,
    "n_records": 7800
  },
  "layer2.1.conv1.weight": {
    "r_t_mean": 0.015388484338234504,
    "r_t_std": 0.004664758735260008,
    "r_t_min": 0.008490699705137505,
    "r_t_max": 0.16392249116725782,
    "delta_hat_mean": 1.8092397348331766e-08,
    "delta_hat_std": 3.870283834754585e-06,
    "lambda_t_mean": 0.0005042442237222764,
    "lambda_t_std": 3.3863683933723806e-06,
    "n_records": 7800
  },
  "layer2.1.conv2.weight": {
    "r_t_mean": 0.015317424802305028,
    "r_t_std": 0.004324169222471977,
    "r_t_min": 0.008975217259389247,
    "r_t_max": 0.1427976393889528,
    "delta_hat_mean": -4.742406282812835e-08,
    "delta_hat_std": 3.6147511589836667e-06,
    "lambda_t_mean": 0.0005039875004713402,
    "lambda_t_std": 3.2177383071782914e-06,
    "n_records": 7800
  },
  "layer2.2.conv1.weight": {
    "r_t_mean": 0.01569682341118702,
    "r_t_std": 0.004157120848949887,
    "r_t_min": 0.008513708764533476,
    "r_t_max": 0.12010794784081062,
    "delta_hat_mean": 4.904398754845402e-08,
    "delta_hat_std": 3.881091257566341e-06,
    "lambda_t_mean": 0.0005041578774049884,
    "lambda_t_std": 3.3537067873975464e-06,
    "n_records": 7800
  },
  "layer2.2.conv2.weight": {
    "r_t_mean": 0.015336549001992546,
    "r_t_std": 0.0038577049534446934,
    "r_t_min": 0.009003760728572074,
    "r_t_max": 0.10963100988814509,
    "delta_hat_mean": 1.227894470976288e-08,
    "delta_hat_std": 3.846951461010333e-06,
    "lambda_t_mean": 0.0005039621992429192,
    "lambda_t_std": 3.240404629947928e-06,
    "n_records": 7800
  },
  "layer3.0.conv1.weight": {
    "r_t_mean": 0.014938286509874367,
    "r_t_std": 0.004164026462747161,
    "r_t_min": 0.008501505639930322,
    "r_t_max": 0.08246637120474248,
    "delta_hat_mean": 1.7438843378163922e-08,
    "delta_hat_std": 2.9897861298068104e-06,
    "lambda_t_mean": 0.0005038573725579352,
    "lambda_t_std": 3.1478885278892494e-06,
    "n_records": 7800
  },
  "layer3.0.conv2.weight": {
    "r_t_mean": 0.015407860894820486,
    "r_t_std": 0.004445796502508018,
    "r_t_min": 0.008540007222583934,
    "r_t_max": 0.1117099949635886,
    "delta_hat_mean": 9.158384577813178e-09,
    "delta_hat_std": 2.2903222767193337e-06,
    "lambda_t_mean": 0.0005037619960836639,
    "lambda_t_std": 3.082319864409813e-06,
    "n_records": 7800
  },
  "layer3.0.shortcut.0.weight": {
    "r_t_mean": 0.013578650151988279,
    "r_t_std": 0.0033384334230120894,
    "r_t_min": 0.007820233343358912,
    "r_t_max": 0.047713181169408536,
    "delta_hat_mean": 1.7067753947127903e-07,
    "delta_hat_std": 8.448633666561091e-06,
    "lambda_t_mean": 0.0005038678631275474,
    "lambda_t_std": 3.1176763804624077e-06,
    "n_records": 7800
  },
  "layer3.1.conv1.weight": {
    "r_t_mean": 0.015729724028732066,
    "r_t_std": 0.004351779056590565,
    "r_t_min": 0.008596826169087125,
    "r_t_max": 0.10401180263363909,
    "delta_hat_mean": 2.2264333100288655e-08,
    "delta_hat_std": 2.0221146298003526e-06,
    "lambda_t_mean": 0.0005038309438871994,
    "lambda_t_std": 3.1119898588469883e-06,
    "n_records": 7800
  },
  "layer3.1.conv2.weight": {
    "r_t_mean": 0.015700367151886982,
    "r_t_std": 0.004118310397725927,
    "r_t_min": 0.008742858645418423,
    "r_t_max": 0.11105088673760102,
    "delta_hat_mean": 5.3970573142725634e-09,
    "delta_hat_std": 1.5476805250409066e-06,
    "lambda_t_mean": 0.000503803560835182,
    "lambda_t_std": 3.1159371710008017e-06,
    "n_records": 7800
  },
  "layer3.2.conv1.weight": {
    "r_t_mean": 0.015572590452779414,
    "r_t_std": 0.004346679137167953,
    "r_t_min": 0.008746023437905728,
    "r_t_max": 0.10508522475316463,
    "delta_hat_mean": -1.5985143523079873e-08,
    "delta_hat_std": 1.8801781126712637e-06,
    "lambda_t_mean": 0.0005036905754565095,
    "lambda_t_std": 3.0239510805709944e-06,
    "n_records": 7800
  },
  "layer3.2.conv2.weight": {
    "r_t_mean": 0.015112551447687868,
    "r_t_std": 0.00397113771998373,
    "r_t_min": 0.0088554213849747,
    "r_t_max": 0.10419551169174969,
    "delta_hat_mean": 2.8529356753119283e-09,
    "delta_hat_std": 1.7288753457818397e-06,
    "lambda_t_mean": 0.0005036457279450773,
    "lambda_t_std": 3.000354616051243e-06,