{
  "conv1.weight": {
    "r_t_mean": 0.040727391042728496,
    "r_t_std": 0.018643149194757333,
    "r_t_min": 0.017061700021865408,
    "r_t_max": 0.34451727830728823,
    "delta_hat_mean": -0.00016360304995115707,
    "delta_hat_std": 0.00013188320375093153,
    "lambda_t_mean": 0.003910613153364416,
    "lambda_t_std": 0.0001821927846015988,
    "n_records": 780
  },
  "layer1.0.conv1.weight": {
    "r_t_mean": 0.04008730897718929,
    "r_t_std": 0.019640429512597056,
    "r_t_min": 0.01796258030567487,
    "r_t_max": 0.3515113068940226,
    "delta_hat_mean": -0.00015364819550305387,
    "delta_hat_std": 0.00011225720776274611,
    "lambda_t_mean": 0.003892076140992763,
    "lambda_t_std": 0.00011387726012456152,
    "n_records": 780
  },
  "layer1.0.conv2.weight": {
    "r_t_mean": 0.039921024894483896,
    "r_t_std": 0.018967970447939096,
    "r_t_min": 0.018829075694344628,
    "r_t_max": 0.32880291371089776,
    "delta_hat_mean": -0.00016609619990592278,
    "delta_hat_std": 0.0001189227658333059,
    "lambda_t_mean": 0.003902667274893507,
    "lambda_t_std": 0.00010761067489231774,
    "n_records": 780
  },
  "layer1.1.conv1.weight": {
    "r_t_mean": 0.039593658509601816,
    "r_t_std": 0.017573191662572013,
    "r_t_min": 0.018448338481765376,
    "r_t_max": 0.2809738936813618,
    "delta_hat_mean": -0.00015862436953371938,
    "delta_hat_std": 0.00011579575179471753,
    "lambda_t_mean": 0.003907314182439106,
    "lambda_t_std": 0.00010046540074965167,
    "n_records": 780
  },
  "layer1.1.conv2.weight": {
    "r_t_mean": 0.03958928535668381,
    "r_t_std": 0.016307634209399353,
    "r_t_min": 0.01949778528118672,
    "r_t_max": 0.21388605582581724,
    "delta_hat_mean": -0.00016530509354905048,
    "delta_hat_std": 0.00011868874920091454,
    "lambda_t_mean": 0.003902675948691436,
    "lambda_t_std": 8.84611798981812e-05,
    "n_records": 780
  },
  "layer1.2.conv1.weight": {
    "r_t_mean": 0.040318751594532166,
    "r_t_std": 0.018214135188667036,
    "r_t_min": 0.014198993499167287,
    "r_t_max": 0.24491566564671563,
    "delta_hat_mean": -0.00016127500912516962,
    "delta_hat_std": 0.00011465153907614369,
    "lambda_t_mean": 0.003899243922528165,
    "lambda_t_std": 9.78438153535516e-05,
    "n_records": 780
  },
  "layer1.2.conv2.weight": {
    "r_t_mean": 0.03947726346731082,
    "r_t_std": 0.016938046047810237,
    "r_t_min": 0.015454005749422671,
    "r_t_max": 0.2237132359520291,
    "delta_hat_mean": -0.00016882938743083723,
    "delta_hat_std": 0.00012108808701372453,
    "lambda_t_mean": 0.0038958813105823544,
    "lambda_t_std": 7.751939004124796e-05,
    "n_records": 780
  },
  "layer2.0.conv1.weight": {
    "r_t_mean": 0.039434346592850444,
    "r_t_std": 0.015138211926603235,
    "r_t_min": 0.014317052911886573,
    "r_t_max": 0.16456194305548047,
    "delta_hat_mean": -0.00015811104347019904,
    "delta_hat_std": 0.00011335909500977896,
    "lambda_t_mean": 0.0039128744274404366,
    "lambda_t_std": 6.271651612099196e-05,
    "n_records": 780
  },
  "layer2.0.conv2.weight": {
    "r_t_mean": 0.03948489099012932,
    "r_t_std": 0.015215034893579902,
    "r_t_min": 0.017645135618951716,
    "r_t_max": 0.16772842806694466,
    "delta_hat_mean": -0.00016577716303036442,
    "delta_hat_std": 0.00011723021715683018,
    "lambda_t_mean": 0.0038993046709916803,
    "lambda_t_std": 4.013991332504699e-05,
    "n_records": 780
  },
  "layer2.0.shortcut.0.weight": {
    "r_t_mean": 0.038784247514933735,
    "r_t_std": 0.014247333283312891,
    "r_t_min": 0.017032603652054272,
    "r_t_max": 0.08824620501545834,
    "delta_hat_mean": -0.00013114850985518573,
    "delta_hat_std": 0.00010458296926464311,
    "lambda_t_mean": 0.003904322508080506,
    "lambda_t_std": 0.0001338313168860645,
    "n_records": 780
  },
  "layer2.1.conv1.weight": {
    "r_t_mean": 0.04066937742928886,
    "r_t_std": 0.016950540837713,
    "r_t_min": 0.014264756521094697,
    "r_t_max": 0.1634469017285277,
    "delta_hat_mean": -0.00016268715575391615,
    "delta_hat_std": 0.00011596433771200582,
    "lambda_t_mean": 0.0039018949568155412,
    "lambda_t_std": 4.375205452051315e-05,
    "n_records": 780
  },
  "layer2.1.conv2.weight": {
    "r_t_mean": 0.040409421070745584,
    "r_t_std": 0.016565311607142127,
    "r_t_min": 0.015807578901885357,
    "r_t_max": 0.13255811422690392,
    "delta_hat_mean": -0.00017040696744401792,
    "delta_hat_std": 0.00011992108212073199,
    "lambda_t_mean": 0.003897548517388189,
    "lambda_t_std": 4.102885353809053e-05,
    "n_records": 780
  },
  "layer2.2.conv1.weight": {
    "r_t_mean": 0.040871856787478664,
    "r_t_std": 0.016963724997060912,
    "r_t_min": 0.015275984034430071,
    "r_t_max": 0.12668068958597925,
    "delta_hat_mean": -0.00016846882072671477,
    "delta_hat_std": 0.00011886723197836733,
    "lambda_t_mean": 0.0039012137609859606,
    "lambda_t_std": 4.370789638963682e-05,
    "n_records": 780
  },
  "layer2.2.conv2.weight": {
    "r_t_mean": 0.040569264236539886,
    "r_t_std": 0.01656406810337225,
    "r_t_min": 0.013906186365557642,
    "r_t_max": 0.11290123923664293,
    "delta_hat_mean": -0.0001713216444418373,
    "delta_hat_std": 0.0001204125029319748,
    "lambda_t_mean": 0.003899551987444289,
    "lambda_t_std": 4.368289394069054e-05,
    "n_records": 780
  },
  "layer3.0.conv1.weight": {
    "r_t_mean": 0.03964177992481602,
    "r_t_std": 0.01479871969309036,
    "r_t_min": 0.01473739121170852,
    "r_t_max": 0.08786980020511231,
    "delta_hat_mean": -0.00016924416534449594,
    "delta_hat_std": 0.00011992008634557554,
    "lambda_t_mean": 0.003900299346828103,
    "lambda_t_std": 2.905378161032112e-05,
    "n_records": 780
  },
  "layer3.0.conv2.weight": {
    "r_t_mean": 0.04046997499438883,
    "r_t_std": 0.015890908102205725,
    "r_t_min": 0.021453405437576647,
    "r_t_max": 0.10976654962859855,
    "delta_hat_mean": -0.0001702245155096663,
    "delta_hat_std": 0.00011998263499709815,
    "lambda_t_mean": 0.003896977134450219,
    "lambda_t_std": 1.9920494307719582e-05,
    "n_records": 780
  },
  "layer3.0.shortcut.0.weight": {
    "r_t_mean": 0.03846807664616131,
    "r_t_std": 0.013573554016109657,
    "r_t_min": 0.0206960032248912,
    "r_t_max": 0.07226668857435495,
    "delta_hat_mean": -0.0001654629418040507,
    "delta_hat_std": 0.00011724454336827608,
    "lambda_t_mean": 0.003901593912509715,
    "lambda_t_std": 6.970333150066892e-05,
    "n_records": 780
  },
  "layer3.1.conv1.weight": {
    "r_t_mean": 0.04114100197616116,
    "r_t_std": 0.0169043654332454,
    "r_t_min": 0.020023765082858445,
    "r_t_max": 0.09890221789801597,
    "delta_hat_mean": -0.00016936128105552137,
    "delta_hat_std": 0.0001190822429739503,
    "lambda_t_mean": 0.003897390417653582,
    "lambda_t_std": 2.269036025817651e-05,
    "n_records": 780
  },
  "layer3.1.conv2.weight": {
    "r_t_mean": 0.0408696653692148,
    "r_t_std": 0.016599259878062652,
    "r_t_min": 0.020716718775803986,
    "r_t_max": 0.09358225527904622,
    "delta_hat_mean": -0.00016829915263005755,
    "delta_hat_std": 0.0001190462082614495,
    "lambda_t_mean": 0.0038963496432356795,
    "lambda_t_std": 2.6220645828506006e-05,
    "n_records": 780
  },
  "layer3.2.conv1.weight": {
    "r_t_mean": 0.040885307744870474,
    "r_t_std": 0.016170812694079637,
    "r_t_min": 0.018828607822562196,
    "r_t_max": 0.09159103130292895,
    "delta_hat_mean": -0.00017063869411317365,
    "delta_hat_std": 0.00012029243320622014,
    "lambda_t_mean": 0.0038951917010436534,
    "lambda_t_std": 2.3309046085004333e-05,
    "n_records": 780
  },
  "layer3.2.conv2.weight": {
    "r_t_mean": 0.03893126990446409,
    "r_t_std": 0.013391109777732777,
    "r_t_min": 0.020170690892809873,
    "r_t_max": 0.09359806754907385,
    "delta_hat_mean": -0.0001719780655655712,
    "delta_hat_std": 0.00012110935629011774,
    "lambda_t_mean": 0.003892252401361442,
    "lambda_t_std": 3.1428416217188154e-05,
    "n_records": 780
  },