{
  "experiment": "tradeoff_analysis",
  "hypothesis": "Lower absorption rates correlate with better downstream performance",
  "results": {
    "layer_4_steering": {
      "comparison": {
        "metric": "steering_success",
        "low_mean": 0.788888888888889,
        "low_std": 0.1837537267615692,
        "low_n": 18,
        "med_mean": 1.0,
        "med_std": 0.0,
        "med_n": 2,
        "high_mean": 0.7666666666666666,
        "high_std": 0.18856180831641267,
        "high_n": 6,
        "mann_whitney_stat": 58.0,
        "mann_whitney_p": 0.406852138649982,
        "kruskal_stat": 3.5083606813564656,
        "kruskal_p": 0.1730490254236567
      },
      "correlation": {
        "rho": 0.028830999027232185,
        "p_value": 0.8888113628778493,
        "n": 26
      }
    },
    "layer_4_probing": {
      "comparison": {
        "metric": "probing_f1",
        "low_mean": 0.48982714893093043,
        "low_std": 0.20738541433231733,
        "low_n": 18,
        "med_mean": 0.2971014492753623,
        "med_std": 0.03623188405797101,
        "med_n": 2,
        "high_mean": 0.5125920947829551,
        "high_std": 0.09765952929070992,
        "high_n": 6,
        "mann_whitney_stat": 47.0,
        "mann_whitney_p": 0.6921937082589334,
        "kruskal_stat": 3.1483718789552544,
        "kruskal_p": 0.2071761379676265
      },
      "correlation": {
        "rho": 0.024155118470831436,
        "p_value": 0.9067596774417571,
        "n": 26
      }
    },
    "layer_8_steering": {
      "comparison": {
        "metric": "steering_success",
        "low_mean": 0.8825,
        "low_std": 0.12173228823939848,
        "low_n": 20,
        "med_mean": 0.85,
        "med_std": 0.15000000000000002,
        "med_n": 2,
        "high_mean": 0.7250000000000001,
        "high_std": 0.1677050983124842,
        "high_n": 4,
        "mann_whitney_stat": 58.5,
        "mann_whitney_p": 0.07848242374864219,
        "kruskal_stat": 2.191137566137571,
        "kruskal_p": 0.33434938058823194
      },
      "correlation": {
        "rho": -0.22243558449066594,
        "p_value": 0.27475542970699446,
        "n": 26
      }
    },
    "layer_8_probing": {
      "comparison": {
        "metric": "probing_f1",
        "low_mean": 0.48771340476796105,
        "low_std": 0.18807255114920216,
        "low_n": 20,
        "med_mean": 0.5555555555555556,
        "med_std": 0.1111111111111111,
        "med_n": 2,
        "high_mean": 0.42750582750582744,
        "high_std": 0.1728258639191733,
        "high_n": 4,
        "mann_whitney_stat": 44.5,
        "mann_whitney_p": 0.3773042274801879,
        "kruskal_stat": 0.7147814018043145,
        "kruskal_p": 0.6994991493906408
      },
      "correlation": {
        "rho": -0.0060633972211490555,
        "p_value": 0.9765479632573112,
        "n": 26
      }
    }
  },
  "significant_findings": []
}