{
  "0.5": {
    "42": {
      "gsm8k": {
        "n_samples": 1319,
        "correct": 888,
        "exact_match": 0.6732373009855952,
        "avg_tps": 20.388580662311625,
        "tps_std": 6.479255089751754,
        "cache_hit_rate": 0.5620151499922058,
        "speedup": 0.6574204579470423,
        "accuracy_retention": 0.9452924754080246
      },
      "math500": {
        "n_samples": 500,
        "correct": 59,
        "exact_match": 0.118,
        "avg_tps": 40.69983014769668,
        "tps_std": 7.215108808831798,
        "cache_hit_rate": 0.5071935399842383,
        "speedup": 0.5137505225596329,
        "accuracy_retention": 1.065943992773261
      },
      "humaneval": {
        "n_samples": 164,
        "passed": 0,
        "pass_at_1": 0.0,
        "avg_tps": 49.92190281730373,
        "tps_std": 9.300857409040061,
        "cache_hit_rate": 0.4964809168397896,
        "speedup": 0.5094123696905452,
        "accuracy_retention": 0.0
      },
      "mbpp": {
        "n_samples": 257,
        "passed": 0,
        "pass_at_1": 0.0,
        "avg_tps": 82.32100381533147,
        "tps_std": 5.010029766963169,
        "cache_hit_rate": 0.46860082200642733,
        "speedup": 0.4296817294339433,
        "accuracy_retention": 1.0
      }
    },
    "123": {
      "gsm8k": {
        "n_samples": 1319,
        "correct": 871,
        "exact_match": 0.6603487490523123,
        "avg_tps": 18.146634845540962,
        "tps_std": 1.6125922586659636,
        "cache_hit_rate": 0.5635161975603249,
        "speedup": 0.5851299405262619,
        "accuracy_retention": 0.9271956600004385
      },
      "math500": {
        "n_samples": 500,
        "correct": 54,
        "exact_match": 0.108,
        "avg_tps": 40.724275182058676,
        "tps_std": 7.564262152997849,
        "cache_hit_rate": 0.5156113571077287,
        "speedup": 0.5140590901662271,
        "accuracy_retention": 0.975609756097561
      },
      "humaneval": {
        "n_samples": 164,
        "passed": 0,
        "pass_at_1": 0.0,
        "avg_tps": 49.038007322929474,
        "tps_std": 9.215648474918448,
        "cache_hit_rate": 0.49628428291282095,
        "speedup": 0.5003929358761771,
        "accuracy_retention": 0.0
      },
      "mbpp": {
        "n_samples": 257,
        "passed": 0,
        "pass_at_1": 0.0,
        "avg_tps": 81.65278201024677,
        "tps_std": 4.811864778390163,
        "cache_hit_rate": 0.4714537301075965,
        "speedup": 0.42619388687193616,
        "accuracy_retention": 1.0
      }
    },
    "456": {
      "gsm8k": {
        "n_samples": 1319,
        "correct": 874,
        "exact_match": 0.6626231993934799,
        "avg_tps": 18.08535633106843,
        "tps_std": 1.4986470388153086,
        "cache_hit_rate": 0.5628851970867748,
        "speedup": 0.5831540428552036,
        "accuracy_retention": 0.9303892156606007
      },
      "math500": {
        "n_samples": 500,
        "correct": 57,
        "exact_match": 0.114,
        "avg_tps": 41.19598988158413,
        "tps_std": 8.989461824574825,
        "cache_hit_rate": 0.5100857298357101,
        "speedup": 0.5200135050249824,
        "accuracy_retention": 1.029810298102981
      },
      "humaneval": {
        "n_samples": 164,
        "passed": 0,
        "pass_at_1": 0.0,
        "avg_tps": 48.87128764507238,
        "tps_std": 8.130131100669502,
        "cache_hit_rate": 0.5000845226691681,
        "speedup": 0.4986916973139765,
        "accuracy_retention": 0.0
      },
      "mbpp": {
        "n_samples": 257,
        "passed": 0,
        "pass_at_1": 0.0,
        "avg_tps": 81.9927568979179,
        "tps_std": 5.064033877012046,
        "cache_hit_rate": 0.4701944650886267,
        "speedup": 0.42796841573976124,
        "accuracy_retention": 1.0
      }
    }
  },
  "1.0": {
    "42": {
      "gsm8k": {
        "n_samples": 1319,
        "correct": 827,
        "exact_match": 0.6269901440485216,
        "avg_tps": 19.30177205969687,
        "tps_std": 1.9701929357486547,
        "cache_hit_rate": 0.5870413838920291,
        "speedup": 0.6223768116498523,
        "accuracy_retention": 0.8803568436513922
      },
      "math500": {
        "n_samples": 500,
        "correct": 43,
        "exact_match": 0.086,
        "avg_tps": 43.36003559411913,
        "tps_std": 8.644235030956127,
        "cache_hit_rate": 0.5506656484254208,
        "speedup": 0.547330071497698,
        "accuracy_retention": 0.7768744354110206
      },
      "humaneval": {
        "n_samples": 164,
        "passed": 0,
        "pass_at_1": 0.0,
        "avg_tps": 53.95272768464187,
        "tps_std": 10.354382412633182,
        "cache_hit_rate": 0.5264080067720324,
        "speedup": 0.5505436553907884,
        "accuracy_retention": 0.0
      },
      "mbpp": {
        "n_samples": 257,
        "passed": 0,
        "pass_at_1": 0.0,
        "avg_tps": 84.74187915353866,
        "tps_std": 5.189913713063018,
        "cache_hit_rate": 0.4952994444860609,
        "speedup": 0.4423177014684719,
        "accuracy_retention": 1.0
      }
    },
    "123": {
      "gsm8k": {
        "n_samples": 1319,
        "correct": 817,
        "exact_match": 0.6194086429112965,
        "avg_tps": 19.181833760772726,
        "tps_std": 2.0038699078153868,
        "cache_hit_rate": 0.5874462234625627,
        "speedup": 0.6185094560594823,
        "accuracy_retention": 0.8697116581175182
      },
      "math500": {
        "n_samples": 500,
        "correct": 48,
        "exact_match": 0.096,
        "avg_tps": 44.25962986899569,
        "tps_std": 9.247715874363346,
        "cache_hit_rate": 0.5577532313208103,
        "speedup": 0.5586855741406406,
        "accuracy_retention": 0.8672086720867208
      },
      "humaneval": {
        "n_samples": 164,
        "passed": 0,
        "pass_at_1": 0.0,
        "avg_tps": 53.06086513351282,
        "tps_std": 10.496140755235695,
        "cache_hit_rate": 0.5259398370820157,
        "speedup": 0.5414429242493579,
        "accuracy_retention": 0.0
      },
      "mbpp": {
        "n_samples": 257,
        "passed": 0,
        "pass_at_1": 0.0,
        "avg_tps": 84.68956563738588,
        "tps_std": 4.814574323371374,
        "cache_hit_rate": 0.49498147370216333,
        "speedup": 0.4420446464636554,
        "accuracy_retention": 1.0
      }
    },
    "456": {
      "gsm8k": {
        "n_samples": 1319,
        "correct": 787,
        "exact_match": 0.5966641394996209,
        "avg_tps": 19.159328424218227,
        "tps_std": 1.6561646605315397,
        "cache_hit_rate": 0.587958982602765,
        "speedup": 0.6177837817759723,
        "accuracy_retention": 0.8377761015158957
      },
      "math500": {
        "n_samples": 500,
        "correct": 53,
        "exact_match": 0.106,
        "avg_tps": 44.74787614073346,
        "tps_std": 10.323308711440397,
        "cache_hit_rate": 0.5537415513496288,
        "speedup": 0.564848665640846,
        "accuracy_retention": 0.9575429087624209
      },
      "humaneval": {
        "n_samples": 164,
        "passed": 0,
        "pass_at_1": 0.0,
        "avg_tps": 53.45189462683608,
        "tps_std": 9.254485489663228,
        "cache_hit_rate": 0.5284935939095846,
        "speedup": 0.5454330618356931,
        "accuracy_retention": 0.0
      },
      "mbpp": {
        "n_samples": 257,
        "passed": 0,
        "pass_at_1": 0.0,
        "avg_tps": 84.75119327693504,
        "tps_std": 5.308076393914273,
        "cache_hit_rate": 0.4938804828048615,
        "speedup": 0.44236631735583515,
        "accuracy_retention": 1.0
      }
    }
  }
}