{
  "features.0.weight": {
    "r_t_mean": 0.020232326745923374,
    "r_t_std": 0.011824960375079248,
    "r_t_min": 0.0008330926335061148,
    "r_t_max": 0.2081806914588444,
    "delta_hat_mean": -3.7063797694195173e-07,
    "delta_hat_std": 1.7947873288828736e-05,
    "lambda_t_mean": 0.0007162148698210853,
    "lambda_t_std": 0.0002797437925458059,
    "n_records": 1950
  },
  "features.3.weight": {
    "r_t_mean": 0.020961418568505082,
    "r_t_std": 0.020718013666550836,
    "r_t_min": 0.0008168853036816898,
    "r_t_max": 0.8029568138116037,
    "delta_hat_mean": 2.572465323379374e-09,
    "delta_hat_std": 4.5986844702692204e-06,
    "lambda_t_mean": 0.0006758629177319029,
    "lambda_t_std": 0.00026536464951319526,
    "n_records": 1950
  },
  "features.7.weight": {
    "r_t_mean": 0.02349670546008765,
    "r_t_std": 0.014527431824490742,
    "r_t_min": 0.0009648774949522499,
    "r_t_max": 0.4651479705928151,
    "delta_hat_mean": -1.8522709593335106e-09,
    "delta_hat_std": 3.5867958095333784e-08,
    "lambda_t_mean": 0.0006533682757867204,
    "lambda_t_std": 0.00023152772467861584,
    "n_records": 1950
  },
  "features.10.weight": {
    "r_t_mean": 0.024838021743705994,
    "r_t_std": 0.016312379892260302,
    "r_t_min": 0.000918890626468561,
    "r_t_max": 0.5660271368997207,
    "delta_hat_mean": -1.1922113247592608e-09,
    "delta_hat_std": 2.7845885393426568e-08,
    "lambda_t_mean": 0.0006408367845323785,
    "lambda_t_std": 0.00021631785261810033,
    "n_records": 1950
  },
  "features.14.weight": {
    "r_t_mean": 0.027035240250085944,
    "r_t_std": 0.013711733364393323,
    "r_t_min": 0.0006847317577290557,
    "r_t_max": 0.35081308135668604,
    "delta_hat_mean": 2.9222053984396415e-08,
    "delta_hat_std": 1.3158333129136206e-06,
    "lambda_t_mean": 0.0006302009836150745,
    "lambda_t_std": 0.00018999205384624465,
    "n_records": 1950
  },
  "features.17.weight": {
    "r_t_mean": 0.029497753202750793,
    "r_t_std": 0.016108606388960906,
    "r_t_min": 0.0006263778193171528,
    "r_t_max": 0.4007593206428966,
    "delta_hat_mean": -3.8077038019051904e-10,
    "delta_hat_std": 2.4360404321894987e-08,
    "lambda_t_mean": 0.0006224054818103516,
    "lambda_t_std": 0.00017493124674117398,
    "n_records": 1950
  },
  "features.20.weight": {
    "r_t_mean": 0.029275678884451525,
    "r_t_std": 0.01531867443621498,
    "r_t_min": 0.0006260637896011122,
    "r_t_max": 0.3404378097607138,
    "delta_hat_mean": 4.395919928317625e-10,
    "delta_hat_std": 4.3265708709729394e-08,
    "lambda_t_mean": 0.0006158976988043753,
    "lambda_t_std": 0.0001584632585503823,
    "n_records": 1950
  },
  "features.24.weight": {
    "r_t_mean": 0.026096895239777457,
    "r_t_std": 0.013355013632548022,
    "r_t_min": 0.00034171283675274433,
    "r_t_max": 0.2586802657277099,
    "delta_hat_mean": -3.770516198879743e-08,
    "delta_hat_std": 6.983529394381782e-07,
    "lambda_t_mean": 0.0006142821629396658,
    "lambda_t_std": 0.0001484827577131242,
    "n_records": 1950
  },
  "features.27.weight": {
    "r_t_mean": 0.023981023475458677,
    "r_t_std": 0.012244148309869436,
    "r_t_min": 0.0002487948247056323,
    "r_t_max": 0.2555062599781231,
    "delta_hat_mean": 4.789975571568743e-09,
    "delta_hat_std": 7.612807150377565e-07,
    "lambda_t_mean": 0.00061552242228795,
    "lambda_t_std": 0.00013498131652826256,
    "n_records": 1950
  },
  "features.30.weight": {
    "r_t_mean": 0.021163616867071314,
    "r_t_std": 0.009707809864408919,
    "r_t_min": 0.00023332360897564955,
    "r_t_max": 0.21942508376775688,
    "delta_hat_mean": 4.3599320998268855e-08,
    "delta_hat_std": 9.295896670482039e-07,
    "lambda_t_mean": 0.0006225353086891036,
    "lambda_t_std": 0.0001320364860738705,
    "n_records": 1950
  },
  "features.34.weight": {
    "r_t_mean": 0.01786184302351114,
    "r_t_std": 0.007402246078849876,
    "r_t_min": 0.00015254226239415873,
    "r_t_max": 0.20126730927703596,
    "delta_hat_mean": 8.544378362902905e-09,
    "delta_hat_std": 1.816513169002055e-06,
    "lambda_t_mean": 0.0006361528366912893,
    "lambda_t_std": 0.00013874070337743387,
    "n_records": 1950
  },
  "features.37.weight": {
    "r_t_mean": 0.01695504649440638,
    "r_t_std": 0.0058771630969586194,
    "r_t_min": 0.00044979744999580797,
    "r_t_max": 0.16898201721301975,
    "delta_hat_mean": 5.325373403449655e-08,
    "delta_hat_std": 2.2501315576065208e-06,
    "lambda_t_mean": 0.0006268181947374712,
    "lambda_t_std": 0.00011881790223461244,
    "n_records": 1950
  },
  "features.40.weight": {
    "r_t_mean": 0.01810870623802961,
    "r_t_std": 0.004814653897095153,
    "r_t_min": 0.0014875050183946594,
    "r_t_max": 0.14515148145760892,
    "delta_hat_mean": 5.499231439502868e-08,
    "delta_hat_std": 2.883377559570765e-06,
    "lambda_t_mean": 0.0006179215998115927,
    "lambda_t_std": 0.00011120096129525739,
    "n_records": 1950
  },
  "classifier.0.weight": {
    "r_t_mean": 0.019260065666145552,
    "r_t_std": 0.010299856356290051,
    "r_t_min": 0.004964356476354477,
    "r_t_max": 0.19238348965068996,
    "delta_hat_mean": 0.0004015246355461736,
    "delta_hat_std": 0.015655439067142476,
    "lambda_t_mean": 0.0006589191180250451,
    "lambda_t_std": 0.0003030040758696455,
    "n_records": 1950
  },
  "classifier.3.weight": {
    "r_t_mean": 0.02084881069209949,
    "r_t_std": 0.004313763683204213,
    "r_t_min": 0.006994500295514829,
    "r_t_max": 0.09684494563018417,
    "delta_hat_mean": 0.0007755105097870304,
    "delta_hat_std": 0.012823858358059851,
    "lambda_t_mean": 0.0005865507601887232,
    "lambda_t_std": 9.909016813127164e-05,
    "n_records": 1950
  },
  "classifier.6.weight": {
    "r_t_mean": 0.02322657111853221,
    "r_t_std": 0.007263023489428217,
    "r_t_min": 0.016066035224698606,
    "r_t_max": 0.20850416321740461,
    "delta_hat_mean": 0.001037847832222747,
    "delta_hat_std": 0.012994211950661319,
    "lambda_t_mean": 0.0005734651577659596,
    "lambda_t_std": 6.207798974370067e-05,
    "n_records": 1950
  }
}