{
  "conv1.weight": {
    "r_t_mean": 0.12091041694187173,
    "r_t_std": 0.04078134651187148,
    "r_t_min": 0.05894701738531249,
    "r_t_max": 0.4812621336953022,
    "delta_hat_mean": -6.126243438969298e-06,
    "delta_hat_std": 3.4134777934605963e-05,
    "lambda_t_mean": 0.002357333025065616,
    "lambda_t_std": 8.740469528108351e-05,
    "n_records": 780
  },
  "layer1.0.conv1.weight": {
    "r_t_mean": 0.11648871912826252,
    "r_t_std": 0.0340901653490195,
    "r_t_min": 0.07407722316145779,
    "r_t_max": 0.5190128065598305,
    "delta_hat_mean": -7.321224853318889e-06,
    "delta_hat_std": 1.0066957136353632e-05,
    "lambda_t_mean": 0.0023517535665446205,
    "lambda_t_std": 4.2045699807581114e-05,
    "n_records": 780
  },
  "layer1.0.conv2.weight": {
    "r_t_mean": 0.11542866649909006,
    "r_t_std": 0.033515286673101725,
    "r_t_min": 0.0772470322207305,
    "r_t_max": 0.4284767670713942,
    "delta_hat_mean": -7.474789598277837e-06,
    "delta_hat_std": 8.875156717543096e-06,
    "lambda_t_mean": 0.002352240558529467,
    "lambda_t_std": 4.454457970579947e-05,
    "n_records": 780
  },
  "layer1.1.conv1.weight": {
    "r_t_mean": 0.11622489910403044,
    "r_t_std": 0.025991347601662176,
    "r_t_min": 0.07423173859059028,
    "r_t_max": 0.29317515330409,
    "delta_hat_mean": -7.345494002894343e-06,
    "delta_hat_std": 8.60953665685056e-06,
    "lambda_t_mean": 0.0023533323607310246,
    "lambda_t_std": 4.212832161768016e-05,
    "n_records": 780
  },
  "layer1.1.conv2.weight": {
    "r_t_mean": 0.11273942192946511,
    "r_t_std": 0.023279053301242886,
    "r_t_min": 0.0743747673528424,
    "r_t_max": 0.2752850494636599,
    "delta_hat_mean": -7.217422603710533e-06,
    "delta_hat_std": 8.817021522573646e-06,
    "lambda_t_mean": 0.0023517404713751773,
    "lambda_t_std": 4.006445728447725e-05,
    "n_records": 780
  },
  "layer1.2.conv1.weight": {
    "r_t_mean": 0.12056441531153474,
    "r_t_std": 0.021854691004216668,
    "r_t_min": 0.08112401874673544,
    "r_t_max": 0.26319864782789815,
    "delta_hat_mean": -7.341942130924012e-06,
    "delta_hat_std": 7.64431095476514e-06,
    "lambda_t_mean": 0.0023532616680300624,
    "lambda_t_std": 4.255848133864613e-05,
    "n_records": 780
  },
  "layer1.2.conv2.weight": {
    "r_t_mean": 0.11310029959902149,
    "r_t_std": 0.022078357899302754,
    "r_t_min": 0.07693128535008024,
    "r_t_max": 0.24591113600449993,
    "delta_hat_mean": -7.4439659225702735e-06,
    "delta_hat_std": 8.641672671583261e-06,
    "lambda_t_mean": 0.002349054161682784,
    "lambda_t_std": 3.900157858515658e-05,
    "n_records": 780
  },
  "layer2.0.conv1.weight": {
    "r_t_mean": 0.11431886368549914,
    "r_t_std": 0.019215881867712527,
    "r_t_min": 0.07274831633444669,
    "r_t_max": 0.19882356404997123,
    "delta_hat_mean": -7.562847335719811e-06,
    "delta_hat_std": 8.637100277168375e-06,
    "lambda_t_mean": 0.0023529383173024553,
    "lambda_t_std": 2.9924736303351247e-05,
    "n_records": 780
  },
  "layer2.0.conv2.weight": {
    "r_t_mean": 0.12012268876844379,
    "r_t_std": 0.024948041917205007,
    "r_t_min": 0.08319804360994211,
    "r_t_max": 0.3034442137529587,
    "delta_hat_mean": -7.4190475910011875e-06,
    "delta_hat_std": 6.593998279126723e-06,
    "lambda_t_mean": 0.0023534861779144827,
    "lambda_t_std": 2.014977485782884e-05,
    "n_records": 780
  },
  "layer2.0.shortcut.0.weight": {
    "r_t_mean": 0.09047524775232699,
    "r_t_std": 0.009970011552683504,
    "r_t_min": 0.03140699832483826,
    "r_t_max": 0.12136573125097858,
    "delta_hat_mean": -7.27298207529325e-06,
    "delta_hat_std": 1.5714267734742422e-05,
    "lambda_t_mean": 0.0023526293397997493,
    "lambda_t_std": 7.325929644164833e-05,
    "n_records": 780
  },
  "layer2.1.conv1.weight": {
    "r_t_mean": 0.12121194395033452,
    "r_t_std": 0.02683788231992553,
    "r_t_min": 0.08070080507135093,
    "r_t_max": 0.2734237217901609,
    "delta_hat_mean": -7.370827865318169e-06,
    "delta_hat_std": 6.083546393789917e-06,
    "lambda_t_mean": 0.0023524624554925157,
    "lambda_t_std": 2.070359323064832e-05,
    "n_records": 780
  },
  "layer2.1.conv2.weight": {
    "r_t_mean": 0.11929210171773458,
    "r_t_std": 0.021992136597416705,
    "r_t_min": 0.076758924399927,
    "r_t_max": 0.22219906962114722,
    "delta_hat_mean": -7.280633139754691e-06,
    "delta_hat_std": 6.203406021700925e-06,
    "lambda_t_mean": 0.0023512803172964923,
    "lambda_t_std": 2.2228423529101555e-05,
    "n_records": 780
  },
  "layer2.2.conv1.weight": {
    "r_t_mean": 0.1245357987899106,
    "r_t_std": 0.01992804252388771,
    "r_t_min": 0.07799459350329928,
    "r_t_max": 0.2157886958826365,
    "delta_hat_mean": -7.455057074034189e-06,
    "delta_hat_std": 5.990532042340771e-06,
    "lambda_t_mean": 0.0023533068265888498,
    "lambda_t_std": 2.2112666451919944e-05,
    "n_records": 780
  },
  "layer2.2.conv2.weight": {
    "r_t_mean": 0.11977452430507762,
    "r_t_std": 0.017109878353365995,
    "r_t_min": 0.07527408256078033,
    "r_t_max": 0.20969936432397016,
    "delta_hat_mean": -7.362501307925302e-06,
    "delta_hat_std": 6.1359296243962165e-06,
    "lambda_t_mean": 0.002352376702627575,
    "lambda_t_std": 2.1913214956208044e-05,
    "n_records": 780
  },
  "layer3.0.conv1.weight": {
    "r_t_mean": 0.12014583621906195,
    "r_t_std": 0.014453378336544323,
    "r_t_min": 0.057296200289609,
    "r_t_max": 0.18127664874800478,
    "delta_hat_mean": -7.549006192611238e-06,
    "delta_hat_std": 6.100716753317937e-06,
    "lambda_t_mean": 0.002352938645400811,
    "lambda_t_std": 1.660606248363073e-05,
    "n_records": 780
  },
  "layer3.0.conv2.weight": {
    "r_t_mean": 0.13244650620667553,
    "r_t_std": 0.016865712981049507,
    "r_t_min": 0.07750575337859442,
    "r_t_max": 0.19211546165041343,
    "delta_hat_mean": -7.484480855983573e-06,
    "delta_hat_std": 5.4446615522104335e-06,
    "lambda_t_mean": 0.002353087387217321,
    "lambda_t_std": 1.1242006896047993e-05,
    "n_records": 780
  },
  "layer3.0.shortcut.0.weight": {
    "r_t_mean": 0.08952577800950094,
    "r_t_std": 0.011814484216041924,
    "r_t_min": 0.025467762208801092,
    "r_t_max": 0.1219059839962608,
    "delta_hat_mean": -7.826923346284444e-06,
    "delta_hat_std": 9.076833401555138e-06,
    "lambda_t_mean": 0.0023538399461462576,
    "lambda_t_std": 3.96393683312673e-05,
    "n_records": 780
  },
  "layer3.1.conv1.weight": {
    "r_t_mean": 0.13226711083832307,
    "r_t_std": 0.018518343712933073,
    "r_t_min": 0.06518174111879792,
    "r_t_max": 0.20576495063219072,
    "delta_hat_mean": -7.3272762297433445e-06,
    "delta_hat_std": 5.402645271261961e-06,
    "lambda_t_mean": 0.0023521881909756293,
    "lambda_t_std": 1.1919136489727661e-05,
    "n_records": 780
  },
  "layer3.1.conv2.weight": {
    "r_t_mean": 0.12693096911729115,
    "r_t_std": 0.014369914029797738,
    "r_t_min": 0.07378752996943747,
    "r_t_max": 0.16895136789076945,
    "delta_hat_mean": -7.4098792739907555e-06,
    "delta_hat_std": 5.563022362781827e-06,
    "lambda_t_mean": 0.0023536853305601703,
    "lambda_t_std": 1.3017657833428385e-05,
    "n_records": 780
  },
  "layer3.2.conv1.weight": {
    "r_t_mean": 0.12947027914348264,
    "r_t_std": 0.014274784591290585,
    "r_t_min": 0.07796880186828879,
    "r_t_max": 0.1678677246010829,
    "delta_hat_mean": -7.330307396770126e-06,
    "delta_hat_std": 5.467569888485502e-06,
    "lambda_t_mean": 0.002352532815780404,
    "lambda_t_std": 1.286516986043989e-05,
    "n_records": 780
  },
  "layer3.2.conv2.weight": {
    "r_t_mean": 0.11304099409665228,
    "r_t_std": 0.00971545548132086,
    "r_t_min": 0.08495493498975266,
    "r_t_max": 0.14094888317943374,
    "delta_hat_mean": -7.760455307123018e-06,
    "delta_hat_std": 5.408550660624981e-06,
    "lambda_t_mean": 0.002352092461763314,
    "lambda_t_std": 1.595233224741277e-05,
    "n_records": 780
  },
  "fc.weight": {
    "r_t_mean": 0.06114019082947219,