{
  "features.0.weight": {
    "r_t_mean": 0.017996267680585994,
    "r_t_std": 0.012917845134584239,
    "r_t_min": 0.0005578429084273876,
    "r_t_max": 0.2707470657021211,
    "delta_hat_mean": -7.603780505462327e-06,
    "delta_hat_std": 1.7668883115462913e-05,
    "lambda_t_mean": 0.00024442203977169136,
    "lambda_t_std": 8.185520461661484e-06,
    "n_records": 1950
  },
  "features.3.weight": {
    "r_t_mean": 0.018794869262379103,
    "r_t_std": 0.022481671011028184,
    "r_t_min": 0.0003967294030231831,
    "r_t_max": 0.8902691962255719,
    "delta_hat_mean": -7.0348111298589e-06,
    "delta_hat_std": 6.6481939295485085e-06,
    "lambda_t_mean": 0.00024321737877069376,
    "lambda_t_std": 8.05515118026039e-06,
    "n_records": 1950
  },
  "features.7.weight": {
    "r_t_mean": 0.02083489234298123,
    "r_t_std": 0.014992633233785078,
    "r_t_min": 0.000317404573739,
    "r_t_max": 0.5119791848020387,
    "delta_hat_mean": -7.358973713203786e-06,
    "delta_hat_std": 5.212451682988618e-06,
    "lambda_t_mean": 0.0002489327319233845,
    "lambda_t_std": 2.7008080125115404e-06,
    "n_records": 1950
  },
  "features.10.weight": {
    "r_t_mean": 0.022184078192915013,
    "r_t_std": 0.015464843378450003,
    "r_t_min": 0.00023586310713033968,
    "r_t_max": 0.5995627446402162,
    "delta_hat_mean": -7.4503529283204285e-06,
    "delta_hat_std": 5.213582847303746e-06,
    "lambda_t_mean": 0.00024874746853724504,
    "lambda_t_std": 2.4794169925062446e-06,
    "n_records": 1950
  },
  "features.14.weight": {
    "r_t_mean": 0.024062588258378318,
    "r_t_std": 0.010807024839976807,
    "r_t_min": 0.00015058883646347005,
    "r_t_max": 0.3622622233934137,
    "delta_hat_mean": -7.468873042855777e-06,
    "delta_hat_std": 5.356124599622375e-06,
    "lambda_t_mean": 0.0002486146710698421,
    "lambda_t_std": 2.4322947245093534e-06,
    "n_records": 1950
  },
  "features.17.weight": {
    "r_t_mean": 0.026134245759599727,
    "r_t_std": 0.013078472119608496,
    "r_t_min": 0.000156716460924915,
    "r_t_max": 0.42615100190945593,
    "delta_hat_mean": -7.3682908104016755e-06,
    "delta_hat_std": 5.237006548567082e-06,
    "lambda_t_mean": 0.00024992004464834166,
    "lambda_t_std": 9.988499957322238e-07,
    "n_records": 1950
  },
  "features.20.weight": {
    "r_t_mean": 0.025709592075684563,
    "r_t_std": 0.012473859577795636,
    "r_t_min": 0.00019413352987257792,
    "r_t_max": 0.35922578768645075,
    "delta_hat_mean": -7.395846919051283e-06,
    "delta_hat_std": 5.249882107690894e-06,
    "lambda_t_mean": 0.00024995538461666843,
    "lambda_t_std": 1.021955120289895e-06,
    "n_records": 1950
  },
  "features.24.weight": {
    "r_t_mean": 0.022551256012055185,
    "r_t_std": 0.010660996453174174,
    "r_t_min": 0.00011066496605930842,
    "r_t_max": 0.22139664092288672,
    "delta_hat_mean": -7.42428603860019e-06,
    "delta_hat_std": 5.326047406634159e-06,
    "lambda_t_mean": 0.000250054346651603,
    "lambda_t_std": 7.056430371312178e-07,
    "n_records": 1950
  },
  "features.27.weight": {
    "r_t_mean": 0.02083832235845547,
    "r_t_std": 0.010653760097516314,
    "r_t_min": 9.477825082329682e-05,
    "r_t_max": 0.266252792617813,
    "delta_hat_mean": -7.255931178023236e-06,
    "delta_hat_std": 5.188954777771224e-06,
    "lambda_t_mean": 0.0002499644050154931,
    "lambda_t_std": 7.797654546410164e-07,
    "n_records": 1950
  },
  "features.30.weight": {
    "r_t_mean": 0.017973293152833622,
    "r_t_std": 0.008633725153824753,
    "r_t_min": 9.140518262131194e-05,
    "r_t_max": 0.22685636113464527,
    "delta_hat_mean": -7.141237424000299e-06,
    "delta_hat_std": 5.11935335590733e-06,
    "lambda_t_mean": 0.0002498992752188291,
    "lambda_t_std": 1.7144137032414341e-06,
    "n_records": 1950
  },
  "features.34.weight": {
    "r_t_mean": 0.014557150485433655,
    "r_t_std": 0.006674407298460761,
    "r_t_min": 8.410083324512458e-05,
    "r_t_max": 0.20948301740879638,
    "delta_hat_mean": -7.0301923197933165e-06,
    "delta_hat_std": 5.116650913990215e-06,
    "lambda_t_mean": 0.0002500885704618234,
    "lambda_t_std": 3.2636827064534887e-06,
    "n_records": 1950
  },
  "features.37.weight": {
    "r_t_mean": 0.013348865166673192,
    "r_t_std": 0.005016222154139813,
    "r_t_min": 0.00020273201524651584,
    "r_t_max": 0.17518526122039407,
    "delta_hat_mean": -6.519063127452085e-06,
    "delta_hat_std": 4.93685945387095e-06,
    "lambda_t_mean": 0.00023068759188438074,
    "lambda_t_std": 6.901356792982554e-06,
    "n_records": 1950
  },
  "features.40.weight": {
    "r_t_mean": 0.014677082368665374,
    "r_t_std": 0.0043360908954099345,
    "r_t_min": 0.0007768734955688869,
    "r_t_max": 0.15074167983046388,
    "delta_hat_mean": -6.279000973780632e-06,
    "delta_hat_std": 4.964776159260996e-06,
    "lambda_t_mean": 0.000212868011425703,
    "lambda_t_std": 1.9535366167768793e-05,
    "n_records": 1950
  },
  "classifier.0.weight": {
    "r_t_mean": 0.014266408350898352,
    "r_t_std": 0.007739783583126227,
    "r_t_min": 0.002039397064584911,
    "r_t_max": 0.2186214953365493,
    "delta_hat_mean": 0.00024364444487382105,
    "delta_hat_std": 0.013794079631700625,
    "lambda_t_mean": 7.438906645163512e-05,
    "lambda_t_std": 2.2346082074667754e-05,
    "n_records": 1950
  },
  "classifier.3.weight": {
    "r_t_mean": 0.017272311731462646,
    "r_t_std": 0.0037221888119064787,
    "r_t_min": 0.0022925720614304446,
    "r_t_max": 0.07601830403433382,
    "delta_hat_mean": 0.0007511532797940535,
    "delta_hat_std": 0.011284350422821148,
    "lambda_t_mean": 9.273215562869341e-05,
    "lambda_t_std": 2.9883974337785924e-05,
    "n_records": 1950
  },
  "classifier.6.weight": {
    "r_t_mean": 0.020688080930506874,
    "r_t_std": 0.0077963643317248525,
    "r_t_min": 0.007649579344509368,
    "r_t_max": 0.20555482061156055,
    "delta_hat_mean": 0.0006879781728526397,
    "delta_hat_std": 0.01176826184943574,
    "lambda_t_mean": 0.000181361704713259,
    "lambda_t_std": 8.755154028592263e-06,
    "n_records": 1950
  }
}