{
  "variant": "Kp_only",
  "method": "UDWDC_v2_Kp_only",
  "K_p": 0.5,
  "K_i": 0.0,
  "K_d": 0.0,
  "is_baseline": false,
  "seed": 456,
  "epochs": 200,
  "best_test_acc": 68.79,
  "final_test_acc": 68.51,
  "final_train_acc": 99.67147435897436,
  "generalization_gap": 31.16147435897436,
  "total_wd_budget": 0.25875343322108973,
  "v2_cumulative_wd_budget": 349013.0066948465,
  "csi": 0.23927652333428684,
  "nan_inf_detected": false,
  "elapsed_sec": 5558.9651782512665
}