{
  "conv1.weight": {
    "r_t_mean": 0.015925964412070844,
    "r_t_std": 0.007914204737430241,
    "r_t_min": 0.006377072430163729,
    "r_t_max": 0.4812751498758097,
    "delta_hat_mean": -2.683960739291973e-06,
    "delta_hat_std": 5.0522862029883796e-05,
    "lambda_t_mean": 0.0005847445557175893,
    "lambda_t_std": 6.807363506217946e-05,
    "n_records": 7800
  },
  "layer1.0.conv1.weight": {
    "r_t_mean": 0.015573651250770704,
    "r_t_std": 0.007058748469804465,
    "r_t_min": 0.00799486075470646,
    "r_t_max": 0.5190265442655931,
    "delta_hat_mean": 2.0380940523152458e-07,
    "delta_hat_std": 1.448195359838939e-05,
    "lambda_t_mean": 0.0005598914359253707,
    "lambda_t_std": 5.077051890362724e-05,
    "n_records": 7800
  },
  "layer1.0.conv2.weight": {
    "r_t_mean": 0.015563450817386932,
    "r_t_std": 0.006470819481607387,
    "r_t_min": 0.00803507641288138,
    "r_t_max": 0.42848783475481467,
    "delta_hat_mean": -2.455806191659367e-07,
    "delta_hat_std": 2.233987158494996e-05,
    "lambda_t_mean": 0.000553880831536077,
    "lambda_t_std": 4.5488393997060816e-05,
    "n_records": 7800
  },
  "layer1.1.conv1.weight": {
    "r_t_mean": 0.01570717577592048,
    "r_t_std": 0.005127372920290742,
    "r_t_min": 0.007853279362321407,
    "r_t_max": 0.29318285605967587,
    "delta_hat_mean": -1.2700164940710054e-07,
    "delta_hat_std": 9.856564724957374e-06,
    "lambda_t_mean": 0.0005539387912040613,
    "lambda_t_std": 4.467207095777345e-05,
    "n_records": 7800
  },
  "layer1.1.conv2.weight": {
    "r_t_mean": 0.01550451043122848,
    "r_t_std": 0.004906720465287179,
    "r_t_min": 0.0074696962281974675,
    "r_t_max": 0.2752919738113606,
    "delta_hat_mean": 6.745987572627972e-09,
    "delta_hat_std": 9.082962196762383e-06,
    "lambda_t_mean": 0.0005493684629698739,
    "lambda_t_std": 4.1324547262069564e-05,
    "n_records": 7800
  },
  "layer1.2.conv1.weight": {
    "r_t_mean": 0.016038841297383585,
    "r_t_std": 0.0047644980661881295,
    "r_t_min": 0.00840872482430965,
    "r_t_max": 0.25866648355189337,
    "delta_hat_mean": 1.5223999569788868e-07,
    "delta_hat_std": 1.0577701751822402e-05,
    "lambda_t_mean": 0.0005520984793966267,
    "lambda_t_std": 4.3779105190007355e-05,
    "n_records": 7800
  },
  "layer1.2.conv2.weight": {
    "r_t_mean": 0.01576018410856262,
    "r_t_std": 0.004593711062898278,
    "r_t_min": 0.007791833182354292,
    "r_t_max": 0.2099061136822812,
    "delta_hat_mean": -1.0632217211904181e-08,
    "delta_hat_std": 8.571432926308106e-06,
    "lambda_t_mean": 0.0005494799698568096,
    "lambda_t_std": 4.0871809120108325e-05,
    "n_records": 7800
  },
  "layer2.0.conv1.weight": {
    "r_t_mean": 0.015537355554965817,
    "r_t_std": 0.004535490786479551,
    "r_t_min": 0.007874854823150465,
    "r_t_max": 0.1493096810871661,
    "delta_hat_mean": 7.251628773483563e-08,
    "delta_hat_std": 8.820868474184102e-06,
    "lambda_t_mean": 0.0005483269599071579,
    "lambda_t_std": 3.942653051169126e-05,
    "n_records": 7800
  },
  "layer2.0.conv2.weight": {
    "r_t_mean": 0.015387859706936602,
    "r_t_std": 0.004943580674304189,
    "r_t_min": 0.00701708075548967,
    "r_t_max": 0.17786216738774682,
    "delta_hat_mean": -8.328371591205566e-08,
    "delta_hat_std": 5.12936607928287e-06,
    "lambda_t_mean": 0.0005445324589493278,
    "lambda_t_std": 3.741445683250576e-05,
    "n_records": 7800
  },
  "layer2.0.shortcut.0.weight": {
    "r_t_mean": 0.014629599791330328,
    "r_t_std": 0.0038103402934014556,
    "r_t_min": 0.006592882340258541,
    "r_t_max": 0.048673925734692675,
    "delta_hat_mean": 2.8333300729872673e-08,
    "delta_hat_std": 2.0356264270073462e-05,
    "lambda_t_mean": 0.000548809245952017,
    "lambda_t_std": 3.877313657437274e-05,
    "n_records": 7800
  },
  "layer2.1.conv1.weight": {
    "r_t_mean": 0.015811613574480347,
    "r_t_std": 0.004934460649611482,
    "r_t_min": 0.007368221282170689,
    "r_t_max": 0.16392249116725782,
    "delta_hat_mean": 5.6612274050969995e-08,
    "delta_hat_std": 3.703725273895319e-06,
    "lambda_t_mean": 0.0005465554628530141,
    "lambda_t_std": 3.892202728555762e-05,
    "n_records": 7800
  },
  "layer2.1.conv2.weight": {
    "r_t_mean": 0.015622155453801604,
    "r_t_std": 0.004521047811098212,
    "r_t_min": 0.008558753859975267,
    "r_t_max": 0.1427976393889528,
    "delta_hat_mean": -8.340326301357572e-08,
    "delta_hat_std": 3.791561942766011e-06,
    "lambda_t_mean": 0.0005440527604894542,
    "lambda_t_std": 3.674715069335241e-05,
    "n_records": 7800
  },
  "layer2.2.conv1.weight": {
    "r_t_mean": 0.016183101336820972,
    "r_t_std": 0.004376833099344528,
    "r_t_min": 0.00824681409202095,
    "r_t_max": 0.12010794784081062,
    "delta_hat_mean": -1.761727461807725e-08,
    "delta_hat_std": 3.7019788616415154e-06,
    "lambda_t_mean": 0.0005465329784312185,
    "lambda_t_std": 3.834294377052535e-05,
    "n_records": 7800
  },
  "layer2.2.conv2.weight": {
    "r_t_mean": 0.015834089307977472,
    "r_t_std": 0.003983118247997024,
    "r_t_min": 0.00800442538009124,
    "r_t_max": 0.10963100988814509,
    "delta_hat_mean": -1.034879711270894e-07,
    "delta_hat_std": 3.5830249520891732e-06,
    "lambda_t_mean": 0.0005440510627117844,
    "lambda_t_std": 3.711264120988512e-05,
    "n_records": 7800
  },
  "layer3.0.conv1.weight": {
    "r_t_mean": 0.015412757262850017,
    "r_t_std": 0.004118648593498152,
    "r_t_min": 0.007535360454751895,
    "r_t_max": 0.08246637120474248,
    "delta_hat_mean": -3.460447180749696e-08,
    "delta_hat_std": 3.5630266698786604e-06,
    "lambda_t_mean": 0.0005425004532964526,
    "lambda_t_std": 3.546912690095612e-05,
    "n_records": 7800
  },
  "layer3.0.conv2.weight": {
    "r_t_mean": 0.01588651128251352,
    "r_t_std": 0.004445567967467997,
    "r_t_min": 0.008108784710882012,
    "r_t_max": 0.1117099949635886,
    "delta_hat_mean": 6.295688597120386e-10,
    "delta_hat_std": 2.1085624014987066e-06,
    "lambda_t_mean": 0.0005417421567300484,
    "lambda_t_std": 3.49893109226557e-05,
    "n_records": 7800
  },
  "layer3.0.shortcut.0.weight": {
    "r_t_mean": 0.014045632745014447,
    "r_t_std": 0.003492963648103455,
    "r_t_min": 0.007104813335334703,
    "r_t_max": 0.049351965124592764,
    "delta_hat_mean": -4.952874418732241e-08,
    "delta_hat_std": 8.59996611017541e-06,
    "lambda_t_mean": 0.0005425202951265726,
    "lambda_t_std": 3.428920056983024e-05,
    "n_records": 7800
  },
  "layer3.1.conv1.weight": {
    "r_t_mean": 0.01610524062202704,
    "r_t_std": 0.004405834739474554,
    "r_t_min": 0.008563980746491524,
    "r_t_max": 0.10401180263363909,
    "delta_hat_mean": 1.449014519623984e-09,
    "delta_hat_std": 2.0655254078949097e-06,
    "lambda_t_mean": 0.0005425407535034728,
    "lambda_t_std": 3.5539316170270405e-05,
    "n_records": 7800
  },
  "layer3.1.conv2.weight": {
    "r_t_mean": 0.016135810993577058,
    "r_t_std": 0.004201958821016881,
    "r_t_min": 0.008226167844954462,
    "r_t_max": 0.11105088673760102,
    "delta_hat_mean": -1.3009818992713115e-08,
    "delta_hat_std": 1.5339175469206945e-06,
    "lambda_t_mean": 0.000542137889757497,
    "lambda_t_std": 3.560755029144705e-05,
    "n_records": 7800
  },
  "layer3.2.conv1.weight": {
    "r_t_mean": 0.01604834951340323,
    "r_t_std": 0.0043284787144234746,
    "r_t_min": 0.008106377249274613,
    "r_t_max": 0.10508522475316463,
    "delta_hat_mean": -2.6861237775730902e-08,
    "delta_hat_std": 1.98138154171792e-06,
    "lambda_t_mean": 0.0005408804863751643,
    "lambda_t_std": 3.422069322624277e-05,
    "n_records": 7800
  },
  "layer3.2.conv2.weight": {
    "r_t_mean": 0.015514292800864103,
    "r_t_std": 0.003987354906361488,
    "r_t_min": 0.007859448618148222,
    "r_t_max": 0.10419551169174969,
    "delta_hat_mean": -3.6095852396714876e-08,
    "delta_hat_std": 1.7145340783530406e-06,
    "lambda_t_mean": 0.0005405561272491421,
    "lambda_t_std": 3.4028744787539144e-05,
    "n_records": 7800
  },