{
  "conv1.weight": {
    "r_t_mean": 0.05970289272668117,
    "r_t_std": 0.03823312082613497,
    "r_t_min": 0.013904163174896502,
    "r_t_max": 0.48258211774770304,
    "delta_hat_mean": -6.886077952178295e-07,
    "delta_hat_std": 6.084660257563462e-05,
    "lambda_t_mean": 0.00993934759008011,
    "lambda_t_std": 0.002579030381086852,
    "n_records": 780
  },
  "layer1.0.conv1.weight": {
    "r_t_mean": 0.054588476722302604,
    "r_t_std": 0.03669774755760826,
    "r_t_min": 0.006642560538465644,
    "r_t_max": 0.5204360976436312,
    "delta_hat_mean": 4.769846897991815e-07,
    "delta_hat_std": 3.1621354125690924e-05,
    "lambda_t_mean": 0.009967237870810828,
    "lambda_t_std": 0.0016209084960550632,
    "n_records": 780
  },
  "layer1.0.conv2.weight": {
    "r_t_mean": 0.05441332104541076,
    "r_t_std": 0.03518239388353851,
    "r_t_min": 0.010695831197084824,
    "r_t_max": 0.42965149161600535,
    "delta_hat_mean": -3.227334837163927e-07,
    "delta_hat_std": 2.0551013729565438e-05,
    "lambda_t_mean": 0.009951409632940297,
    "lambda_t_std": 0.0014131975853579175,
    "n_records": 780
  },
  "layer1.1.conv1.weight": {
    "r_t_mean": 0.05580118580264257,
    "r_t_std": 0.03595689095565464,
    "r_t_min": 0.008898772410880045,
    "r_t_max": 0.29397904896815674,
    "delta_hat_mean": 3.1342835716295754e-07,
    "delta_hat_std": 1.5885659759447258e-05,
    "lambda_t_mean": 0.009999792780186858,
    "lambda_t_std": 0.001500330403191774,
    "n_records": 780
  },
  "layer1.1.conv2.weight": {
    "r_t_mean": 0.05494309699693845,
    "r_t_std": 0.034408503725569396,
    "r_t_min": 0.010607016742696387,
    "r_t_max": 0.27603960511752734,
    "delta_hat_mean": -4.7835742387146404e-08,
    "delta_hat_std": 1.4841739602811033e-05,
    "lambda_t_mean": 0.00996346770871831,
    "lambda_t_std": 0.0013276725872843054,
    "n_records": 780
  },
  "layer1.2.conv1.weight": {
    "r_t_mean": 0.05636020905697079,
    "r_t_std": 0.037045384686513604,
    "r_t_min": 0.010787953684558073,
    "r_t_max": 0.25936896148400046,
    "delta_hat_mean": -3.8880305914413856e-07,
    "delta_hat_std": 1.6116100424955593e-05,
    "lambda_t_mean": 0.009937870275992983,
    "lambda_t_std": 0.001354040011726166,
    "n_records": 780
  },
  "layer1.2.conv2.weight": {
    "r_t_mean": 0.05603097855093788,
    "r_t_std": 0.0363881026398332,
    "r_t_min": 0.008300454931510314,
    "r_t_max": 0.21047614152252822,
    "delta_hat_mean": 1.0728771375266816e-06,
    "delta_hat_std": 1.2126955605528244e-05,
    "lambda_t_mean": 0.009951256355137661,
    "lambda_t_std": 0.0012410619047645444,
    "n_records": 780
  },
  "layer2.0.conv1.weight": {
    "r_t_mean": 0.055459612229607165,
    "r_t_std": 0.031895155908323994,
    "r_t_min": 0.008743991884042913,
    "r_t_max": 0.15565051582076103,
    "delta_hat_mean": 1.1009048408485768e-07,
    "delta_hat_std": 9.84031255417562e-06,
    "lambda_t_mean": 0.010047581721507003,
    "lambda_t_std": 0.0012734458195670778,
    "n_records": 780
  },
  "layer2.0.conv2.weight": {
    "r_t_mean": 0.05478925784584596,
    "r_t_std": 0.03199508789525106,
    "r_t_min": 0.012450821773537664,
    "r_t_max": 0.17834517953861392,
    "delta_hat_mean": 6.930930491641436e-09,
    "delta_hat_std": 5.939237434059964e-06,
    "lambda_t_mean": 0.010011494995226225,
    "lambda_t_std": 0.001017035588631678,
    "n_records": 780
  },
  "layer2.0.shortcut.0.weight": {
    "r_t_mean": 0.055491664963626584,
    "r_t_std": 0.032553090562838935,
    "r_t_min": 0.0202554961705465,
    "r_t_max": 0.1651907516384872,
    "delta_hat_mean": 1.6651204400903617e-06,
    "delta_hat_std": 3.5309805698882317e-05,
    "lambda_t_mean": 0.01005328406527365,
    "lambda_t_std": 0.0013601233632833,
    "n_records": 780
  },
  "layer2.1.conv1.weight": {
    "r_t_mean": 0.05716387645019965,
    "r_t_std": 0.03827428180193334,
    "r_t_min": 0.005685466974501163,
    "r_t_max": 0.21906899486749348,
    "delta_hat_mean": -1.6047785570149333e-07,
    "delta_hat_std": 7.847477241634538e-06,
    "lambda_t_mean": 0.009991947986588338,
    "lambda_t_std": 0.0013099649423917899,
    "n_records": 780
  },
  "layer2.1.conv2.weight": {
    "r_t_mean": 0.057244055351277155,
    "r_t_std": 0.03749359828047679,
    "r_t_min": 0.004412419907966503,
    "r_t_max": 0.23695017935858803,
    "delta_hat_mean": 9.358408600293822e-08,
    "delta_hat_std": 7.670365297463391e-06,
    "lambda_t_mean": 0.010036637562755924,
    "lambda_t_std": 0.0013201308531171194,
    "n_records": 780
  },
  "layer2.2.conv1.weight": {
    "r_t_mean": 0.05655863442728632,
    "r_t_std": 0.036336462574919154,
    "r_t_min": 0.004002222626712186,
    "r_t_max": 0.1794826654795268,
    "delta_hat_mean": -1.8134122281064327e-07,
    "delta_hat_std": 6.5942285850855335e-06,
    "lambda_t_mean": 0.010034100157588221,
    "lambda_t_std": 0.0011636523631485581,
    "n_records": 780
  },
  "layer2.2.conv2.weight": {
    "r_t_mean": 0.05609691666735234,
    "r_t_std": 0.035333036121034125,
    "r_t_min": 0.004871101837152148,
    "r_t_max": 0.17979679982557806,
    "delta_hat_mean": -3.221666887419052e-07,
    "delta_hat_std": 5.112756344005056e-06,
    "lambda_t_mean": 0.010031090672209543,
    "lambda_t_std": 0.001121889767404811,
    "n_records": 780
  },
  "layer3.0.conv1.weight": {
    "r_t_mean": 0.05534671946902084,
    "r_t_std": 0.032950690691098544,
    "r_t_min": 0.005925156488781604,
    "r_t_max": 0.16511754123468397,
    "delta_hat_mean": 1.3419439330650476e-07,
    "delta_hat_std": 3.863029219662041e-06,
    "lambda_t_mean": 0.010059559810545292,
    "lambda_t_std": 0.0010260337602398231,
    "n_records": 780
  },
  "layer3.0.conv2.weight": {
    "r_t_mean": 0.0558005352412018,
    "r_t_std": 0.03422787490079793,
    "r_t_min": 0.005823930047022594,
    "r_t_max": 0.16699452595758751,
    "delta_hat_mean": -1.2768889537398764e-07,
    "delta_hat_std": 3.3625177547339378e-06,
    "lambda_t_mean": 0.010039860756914508,
    "lambda_t_std": 0.0009097237072150772,
    "n_records": 780
  },
  "layer3.0.shortcut.0.weight": {
    "r_t_mean": 0.05470524617810775,
    "r_t_std": 0.03112737635690831,
    "r_t_min": 0.019146371224888423,
    "r_t_max": 0.16581354448826435,
    "delta_hat_mean": -8.083034753958156e-07,
    "delta_hat_std": 8.35390804860787e-06,
    "lambda_t_mean": 0.010040472872676945,
    "lambda_t_std": 0.0008421214307537926,
    "n_records": 780
  },
  "layer3.1.conv1.weight": {
    "r_t_mean": 0.05718781288487671,
    "r_t_std": 0.03759807159371742,
    "r_t_min": 0.00543986920345599,
    "r_t_max": 0.1777106673186133,
    "delta_hat_mean": 1.938837267372716e-08,
    "delta_hat_std": 3.892541317072797e-06,
    "lambda_t_mean": 0.010019840678051412,
    "lambda_t_std": 0.000992074885025442,
    "n_records": 780
  },
  "layer3.1.conv2.weight": {
    "r_t_mean": 0.05691984190163381,
    "r_t_std": 0.03643101518193717,
    "r_t_min": 0.006199212219748836,
    "r_t_max": 0.17738709684071866,
    "delta_hat_mean": -3.524403447296702e-07,
    "delta_hat_std": 2.6857301432350522e-06,
    "lambda_t_mean": 0.01002727906801582,
    "lambda_t_std": 0.0009438969373400404,
    "n_records": 780
  },
  "layer3.2.conv1.weight": {
    "r_t_mean": 0.05651576072384888,
    "r_t_std": 0.03509717149905295,
    "r_t_min": 0.009070267308572248,
    "r_t_max": 0.17285067579389587,
    "delta_hat_mean": 1.161999041159152e-07,
    "delta_hat_std": 3.0206994739435496e-06,
    "lambda_t_mean": 0.010053129017764903,
    "lambda_t_std": 0.0009211529909513234,
    "n_records": 780
  },
  "layer3.2.conv2.weight": {
    "r_t_mean": 0.054199648225695514,
    "r_t_std": 0.030359464577974095,
    "r_t_min": 0.012051534419034109,
    "r_t_max": 0.141855593430756,
    "delta_hat_mean": -3.63977390070393e-07,
    "delta_hat_std": 3.0579673130677577e-06,
    "lambda_t_mean": 0.010042250702635558,
    "lambda_t_std": 0.0008132363707520984,
    "n_records": 780
  },
  "fc.weight": {
    "r_t_mean": 0.04215399829951671,