{
  "conv1.weight": {
    "r_t_mean": 0.05931227826857425,
    "r_t_std": 0.034690475274374,
    "r_t_min": 0.011704259606196157,
    "r_t_max": 0.4823191761198298,
    "delta_hat_mean": -3.7776800170833486e-06,
    "delta_hat_std": 5.601003711389325e-05,
    "lambda_t_mean": 0.009309467942746069,
    "lambda_t_std": 0.0023407495281825147,
    "n_records": 780
  },
  "layer1.0.conv1.weight": {
    "r_t_mean": 0.05518230043658867,
    "r_t_std": 0.0371985447523053,
    "r_t_min": 0.011940595850519839,
    "r_t_max": 0.5201525168076029,
    "delta_hat_mean": 1.0583224809060162e-06,
    "delta_hat_std": 3.370566242487949e-05,
    "lambda_t_mean": 0.009180821373175024,
    "lambda_t_std": 0.0015126059846367493,
    "n_records": 780
  },
  "layer1.0.conv2.weight": {
    "r_t_mean": 0.055665411176899174,
    "r_t_std": 0.03564002226998825,
    "r_t_min": 0.014519756092772415,
    "r_t_max": 0.4294173514329613,
    "delta_hat_mean": -6.856794209115382e-07,
    "delta_hat_std": 1.832573202268213e-05,
    "lambda_t_mean": 0.009245907366424031,
    "lambda_t_std": 0.0013149654489105207,
    "n_records": 780
  },
  "layer1.1.conv1.weight": {
    "r_t_mean": 0.056117321166141036,
    "r_t_std": 0.03570038228114766,
    "r_t_min": 0.01303760207244291,
    "r_t_max": 0.29381885416783343,
    "delta_hat_mean": -6.307219911478185e-07,
    "delta_hat_std": 2.2639888278615168e-05,
    "lambda_t_mean": 0.009241761504840521,
    "lambda_t_std": 0.0012858612629164771,
    "n_records": 780
  },
  "layer1.1.conv2.weight": {
    "r_t_mean": 0.055890614208393766,
    "r_t_std": 0.03439873948449176,
    "r_t_min": 0.013482371915254575,
    "r_t_max": 0.27588917271760904,
    "delta_hat_mean": -6.695218442241086e-07,
    "delta_hat_std": 1.7521788833993257e-05,
    "lambda_t_mean": 0.009232309412312695,
    "lambda_t_std": 0.0011774898640011652,
    "n_records": 780
  },
  "layer1.2.conv1.weight": {
    "r_t_mean": 0.05695578426320301,
    "r_t_std": 0.03538849703605247,
    "r_t_min": 0.0071228385247962345,
    "r_t_max": 0.259227603943499,
    "delta_hat_mean": 2.1050219355645848e-07,
    "delta_hat_std": 1.2625580263274466e-05,
    "lambda_t_mean": 0.009284889189365625,
    "lambda_t_std": 0.0012989364386788895,
    "n_records": 780
  },
  "layer1.2.conv2.weight": {
    "r_t_mean": 0.05594552828655189,
    "r_t_std": 0.03447783693552411,
    "r_t_min": 0.010027628882653513,
    "r_t_max": 0.21036145089830666,
    "delta_hat_mean": -3.527734313990276e-07,
    "delta_hat_std": 1.343590805213909e-05,
    "lambda_t_mean": 0.009239398018698197,
    "lambda_t_std": 0.0012243767285576549,
    "n_records": 780
  },
  "layer2.0.conv1.weight": {
    "r_t_mean": 0.05545251442359979,
    "r_t_std": 0.030375439194115932,
    "r_t_min": 0.007427528066749597,
    "r_t_max": 0.15174540668662456,
    "delta_hat_mean": 1.637364478507406e-07,
    "delta_hat_std": 1.0701132339338774e-05,
    "lambda_t_mean": 0.0092506607120663,
    "lambda_t_std": 0.001082627070746739,
    "n_records": 780
  },
  "layer2.0.conv2.weight": {
    "r_t_mean": 0.05526944878196345,
    "r_t_std": 0.030931937154756294,
    "r_t_min": 0.009877658660660035,
    "r_t_max": 0.17824799259918384,
    "delta_hat_mean": 6.730490924930712e-08,
    "delta_hat_std": 5.885655087263944e-06,
    "lambda_t_mean": 0.009267001288003186,
    "lambda_t_std": 0.00090275314214434,
    "n_records": 780
  },
  "layer2.0.shortcut.0.weight": {
    "r_t_mean": 0.05547105335160866,
    "r_t_std": 0.029974976323660862,
    "r_t_min": 0.01664274259623909,
    "r_t_max": 0.16502945862993948,
    "delta_hat_mean": -5.370908057195232e-07,
    "delta_hat_std": 2.658348910330528e-05,
    "lambda_t_mean": 0.009327519279068979,
    "lambda_t_std": 0.0012458150789157283,
    "n_records": 780
  },
  "layer2.1.conv1.weight": {
    "r_t_mean": 0.058155438325201175,
    "r_t_std": 0.037771593125236244,
    "r_t_min": 0.006822852872713524,
    "r_t_max": 0.20244866466419806,
    "delta_hat_mean": 5.553782147789577e-08,
    "delta_hat_std": 7.49835009390408e-06,
    "lambda_t_mean": 0.009314596053811979,
    "lambda_t_std": 0.0011729117191708435,
    "n_records": 780
  },
  "layer2.1.conv2.weight": {
    "r_t_mean": 0.05806710754488297,
    "r_t_std": 0.03680446637540387,
    "r_t_min": 0.008900739915501912,
    "r_t_max": 0.18425395978765155,
    "delta_hat_mean": 1.6769112641385347e-07,
    "delta_hat_std": 7.797462821752909e-06,
    "lambda_t_mean": 0.009271094479651229,
    "lambda_t_std": 0.0011820447648807214,
    "n_records": 780
  },
  "layer2.2.conv1.weight": {
    "r_t_mean": 0.05689313784928614,
    "r_t_std": 0.034804928615840655,
    "r_t_min": 0.006674582494495423,
    "r_t_max": 0.15961913874648775,
    "delta_hat_mean": 2.6736706656057172e-08,
    "delta_hat_std": 5.842403054157283e-06,
    "lambda_t_mean": 0.009273207712743876,
    "lambda_t_std": 0.001020297363852321,
    "n_records": 780
  },
  "layer2.2.conv2.weight": {
    "r_t_mean": 0.05643145644550787,
    "r_t_std": 0.03389746812516549,
    "r_t_min": 0.008004863593130077,
    "r_t_max": 0.16007208976759776,
    "delta_hat_mean": -2.950449493826914e-07,
    "delta_hat_std": 4.739701816623167e-06,
    "lambda_t_mean": 0.009250071227183791,
    "lambda_t_std": 0.0009334250604648253,
    "n_records": 780
  },
  "layer3.0.conv1.weight": {
    "r_t_mean": 0.055567527617924085,
    "r_t_std": 0.03155280970674184,
    "r_t_min": 0.008420830609593907,
    "r_t_max": 0.15256874019433453,
    "delta_hat_mean": -1.9253898823708895e-07,
    "delta_hat_std": 3.631249133608204e-06,
    "lambda_t_mean": 0.009291006341371451,
    "lambda_t_std": 0.0008750003996920098,
    "n_records": 780
  },
  "layer3.0.conv2.weight": {
    "r_t_mean": 0.05634482668949968,
    "r_t_std": 0.03332196164661019,
    "r_t_min": 0.014707282049589128,
    "r_t_max": 0.1574630518306182,
    "delta_hat_mean": -1.4123821216759625e-07,
    "delta_hat_std": 2.953622071920716e-06,
    "lambda_t_mean": 0.009285684850751309,
    "lambda_t_std": 0.0008262126381323163,
    "n_records": 780
  },
  "layer3.0.shortcut.0.weight": {
    "r_t_mean": 0.05499886132213713,
    "r_t_std": 0.02976175006083596,
    "r_t_min": 0.022688382772756026,
    "r_t_max": 0.14059433899318266,
    "delta_hat_mean": -1.4341815169079298e-08,
    "delta_hat_std": 8.897463697108977e-06,
    "lambda_t_mean": 0.009273652069020397,
    "lambda_t_std": 0.0007375551830549113,
    "n_records": 780
  },
  "layer3.1.conv1.weight": {
    "r_t_mean": 0.05805221165055567,
    "r_t_std": 0.03698374408980441,
    "r_t_min": 0.0135009005015704,
    "r_t_max": 0.17826472150886255,
    "delta_hat_mean": 2.42640792463406e-07,
    "delta_hat_std": 3.503641321505296e-06,
    "lambda_t_mean": 0.009279417176677178,
    "lambda_t_std": 0.0008809049424711747,
    "n_records": 780
  },
  "layer3.1.conv2.weight": {
    "r_t_mean": 0.057666030855134116,
    "r_t_std": 0.0356335465828549,
    "r_t_min": 0.012728780437460183,
    "r_t_max": 0.1715222237334852,
    "delta_hat_mean": -1.6099027377413914e-07,
    "delta_hat_std": 2.634449373031474e-06,
    "lambda_t_mean": 0.009291500926029761,
    "lambda_t_std": 0.0008364772377810618,
    "n_records": 780
  },
  "layer3.2.conv1.weight": {
    "r_t_mean": 0.05661255950384336,
    "r_t_std": 0.03294754761147908,
    "r_t_min": 0.015594611033693308,
    "r_t_max": 0.15289158745071577,
    "delta_hat_mean": -1.6134055019625166e-08,
    "delta_hat_std": 3.011486778172711e-06,
    "lambda_t_mean": 0.00928245005712822,
    "lambda_t_std": 0.000716302434853403,
    "n_records": 780
  },
  "layer3.2.conv2.weight": {
    "r_t_mean": 0.054370981873626954,
    "r_t_std": 0.02875634449236146,
    "r_t_min": 0.015275233284556688,
    "r_t_max": 0.13188541188423927,
    "delta_hat_mean": 9.14399789405292e-08,
    "delta_hat_std": 2.745422578500257e-06,
    "lambda_t_mean": 0.009254798311889155,
    "lambda_t_std": 0.000693042092742364,
    "n_records": 780
  },
  "fc.weight": {
    "r_t_mean": 0.04176851978408818,
    "r_t_std": 0.01077307268822704,