{
  "features.0.weight": {
    "r_t_mean": 1.5889483152546068e-09,
    "r_t_std": 5.73051446941091e-09,
    "r_t_min": 5.884354140140686e-11,
    "r_t_max": 7.01727840878858e-08,
    "delta_hat_mean": -0.001064094349516008,
    "delta_hat_std": 0.01592252007214868,
    "lambda_t_mean": 0.00024941209793090825,
    "lambda_t_std": 7.755572231682836e-06,
    "n_records": 1950
  },
  "features.2.weight": {
    "r_t_mean": 7.823064213978438e-09,
    "r_t_std": 2.8344420192277413e-08,
    "r_t_min": 3.0527503589199297e-10,
    "r_t_max": 3.3470114174125463e-07,
    "delta_hat_mean": -0.0003775698357602171,
    "delta_hat_std": 0.004912019986233567,
    "lambda_t_mean": 0.0002497034307397329,
    "lambda_t_std": 1.3927900112369002e-06,
    "n_records": 1950
  },
  "features.5.weight": {
    "r_t_mean": 5.911142174708107e-09,
    "r_t_std": 2.1131728069670365e-08,
    "r_t_min": 2.1940945199670804e-10,
    "r_t_max": 2.5852480751185405e-07,
    "delta_hat_mean": -0.000274950408859765,
    "delta_hat_std": 0.0035935502593325845,
    "lambda_t_mean": 0.0002484689236757083,
    "lambda_t_std": 1.2680022620215656e-06,
    "n_records": 1950
  },
  "features.7.weight": {
    "r_t_mean": 8.84361612870893e-09,
    "r_t_std": 3.173322898905937e-08,
    "r_t_min": 3.534108486628568e-10,
    "r_t_max": 4.13188099507544e-07,
    "delta_hat_mean": -0.00021354611386344074,
    "delta_hat_std": 0.00253532121766947,
    "lambda_t_mean": 0.00024123222505434966,
    "lambda_t_std": 4.157117044872031e-06,
    "n_records": 1950
  },
  "features.10.weight": {
    "r_t_mean": 7.0388462156073745e-09,
    "r_t_std": 2.489603345978637e-08,
    "r_t_min": 3.0951915271063454e-10,
    "r_t_max": 3.277875746849902e-07,
    "delta_hat_mean": -0.0001439793623875829,
    "delta_hat_std": 0.0016628573947064657,
    "lambda_t_mean": 0.00020597187615357913,
    "lambda_t_std": 1.631790848895443e-05,
    "n_records": 1950
  },
  "features.12.weight": {
    "r_t_mean": 1.2915615669853455e-08,
    "r_t_std": 4.2926405956547184e-08,
    "r_t_min": 7.604986626689508e-10,
    "r_t_max": 5.830480997290615e-07,
    "delta_hat_mean": -8.395681934072667e-05,
    "delta_hat_std": 0.0011830502934450707,
    "lambda_t_mean": 0.00015730480826818026,
    "lambda_t_std": 2.4443238526891028e-05,
    "n_records": 1950
  },
  "features.14.weight": {
    "r_t_mean": 1.9237686399145032e-08,
    "r_t_std": 5.977078998431378e-08,
    "r_t_min": 1.6674657471009416e-09,
    "r_t_max": 8.274235146363531e-07,
    "delta_hat_mean": -5.7698897009303006e-05,
    "delta_hat_std": 0.0012510478230307706,
    "lambda_t_mean": 0.00011008017172416052,
    "lambda_t_std": 1.6599382093948314e-05,
    "n_records": 1950
  },
  "features.17.weight": {
    "r_t_mean": 3.54521608464933e-08,
    "r_t_std": 1.0208606137806274e-07,
    "r_t_min": 3.5625554678893023e-09,
    "r_t_max": 1.3209193818041109e-06,
    "delta_hat_mean": -7.958087582361865e-06,
    "delta_hat_std": 0.0007031565538833617,
    "lambda_t_mean": 9.447539889659637e-05,
    "lambda_t_std": 7.527177362243471e-06,
    "n_records": 1950
  },
  "features.19.weight": {
    "r_t_mean": 1.3035765577373204e-07,
    "r_t_std": 3.470373027597956e-07,
    "r_t_min": 1.5931341882978073e-08,
    "r_t_max": 4.641227519802281e-06,
    "delta_hat_mean": -1.809526789802709e-05,
    "delta_hat_std": 0.0006033919847868132,
    "lambda_t_mean": 9.722203794198159e-05,
    "lambda_t_std": 4.313182154811278e-06,
    "n_records": 1950
  },
  "features.21.weight": {
    "r_t_mean": 2.8854037241664814e-07,
    "r_t_std": 7.140231625318516e-07,
    "r_t_min": 4.100615457239358e-08,
    "r_t_max": 9.398675954338222e-06,
    "delta_hat_mean": -7.3944238062186065e-06,
    "delta_hat_std": 0.0008053372847801303,
    "lambda_t_mean": 8.66689548545923e-05,
    "lambda_t_std": 3.346753302522592e-06,
    "n_records": 1950
  },
  "features.24.weight": {
    "r_t_mean": 8.959262144569517e-07,
    "r_t_std": 2.0829318223400046e-06,
    "r_t_min": 1.474614657015473e-07,
    "r_t_max": 2.7796838953946434e-05,
    "delta_hat_mean": -9.835495015663991e-06,
    "delta_hat_std": 0.0005685321524463738,
    "lambda_t_mean": 7.254201196707212e-05,
    "lambda_t_std": 1.6468336022685185e-06,
    "n_records": 1950
  },
  "features.26.weight": {
    "r_t_mean": 2.9051743679891515e-06,
    "r_t_std": 6.136867764382737e-06,
    "r_t_min": 5.489494888427274e-07,
    "r_t_max": 8.001161737592289e-05,
    "delta_hat_mean": -6.267492628564807e-06,
    "delta_hat_std": 0.0005006560350597953,
    "lambda_t_mean": 6.066021147828836e-05,
    "lambda_t_std": 9.303575069666493e-07,
    "n_records": 1950
  },
  "features.28.weight": {
    "r_t_mean": 1.1340180066881258e-05,
    "r_t_std": 2.252355213061877e-05,
    "r_t_min": 2.3352497714673944e-06,
    "r_t_max": 0.00028770506496571957,
    "delta_hat_mean": -2.7189219166442715e-05,
    "delta_hat_std": 0.0008330163941627964,
    "lambda_t_mean": 1.495323093990103e-05,
    "lambda_t_std": 1.192764280931904e-06,
    "n_records": 1950
  },
  "classifier.0.weight": {
    "r_t_mean": 2.601694388132628e-05,
    "r_t_std": 3.9457894499769514e-05,
    "r_t_min": 5.75185975795874e-06,
    "r_t_max": 0.0003944439687572494,
    "delta_hat_mean": -2.3069588884225548e-05,
    "delta_hat_std": 0.0019518550914249878,
    "lambda_t_mean": 1.3282619378505608e-05,
    "lambda_t_std": 3.5821711862353867e-06,
    "n_records": 1950
  },
  "classifier.3.weight": {
    "r_t_mean": 0.00021223505759710828,
    "r_t_std": 0.0002688385986085638,
    "r_t_min": 5.8227361713869066e-05,
    "r_t_max": 0.0024822046636161902,
    "delta_hat_mean": -1.0761323298352064e-05,
    "delta_hat_std": 0.0025698348228372077,
    "lambda_t_mean": 2.812092120830829e-06,
    "lambda_t_std": 7.5392765772835214e-06,
    "n_records": 1950
  },
  "classifier.6.weight": {
    "r_t_mean": 0.000768014502591542,
    "r_t_std": 0.0014471304624731095,
    "r_t_min": 3.7485381166867374e-05,
    "r_t_max": 0.012504735360960924,
    "delta_hat_mean": 0.00021001836192716347,
    "delta_hat_std": 0.004297043993381068,
    "lambda_t_mean": 1.8061843561008574e-05,
    "lambda_t_std": 2.5161814446429086e-05,
    "n_records": 1950
  }
}