{
  "conv1.weight": {
    "r_t_mean": 0.026719007990414725,
    "r_t_std": 0.016340179243503287,
    "r_t_min": 0.010408797910566528,
    "r_t_max": 0.34462524002942246,
    "delta_hat_mean": -2.864557127133174e-06,
    "delta_hat_std": 6.681098646328604e-05,
    "lambda_t_mean": 0.002941758797176274,
    "lambda_t_std": 0.0006301815152104423,
    "n_records": 780
  },
  "layer1.0.conv1.weight": {
    "r_t_mean": 0.025809522984346998,
    "r_t_std": 0.016183360629233534,
    "r_t_min": 0.009305244282100344,
    "r_t_max": 0.3516177415448,
    "delta_hat_mean": -1.7124549609676274e-07,
    "delta_hat_std": 1.73445757982406e-05,
    "lambda_t_mean": 0.00296014290704104,
    "lambda_t_std": 0.0003963446822811439,
    "n_records": 780
  },
  "layer1.0.conv2.weight": {
    "r_t_mean": 0.02567921244631977,
    "r_t_std": 0.015408014033690246,
    "r_t_min": 0.009344794892506272,
    "r_t_max": 0.3289069461433886,
    "delta_hat_mean": 3.895108414680565e-07,
    "delta_hat_std": 1.2842108956895704e-05,
    "lambda_t_mean": 0.002955078383632908,
    "lambda_t_std": 0.00037452615923140706,
    "n_records": 780
  },
  "layer1.1.conv1.weight": {
    "r_t_mean": 0.026547981751533743,
    "r_t_std": 0.015566951515247125,
    "r_t_min": 0.008517484958206265,
    "r_t_max": 0.28105932865599204,
    "delta_hat_mean": 6.424893593034926e-07,
    "delta_hat_std": 1.3075260204977529e-05,
    "lambda_t_mean": 0.0029673817670911634,
    "lambda_t_std": 0.00040484107014372944,
    "n_records": 780
  },
  "layer1.1.conv2.weight": {
    "r_t_mean": 0.026186276675024146,
    "r_t_std": 0.013665031773590361,
    "r_t_min": 0.011042056333335448,
    "r_t_max": 0.21394920629657377,
    "delta_hat_mean": -5.568048083299405e-07,
    "delta_hat_std": 1.3505458487389861e-05,
    "lambda_t_mean": 0.0029753410039960854,
    "lambda_t_std": 0.00035057038545210554,
    "n_records": 780
  },
  "layer1.2.conv1.weight": {
    "r_t_mean": 0.026175632707959817,
    "r_t_std": 0.01446283268393254,
    "r_t_min": 0.007419896203177939,
    "r_t_max": 0.24498686081117252,
    "delta_hat_mean": 9.723400879938873e-07,
    "delta_hat_std": 1.2989814491714844e-05,
    "lambda_t_mean": 0.002952720111397678,
    "lambda_t_std": 0.00037350363584645987,
    "n_records": 780
  },
  "layer1.2.conv2.weight": {
    "r_t_mean": 0.025921984113630357,
    "r_t_std": 0.013941238315171463,
    "r_t_min": 0.010504727974587638,
    "r_t_max": 0.22378015340645172,
    "delta_hat_mean": 1.0362391182165236e-08,
    "delta_hat_std": 1.2463165721311593e-05,
    "lambda_t_mean": 0.0029609416640897705,
    "lambda_t_std": 0.0003687455056621174,
    "n_records": 780
  },
  "layer2.0.conv1.weight": {
    "r_t_mean": 0.02578869323827423,
    "r_t_std": 0.01192787173680049,
    "r_t_min": 0.01251232546491118,
    "r_t_max": 0.1646113733011187,
    "delta_hat_mean": 6.204630239085673e-07,
    "delta_hat_std": 1.0902461552256143e-05,
    "lambda_t_mean": 0.002968665613046264,
    "lambda_t_std": 0.00033466641319810167,
    "n_records": 780
  },
  "layer2.0.conv2.weight": {
    "r_t_mean": 0.025651558738594156,
    "r_t_std": 0.011993695550401912,
    "r_t_min": 0.0114379344524874,
    "r_t_max": 0.1677775886589432,
    "delta_hat_mean": 1.6111227432397267e-07,
    "delta_hat_std": 5.597032787981649e-06,
    "lambda_t_mean": 0.002971997177139845,
    "lambda_t_std": 0.0002917158835105371,
    "n_records": 780
  },
  "layer2.0.shortcut.0.weight": {
    "r_t_mean": 0.025669108693624636,
    "r_t_std": 0.010839991483838378,
    "r_t_min": 0.011919685995584572,
    "r_t_max": 0.06368826889876757,
    "delta_hat_mean": 7.626565122747636e-07,
    "delta_hat_std": 2.491295355196082e-05,
    "lambda_t_mean": 0.002984061073118721,
    "lambda_t_std": 0.0003411988521750995,
    "n_records": 780
  },
  "layer2.1.conv1.weight": {
    "r_t_mean": 0.026504467605974177,
    "r_t_std": 0.013403179413081431,
    "r_t_min": 0.008006213232858828,
    "r_t_max": 0.1634957012393441,
    "delta_hat_mean": -2.5486006998257163e-08,
    "delta_hat_std": 5.1304099920809525e-06,
    "lambda_t_mean": 0.002966348322047777,
    "lambda_t_std": 0.00033631821360558846,
    "n_records": 780
  },
  "layer2.1.conv2.weight": {
    "r_t_mean": 0.026527736998081655,
    "r_t_std": 0.012849978930897581,
    "r_t_min": 0.009153320718675919,
    "r_t_max": 0.13259683300744168,
    "delta_hat_mean": 3.122847854740109e-07,
    "delta_hat_std": 4.50462386899032e-06,
    "lambda_t_mean": 0.002978128693874509,
    "lambda_t_std": 0.0003203243190302754,
    "n_records": 780
  },
  "layer2.2.conv1.weight": {
    "r_t_mean": 0.026564160140658103,
    "r_t_std": 0.01289359913056473,
    "r_t_min": 0.006915595486170563,
    "r_t_max": 0.12671894967084607,
    "delta_hat_mean": 3.008525128139903e-08,
    "delta_hat_std": 4.973739605313067e-06,
    "lambda_t_mean": 0.0029751927882377314,
    "lambda_t_std": 0.0003308675262112344,
    "n_records": 780
  },
  "layer2.2.conv2.weight": {
    "r_t_mean": 0.02628227973378747,
    "r_t_std": 0.012482027672640896,
    "r_t_min": 0.0066917254405220745,
    "r_t_max": 0.11293503999218395,
    "delta_hat_mean": 9.398231673010754e-08,
    "delta_hat_std": 4.359118917609379e-06,
    "lambda_t_mean": 0.0029737772023767125,
    "lambda_t_std": 0.00030449409619855687,
    "n_records": 780
  },
  "layer3.0.conv1.weight": {
    "r_t_mean": 0.025846376581153498,
    "r_t_std": 0.011352211505231575,
    "r_t_min": 0.009066488042344611,
    "r_t_max": 0.0878958332592085,
    "delta_hat_mean": 2.2750772375015954e-07,
    "delta_hat_std": 3.370258154337181e-06,
    "lambda_t_mean": 0.0029763183402437177,
    "lambda_t_std": 0.0002773709486916388,
    "n_records": 780
  },
  "layer3.0.conv2.weight": {
    "r_t_mean": 0.026277085438398923,
    "r_t_std": 0.012131703400156974,
    "r_t_min": 0.010385082698970871,
    "r_t_max": 0.10979941387175464,
    "delta_hat_mean": -8.51136309588691e-08,
    "delta_hat_std": 2.759583188928347e-06,
    "lambda_t_mean": 0.0029789257672270184,
    "lambda_t_std": 0.00026823557632577494,
    "n_records": 780
  },
  "layer3.0.shortcut.0.weight": {
    "r_t_mean": 0.025283357689196442,
    "r_t_std": 0.010359561604540612,
    "r_t_min": 0.012789225475858854,
    "r_t_max": 0.06065597360351472,
    "delta_hat_mean": 3.02314221706377e-07,
    "delta_hat_std": 8.537445550133471e-06,
    "lambda_t_mean": 0.00297779185958888,
    "lambda_t_std": 0.00026218196035443205,
    "n_records": 780
  },
  "layer3.1.conv1.weight": {
    "r_t_mean": 0.026744544572704473,
    "r_t_std": 0.012813009974979361,
    "r_t_min": 0.011303276521307928,
    "r_t_max": 0.09893169908231132,
    "delta_hat_mean": 7.174133410755483e-08,
    "delta_hat_std": 2.661072330112482e-06,
    "lambda_t_mean": 0.0029804105440726023,
    "lambda_t_std": 0.0002732219337048695,
    "n_records": 780
  },
  "layer3.1.conv2.weight": {
    "r_t_mean": 0.026459346540834372,
    "r_t_std": 0.012302731447948028,
    "r_t_min": 0.012768042349585323,
    "r_t_max": 0.09360999535706777,
    "delta_hat_mean": -7.303863085849043e-09,
    "delta_hat_std": 2.0767167060105835e-06,
    "lambda_t_mean": 0.0029782092958999247,
    "lambda_t_std": 0.0002614408105913416,
    "n_records": 780
  },
  "layer3.2.conv1.weight": {
    "r_t_mean": 0.026897683324987126,
    "r_t_std": 0.012814936185731058,
    "r_t_min": 0.012775286395272131,
    "r_t_max": 0.09161812052294141,
    "delta_hat_mean": -1.2831182368690847e-07,
    "delta_hat_std": 2.7332693094348202e-06,
    "lambda_t_mean": 0.002979847271656362,
    "lambda_t_std": 0.0002779443608792451,
    "n_records": 780
  },
  "layer3.2.conv2.weight": {
    "r_t_mean": 0.0256396865051267,
    "r_t_std": 0.010819549670128737,
    "r_t_min": 0.013166117827322662,
    "r_t_max": 0.09362569123350054,
    "delta_hat_mean": -1.8675024041739446e-07,
    "delta_hat_std": 2.4025483147643778e-06,
    "lambda_t_mean": 0.0029741834537627557,
    "lambda_t_std": 0.0002634047347137977,
    "n_records": 780
  },