{
  "conv1.weight": {
    "r_t_mean": 0.04096718898975278,
    "r_t_std": 0.029290114735539254,
    "r_t_min": 0.016690539654599625,
    "r_t_max": 0.4812516818176068,
    "delta_hat_mean": 2.361790472312974e-06,
    "delta_hat_std": 3.676696451014619e-05,
    "lambda_t_mean": 5.1691795962040416e-05,
    "lambda_t_std": 2.7153252385646376e-06,
    "n_records": 780
  },
  "layer1.0.conv1.weight": {
    "r_t_mean": 0.03978285869380012,
    "r_t_std": 0.025355408979555474,
    "r_t_min": 0.02184895520393205,
    "r_t_max": 0.5190012413871954,
    "delta_hat_mean": 5.390887384259794e-07,
    "delta_hat_std": 8.069246141779588e-06,
    "lambda_t_mean": 5.0037467202793165e-05,
    "lambda_t_std": 1.5989785685456233e-06,
    "n_records": 780
  },
  "layer1.0.conv2.weight": {
    "r_t_mean": 0.03888590892149599,
    "r_t_std": 0.02324222712203142,
    "r_t_min": 0.021832591662252175,
    "r_t_max": 0.42846693450957285,
    "delta_hat_mean": -6.693497135309337e-07,
    "delta_hat_std": 8.027980964778777e-06,
    "lambda_t_mean": 4.9901589716481555e-05,
    "lambda_t_std": 1.5482438912449962e-06,
    "n_records": 780
  },
  "layer1.1.conv1.weight": {
    "r_t_mean": 0.04074409952160541,
    "r_t_std": 0.017157140685260946,
    "r_t_min": 0.023633868639035004,
    "r_t_max": 0.29316856415861675,
    "delta_hat_mean": -2.0009797116798812e-07,
    "delta_hat_std": 8.188713448741644e-06,
    "lambda_t_mean": 4.998933174834675e-05,
    "lambda_t_std": 1.6691844573022894e-06,
    "n_records": 780
  },
  "layer1.1.conv2.weight": {
    "r_t_mean": 0.03952771925616529,
    "r_t_std": 0.01803431275168498,
    "r_t_min": 0.02204082624072161,
    "r_t_max": 0.27527857948635803,
    "delta_hat_mean": 2.2655266327102452e-07,
    "delta_hat_std": 7.698067275618175e-06,
    "lambda_t_mean": 4.986577262583577e-05,
    "lambda_t_std": 1.650755920027323e-06,
    "n_records": 780
  },
  "layer1.2.conv1.weight": {
    "r_t_mean": 0.0413504981409742,
    "r_t_std": 0.016411962630242295,
    "r_t_min": 0.02348413844695674,
    "r_t_max": 0.2586538753566096,
    "delta_hat_mean": -4.110894978972887e-07,
    "delta_hat_std": 6.512430204424594e-06,
    "lambda_t_mean": 5.0036482601439924e-05,
    "lambda_t_std": 1.7404053109280153e-06,
    "n_records": 780
  },
  "layer1.2.conv2.weight": {
    "r_t_mean": 0.03921741779011558,
    "r_t_std": 0.017410793403029017,
    "r_t_min": 0.02039060069431555,
    "r_t_max": 0.2098958771124785,
    "delta_hat_mean": 4.760905521440971e-08,
    "delta_hat_std": 6.989693690445201e-06,
    "lambda_t_mean": 4.98376649060515e-05,
    "lambda_t_std": 1.6727185783550874e-06,
    "n_records": 780
  },
  "layer2.0.conv1.weight": {
    "r_t_mean": 0.04032236619664592,
    "r_t_std": 0.016315085953409098,
    "r_t_min": 0.02156732754494088,
    "r_t_max": 0.1583315457890799,
    "delta_hat_mean": -4.131627631018193e-08,
    "delta_hat_std": 7.58626714228272e-06,
    "lambda_t_mean": 4.9826009412220725e-05,
    "lambda_t_std": 1.5968876316058065e-06,
    "n_records": 780
  },
  "layer2.0.conv2.weight": {
    "r_t_mean": 0.04146561308437072,
    "r_t_std": 0.018650188252700973,
    "r_t_min": 0.02209479761253724,
    "r_t_max": 0.17785347882270677,
    "delta_hat_mean": -3.392647626649811e-08,
    "delta_hat_std": 4.397134735743991e-06,
    "lambda_t_mean": 4.964572558131632e-05,
    "lambda_t_std": 1.376969647575749e-06,
    "n_records": 780
  },
  "layer2.0.shortcut.0.weight": {
    "r_t_mean": 0.03213744734795127,
    "r_t_std": 0.010170099264936361,
    "r_t_min": 0.017011942703496062,
    "r_t_max": 0.08080878645562435,
    "delta_hat_mean": -6.560780313326958e-08,
    "delta_hat_std": 1.7805994057509026e-05,
    "lambda_t_mean": 4.9872318649157915e-05,
    "lambda_t_std": 1.671523256425234e-06,
    "n_records": 780
  },
  "layer2.1.conv1.weight": {
    "r_t_mean": 0.042979881414162875,
    "r_t_std": 0.017006512961567542,
    "r_t_min": 0.02249351366014956,
    "r_t_max": 0.16391450102137803,
    "delta_hat_mean": -1.6334190353884692e-07,
    "delta_hat_std": 3.258386934923383e-06,
    "lambda_t_mean": 4.975066574891185e-05,
    "lambda_t_std": 1.4269389010240143e-06,
    "n_records": 780
  },
  "layer2.1.conv2.weight": {
    "r_t_mean": 0.041742383456204006,
    "r_t_std": 0.015491935110493465,
    "r_t_min": 0.024075223583743397,
    "r_t_max": 0.14279068834947425,
    "delta_hat_mean": 3.840498631933433e-08,
    "delta_hat_std": 3.4556542202189468e-06,
    "lambda_t_mean": 4.962216616697449e-05,
    "lambda_t_std": 1.326242042864249e-06,
    "n_records": 780
  },
  "layer2.2.conv1.weight": {
    "r_t_mean": 0.04394203130643097,
    "r_t_std": 0.014520372475918876,
    "r_t_min": 0.024437720144477065,
    "r_t_max": 0.12010208742914681,
    "delta_hat_mean": 6.467444431682368e-08,
    "delta_hat_std": 3.323947570719269e-06,
    "lambda_t_mean": 4.9664008542280955e-05,
    "lambda_t_std": 1.3562976163197864e-06,
    "n_records": 780
  },
  "layer2.2.conv2.weight": {
    "r_t_mean": 0.04135443738231157,
    "r_t_std": 0.01335748570175592,
    "r_t_min": 0.025217940744791365,
    "r_t_max": 0.1138618109065141,
    "delta_hat_mean": -1.2400919395634429e-08,
    "delta_hat_std": 3.3493983236230165e-06,
    "lambda_t_mean": 4.95291709645073e-05,
    "lambda_t_std": 1.2620803318903854e-06,
    "n_records": 780
  },
  "layer3.0.conv1.weight": {
    "r_t_mean": 0.04097053714114379,
    "r_t_std": 0.0138995010136326,
    "r_t_min": 0.024232100449761332,
    "r_t_max": 0.11270425963855031,
    "delta_hat_mean": 7.059858018664807e-08,
    "delta_hat_std": 3.2828377489874107e-06,
    "lambda_t_mean": 4.946795640468355e-05,
    "lambda_t_std": 1.2233590083402501e-06,
    "n_records": 780
  },
  "layer3.0.conv2.weight": {
    "r_t_mean": 0.04486363275510321,
    "r_t_std": 0.015146262398245241,
    "r_t_min": 0.026677785082624753,
    "r_t_max": 0.13431332935000442,
    "delta_hat_mean": 3.2713401288280836e-08,
    "delta_hat_std": 1.897865122638758e-06,
    "lambda_t_mean": 4.94284456857574e-05,
    "lambda_t_std": 1.1735929331509414e-06,
    "n_records": 780
  },
  "layer3.0.shortcut.0.weight": {
    "r_t_mean": 0.03073539746590386,
    "r_t_std": 0.00899023345099563,
    "r_t_min": 0.01742117615523071,
    "r_t_max": 0.06593539674230407,
    "delta_hat_mean": -2.6344059338776143e-07,
    "delta_hat_std": 7.542007200916116e-06,
    "lambda_t_mean": 4.9461948200895574e-05,
    "lambda_t_std": 1.1720509017008006e-06,
    "n_records": 780
  },
  "layer3.1.conv1.weight": {
    "r_t_mean": 0.04520438009209462,
    "r_t_std": 0.015191433972160964,
    "r_t_min": 0.02865613865076156,
    "r_t_max": 0.11255337356058466,
    "delta_hat_mean": -3.820514312605857e-08,
    "delta_hat_std": 1.776741180276191e-06,
    "lambda_t_mean": 4.9421624709871215e-05,
    "lambda_t_std": 1.1512247517725931e-06,
    "n_records": 780
  },
  "layer3.1.conv2.weight": {
    "r_t_mean": 0.045065708018390216,
    "r_t_std": 0.012801705092897582,
    "r_t_min": 0.029586331096871473,
    "r_t_max": 0.1110454739478306,
    "delta_hat_mean": 3.387078378495996e-08,
    "delta_hat_std": 1.6026569871626907e-06,
    "lambda_t_mean": 4.936792374458846e-05,
    "lambda_t_std": 1.0872291141550637e-06,
    "n_records": 780
  },
  "layer3.2.conv1.weight": {
    "r_t_mean": 0.04609944870952712,
    "r_t_std": 0.011560454983028138,
    "r_t_min": 0.030989377348339998,
    "r_t_max": 0.10508009166688677,
    "delta_hat_mean": 8.089716714544136e-08,
    "delta_hat_std": 1.5907621805502441e-06,
    "lambda_t_mean": 4.9388230911880886e-05,
    "lambda_t_std": 1.0813573912738342e-06,
    "n_records": 780
  },
  "layer3.2.conv2.weight": {
    "r_t_mean": 0.041314845794021116,
    "r_t_std": 0.011614488625167367,
    "r_t_min": 0.026700114250394983,
    "r_t_max": 0.10419043206837,
    "delta_hat_mean": -4.5627679365832475e-08,
    "delta_hat_std": 1.585827587797676e-06,
    "lambda_t_mean": 4.929803063305315e-05,
    "lambda_t_std": 1.0508658050221185e-06,
    "n_records": 780
  },