{
  "conv1.weight": {
    "r_t_mean": 0.04057256772243517,
    "r_t_std": 0.016175625881273355,
    "r_t_min": 0.01640472710159795,
    "r_t_max": 0.19049171620654992,
    "delta_hat_mean": -0.00016555104423144866,
    "delta_hat_std": 0.00012956925972393122,
    "lambda_t_mean": 0.0039118396067622406,
    "lambda_t_std": 0.00015796949746470579,
    "n_records": 780
  },
  "layer1.0.conv1.weight": {
    "r_t_mean": 0.03972120353849107,
    "r_t_std": 0.01968136154455025,
    "r_t_min": 0.019006173241520638,
    "r_t_max": 0.39400683491780647,
    "delta_hat_mean": -0.00015908167593859336,
    "delta_hat_std": 0.00011512536785997498,
    "lambda_t_mean": 0.00390163028919197,
    "lambda_t_std": 0.00010796488593362239,
    "n_records": 780
  },
  "layer1.0.conv2.weight": {
    "r_t_mean": 0.03965703461264429,
    "r_t_std": 0.018560690388517334,
    "r_t_min": 0.01898816936851025,
    "r_t_max": 0.3469904768530932,
    "delta_hat_mean": -0.00016391907454873852,
    "delta_hat_std": 0.00011796826185454088,
    "lambda_t_mean": 0.003904593726784062,
    "lambda_t_std": 0.00010132355872056831,
    "n_records": 780
  },
  "layer1.1.conv1.weight": {
    "r_t_mean": 0.04032607731586674,
    "r_t_std": 0.01843107157982927,
    "r_t_min": 0.017820606503327147,
    "r_t_max": 0.2692487111867842,
    "delta_hat_mean": -0.0001598091497456631,
    "delta_hat_std": 0.00011454789361435494,
    "lambda_t_mean": 0.0039036391785097426,
    "lambda_t_std": 9.305879389883297e-05,
    "n_records": 780
  },
  "layer1.1.conv2.weight": {
    "r_t_mean": 0.04009833894482746,
    "r_t_std": 0.018032100799774676,
    "r_t_min": 0.019238214925425816,
    "r_t_max": 0.27042813684967976,
    "delta_hat_mean": -0.0001655025566837236,
    "delta_hat_std": 0.00011883484386357,
    "lambda_t_mean": 0.0039058650045367487,
    "lambda_t_std": 8.778962641013613e-05,
    "n_records": 780
  },
  "layer1.2.conv1.weight": {
    "r_t_mean": 0.040403421959794975,
    "r_t_std": 0.01749198200647651,
    "r_t_min": 0.015041383301132642,
    "r_t_max": 0.21325107197259222,
    "delta_hat_mean": -0.00016381149777734786,
    "delta_hat_std": 0.00011728826361950877,
    "lambda_t_mean": 0.003906060255857382,
    "lambda_t_std": 9.009030631525063e-05,
    "n_records": 780
  },
  "layer1.2.conv2.weight": {
    "r_t_mean": 0.03988394700469655,
    "r_t_std": 0.016413159132503814,
    "r_t_min": 0.016220564100210666,
    "r_t_max": 0.16893428848765693,
    "delta_hat_mean": -0.00016846506725060138,
    "delta_hat_std": 0.00011917224299284681,
    "lambda_t_mean": 0.003900254864491515,
    "lambda_t_std": 8.051783852240235e-05,
    "n_records": 780
  },
  "layer2.0.conv1.weight": {
    "r_t_mean": 0.039387782657661206,
    "r_t_std": 0.014650345694512063,
    "r_t_min": 0.012162716777664362,
    "r_t_max": 0.13633395892960834,
    "delta_hat_mean": -0.00015893952641811746,
    "delta_hat_std": 0.0001149896691015055,
    "lambda_t_mean": 0.003908459647518497,
    "lambda_t_std": 6.290912670097873e-05,
    "n_records": 780
  },
  "layer2.0.conv2.weight": {
    "r_t_mean": 0.039536370766279104,
    "r_t_std": 0.015104044516414339,
    "r_t_min": 0.012663236203916762,
    "r_t_max": 0.15414713510131758,
    "delta_hat_mean": -0.00016263056694185707,
    "delta_hat_std": 0.00011680373109745846,
    "lambda_t_mean": 0.003902098881040329,
    "lambda_t_std": 3.872652900690332e-05,
    "n_records": 780
  },
  "layer2.0.shortcut.0.weight": {
    "r_t_mean": 0.03909184811353996,
    "r_t_std": 0.014722781399495923,
    "r_t_min": 0.010214453374096792,
    "r_t_max": 0.09050788794154915,
    "delta_hat_mean": -0.00014138242011934828,
    "delta_hat_std": 0.00010751311165670165,
    "lambda_t_mean": 0.0039105704550046775,
    "lambda_t_std": 0.0001392192051451306,
    "n_records": 780
  },
  "layer2.1.conv1.weight": {
    "r_t_mean": 0.04074015638629247,
    "r_t_std": 0.016962890786344744,
    "r_t_min": 0.009420305709804283,
    "r_t_max": 0.13846399268739992,
    "delta_hat_mean": -0.00016532634489443136,
    "delta_hat_std": 0.00011817826509101794,
    "lambda_t_mean": 0.0039037834422943037,
    "lambda_t_std": 4.355742979900396e-05,
    "n_records": 780
  },
  "layer2.1.conv2.weight": {
    "r_t_mean": 0.040488542642267616,
    "r_t_std": 0.0166811418330946,
    "r_t_min": 0.010238884360187587,
    "r_t_max": 0.12193529075581867,
    "delta_hat_mean": -0.00017193230572454027,
    "delta_hat_std": 0.00012195339839660411,
    "lambda_t_mean": 0.003897165610651023,
    "lambda_t_std": 4.014289257185925e-05,
    "n_records": 780
  },
  "layer2.2.conv1.weight": {
    "r_t_mean": 0.04087913587187893,
    "r_t_std": 0.016872802017255762,
    "r_t_min": 0.0068023826553223095,
    "r_t_max": 0.10793938018066714,
    "delta_hat_mean": -0.000169239826447259,
    "delta_hat_std": 0.00011935712519091367,
    "lambda_t_mean": 0.0038992330694064795,
    "lambda_t_std": 4.040634536089582e-05,
    "n_records": 780
  },
  "layer2.2.conv2.weight": {
    "r_t_mean": 0.040132570557003415,
    "r_t_std": 0.01618934572297653,
    "r_t_min": 0.01023991445609596,
    "r_t_max": 0.09725662401019243,
    "delta_hat_mean": -0.00016958518701801933,
    "delta_hat_std": 0.00011983600507680533,
    "lambda_t_mean": 0.003896528876899108,
    "lambda_t_std": 4.168867354950532e-05,
    "n_records": 780
  },
  "layer3.0.conv1.weight": {
    "r_t_mean": 0.03970864488468769,
    "r_t_std": 0.014965601927687082,
    "r_t_min": 0.012289057262338011,
    "r_t_max": 0.08242396683713402,
    "delta_hat_mean": -0.00016972358745687114,
    "delta_hat_std": 0.00012032093345676165,
    "lambda_t_mean": 0.0039016877810337507,
    "lambda_t_std": 2.9156160197666927e-05,
    "n_records": 780
  },
  "layer3.0.conv2.weight": {
    "r_t_mean": 0.04045130036745345,
    "r_t_std": 0.01591842582242987,
    "r_t_min": 0.014960054956374808,
    "r_t_max": 0.10074673898644289,
    "delta_hat_mean": -0.00017128288844596375,
    "delta_hat_std": 0.00012099930333116953,
    "lambda_t_mean": 0.0038989947038223526,
    "lambda_t_std": 1.972151745115966e-05,
    "n_records": 780
  },
  "layer3.0.shortcut.0.weight": {
    "r_t_mean": 0.03842365865564968,
    "r_t_std": 0.01360400198794861,
    "r_t_min": 0.02051501915837642,
    "r_t_max": 0.0769863640986631,
    "delta_hat_mean": -0.00016606809865974943,
    "delta_hat_std": 0.00011725429676278766,
    "lambda_t_mean": 0.0039013742581256628,
    "lambda_t_std": 6.973274012492846e-05,
    "n_records": 780
  },
  "layer3.1.conv1.weight": {
    "r_t_mean": 0.04071027864006311,
    "r_t_std": 0.01621059311087677,
    "r_t_min": 0.021260900238644055,
    "r_t_max": 0.09008377250715587,
    "delta_hat_mean": -0.0001698869599455265,
    "delta_hat_std": 0.00012001003261581,
    "lambda_t_mean": 0.0038982966972583495,
    "lambda_t_std": 2.2853917271336073e-05,
    "n_records": 780
  },
  "layer3.1.conv2.weight": {
    "r_t_mean": 0.0403791277907215,
    "r_t_std": 0.01577923136014207,
    "r_t_min": 0.021647434056243732,
    "r_t_max": 0.09175459817596394,
    "delta_hat_mean": -0.00017058798156174596,
    "delta_hat_std": 0.0001202748248545635,
    "lambda_t_mean": 0.003897821322544104,
    "lambda_t_std": 2.4094858153132644e-05,
    "n_records": 780
  },
  "layer3.2.conv1.weight": {
    "r_t_mean": 0.04119308771469934,
    "r_t_std": 0.016636823830268932,
    "r_t_min": 0.016827543693062916,
    "r_t_max": 0.088789561479624,
    "delta_hat_mean": -0.0001696954794037599,
    "delta_hat_std": 0.00011966650061525006,
    "lambda_t_mean": 0.0038961861150037156,
    "lambda_t_std": 2.612643462108493e-05,
    "n_records": 780
  },
  "layer3.2.conv2.weight": {
    "r_t_mean": 0.03904076706024129,
    "r_t_std": 0.01360556660160857,
    "r_t_min": 0.017283841958998004,
    "r_t_max": 0.08873228213974939,
    "delta_hat_mean": -0.00016979492104916917,
    "delta_hat_std": 0.00011973052243705172,
    "lambda_t_mean": 0.003893639750820979,
    "lambda_t_std": 3.276659550249673e-05,
    "n_records": 780
  },