{
  "conv1.weight": {
    "r_t_mean": 0.02082223086267963,
    "r_t_std": 0.021028150270660306,
    "r_t_min": 0.009303301891537857,
    "r_t_max": 0.48125296362723946,
    "delta_hat_mean": -7.297081367596548e-07,
    "delta_hat_std": 4.084755888401505e-05,
    "lambda_t_mean": 7.50050892763146e-05,
    "lambda_t_std": 2.90481038298275e-06,
    "n_records": 780
  },
  "layer1.0.conv1.weight": {
    "r_t_mean": 0.02085615932608777,
    "r_t_std": 0.020088804111445785,
    "r_t_min": 0.010644163297571145,
    "r_t_max": 0.519002707366468,
    "delta_hat_mean": -1.3174585847813693e-06,
    "delta_hat_std": 1.1762230777166503e-05,
    "lambda_t_mean": 7.489944845659218e-05,
    "lambda_t_std": 1.5128873214957898e-06,
    "n_records": 780
  },
  "layer1.0.conv2.weight": {
    "r_t_mean": 0.0207401627331534,
    "r_t_std": 0.01720636664808978,
    "r_t_min": 0.011207503085590924,
    "r_t_max": 0.42846816906655255,
    "delta_hat_mean": -1.0588747039095234e-06,
    "delta_hat_std": 8.612985027994201e-06,
    "lambda_t_mean": 7.494469912592822e-05,
    "lambda_t_std": 1.5914980626885407e-06,
    "n_records": 780
  },
  "layer1.1.conv1.weight": {
    "r_t_mean": 0.021398782299436772,
    "r_t_std": 0.013142481113556592,
    "r_t_min": 0.011191951919202022,
    "r_t_max": 0.2931693765030106,
    "delta_hat_mean": -1.6322047413924166e-06,
    "delta_hat_std": 6.991070757063466e-06,
    "lambda_t_mean": 7.490744855526382e-05,
    "lambda_t_std": 1.4980642281249384e-06,
    "n_records": 780
  },
  "layer1.1.conv2.weight": {
    "r_t_mean": 0.021013619464162483,
    "r_t_std": 0.012394723989822495,
    "r_t_min": 0.011781130284199116,
    "r_t_max": 0.2752793740285929,
    "delta_hat_mean": -1.6933636521534513e-06,
    "delta_hat_std": 8.035600415629279e-06,
    "lambda_t_mean": 7.486103085653483e-05,
    "lambda_t_std": 1.4206386054650424e-06,
    "n_records": 780
  },
  "layer1.2.conv1.weight": {
    "r_t_mean": 0.022968059662895297,
    "r_t_std": 0.010751292168730062,
    "r_t_min": 0.013186320925439896,
    "r_t_max": 0.2586546216848946,
    "delta_hat_mean": -9.433389324251188e-07,
    "delta_hat_std": 8.168773037908096e-06,
    "lambda_t_mean": 7.487694787079664e-05,
    "lambda_t_std": 1.5017311590791766e-06,
    "n_records": 780
  },
  "layer1.2.conv2.weight": {
    "r_t_mean": 0.021468762856239804,
    "r_t_std": 0.00943257024004472,
    "r_t_min": 0.012309928947108108,
    "r_t_max": 0.2098964651437131,
    "delta_hat_mean": -1.0182723955462136e-06,
    "delta_hat_std": 7.73666439219131e-06,
    "lambda_t_mean": 7.482861356222882e-05,
    "lambda_t_std": 1.325007126769331e-06,
    "n_records": 780
  },
  "layer2.0.conv1.weight": {
    "r_t_mean": 0.020575589399038367,
    "r_t_std": 0.009926057570793559,
    "r_t_min": 0.011136554057135187,
    "r_t_max": 0.14930281810409496,
    "delta_hat_mean": -1.1683425772578386e-06,
    "delta_hat_std": 8.748618770183514e-06,
    "lambda_t_mean": 7.493215737520612e-05,
    "lambda_t_std": 1.0896624185045447e-06,
    "n_records": 780
  },
  "layer2.0.conv2.weight": {
    "r_t_mean": 0.02125430082032661,
    "r_t_std": 0.010866996344472997,
    "r_t_min": 0.011969188481801148,
    "r_t_max": 0.17785398758915244,
    "delta_hat_mean": -1.2841224819846403e-06,
    "delta_hat_std": 4.891129438661354e-06,
    "lambda_t_mean": 7.487632269589348e-05,
    "lambda_t_std": 6.59479361419694e-07,
    "n_records": 780
  },
  "layer2.0.shortcut.0.weight": {
    "r_t_mean": 0.017738209145093962,
    "r_t_std": 0.007703296890730293,
    "r_t_min": 0.00938829249690854,
    "r_t_max": 0.07025462772713702,
    "delta_hat_mean": -1.0665338684110118e-06,
    "delta_hat_std": 2.1685082206789898e-05,
    "lambda_t_mean": 7.479190374167679e-05,
    "lambda_t_std": 2.6489153405965296e-06,
    "n_records": 780
  },
  "layer2.1.conv1.weight": {
    "r_t_mean": 0.022163710927713787,
    "r_t_std": 0.010007878518691388,
    "r_t_min": 0.01290421868557295,
    "r_t_max": 0.16391495621116334,
    "delta_hat_mean": -1.337352234617657e-06,
    "delta_hat_std": 3.567576483835289e-06,
    "lambda_t_mean": 7.490480258710264e-05,
    "lambda_t_std": 6.840682566509304e-07,
    "n_records": 780
  },
  "layer2.1.conv2.weight": {
    "r_t_mean": 0.02170688618558069,
    "r_t_std": 0.008967943263168066,
    "r_t_min": 0.013239766263718025,
    "r_t_max": 0.1427910837497346,
    "delta_hat_mean": -1.1986756085331963e-06,
    "delta_hat_std": 3.5773950771150187e-06,
    "lambda_t_mean": 7.4864551737675e-05,
    "lambda_t_std": 7.078716069734521e-07,
    "n_records": 780
  },
  "layer2.2.conv1.weight": {
    "r_t_mean": 0.023054803543363443,
    "r_t_std": 0.008251010684311418,
    "r_t_min": 0.013893350017217521,
    "r_t_max": 0.12010241104890172,
    "delta_hat_mean": -1.032081590404474e-06,
    "delta_hat_std": 3.588080944601461e-06,
    "lambda_t_mean": 7.486348912630991e-05,
    "lambda_t_std": 7.096020002666062e-07,
    "n_records": 780
  },
  "layer2.2.conv2.weight": {
    "r_t_mean": 0.02199320169782326,
    "r_t_std": 0.007793177699096546,
    "r_t_min": 0.013074897374146946,
    "r_t_max": 0.10962596591070407,
    "delta_hat_mean": -1.1447646017280168e-06,
    "delta_hat_std": 3.819740240721392e-06,
    "lambda_t_mean": 7.485378078463777e-05,
    "lambda_t_std": 7.030367441391224e-07,
    "n_records": 780
  },
  "layer3.0.conv1.weight": {
    "r_t_mean": 0.021556385773307624,
    "r_t_std": 0.00839189234440472,
    "r_t_min": 0.012886568801753456,
    "r_t_max": 0.08246257246384504,
    "delta_hat_mean": -1.2956199773432703e-06,
    "delta_hat_std": 3.4927754790534875e-06,
    "lambda_t_mean": 7.48977712391587e-05,
    "lambda_t_std": 4.832637540887602e-07,
    "n_records": 780
  },
  "layer3.0.conv2.weight": {
    "r_t_mean": 0.022929624749216802,
    "r_t_std": 0.009338229472419508,
    "r_t_min": 0.013693304965812197,
    "r_t_max": 0.11170485247909126,
    "delta_hat_mean": -1.167199126007914e-06,
    "delta_hat_std": 2.301674621413214e-06,
    "lambda_t_mean": 7.486927070238595e-05,
    "lambda_t_std": 3.421533369442885e-07,
    "n_records": 780
  },
  "layer3.0.shortcut.0.weight": {
    "r_t_mean": 0.01668374874787293,
    "r_t_std": 0.00750817231409166,
    "r_t_min": 0.009204483749452482,
    "r_t_max": 0.06646733304705926,
    "delta_hat_mean": -1.167046005869693e-06,
    "delta_hat_std": 7.317237405525086e-06,
    "lambda_t_mean": 7.491293746559826e-05,
    "lambda_t_std": 1.3049560441929016e-06,
    "n_records": 780
  },
  "layer3.1.conv1.weight": {
    "r_t_mean": 0.022927888070024986,
    "r_t_std": 0.010099960664473287,
    "r_t_min": 0.012919902195928814,
    "r_t_max": 0.10400701778972198,
    "delta_hat_mean": -1.1756305703409398e-06,
    "delta_hat_std": 2.055891122920203e-06,
    "lambda_t_mean": 7.488734924077912e-05,
    "lambda_t_std": 3.7402695228201907e-07,
    "n_records": 780
  },
  "layer3.1.conv2.weight": {
    "r_t_mean": 0.023169392079374688,
    "r_t_std": 0.009205773868743864,
    "r_t_min": 0.013006693320484635,
    "r_t_max": 0.11104578422088533,
    "delta_hat_mean": -1.2746289161799296e-06,
    "delta_hat_std": 1.9254484763007364e-06,
    "lambda_t_mean": 7.48609527490118e-05,
    "lambda_t_std": 3.864682377694911e-07,
    "n_records": 780
  },
  "layer3.2.conv1.weight": {
    "r_t_mean": 0.02354665879857792,
    "r_t_std": 0.008632271799958043,
    "r_t_min": 0.013557261858921237,
    "r_t_max": 0.10508039487323674,
    "delta_hat_mean": -1.26207685924876e-06,
    "delta_hat_std": 2.052323428144591e-06,
    "lambda_t_mean": 7.487307783472314e-05,
    "lambda_t_std": 4.0902261936637274e-07,
    "n_records": 780
  },
  "layer3.2.conv2.weight": {
    "r_t_mean": 0.022047900665716113,
    "r_t_std": 0.008374623648012672,
    "r_t_min": 0.011949302765418779,
    "r_t_max": 0.10419072201240112,
    "delta_hat_mean": -1.3090901515347205e-06,
    "delta_hat_std": 1.9870479710209563e-06,
    "lambda_t_mean": 7.48403170389807e-05,
    "lambda_t_std": 4.758878712470333e-07,
    "n_records": 780
  },