{
  "method": "CPR",
  "seed": 42,
  "model": "resnet20",
  "dataset": "cifar10",
  "epochs": [
    {
      "epoch": 0,
      "train_loss": 2.343605120976766,
      "test_loss": 2.3099198181152345,
      "train_acc": 14.0625,
      "test_acc": 9.6,
      "lr": 0.0,
      "mean_rho_t": 0.9351956974186387,
      "std_rho_t": 1.257644263920693,
      "mean_alpha_t": -0.06672964803627582,
      "mean_effective_wd": 0.00018064744281995256,
      "total_wd_budget_epoch": 0.011742083783296917
    }
  ]
}