{
  "method": "CWD",
  "seed": 42,
  "model": "resnet20",
  "dataset": "cifar10",
  "epochs": [
    {
      "epoch": 0,
      "train_loss": 2.3446528116861978,
      "test_loss": 2.310267628097534,
      "train_acc": 14.0625,
      "test_acc": 9.72,
      "lr": 0.0,
      "mean_rho_t": 0.9188401538754137,
      "std_rho_t": 1.2391066668231936,
      "mean_alpha_t": -0.07215570458882671,
      "mean_effective_wd": 1.8584117981103755e-05,
      "total_wd_budget_epoch": 0.001207967668771744
    }
  ]
}