{
  "method": "DefazioCorrective",
  "seed": 42,
  "model": "resnet20",
  "dataset": "cifar10",
  "epochs": [
    {
      "epoch": 0,
      "train_loss": 2.3440922101338706,
      "test_loss": 2.310056851196289,
      "train_acc": 14.0625,
      "test_acc": 9.79,
      "lr": 0.0,
      "mean_rho_t": 0.9163836873238753,
      "std_rho_t": 1.2454727662934701,
      "mean_alpha_t": -0.06638241189601297,
      "mean_effective_wd": 3.6923073230769605e-05,
      "total_wd_budget_epoch": 0.002399999760000024
    }
  ]
}