{
  "method": "NoWD",
  "seed": 42,
  "model": "resnet20",
  "dataset": "cifar10",
  "epochs": [
    {
      "epoch": 0,
      "train_loss": 2.3435855706532798,
      "test_loss": 2.309890210723877,
      "train_acc": 14.0625,
      "test_acc": 9.59,
      "lr": 0.0,
      "mean_rho_t": 0.9388523501668854,
      "std_rho_t": 1.2637524419289305,
      "mean_alpha_t": -0.06730605408354665,
      "mean_effective_wd": 0.0,
      "total_wd_budget_epoch": 0.0
    }
  ]
}