{
  "method": "SWD",
  "seed": 42,
  "model": "resnet20",
  "dataset": "cifar10",
  "epochs": [
    {
      "epoch": 0,
      "train_loss": 2.34409228960673,
      "test_loss": 2.310113610458374,
      "train_acc": 14.0625,
      "test_acc": 9.76,
      "lr": 0.0,
      "mean_rho_t": 0.9155123824989924,
      "std_rho_t": 1.2414756282974948,
      "mean_alpha_t": -0.06707624590089657,
      "mean_effective_wd": 3.684554032268398e-05,
      "total_wd_budget_epoch": 0.0023949601209744585
    }
  ]
}