{
  "method": "UDWDC",
  "model": "resnet20",
  "dataset": "cifar10",
  "seed": 42,
  "epochs": 3,
  "batch_size": 128,
  "lr": 0.1,
  "weight_decay": 0.0001,
  "best_test_acc": 15.82,
  "final_test_acc": 15.82,
  "final_train_acc": 22.135416666666668,
  "generalization_gap": 6.315416666666668,
  "total_wd_budget": 0.063,
  "elapsed_sec": 1.781709909439087,
  "K_p": 0.5,
  "K_i": 0.1,
  "K_d": 0.3
}