{
  "method": "UDWDC",
  "seed": 42,
  "model": "resnet20",
  "dataset": "cifar10",
  "epochs": [
    {
      "epoch": 0,
      "train_loss": 2.3449267546335855,
      "test_loss": 2.309370509338379,
      "train_acc": 13.802083333333334,
      "test_acc": 9.83,
      "lr": 0.0,
      "mean_rho_t": 0.9251851923713417,
      "std_rho_t": 1.2516679481164843,
      "mean_alpha_t": -0.08333488744012453,
      "mean_effective_wd": 0.0003076923076923077,
      "total_wd_budget_epoch": 0.02
    }
  ]
}