{
  "conv1.weight": {
    "r_t_mean": Infinity,
    "r_t_std": NaN,
    "r_t_min": 8.935134928685694e-05,
    "r_t_max": Infinity,
    "delta_hat_mean": NaN,
    "delta_hat_std": NaN,
    "lambda_t_mean": 0.0,
    "lambda_t_std": 0.0,
    "n_records": 1126
  },
  "layer1.0.conv1.weight": {
    "r_t_mean": 0.0027682613319195827,
    "r_t_std": 0.007455461533618855,
    "r_t_min": 0.00011413636333864474,
    "r_t_max": 0.2498830193900216,
    "delta_hat_mean": 2.094553595707708e-06,
    "delta_hat_std": 6.296748490899755e-05,
    "lambda_t_mean": 0.0,
    "lambda_t_std": 0.0,
    "n_records": 1126
  },
  "layer1.0.conv2.weight": {
    "r_t_mean": 0.0031223772959966573,
    "r_t_std": 0.014825811126665787,
    "r_t_min": 5.5299477538759363e-05,
    "r_t_max": 0.498666084980565,
    "delta_hat_mean": -2.1003170714450272e-07,
    "delta_hat_std": 1.8445017373203523e-05,
    "lambda_t_mean": 0.0,
    "lambda_t_std": 0.0,
    "n_records": 1126
  },
  "layer1.0.conv3.weight": {
    "r_t_mean": 0.002802529833091127,
    "r_t_std": 0.007830316946780552,
    "r_t_min": 4.1312347405515075e-05,
    "r_t_max": 0.26274950409257386,
    "delta_hat_mean": -4.108323177562867e-07,
    "delta_hat_std": 1.3077662317152205e-05,
    "lambda_t_mean": 0.0,
    "lambda_t_std": 0.0,
    "n_records": 1126
  },
  "layer1.0.downsample.0.weight": {
    "r_t_mean": 0.003185188360950178,
    "r_t_std": 0.008377289753343257,
    "r_t_min": 5.00571725956712e-05,
    "r_t_max": 0.27972318268940743,
    "delta_hat_mean": -7.905195652262182e-07,
    "delta_hat_std": 1.6551640213789132e-05,
    "lambda_t_mean": 0.0,
    "lambda_t_std": 0.0,
    "n_records": 1126
  },
  "layer1.1.conv1.weight": {
    "r_t_mean": 0.0016934905553960496,
    "r_t_std": 0.0018192651353755027,
    "r_t_min": 2.4050396131054417e-05,
    "r_t_max": 0.06183158835905218,
    "delta_hat_mean": 1.0132411679372826e-07,
    "delta_hat_std": 9.154487178853446e-06,
    "lambda_t_mean": 0.0,
    "lambda_t_std": 0.0,
    "n_records": 1126
  },
  "layer1.1.conv2.weight": {
    "r_t_mean": 0.0027565339387362713,
    "r_t_std": 0.008912978936061031,
    "r_t_min": 3.059070022695822e-05,
    "r_t_max": 0.3008819861358545,
    "delta_hat_mean": 1.6598793564671735e-07,
    "delta_hat_std": 6.472027188616294e-06,
    "lambda_t_mean": 0.0,
    "lambda_t_std": 0.0,
    "n_records": 1126
  },
  "layer1.1.conv3.weight": {
    "r_t_mean": 0.0024098714240261875,
    "r_t_std": 0.005024249799406574,
    "r_t_min": 2.8899035889962872e-05,
    "r_t_max": 0.16919376214286436,
    "delta_hat_mean": 1.5242715883056582e-07,
    "delta_hat_std": 7.079545527475728e-06,
    "lambda_t_mean": 0.0,
    "lambda_t_std": 0.0,
    "n_records": 1126
  },
  "layer1.2.conv1.weight": {
    "r_t_mean": 0.0016482569349168532,
    "r_t_std": 0.0012689609611713742,
    "r_t_min": 1.759615137189749e-05,
    "r_t_max": 0.04313478647064051,
    "delta_hat_mean": -3.1238422773887285e-07,
    "delta_hat_std": 2.0116826326535732e-05,
    "lambda_t_mean": 0.0,
    "lambda_t_std": 0.0,
    "n_records": 1126
  },
  "layer1.2.conv2.weight": {
    "r_t_mean": 0.0027688470371470637,
    "r_t_std": 0.006048083640724804,
    "r_t_min": 7.845959872346073e-05,
    "r_t_max": 0.20454227663714233,
    "delta_hat_mean": -4.2361671265231713e-07,
    "delta_hat_std": 9.490079745870923e-06,
    "lambda_t_mean": 0.0,
    "lambda_t_std": 0.0,
    "n_records": 1126
  },
  "layer1.2.conv3.weight": {
    "r_t_mean": 0.002423888022637129,
    "r_t_std": 0.0034858400179475766,
    "r_t_min": 5.283710442552398e-05,
    "r_t_max": 0.11689666471271516,
    "delta_hat_mean": 4.447411348523511e-09,
    "delta_hat_std": 6.872972676638858e-06,
    "lambda_t_mean": 0.0,
    "lambda_t_std": 0.0,
    "n_records": 1126
  },
  "layer2.0.conv1.weight": {
    "r_t_mean": 0.002263798626409484,
    "r_t_std": 0.0014299236618451573,
    "r_t_min": 3.8609698645503885e-05,
    "r_t_max": 0.04719058430697588,
    "delta_hat_mean": -5.454667571021907e-07,
    "delta_hat_std": 1.5727741197835916e-05,
    "lambda_t_mean": 0.0,
    "lambda_t_std": 0.0,
    "n_records": 1126
  },
  "layer2.0.conv2.weight": {
    "r_t_mean": 0.002970610525861333,
    "r_t_std": 0.004936707256029995,
    "r_t_min": 2.987703860545196e-05,
    "r_t_max": 0.16554611853334297,
    "delta_hat_mean": -7.217499922486433e-08,
    "delta_hat_std": 3.080561013793422e-06,
    "lambda_t_mean": 0.0,
    "lambda_t_std": 0.0,
    "n_records": 1126
  },
  "layer2.0.conv3.weight": {
    "r_t_mean": 0.0026366460272753047,
    "r_t_std": 0.0027405812000872265,
    "r_t_min": 4.729260015215649e-05,
    "r_t_max": 0.09095385920470929,
    "delta_hat_mean": 1.5926707308633248e-07,
    "delta_hat_std": 2.940786442340541e-06,
    "lambda_t_mean": 0.0,
    "lambda_t_std": 0.0,
    "n_records": 1126
  },
  "layer2.0.downsample.0.weight": {
    "r_t_mean": 0.002404460369849417,
    "r_t_std": 0.002031529230482283,
    "r_t_min": 4.214905203203091e-05,
    "r_t_max": 0.06388831989605047,
    "delta_hat_mean": 1.4767642109150534e-07,
    "delta_hat_std": 3.613204921302181e-06,
    "lambda_t_mean": 0.0,
    "lambda_t_std": 0.0,
    "n_records": 1126
  },
  "layer2.1.conv1.weight": {
    "r_t_mean": 0.0013489740757271196,
    "r_t_std": 0.0006546315582309161,
    "r_t_min": 4.5725832404168286e-05,
    "r_t_max": 0.022180132130983087,
    "delta_hat_mean": -6.554870463033152e-08,
    "delta_hat_std": 4.524889801635729e-06,
    "lambda_t_mean": 0.0,
    "lambda_t_std": 0.0,
    "n_records": 1126
  },
  "layer2.1.conv2.weight": {
    "r_t_mean": 0.002557761100402566,
    "r_t_std": 0.0034060399716990884,
    "r_t_min": 3.433686050485984e-05,
    "r_t_max": 0.114179572262892,
    "delta_hat_mean": 1.206311801059507e-07,
    "delta_hat_std": 4.193956984920523e-06,
    "lambda_t_mean": 0.0,
    "lambda_t_std": 0.0,
    "n_records": 1126
  },
  "layer2.1.conv3.weight": {
    "r_t_mean": 0.0022375218013389138,
    "r_t_std": 0.001931602475090156,
    "r_t_min": 6.132579744468915e-05,
    "r_t_max": 0.0644860792128388,
    "delta_hat_mean": -1.417889272263686e-07,
    "delta_hat_std": 2.729311685177942e-06,
    "lambda_t_mean": 0.0,
    "lambda_t_std": 0.0,
    "n_records": 1126
  },
  "layer2.2.conv1.weight": {
    "r_t_mean": 0.001476117709364937,
    "r_t_std": 0.0004695704646954803,
    "r_t_min": 4.009165589151312e-05,
    "r_t_max": 0.015845831346392485,
    "delta_hat_mean": -9.552161585533982e-08,
    "delta_hat_std": 3.1020109841550745e-06,
    "lambda_t_mean": 0.0,
    "lambda_t_std": 0.0,
    "n_records": 1126
  },
  "layer2.2.conv2.weight": {
    "r_t_mean": 0.0025765047022604215,
    "r_t_std": 0.00241244479652919,
    "r_t_min": 4.727266173807845e-05,
    "r_t_max": 0.08018024103334256,
    "delta_hat_mean": -1.716044732619166e-07,
    "delta_hat_std": 3.8050595765455414e-06,
    "lambda_t_mean": 0.0,
    "lambda_t_std": 0.0,
    "n_records": 1126
  },
  "layer2.2.conv3.weight": {
    "r_t_mean": 0.0023990985755870586,
    "r_t_std": 0.0013869255661621458,
    "r_t_min": 8.732926842023114e-05,
    "r_t_max": 0.045099548194491246,
    "delta_hat_mean": -3.37279669711257e-08,
    "delta_hat_std": 2.341160818024171e-06,
    "lambda_t_mean": 0.0,
    "lambda_t_std": 0.0,
    "n_records": 1126
  },
  "layer2.3.conv1.weight": {
    "r_t_mean": 0.001611525278880111,
    "r_t_std": 0.00040503967641149945,
    "r_t_min": 6.539670742009346e-05,
    "r_t_max": 0.011890093954621213,
    "delta_hat_mean": -9.66828943135778e-08,
    "delta_hat_std": 2.8105707485385664e-06,
    "lambda_t_mean": 0.0,
    "lambda_t_std": 0.0,
    "n_records": 1126
  },
  "layer2.3.conv2.weight": {
    "r_t_mean": 0.0028356611169770363,
    "r_t_std": 0.002020914828518953,
    "r_t_min": 4.469415350662497e-05,
    "r_t_max": 0.06141083609895486,
    "delta_hat_mean": 1.3060506104872936e-07,
    "delta_hat_std": 2.7766508127149825e-06,
    "lambda_t_mean": 0.0,
    "lambda_t_std": 0.0,
    "n_records": 1126
  },
  "layer2.3.conv3.weight": {
    "r_t_mean": 0.0026836812558063226,