{
  "conv1.weight": {
    "r_t_mean": 0.011200705242353825,
    "r_t_std": 0.007355925037199898,
    "r_t_min": 0.004449925524672627,
    "r_t_max": 0.34433930912612815,
    "delta_hat_mean": -8.813221119044607e-06,
    "delta_hat_std": 4.607682092518326e-05,
    "lambda_t_mean": 0.00025027184469577593,
    "lambda_t_std": 1.0341058468175791e-05,
    "n_records": 7800
  },
  "layer1.0.conv1.weight": {
    "r_t_mean": 0.011179938582061155,
    "r_t_std": 0.0060789042100334294,
    "r_t_min": 0.005511921384567561,
    "r_t_max": 0.3513262051311829,
    "delta_hat_mean": -7.113074744567788e-06,
    "delta_hat_std": 1.4344991577797278e-05,
    "lambda_t_mean": 0.00025002710138375946,
    "lambda_t_std": 5.237283022778449e-06,
    "n_records": 7800
  },
  "layer1.0.conv2.weight": {
    "r_t_mean": 0.011087406699005169,
    "r_t_std": 0.005861305425419462,
    "r_t_min": 0.005526921647849983,
    "r_t_max": 0.32863401822888055,
    "delta_hat_mean": -7.2825916332425335e-06,
    "delta_hat_std": 1.1865963167832253e-05,
    "lambda_t_mean": 0.0002498578027406564,
    "lambda_t_std": 5.3408104371857385e-06,
    "n_records": 7800
  },
  "layer1.1.conv1.weight": {
    "r_t_mean": 0.011388849014828142,
    "r_t_std": 0.005360013410980063,
    "r_t_min": 0.005913561569274249,
    "r_t_max": 0.2808262605151824,
    "delta_hat_mean": -7.648989954424972e-06,
    "delta_hat_std": 1.0170676461362543e-05,
    "lambda_t_mean": 0.0002500008372026376,
    "lambda_t_std": 4.916986299114723e-06,
    "n_records": 7800
  },
  "layer1.1.conv2.weight": {
    "r_t_mean": 0.011410058330470568,
    "r_t_std": 0.004850829848221107,
    "r_t_min": 0.0061250413476342976,
    "r_t_max": 0.21377185307500696,
    "delta_hat_mean": -7.759987078037003e-06,
    "delta_hat_std": 9.797661503554014e-06,
    "lambda_t_mean": 0.0002498933318257332,
    "lambda_t_std": 4.866263847123478e-06,
    "n_records": 7800
  },
  "layer1.2.conv1.weight": {
    "r_t_mean": 0.011853966811471009,
    "r_t_std": 0.0045778491454579765,
    "r_t_min": 0.006455150035096701,
    "r_t_max": 0.24478384269549636,
    "delta_hat_mean": -7.550218089245167e-06,
    "delta_hat_std": 9.207644754911336e-06,
    "lambda_t_mean": 0.0002500404004599804,
    "lambda_t_std": 4.849534991299713e-06,
    "n_records": 7800
  },
  "layer1.2.conv2.weight": {
    "r_t_mean": 0.01150048296910189,
    "r_t_std": 0.004611278979300418,
    "r_t_min": 0.005750290348254884,
    "r_t_max": 0.223594642548093,
    "delta_hat_mean": -7.507438916117655e-06,
    "delta_hat_std": 1.0354706091473067e-05,
    "lambda_t_mean": 0.0002499296676100065,
    "lambda_t_std": 4.940301042766909e-06,
    "n_records": 7800
  },
  "layer2.0.conv1.weight": {
    "r_t_mean": 0.011229781437446714,
    "r_t_std": 0.00485052890977829,
    "r_t_min": 0.005658385109985956,
    "r_t_max": 0.16447489975299714,
    "delta_hat_mean": -7.423333973964529e-06,
    "delta_hat_std": 9.452596382287467e-06,
    "lambda_t_mean": 0.0002500648007981288,
    "lambda_t_std": 3.309653730698581e-06,
    "n_records": 7800
  },
  "layer2.0.conv2.weight": {
    "r_t_mean": 0.01130168351627028,
    "r_t_std": 0.005077875254364958,
    "r_t_min": 0.005998060427879381,
    "r_t_max": 0.1676385502287238,
    "delta_hat_mean": -7.432366153662854e-06,
    "delta_hat_std": 7.236462920135498e-06,
    "lambda_t_mean": 0.0002500671236942976,
    "lambda_t_std": 2.3221157117618673e-06,
    "n_records": 7800
  },
  "layer2.0.shortcut.0.weight": {
    "r_t_mean": 0.01037490864104951,
    "r_t_std": 0.004084832305233659,
    "r_t_min": 0.005237538532673668,
    "r_t_max": 0.053966823428467287,
    "delta_hat_mean": -6.386020319075538e-06,
    "delta_hat_std": 1.8453508557166266e-05,
    "lambda_t_mean": 0.0002501454827724359,
    "lambda_t_std": 8.501177034498705e-06,
    "n_records": 7800
  },
  "layer2.1.conv1.weight": {
    "r_t_mean": 0.01169718694512567,
    "r_t_std": 0.004628647983187809,
    "r_t_min": 0.006308919969033687,
    "r_t_max": 0.16336016847605506,
    "delta_hat_mean": -7.712502181764395e-06,
    "delta_hat_std": 6.319392315216213e-06,
    "lambda_t_mean": 0.00024997572048543357,
    "lambda_t_std": 2.343704256149033e-06,
    "n_records": 7800
  },
  "layer2.1.conv2.weight": {
    "r_t_mean": 0.011545640182195135,
    "r_t_std": 0.004449708813083361,
    "r_t_min": 0.0064003503327448915,
    "r_t_max": 0.13248695017433693,
    "delta_hat_mean": -7.807621249511466e-06,
    "delta_hat_std": 6.608799190857898e-06,
    "lambda_t_mean": 0.00024994784269004295,
    "lambda_t_std": 2.2904372200235446e-06,
    "n_records": 7800
  },
  "layer2.2.conv1.weight": {
    "r_t_mean": 0.012053627014650955,
    "r_t_std": 0.004019944407667022,
    "r_t_min": 0.006599625017496836,
    "r_t_max": 0.12661387563863166,
    "delta_hat_mean": -7.68516267672559e-06,
    "delta_hat_std": 6.496770279396077e-06,
    "lambda_t_mean": 0.00024999263657400243,
    "lambda_t_std": 2.3316799150799474e-06,
    "n_records": 7800
  },
  "layer2.2.conv2.weight": {
    "r_t_mean": 0.011748683617907903,
    "r_t_std": 0.003916724781187231,
    "r_t_min": 0.006487097704232017,
    "r_t_max": 0.11284141419754824,
    "delta_hat_mean": -7.717310489727723e-06,
    "delta_hat_std": 6.4768767947969725e-06,
    "lambda_t_mean": 0.0002499245414443505,
    "lambda_t_std": 2.3102096683737294e-06,
    "n_records": 7800
  },
  "layer3.0.conv1.weight": {
    "r_t_mean": 0.01134320625635377,
    "r_t_std": 0.004319344129818124,
    "r_t_min": 0.006122203511971587,
    "r_t_max": 0.087822968681604,
    "delta_hat_mean": -7.736988303116677e-06,
    "delta_hat_std": 6.328998014752072e-06,
    "lambda_t_mean": 0.0002500323041471151,
    "lambda_t_std": 1.6652695557232683e-06,
    "n_records": 7800
  },
  "layer3.0.conv2.weight": {
    "r_t_mean": 0.011812795138358853,
    "r_t_std": 0.004759980441418302,
    "r_t_min": 0.006458795871642835,
    "r_t_max": 0.11679647380536563,
    "delta_hat_mean": -7.760856786042559e-06,
    "delta_hat_std": 5.860164527777776e-06,
    "lambda_t_mean": 0.0002500401117729071,
    "lambda_t_std": 1.1656390855632285e-06,
    "n_records": 7800
  },
  "layer3.0.shortcut.0.weight": {
    "r_t_mean": 0.009873559556427752,
    "r_t_std": 0.003791544101798153,
    "r_t_min": 0.0049080837978320285,
    "r_t_max": 0.047092996087350514,
    "delta_hat_mean": -7.573954344055782e-06,
    "delta_hat_std": 1.0054067226171164e-05,
    "lambda_t_mean": 0.0002500096091245994,
    "lambda_t_std": 4.269138878028994e-06,
    "n_records": 7800
  },
  "layer3.1.conv1.weight": {
    "r_t_mean": 0.011884733723446369,
    "r_t_std": 0.004760422422380768,
    "r_t_min": 0.006640360639593513,
    "r_t_max": 0.09884967785548378,
    "delta_hat_mean": -7.686532331710995e-06,
    "delta_hat_std": 5.7815337335358745e-06,
    "lambda_t_mean": 0.0002499663653358435,
    "lambda_t_std": 1.2593299646516595e-06,
    "n_records": 7800
  },
  "layer3.1.conv2.weight": {
    "r_t_mean": 0.0119493656780504,
    "r_t_std": 0.004450016681958429,
    "r_t_min": 0.006571758822026441,
    "r_t_max": 0.10656451529313732,
    "delta_hat_mean": -7.668012675714272e-06,
    "delta_hat_std": 5.637096839113795e-06,
    "lambda_t_mean": 0.0002499867904224457,
    "lambda_t_std": 1.241881090886624e-06,
    "n_records": 7800
  },
  "layer3.2.conv1.weight": {
    "r_t_mean": 0.01203673283763474,
    "r_t_std": 0.004431740011068477,
    "r_t_min": 0.006779542899779605,
    "r_t_max": 0.09154218047582593,
    "delta_hat_mean": -7.641902544496402e-06,
    "delta_hat_std": 5.729490589604073e-06,
    "lambda_t_mean": 0.0002499652453397329,
    "lambda_t_std": 1.2660701182951087e-06,
    "n_records": 7800
  },
  "layer3.2.conv2.weight": {
    "r_t_mean": 0.01169561443388044,
    "r_t_std": 0.004340009347381934,
    "r_t_min": 0.006179892583602263,
    "r_t_max": 0.12150702514474794,
    "delta_hat_mean": -7.649031030577153e-06,
    "delta_hat_std": 5.663157337260139e-06,
    "lambda_t_mean": 0.000249970639451192,
    "lambda_t_std": 1.4752447283386411e-06,