{
  "variant": "PD_control",
  "method": "UDWDC_v2_PD_control",
  "K_p": 0.5,
  "K_i": 0.0,
  "K_d": 0.3,
  "is_baseline": false,
  "seed": 42,
  "epochs": 200,
  "best_test_acc": 68.66,
  "final_test_acc": 68.66,
  "final_train_acc": 98.95032051282051,
  "generalization_gap": 30.290320512820514,
  "total_wd_budget": 0.38881829519570976,
  "v2_cumulative_wd_budget": 528122.684018431,
  "csi": 0.23927648325092699,
  "nan_inf_detected": false,
  "elapsed_sec": 729.5560986995697
}