{
  "experiment": "pilot_h3_null",
  "n_features": 50,
  "alpha_values": [
    3,
    10
  ],
  "n_test_prompts": 10,
  "stats": {
    "high_absorption_mean": 0.7485253865122795,
    "high_absorption_std": 0.48848334113368347,
    "low_absorption_mean": 0.7543402307927608,
    "low_absorption_std": 0.5042227175289118,
    "shuffled_mean": NaN,
    "shuffled_std": NaN,
    "random_mean": 0.620677416831255,
    "random_std": 0.3542111332133949
  },
  "pass_criteria": {
    "null_below_threshold": false,
    "high_above_low": false
  },
  "timestamp": "2026-04-26T20:40:21.681528"
}