{
  "best_global_step": null,
  "best_metric": null,
  "best_model_checkpoint": null,
  "epoch": 66.88888888888889,
  "eval_steps": 500,
  "global_step": 200,
  "is_hyper_param_search": false,
  "is_local_process_zero": true,
  "is_world_process_zero": true,
  "log_history": [
    {
      "entropy": 3.5608517777535225,
      "epoch": 6.888888888888889,
      "grad_norm": 0.291015625,
      "learning_rate": 4.525e-07,
      "logits/chosen": -1.4620744435777302,
      "logits/rejected": -1.4549032094229748,
      "logps/chosen": -47.304216384887695,
      "logps/rejected": -48.16895281883978,
      "loss": 0.6932,
      "mean_token_accuracy": 0.5548672603984033,
      "num_tokens": 8351.0,
      "rewards/accuracies": 0.08870967741935484,
      "rewards/chosen": -0.00041682034967497234,
      "rewards/margins": -0.00022531322564088528,
      "rewards/rejected": -0.00019150711276808813,
      "step": 20
    },
    {
      "entropy": 3.5664700694003346,
      "epoch": 13.444444444444445,
      "grad_norm": 0.10986328125,
      "learning_rate": 4.025e-07,
      "logits/chosen": -1.4533410689115467,
      "logits/rejected": -1.4480320858435063,
      "logps/chosen": -47.24960676290221,
      "logps/rejected": -48.01628170983266,
      "loss": 0.6929,
      "mean_token_accuracy": 0.5484781209695138,
      "num_tokens": 16231.0,
      "rewards/accuracies": 0.13559322033898305,
      "rewards/chosen": 0.001502945512815347,
      "rewards/margins": 0.000512504555537539,
      "rewards/rejected": 0.0009904409503718144,
      "step": 40
    },
    {
      "entropy": 3.567698042271501,
      "epoch": 20.0,
      "grad_norm": 1.1484375,
      "learning_rate": 3.5249999999999996e-07,
      "logits/chosen": -1.474647259421731,
      "logits/rejected": -1.4690395939366676,
      "logps/chosen": -47.33117986129502,
      "logps/rejected": -48.26161555920617,
      "loss": 0.6933,
      "mean_token_accuracy": 0.5555409486010924,
      "num_tokens": 24260.0,
      "rewards/accuracies": 0.1016949152542373,
      "rewards/chosen": 6.480774298602305e-05,
      "rewards/margins": -0.00011546252161201279,
      "rewards/rejected": 0.00018027029419515156,
      "step": 60
    },
    {
      "entropy": 3.583967453049075,
      "epoch": 26.88888888888889,
      "grad_norm": 0.29296875,
      "learning_rate": 3.0249999999999996e-07,
      "logits/chosen": -1.4397818664270776,
      "logits/rejected": -1.4322484993372409,
      "logps/chosen": -47.21929863960512,
      "logps/rejected": -48.10087868475145,
      "loss": 0.6925,
      "mean_token_accuracy": 0.5616793175858836,
      "num_tokens": 32609.0,
      "rewards/accuracies": 0.16129032258064516,
      "rewards/chosen": -0.0016008362142583205,
      "rewards/margins": 0.0010565573484787056,
      "rewards/rejected": -0.0026573935364496955,
      "step": 80
    },
    {
      "entropy": 3.6064536571502686,
      "epoch": 33.44444444444444,
      "grad_norm": 0.091796875,
      "learning_rate": 2.5249999999999996e-07,
      "logits/chosen": -1.4568471593741652,
      "logits/rejected": -1.450358846156436,
      "logps/chosen": -47.18300240726794,
      "logps/rejected": -47.95656967163086,
      "loss": 0.6931,
      "mean_token_accuracy": 0.5436871412952068,
      "num_tokens": 40483.0,
      "rewards/accuracies": 0.1271186440677966,
      "rewards/chosen": 0.0006082292993442487,
      "rewards/margins": 0.00029242883428489254,
      "rewards/rejected": 0.0003158004255965352,
      "step": 100
    },
    {
      "entropy": 3.6027021003981767,
      "epoch": 40.0,
      "grad_norm": 1.8067657947540283e-07,
      "learning_rate": 2.025e-07,
      "logits/chosen": -1.4664746110039357,
      "logits/rejected": -1.4605431288627408,
      "logps/chosen": -47.51146659204515,
      "logps/rejected": -48.4388829893985,
      "loss": 0.6926,
      "mean_token_accuracy": 0.5484934426465277,
      "num_tokens": 48520.0,
      "rewards/accuracies": 0.17796610169491525,
      "rewards/chosen": 0.00011768171926802498,
      "rewards/margins": 0.0010682897863246628,
      "rewards/rejected": -0.0009506079644533033,
      "step": 120
    },
    {
      "entropy": 3.6480257068910906,
      "epoch": 46.888888888888886,
      "grad_norm": 0.330078125,
      "learning_rate": 1.525e-07,
      "logits/chosen": -1.4336501151082846,
      "logits/rejected": -1.4280287153208888,
      "logps/chosen": -47.169834690709266,
      "logps/rejected": -48.05238576089182,
      "loss": 0.6922,
      "mean_token_accuracy": 0.5489934976062467,
      "num_tokens": 56827.0,
      "rewards/accuracies": 0.18548387096774194,
      "rewards/chosen": -0.0009299186208555775,
      "rewards/margins": 0.001570830833271987,
      "rewards/rejected": -0.0025007494034305694,
      "step": 140
    },
    {
      "entropy": 3.561920163995129,
      "epoch": 53.44444444444444,
      "grad_norm": 0.283203125,
      "learning_rate": 1.0249999999999998e-07,
      "logits/chosen": -1.4824673598526263,
      "logits/rejected": -1.4792145474693659,
      "logps/chosen": -47.41726290169409,
      "logps/rejected": -48.30438038454218,
      "loss": 0.6926,
      "mean_token_accuracy": 0.545626387505208,
      "num_tokens": 64845.0,
      "rewards/accuracies": 0.1271186440677966,
      "rewards/chosen": 0.001708412166069246,
      "rewards/margins": 0.0012352086802928756,
      "rewards/rejected": 0.0004732034473001199,
      "step": 160
    },
    {
      "entropy": 3.6219750077037487,
      "epoch": 60.0,
      "grad_norm": 2.1420419216156006e-07,
      "learning_rate": 5.2499999999999994e-08,
      "logits/chosen": -1.4284635576324927,
      "logits/rejected": -1.4221402882593854,
      "logps/chosen": -47.27877180455095,
      "logps/rejected": -48.10877686839993,
      "loss": 0.6926,
      "mean_token_accuracy": 0.5513309793452085,
      "num_tokens": 72780.0,
      "rewards/accuracies": 0.15254237288135594,
      "rewards/chosen": 0.000986386992242503,
      "rewards/margins": 0.001352187325009855,
      "rewards/rejected": -0.00036580035644504476,
      "step": 180
    },
    {
      "entropy": 3.574148872206288,
      "epoch": 66.88888888888889,
      "grad_norm": 0.2890625,
      "learning_rate": 2.5e-09,
      "logits/chosen": -1.4464721353893908,
      "logits/rejected": -1.4406056281139143,
      "logps/chosen": -47.33645543744487,
      "logps/rejected": -48.218032652331935,
      "loss": 0.6922,
      "mean_token_accuracy": 0.5497131289974335,
      "num_tokens": 81139.0,
      "rewards/accuracies": 0.18548387096774194,
      "rewards/chosen": 0.0004944217700188258,
      "rewards/margins": 0.0014509232489452247,
      "rewards/rejected": -0.0009565014826817318,
      "step": 200
    },
    {
      "epoch": 66.88888888888889,
      "step": 200,
      "total_flos": 4556039296155648.0,
      "train_loss": 0.6927218723297119,
      "train_runtime": 139.745,
      "train_samples_per_second": 11.449,
      "train_steps_per_second": 1.431
    }
  ],
  "logging_steps": 20,
  "max_steps": 200,
  "num_input_tokens_seen": 0,
  "num_train_epochs": 67,
  "save_steps": 50,
  "stateful_callbacks": {
    "TrainerControl": {
      "args": {
        "should_epoch_stop": false,
        "should_evaluate": false,
        "should_log": false,
        "should_save": true,
        "should_training_stop": true
      },
      "attributes": {}
    }
  },
  "total_flos": 4556039296155648.0,
  "train_batch_size": 2,
  "trial_name": null,
  "trial_params": null
}
