{
  "conv1.weight": {
    "r_t_mean": Infinity,
    "r_t_std": NaN,
    "r_t_min": 1.7491292016235546e-05,
    "r_t_max": Infinity,
    "delta_hat_mean": NaN,
    "delta_hat_std": NaN,
    "lambda_t_mean": 0.0,
    "lambda_t_std": 0.0,
    "n_records": 1126
  },
  "layer1.0.conv1.weight": {
    "r_t_mean": Infinity,
    "r_t_std": NaN,
    "r_t_min": 5.1820075026941726e-05,
    "r_t_max": Infinity,
    "delta_hat_mean": NaN,
    "delta_hat_std": NaN,
    "lambda_t_mean": 0.0,
    "lambda_t_std": 0.0,
    "n_records": 1126
  },
  "layer1.0.conv2.weight": {
    "r_t_mean": 0.003192554155076279,
    "r_t_std": 0.012052111783879446,
    "r_t_min": 3.875182998160314e-05,
    "r_t_max": 0.4041983348302794,
    "delta_hat_mean": 1.0034199017529112e-07,
    "delta_hat_std": 1.8948179671014526e-05,
    "lambda_t_mean": 0.0,
    "lambda_t_std": 0.0,
    "n_records": 1126
  },
  "layer1.0.conv3.weight": {
    "r_t_mean": 0.0029195050333561674,
    "r_t_std": 0.006645177845494537,
    "r_t_min": 4.357799199456937e-05,
    "r_t_max": 0.2204734360849016,
    "delta_hat_mean": 3.4950205952947556e-08,
    "delta_hat_std": 1.1820517189053942e-05,
    "lambda_t_mean": 0.0,
    "lambda_t_std": 0.0,
    "n_records": 1126
  },
  "layer1.0.downsample.0.weight": {
    "r_t_mean": 0.003293699077682964,
    "r_t_std": 0.007522174702335763,
    "r_t_min": 4.245422045355964e-05,
    "r_t_max": 0.2489550768714193,
    "delta_hat_mean": 4.6661717285646846e-07,
    "delta_hat_std": 1.7647505500084254e-05,
    "lambda_t_mean": 0.0,
    "lambda_t_std": 0.0,
    "n_records": 1126
  },
  "layer1.1.conv1.weight": {
    "r_t_mean": 0.00179603374911835,
    "r_t_std": 0.0015750873744249515,
    "r_t_min": 2.0030566876987307e-05,
    "r_t_max": 0.052498591375088846,
    "delta_hat_mean": -4.6140470028704945e-07,
    "delta_hat_std": 1.411157889211932e-05,
    "lambda_t_mean": 0.0,
    "lambda_t_std": 0.0,
    "n_records": 1126
  },
  "layer1.1.conv2.weight": {
    "r_t_mean": 0.0030254908721288457,
    "r_t_std": 0.007580375114761309,
    "r_t_min": 2.9651975813862143e-05,
    "r_t_max": 0.2556999123455931,
    "delta_hat_mean": 2.8580498808340176e-08,
    "delta_hat_std": 1.4402851491921076e-05,
    "lambda_t_mean": 0.0,
    "lambda_t_std": 0.0,
    "n_records": 1126
  },
  "layer1.1.conv3.weight": {
    "r_t_mean": 0.002629288423540128,
    "r_t_std": 0.004546959063440754,
    "r_t_min": 4.842946409085465e-05,
    "r_t_max": 0.15226329262457425,
    "delta_hat_mean": 2.536695780420049e-07,
    "delta_hat_std": 7.221261463650529e-06,
    "lambda_t_mean": 0.0,
    "lambda_t_std": 0.0,
    "n_records": 1126
  },
  "layer1.2.conv1.weight": {
    "r_t_mean": 0.0016451684290918233,
    "r_t_std": 0.0010979055254208487,
    "r_t_min": 3.827598930483622e-05,
    "r_t_max": 0.03767701893981803,
    "delta_hat_mean": 3.534219559728327e-07,
    "delta_hat_std": 1.2770457653886379e-05,
    "lambda_t_mean": 0.0,
    "lambda_t_std": 0.0,
    "n_records": 1126
  },
  "layer1.2.conv2.weight": {
    "r_t_mean": 0.002793890782007563,
    "r_t_std": 0.005527870328079527,
    "r_t_min": 7.946803562916313e-05,
    "r_t_max": 0.1876175053992383,
    "delta_hat_mean": 4.450283392597854e-07,
    "delta_hat_std": 1.0306649112105112e-05,
    "lambda_t_mean": 0.0,
    "lambda_t_std": 0.0,
    "n_records": 1126
  },
  "layer1.2.conv3.weight": {
    "r_t_mean": 0.0023558483363354974,
    "r_t_std": 0.002918303208558946,
    "r_t_min": 5.024160567089293e-05,
    "r_t_max": 0.09867329747208396,
    "delta_hat_mean": -2.0476380138813047e-07,
    "delta_hat_std": 6.333327477435657e-06,
    "lambda_t_mean": 0.0,
    "lambda_t_std": 0.0,
    "n_records": 1126
  },
  "layer2.0.conv1.weight": {
    "r_t_mean": 0.002352901103949503,
    "r_t_std": 0.0012970325259966475,
    "r_t_min": 3.514467804063439e-05,
    "r_t_max": 0.04118306837129658,
    "delta_hat_mean": 2.478460591731772e-07,
    "delta_hat_std": 9.60491813431974e-06,
    "lambda_t_mean": 0.0,
    "lambda_t_std": 0.0,
    "n_records": 1126
  },
  "layer2.0.conv2.weight": {
    "r_t_mean": 0.0028777250184987,
    "r_t_std": 0.00440275437634102,
    "r_t_min": 2.684625546743789e-05,
    "r_t_max": 0.1480348744952674,
    "delta_hat_mean": -5.4553688800623516e-08,
    "delta_hat_std": 3.6201872782099696e-06,
    "lambda_t_mean": 0.0,
    "lambda_t_std": 0.0,
    "n_records": 1126
  },
  "layer2.0.conv3.weight": {
    "r_t_mean": 0.00260101981963793,
    "r_t_std": 0.0024939326485986456,
    "r_t_min": 2.774054597230274e-05,
    "r_t_max": 0.0828075469180252,
    "delta_hat_mean": 7.090536490691624e-09,
    "delta_hat_std": 2.8033202502299194e-06,
    "lambda_t_mean": 0.0,
    "lambda_t_std": 0.0,
    "n_records": 1126
  },
  "layer2.0.downsample.0.weight": {
    "r_t_mean": 0.0024013663142804873,
    "r_t_std": 0.0018967185298547932,
    "r_t_min": 1.993569382164901e-05,
    "r_t_max": 0.05881424325946011,
    "delta_hat_mean": 2.141203553544168e-08,
    "delta_hat_std": 4.4413801878117165e-06,
    "lambda_t_mean": 0.0,
    "lambda_t_std": 0.0,
    "n_records": 1126
  },
  "layer2.1.conv1.weight": {
    "r_t_mean": 0.0013712670133673509,
    "r_t_std": 0.0006082660016484475,
    "r_t_min": 1.8873363398593752e-05,
    "r_t_max": 0.020591649916516647,
    "delta_hat_mean": -1.1389909948533727e-07,
    "delta_hat_std": 5.361974148541664e-06,
    "lambda_t_mean": 0.0,
    "lambda_t_std": 0.0,
    "n_records": 1126
  },
  "layer2.1.conv2.weight": {
    "r_t_mean": 0.0024435312560028987,
    "r_t_std": 0.003052205075521925,
    "r_t_min": 2.6935912991370082e-05,
    "r_t_max": 0.10299898560057924,
    "delta_hat_mean": 3.632342523072771e-08,
    "delta_hat_std": 4.840439951153097e-06,
    "lambda_t_mean": 0.0,
    "lambda_t_std": 0.0,
    "n_records": 1126
  },
  "layer2.1.conv3.weight": {
    "r_t_mean": 0.0021540233688754034,
    "r_t_std": 0.0017414336726787056,
    "r_t_min": 3.112874939110328e-05,
    "r_t_max": 0.058372814530392864,
    "delta_hat_mean": -1.2749214261376728e-08,
    "delta_hat_std": 3.1327544440156983e-06,
    "lambda_t_mean": 0.0,
    "lambda_t_std": 0.0,
    "n_records": 1126
  },
  "layer2.2.conv1.weight": {
    "r_t_mean": 0.0015251929365234142,
    "r_t_std": 0.00044847521896635947,
    "r_t_min": 1.7150543645286666e-05,
    "r_t_max": 0.014650012937960507,
    "delta_hat_mean": -3.620568426691659e-08,
    "delta_hat_std": 3.221293167279788e-06,
    "lambda_t_mean": 0.0,
    "lambda_t_std": 0.0,
    "n_records": 1126
  },
  "layer2.2.conv2.weight": {
    "r_t_mean": 0.0026125101049788053,
    "r_t_std": 0.0023565626315383064,
    "r_t_min": 3.17048581995026e-05,
    "r_t_max": 0.07810430554241832,
    "delta_hat_mean": 1.5194035386152465e-07,
    "delta_hat_std": 4.254109304850225e-06,
    "lambda_t_mean": 0.0,
    "lambda_t_std": 0.0,
    "n_records": 1126
  },
  "layer2.2.conv3.weight": {
    "r_t_mean": 0.0022693981926257744,
    "r_t_std": 0.0013015943275711027,
    "r_t_min": 4.4356475756939236e-05,
    "r_t_max": 0.04266813061695099,
    "delta_hat_mean": 2.207830311224822e-09,
    "delta_hat_std": 2.3414816172929985e-06,
    "lambda_t_mean": 0.0,
    "lambda_t_std": 0.0,
    "n_records": 1126
  },
  "layer2.3.conv1.weight": {
    "r_t_mean": 0.0015977639140995232,
    "r_t_std": 0.00039780602123662363,
    "r_t_min": 1.4119898573965632e-05,
    "r_t_max": 0.01153193666924846,
    "delta_hat_mean": 8.359002927138714e-08,
    "delta_hat_std": 2.9004791690532366e-06,
    "lambda_t_mean": 0.0,
    "lambda_t_std": 0.0,
    "n_records": 1126
  },
  "layer2.3.conv2.weight": {
    "r_t_mean": 0.0026970873647635205,
    "r_t_std": 0.0018483242750155669,
    "r_t_min": 4.232654934109431e-05,
    "r_t_max": 0.058520101744625776,
    "delta_hat_mean": 3.103839361057329e-08,
    "delta_hat_std": 3.5523622301843348e-06,
    "lambda_t_mean": 0.0,
    "lambda_t_std": 0.0,
    "n_records": 1126
  },
  "layer2.3.conv3.weight": {
    "r_t_mean": 0.002568149993292278,
    "r_t_std": 0.0011472604636694084,
    "r_t_min": 7.180142199501808e-05,