{
  "task_id": "pilot_random_control",
  "variant": "random_control",
  "architecture": "random",
  "config": {
    "num_features": 1024,
    "hidden_dim": 256,
    "d_sae": 2048,
    "seed": 42
  },
  "metrics": {
    "absorption_rate": 0.4519307753895424,
    "feature_recovery_mcc": 0.22101779282093048,
    "reconstruction_mse": 0.6633395493030548,
    "explained_variance": -118.63042679507768,
    "l0_sparsity": 1043.62529,
    "true_l0": 1.57848,
    "dead_latents": 0,
    "dead_latents_pct": 0.0,
    "shrinkage": 8.995404375,
    "uniqueness": 0.4306640625,
    "hedging_score": 0.24658203125,
    "classification_precision": 0.0028101911302655935,
    "classification_recall": 0.19313950836658478,
    "classification_f1": 0.004126443527638912,
    "classification_accuracy": 0.4905607998371124
  },
  "sanity_checks": {
    "explained_variance_in_range": "SKIP_random_control",
    "training_time_reasonable": true,
    "dead_latents_reasonable": true,
    "mcc_variation_check": false
  },
  "timing": {
    "elapsed_seconds": 14.107711791992188,
    "elapsed_minutes": 0.23512852986653646
  },
  "timestamp": "2026-04-26T21:20:22.637106"
}