{
  "task_id": "pilot_multiscale",
  "variant": "MultiScale (Matryoshka)",
  "architecture": "matryoshka_batchtopk",
  "config": {
    "num_features": 1024,
    "hidden_dim": 256,
    "d_sae": 2048,
    "training_samples": 2000000,
    "batch_size": 1024,
    "seed": 42,
    "device": "cuda"
  },
  "metrics": {
    "absorption_rate": 0.041648703578247216,
    "feature_recovery_mcc": 0.21930041909217834,
    "reconstruction_mse": 0.00742736984975636,
    "explained_variance": -0.33530620453473414,
    "l0_sparsity": 50.0,
    "true_l0": 1.58225,
    "dead_latents": 1197,
    "dead_latents_pct": 58.447265625,
    "shrinkage": 0.6372553955078125,
    "uniqueness": 0.40771484375,
    "hedging_score": 0.232421875,
    "classification_precision": 0.005908178165555,
    "classification_recall": 0.020140228793025017,
    "classification_f1": 0.0024918538983911276,
    "classification_accuracy": 0.9743558764457703
  },
  "absorption_details": {
    "absorption_rate": 0.041648703578247216,
    "num_pairs": 992,
    "parent_fire_count": 64948,
    "absorption_count": 2705
  },
  "hedging_details": {
    "hedging_score": 0.232421875,
    "hedging_latents": 476,
    "total_latents": 2048
  },
  "loss_curve": [],
  "sanity_checks": {
    "explained_variance_in_range": true,
    "training_time_reasonable": true,
    "dead_latents_reasonable": false,
    "mcc_variation_check": false
  },
  "timing": {
    "elapsed_seconds": 27.195253372192383,
    "elapsed_minutes": 0.45325422286987305
  },
  "timestamp": "2026-04-26T21:20:03.073703"
}