{
  "task_id": "pilot_baseline",
  "variant": "Baseline ReLU",
  "architecture": "standard",
  "config": {
    "num_features": 1024,
    "hidden_dim": 256,
    "d_sae": 2048,
    "training_samples": 2000000,
    "batch_size": 1024,
    "seed": 42,
    "device": "cuda"
  },
  "metrics": {
    "absorption_rate": 0.22584221223132353,
    "feature_recovery_mcc": 0.21608039736747742,
    "reconstruction_mse": 0.010743370279669762,
    "explained_variance": -0.9337667499967204,
    "l0_sparsity": 1047.53243,
    "true_l0": 1.58254,
    "dead_latents": 0,
    "dead_latents_pct": 0.0,
    "shrinkage": 1.027960478515625,
    "uniqueness": 0.38818359375,
    "hedging_score": 0.232421875,
    "classification_precision": 0.0030479731503874063,
    "classification_recall": 0.15870226919651031,
    "classification_f1": 0.004506589844822884,
    "classification_accuracy": 0.48873206973075867
  },
  "absorption_details": {
    "absorption_rate": 0.22584221223132353,
    "num_pairs": 992,
    "parent_fire_count": 64948,
    "absorption_count": 14668
  },
  "hedging_details": {
    "hedging_score": 0.232421875,
    "hedging_latents": 476,
    "total_latents": 2048
  },
  "loss_curve": [],
  "sanity_checks": {
    "explained_variance_in_range": true,
    "training_time_reasonable": true,
    "dead_latents_reasonable": true,
    "mcc_variation_check": false
  },
  "timing": {
    "elapsed_seconds": 19.12505292892456,
    "elapsed_minutes": 0.3187508821487427
  },
  "timestamp": "2026-04-26T21:18:44.152581"
}