{
  "task_id": "pilot_topk",
  "variant": "TopK (k=50)",
  "architecture": "topk",
  "config": {
    "num_features": 1024,
    "hidden_dim": 256,
    "d_sae": 2048,
    "training_samples": 2000000,
    "batch_size": 1024,
    "seed": 42,
    "device": "cuda"
  },
  "metrics": {
    "absorption_rate": 0.03278007021001417,
    "feature_recovery_mcc": 0.21464911103248596,
    "reconstruction_mse": 0.0077803389634937044,
    "explained_variance": -0.4034907035389732,
    "l0_sparsity": 50.0,
    "true_l0": 1.57755,
    "dead_latents": 1703,
    "dead_latents_pct": 83.154296875,
    "shrinkage": 0.6271797430419922,
    "uniqueness": 0.37353515625,
    "hedging_score": 0.23388671875,
    "classification_precision": 0.0042055631056427956,
    "classification_recall": 0.016150852665305138,
    "classification_f1": 0.0007583046099171042,
    "classification_accuracy": 0.9737887978553772
  },
  "absorption_details": {
    "absorption_rate": 0.03278007021001417,
    "num_pairs": 992,
    "parent_fire_count": 64948,
    "absorption_count": 2129
  },
  "hedging_details": {
    "hedging_score": 0.23388671875,
    "hedging_latents": 479,
    "total_latents": 2048
  },
  "loss_curve": [],
  "sanity_checks": {
    "explained_variance_in_range": true,
    "training_time_reasonable": true,
    "dead_latents_reasonable": false,
    "mcc_variation_check": false
  },
  "timing": {
    "elapsed_seconds": 25.34412431716919,
    "elapsed_minutes": 0.4224020719528198
  },
  "timestamp": "2026-04-26T21:19:21.020038"
}