{
  "overall_recommendation": "GO_WITH_CAVEATS",
  "selected_candidate_id": "cand_a",
  "iteration": 10,
  "candidates": [
    {
      "candidate_id": "shared",
      "go_no_go": "GO",
      "confidence": 0.85,
      "supported_hypotheses": [
        "H1a"
      ],
      "failed_assumptions": [],
      "key_metrics": {
        "baseline_absorption": 0.22584221223132353,
        "topk_absorption": 0.03278007021001417,
        "multiscale_absorption": 0.041648703578247216,
        "random_absorption": 0.4519307753895424
      },
      "notes": "Pilot confirms absorption metric discriminates trained from random. TopK/Matryoshka show low absorption but high dead latent rates."
    }
  ],
  "sanity_checks": {
    "absorption_discriminates": true,
    "topk_low_absorption": true,
    "convergence_ok": true,
    "mcc_variation": false
  },
  "metrics_table": [
    {
      "variant": "baseline",
      "absorption_rate": 0.22584221223132353,
      "mcc": 0.21608039736747742,
      "mse": 0.010743370279669762,
      "explained_variance": -0.9337667499967204,
      "l0": 1047.53243,
      "dead_latents_pct": 0.0,
      "training_time": 19.12505292892456
    },
    {
      "variant": "topk",
      "absorption_rate": 0.03278007021001417,
      "mcc": 0.21464911103248596,
      "mse": 0.0077803389634937044,
      "explained_variance": -0.4034907035389732,
      "l0": 50.0,
      "dead_latents_pct": 83.154296875,
      "training_time": 25.34412431716919
    },
    {
      "variant": "multiscale",
      "absorption_rate": 0.041648703578247216,
      "mcc": 0.21930041909217834,
      "mse": 0.00742736984975636,
      "explained_variance": -0.33530620453473414,
      "l0": 50.0,
      "dead_latents_pct": 58.447265625,
      "training_time": 27.195253372192383
    },
    {
      "variant": "random",
      "absorption_rate": 0.4519307753895424,
      "mcc": 0.22101779282093048,
      "mse": 0.6633395493030548,
      "explained_variance": -118.63042679507768,
      "l0": 1043.62529,
      "dead_latents_pct": 0.0,
      "training_time": 14.107711791992188
    }
  ],
  "warnings": [
    "TopK dead_latents_pct = 83.2% (known issue from prior iterations)",
    "Matryoshka dead_latents_pct = 58.4% (known issue)",
    "MCC variation is small (~0.006) across variants - metric may be insensitive",
    "Only 1 seed for pilot - full experiment needs 5 seeds for statistical power"
  ],
  "recommendations": [
    "Proceed to full experiment with 5 seeds",
    "Report dead_latents_pct prominently in results",
    "Consider alternative downstream metrics beyond MCC",
    "Add L0-matched baseline comparison"
  ]
}