{
  "conv1.weight": {
    "r_t_mean": 0.015606336467415627,
    "r_t_std": 0.007883272162172507,
    "r_t_min": 0.005984954117373389,
    "r_t_max": 0.4812751498758097,
    "delta_hat_mean": -2.002904563618917e-06,
    "delta_hat_std": 5.261776086310472e-05,
    "lambda_t_mean": 0.0005677756102219076,
    "lambda_t_std": 5.250946352636777e-05,
    "n_records": 7800
  },
  "layer1.0.conv1.weight": {
    "r_t_mean": 0.015483997721783256,
    "r_t_std": 0.007064817112104118,
    "r_t_min": 0.007521559655985603,
    "r_t_max": 0.5190265442655931,
    "delta_hat_mean": 6.458354981054307e-08,
    "delta_hat_std": 1.2116356639428607e-05,
    "lambda_t_mean": 0.0005468335944319026,
    "lambda_t_std": 3.7517407746114975e-05,
    "n_records": 7800
  },
  "layer1.0.conv2.weight": {
    "r_t_mean": 0.015400097376646795,
    "r_t_std": 0.006414128781579523,
    "r_t_min": 0.007916688855249715,
    "r_t_max": 0.42848783475481467,
    "delta_hat_mean": -5.165776180912273e-08,
    "delta_hat_std": 9.253480526639214e-06,
    "lambda_t_mean": 0.000541256557560365,
    "lambda_t_std": 3.293839140977793e-05,
    "n_records": 7800
  },
  "layer1.1.conv1.weight": {
    "r_t_mean": 0.015655886015620776,
    "r_t_std": 0.004996414058629344,
    "r_t_min": 0.008150441499911577,
    "r_t_max": 0.29318285605967587,
    "delta_hat_mean": -2.5825938365667196e-08,
    "delta_hat_std": 8.414403549584988e-06,
    "lambda_t_mean": 0.000544595518960934,
    "lambda_t_std": 3.5288938540596834e-05,
    "n_records": 7800
  },
  "layer1.1.conv2.weight": {
    "r_t_mean": 0.015517522942902396,
    "r_t_std": 0.004865864886596402,
    "r_t_min": 0.007876859180688305,
    "r_t_max": 0.2752919738113606,
    "delta_hat_mean": 3.8086834317212034e-08,
    "delta_hat_std": 9.16448986754832e-06,
    "lambda_t_mean": 0.0005411967039335967,
    "lambda_t_std": 3.307957161923192e-05,
    "n_records": 7800
  },
  "layer1.2.conv1.weight": {
    "r_t_mean": 0.01616518234460016,
    "r_t_std": 0.0048252574657801995,
    "r_t_min": 0.008291221920392125,
    "r_t_max": 0.25866648355189337,
    "delta_hat_mean": 1.2368855551724333e-07,
    "delta_hat_std": 9.213369685833247e-06,
    "lambda_t_mean": 0.0005473996182314208,
    "lambda_t_std": 3.75923394562926e-05,
    "n_records": 7800
  },
  "layer1.2.conv2.weight": {
    "r_t_mean": 0.01560986350431353,
    "r_t_std": 0.004359314036416723,
    "r_t_min": 0.00813832897486411,
    "r_t_max": 0.2099061136822812,
    "delta_hat_mean": 1.682441855536918e-07,
    "delta_hat_std": 9.299268906412891e-06,
    "lambda_t_mean": 0.0005408379129460937,
    "lambda_t_std": 3.2777848884639266e-05,
    "n_records": 7800
  },
  "layer2.0.conv1.weight": {
    "r_t_mean": 0.015339517126403662,
    "r_t_std": 0.004300196911001315,
    "r_t_min": 0.007577099515780601,
    "r_t_max": 0.1493096810871661,
    "delta_hat_mean": 1.0055470998616444e-08,
    "delta_hat_std": 9.20816455642099e-06,
    "lambda_t_mean": 0.0005392682500203963,
    "lambda_t_std": 3.182554491687727e-05,
    "n_records": 7800
  },
  "layer2.0.conv2.weight": {
    "r_t_mean": 0.015390731088483767,
    "r_t_std": 0.004783896743942757,
    "r_t_min": 0.007833984450805678,
    "r_t_max": 0.17786216738774682,
    "delta_hat_mean": -1.0830744946944365e-07,
    "delta_hat_std": 5.140251436402732e-06,
    "lambda_t_mean": 0.0005370782579353389,
    "lambda_t_std": 3.0209221713717764e-05,
    "n_records": 7800
  },
  "layer2.0.shortcut.0.weight": {
    "r_t_mean": 0.01448299047131362,
    "r_t_std": 0.0037650174316468843,
    "r_t_min": 0.006760592257274994,
    "r_t_max": 0.05101202184961841,
    "delta_hat_mean": 8.948157594286698e-08,
    "delta_hat_std": 2.126309813557117e-05,
    "lambda_t_mean": 0.0005415155245021764,
    "lambda_t_std": 3.3289539082114214e-05,
    "n_records": 7800
  },
  "layer2.1.conv1.weight": {
    "r_t_mean": 0.015751822346022782,
    "r_t_std": 0.004747654883664898,
    "r_t_min": 0.007809291677705339,
    "r_t_max": 0.16392249116725782,
    "delta_hat_mean": 1.1984427758337793e-08,
    "delta_hat_std": 3.886066633826328e-06,
    "lambda_t_mean": 0.000538328852170192,
    "lambda_t_std": 3.1222861186288406e-05,
    "n_records": 7800
  },
  "layer2.1.conv2.weight": {
    "r_t_mean": 0.015563568166050179,
    "r_t_std": 0.004460578643141318,
    "r_t_min": 0.008251910121329708,
    "r_t_max": 0.1427976393889528,
    "delta_hat_mean": -5.887342439140438e-08,
    "delta_hat_std": 3.6070210661383636e-06,
    "lambda_t_mean": 0.0005364928803445287,
    "lambda_t_std": 2.971171516605109e-05,
    "n_records": 7800
  },
  "layer2.2.conv1.weight": {
    "r_t_mean": 0.01595154273475066,
    "r_t_std": 0.004327661659807681,
    "r_t_min": 0.008285236199281865,
    "r_t_max": 0.12010794784081062,
    "delta_hat_mean": 3.1440207666060016e-08,
    "delta_hat_std": 3.5753963697257895e-06,
    "lambda_t_mean": 0.0005380526326275473,
    "lambda_t_std": 3.082584427683775e-05,
    "n_records": 7800
  },
  "layer2.2.conv2.weight": {
    "r_t_mean": 0.015569914180531427,
    "r_t_std": 0.00403917022290228,
    "r_t_min": 0.008616311795879709,
    "r_t_max": 0.10963100988814509,
    "delta_hat_mean": 1.853409494655087e-08,
    "delta_hat_std": 3.860135213902581e-06,
    "lambda_t_mean": 0.00053593294843091,
    "lambda_t_std": 2.9413429230281002e-05,
    "n_records": 7800
  },
  "layer3.0.conv1.weight": {
    "r_t_mean": 0.015251711083176285,
    "r_t_std": 0.004149967840419334,
    "r_t_min": 0.007942487459511703,
    "r_t_max": 0.08246637120474248,
    "delta_hat_mean": 3.883700463371176e-08,
    "delta_hat_std": 3.1199785489491024e-06,
    "lambda_t_mean": 0.0005348686715492505,
    "lambda_t_std": 2.88402839773683e-05,
    "n_records": 7800
  },
  "layer3.0.conv2.weight": {
    "r_t_mean": 0.01574695031692862,
    "r_t_std": 0.004410220387744388,
    "r_t_min": 0.008127367315613334,
    "r_t_max": 0.1117099949635886,
    "delta_hat_mean": -1.8441999097256588e-08,
    "delta_hat_std": 2.0197455541715506e-06,
    "lambda_t_mean": 0.0005342518542006759,
    "lambda_t_std": 2.8510176547815046e-05,
    "n_records": 7800
  },
  "layer3.0.shortcut.0.weight": {
    "r_t_mean": 0.013896301772852946,
    "r_t_std": 0.0033608681907494535,
    "r_t_min": 0.006742662213577601,
    "r_t_max": 0.044464658922003845,
    "delta_hat_mean": 1.1484012412952784e-07,
    "delta_hat_std": 8.249567341199516e-06,
    "lambda_t_mean": 0.0005350922988670908,
    "lambda_t_std": 2.882991080113327e-05,
    "n_records": 7800
  },
  "layer3.1.conv1.weight": {
    "r_t_mean": 0.01595200369708534,
    "r_t_std": 0.004373659340672459,
    "r_t_min": 0.008076599762620986,
    "r_t_max": 0.10401180263363909,
    "delta_hat_mean": -9.896442860969918e-09,
    "delta_hat_std": 2.120248566809011e-06,
    "lambda_t_mean": 0.0005349469671281025,
    "lambda_t_std": 2.8890995277644462e-05,
    "n_records": 7800
  },
  "layer3.1.conv2.weight": {
    "r_t_mean": 0.016006345093346974,
    "r_t_std": 0.0041495518968116835,
    "r_t_min": 0.008428294470126791,
    "r_t_max": 0.11105088673760102,
    "delta_hat_mean": 6.678949142731637e-10,
    "delta_hat_std": 1.52925529248024e-06,
    "lambda_t_mean": 0.0005347255514743722,
    "lambda_t_std": 2.8605237148267472e-05,
    "n_records": 7800
  },
  "layer3.2.conv1.weight": {
    "r_t_mean": 0.015979961584685436,
    "r_t_std": 0.004233841382342039,
    "r_t_min": 0.008452325277789784,
    "r_t_max": 0.10508522475316463,
    "delta_hat_mean": 7.210785285061708e-09,
    "delta_hat_std": 1.9368396848981634e-06,
    "lambda_t_mean": 0.0005340574550853224,
    "lambda_t_std": 2.8335290261821e-05,
    "n_records": 7800
  },
  "layer3.2.conv2.weight": {
    "r_t_mean": 0.015421640348609347,
    "r_t_std": 0.0039050059093711557,
    "r_t_min": 0.008013806656089615,
    "r_t_max": 0.10419551169174969,
    "delta_hat_mean": 2.4063807222685512e-08,
    "delta_hat_std": 1.7158258999220163e-06,
    "lambda_t_mean": 0.0005338508893586025,
    "lambda_t_std": 2.811484198439625e-05,
    "n_records": 7800
  },