{
  "conv1.weight": {
    "r_t_mean": 0.0157672404261481,
    "r_t_std": 0.007167962051991398,
    "r_t_min": 0.006697004149743743,
    "r_t_max": 0.344348152682272,
    "delta_hat_mean": -1.1772331368892076e-06,
    "delta_hat_std": 4.966648717084945e-05,
    "lambda_t_mean": 0.0005762783449125701,
    "lambda_t_std": 6.039607709010249e-05,
    "n_records": 7800
  },
  "layer1.0.conv1.weight": {
    "r_t_mean": 0.015410095930657418,
    "r_t_std": 0.005737257168063439,
    "r_t_min": 0.008141736500226206,
    "r_t_max": 0.35133505400336495,
    "delta_hat_mean": -1.414475506678059e-07,
    "delta_hat_std": 1.1996731517532683e-05,
    "lambda_t_mean": 0.0005494947532960958,
    "lambda_t_std": 3.96830119040889e-05,
    "n_records": 7800
  },
  "layer1.0.conv2.weight": {
    "r_t_mean": 0.015417390081309164,
    "r_t_std": 0.005432510401025068,
    "r_t_min": 0.008298670725975225,
    "r_t_max": 0.32864251814584855,
    "delta_hat_mean": 1.1929014112578893e-08,
    "delta_hat_std": 1.0655924099086217e-05,
    "lambda_t_mean": 0.000545001742642032,
    "lambda_t_std": 3.636034902420027e-05,
    "n_records": 7800
  },
  "layer1.1.conv1.weight": {
    "r_t_mean": 0.01607678523080536,
    "r_t_std": 0.004857402204767382,
    "r_t_min": 0.008825006714345971,
    "r_t_max": 0.2808333608946079,
    "delta_hat_mean": 5.742076829129417e-08,
    "delta_hat_std": 1.1026385051042746e-05,
    "lambda_t_mean": 0.0005471635284220983,
    "lambda_t_std": 3.7798705910636565e-05,
    "n_records": 7800
  },
  "layer1.1.conv2.weight": {
    "r_t_mean": 0.015784246437266173,
    "r_t_std": 0.00456491815329606,
    "r_t_min": 0.008862581335497277,
    "r_t_max": 0.21377718570013346,
    "delta_hat_mean": 1.7977029513293024e-07,
    "delta_hat_std": 7.949806906194095e-06,
    "lambda_t_mean": 0.0005439965990724049,
    "lambda_t_std": 3.5471045394444354e-05,
    "n_records": 7800
  },
  "layer1.2.conv1.weight": {
    "r_t_mean": 0.015930367045357087,
    "r_t_std": 0.004675594183727573,
    "r_t_min": 0.007932222972868747,
    "r_t_max": 0.24478989319409028,
    "delta_hat_mean": -4.095575127644483e-08,
    "delta_hat_std": 1.0112776312764563e-05,
    "lambda_t_mean": 0.000546895370110971,
    "lambda_t_std": 3.7853584955788355e-05,
    "n_records": 7800
  },
  "layer1.2.conv2.weight": {
    "r_t_mean": 0.015656281065133785,
    "r_t_std": 0.004612418848464335,
    "r_t_min": 0.008567143791373981,
    "r_t_max": 0.22360022530612678,
    "delta_hat_mean": 1.1506250989400362e-07,
    "delta_hat_std": 8.719430733678496e-06,
    "lambda_t_mean": 0.0005440198643619331,
    "lambda_t_std": 3.52573498895162e-05,
    "n_records": 7800
  },
  "layer2.0.conv1.weight": {
    "r_t_mean": 0.015543414823963524,
    "r_t_std": 0.004445044267090675,
    "r_t_min": 0.008318200342783313,
    "r_t_max": 0.16447902249227164,
    "delta_hat_mean": -6.475549497329493e-08,
    "delta_hat_std": 8.405065258712278e-06,
    "lambda_t_mean": 0.0005436064840857732,
    "lambda_t_std": 3.54114482198542e-05,
    "n_records": 7800
  },
  "layer2.0.conv2.weight": {
    "r_t_mean": 0.015432464607376224,
    "r_t_std": 0.004667207026676607,
    "r_t_min": 0.008704953796961122,
    "r_t_max": 0.16764270458767683,
    "delta_hat_mean": 2.538921542824179e-08,
    "delta_hat_std": 5.4370536261324354e-06,
    "lambda_t_mean": 0.0005395952645779171,
    "lambda_t_std": 3.2480031076051496e-05,
    "n_records": 7800
  },
  "layer2.0.shortcut.0.weight": {
    "r_t_mean": 0.014918572522635965,
    "r_t_std": 0.004011824192105407,
    "r_t_min": 0.008324695469018503,
    "r_t_max": 0.048030294312010925,
    "delta_hat_mean": -3.72305842769252e-08,
    "delta_hat_std": 2.0790063190128344e-05,
    "lambda_t_mean": 0.0005455374618101866,
    "lambda_t_std": 3.635244290471997e-05,
    "n_records": 7800
  },
  "layer2.1.conv1.weight": {
    "r_t_mean": 0.016033525782815236,
    "r_t_std": 0.004724421828108032,
    "r_t_min": 0.008863235366021184,
    "r_t_max": 0.16336424361831384,
    "delta_hat_mean": 3.246031870884066e-08,
    "delta_hat_std": 3.4974733809895695e-06,
    "lambda_t_mean": 0.0005417209627707737,
    "lambda_t_std": 3.3967706789140725e-05,
    "n_records": 7800
  },
  "layer2.1.conv2.weight": {
    "r_t_mean": 0.015777403426732006,
    "r_t_std": 0.004455127827305068,
    "r_t_min": 0.009164280144532268,
    "r_t_max": 0.1324902186199749,
    "delta_hat_mean": 2.1380422676397064e-08,
    "delta_hat_std": 3.6822696525309862e-06,
    "lambda_t_mean": 0.0005389490738787899,
    "lambda_t_std": 3.169180240846951e-05,
    "n_records": 7800
  },
  "layer2.2.conv1.weight": {
    "r_t_mean": 0.016153507240711778,
    "r_t_std": 0.004347372329604884,
    "r_t_min": 0.009336682825798914,
    "r_t_max": 0.12661706050671745,
    "delta_hat_mean": -4.736585610220771e-09,
    "delta_hat_std": 3.803010075725619e-06,
    "lambda_t_mean": 0.0005403816095357884,
    "lambda_t_std": 3.302204119313954e-05,
    "n_records": 7800
  },
  "layer2.2.conv2.weight": {
    "r_t_mean": 0.01581869432816161,
    "r_t_std": 0.0041367413437475775,
    "r_t_min": 0.00876138687477562,
    "r_t_max": 0.11284424580027858,
    "delta_hat_mean": 1.2374847462845094e-09,
    "delta_hat_std": 3.7982417715388272e-06,
    "lambda_t_mean": 0.0005387873512624599,
    "lambda_t_std": 3.181514705137646e-05,
    "n_records": 7800
  },
  "layer3.0.conv1.weight": {
    "r_t_mean": 0.015483016778970475,
    "r_t_std": 0.004110198703731934,
    "r_t_min": 0.008930794411908841,
    "r_t_max": 0.08782516010569373,
    "delta_hat_mean": -5.295759888326654e-09,
    "delta_hat_std": 3.3530357467689977e-06,
    "lambda_t_mean": 0.0005377084666849487,
    "lambda_t_std": 3.0827899734492715e-05,
    "n_records": 7800
  },
  "layer3.0.conv2.weight": {
    "r_t_mean": 0.01591232289488439,
    "r_t_std": 0.004472325875939793,
    "r_t_min": 0.008916779159798245,
    "r_t_max": 0.10971112657588067,
    "delta_hat_mean": 2.206196422714599e-09,
    "delta_hat_std": 2.154124999412548e-06,
    "lambda_t_mean": 0.0005368103388879586,
    "lambda_t_std": 3.064003527447729e-05,
    "n_records": 7800
  },
  "layer3.0.shortcut.0.weight": {
    "r_t_mean": 0.014099449416718436,
    "r_t_std": 0.0035120785527552787,
    "r_t_min": 0.007687423449004225,
    "r_t_max": 0.0477546508378423,
    "delta_hat_mean": -5.404004544296015e-08,
    "delta_hat_std": 8.222358069638256e-06,
    "lambda_t_mean": 0.0005377895499751545,
    "lambda_t_std": 3.087258017007211e-05,
    "n_records": 7800
  },
  "layer3.1.conv1.weight": {
    "r_t_mean": 0.016040828213266436,
    "r_t_std": 0.0046961132254480075,
    "r_t_min": 0.009015414860502393,
    "r_t_max": 0.0988521483557643,
    "delta_hat_mean": 2.6414757719736204e-08,
    "delta_hat_std": 1.97048074575632e-06,
    "lambda_t_mean": 0.0005370548933374022,
    "lambda_t_std": 3.071892201234672e-05,
    "n_records": 7800
  },
  "layer3.1.conv2.weight": {
    "r_t_mean": 0.01608047365138824,
    "r_t_std": 0.0043869308393842555,
    "r_t_min": 0.009226855961537928,
    "r_t_max": 0.0935347390901999,
    "delta_hat_mean": -1.9740421258124822e-08,
    "delta_hat_std": 1.550311074935237e-06,
    "lambda_t_mean": 0.0005364885171250563,
    "lambda_t_std": 2.9834943770014138e-05,
    "n_records": 7800
  },
  "layer3.2.conv1.weight": {
    "r_t_mean": 0.01608064607289195,
    "r_t_std": 0.004351925487622445,
    "r_t_min": 0.00931247784650255,
    "r_t_max": 0.0973050316211284,
    "delta_hat_mean": 3.6533182370245246e-09,
    "delta_hat_std": 1.9018134131365114e-06,
    "lambda_t_mean": 0.000536593465382211,
    "lambda_t_std": 2.9790729584672978e-05,
    "n_records": 7800
  },
  "layer3.2.conv2.weight": {
    "r_t_mean": 0.015573810373918794,
    "r_t_std": 0.004054348537125109,
    "r_t_min": 0.008612050841500485,
    "r_t_max": 0.10830192133625932,
    "delta_hat_mean": -3.3857022290594256e-09,
    "delta_hat_std": 1.6470355859839434e-06,
    "lambda_t_mean": 0.0005360831765584409,
    "lambda_t_std": 2.913223831613267e-05,