{
  "features.0.weight": {
    "r_t_mean": 0.017595091329869996,
    "r_t_std": 0.008680947071120626,
    "r_t_min": 0.0015928020703661113,
    "r_t_max": 0.25168289624477197,
    "delta_hat_mean": 5.808345445428696e-07,
    "delta_hat_std": 1.621000050405117e-05,
    "lambda_t_mean": 0.0,
    "lambda_t_std": 0.0,
    "n_records": 1950
  },
  "features.3.weight": {
    "r_t_mean": 0.017911228416304412,
    "r_t_std": 0.019051145889488967,
    "r_t_min": 0.0012756687528179616,
    "r_t_max": 0.8177904028976116,
    "delta_hat_mean": -9.631390377453983e-08,
    "delta_hat_std": 4.109715210604749e-06,
    "lambda_t_mean": 0.0,
    "lambda_t_std": 0.0,
    "n_records": 1950
  },
  "features.7.weight": {
    "r_t_mean": 0.019363179036397282,
    "r_t_std": 0.011508170003354135,
    "r_t_min": 0.0011718591239956604,
    "r_t_max": 0.4650805248902412,
    "delta_hat_mean": -1.8240542036209215e-10,
    "delta_hat_std": 3.146961911989659e-08,
    "lambda_t_mean": 0.0,
    "lambda_t_std": 0.0,
    "n_records": 1950
  },
  "features.10.weight": {
    "r_t_mean": 0.020703052477513126,
    "r_t_std": 0.013379333115710148,
    "r_t_min": 0.0010168484960809082,
    "r_t_max": 0.5594920593157219,
    "delta_hat_mean": 1.3141422011306232e-11,
    "delta_hat_std": 2.6516093269569066e-08,
    "lambda_t_mean": 0.0,
    "lambda_t_std": 0.0,
    "n_records": 1950
  },
  "features.14.weight": {
    "r_t_mean": 0.02247237648754611,
    "r_t_std": 0.00951301129227542,
    "r_t_min": 0.000829588611642736,
    "r_t_max": 0.34048243179060206,
    "delta_hat_mean": 1.3871160719022195e-08,
    "delta_hat_std": 1.1897809271919343e-06,
    "lambda_t_mean": 0.0,
    "lambda_t_std": 0.0,
    "n_records": 1950
  },
  "features.17.weight": {
    "r_t_mean": 0.024411977644606665,
    "r_t_std": 0.011925724056177055,
    "r_t_min": 0.0006588812515114716,
    "r_t_max": 0.40390211264169557,
    "delta_hat_mean": -3.5950712787422794e-10,
    "delta_hat_std": 2.2748135429643086e-08,
    "lambda_t_mean": 0.0,
    "lambda_t_std": 0.0,
    "n_records": 1950
  },
  "features.20.weight": {
    "r_t_mean": 0.023728451492754526,
    "r_t_std": 0.011023421741683649,
    "r_t_min": 0.0005475690388068482,
    "r_t_max": 0.33773178401744613,
    "delta_hat_mean": 6.726213656562162e-12,
    "delta_hat_std": 3.388410283841314e-08,
    "lambda_t_mean": 0.0,
    "lambda_t_std": 0.0,
    "n_records": 1950
  },
  "features.24.weight": {
    "r_t_mean": 0.02006561749513751,
    "r_t_std": 0.008686457061302388,
    "r_t_min": 0.00025520227884618296,
    "r_t_max": 0.2138936749190703,
    "delta_hat_mean": -1.6418255971542632e-08,
    "delta_hat_std": 6.013977698846482e-07,
    "lambda_t_mean": 0.0,
    "lambda_t_std": 0.0,
    "n_records": 1950
  },
  "features.27.weight": {
    "r_t_mean": 0.01810036991039578,
    "r_t_std": 0.008703639139894278,
    "r_t_min": 0.00020709045292513625,
    "r_t_max": 0.2583658608150471,
    "delta_hat_mean": 2.307848733823432e-08,
    "delta_hat_std": 6.958678388935795e-07,
    "lambda_t_mean": 0.0,
    "lambda_t_std": 0.0,
    "n_records": 1950
  },
  "features.30.weight": {
    "r_t_mean": 0.015203143064807037,
    "r_t_std": 0.006945599748538507,
    "r_t_min": 0.00020696428640975336,
    "r_t_max": 0.22071074229455856,
    "delta_hat_mean": -3.3095329562899843e-09,
    "delta_hat_std": 8.334731610697789e-07,
    "lambda_t_mean": 0.0,
    "lambda_t_std": 0.0,
    "n_records": 1950
  },
  "features.34.weight": {
    "r_t_mean": 0.01190302428829188,
    "r_t_std": 0.005403256128163618,
    "r_t_min": 0.00019311854785180753,
    "r_t_max": 0.20363847805611227,
    "delta_hat_mean": 8.443228794996198e-08,
    "delta_hat_std": 1.76200145592987e-06,
    "lambda_t_mean": 0.0,
    "lambda_t_std": 0.0,
    "n_records": 1950
  },
  "features.37.weight": {
    "r_t_mean": 0.011610325309405306,
    "r_t_std": 0.004561451351113655,
    "r_t_min": 0.0005256479629174312,
    "r_t_max": 0.17337054117363027,
    "delta_hat_mean": -7.77104997439756e-09,
    "delta_hat_std": 2.083634436930714e-06,
    "lambda_t_mean": 0.0,
    "lambda_t_std": 0.0,
    "n_records": 1950
  },
  "features.40.weight": {
    "r_t_mean": 0.01366189665566995,
    "r_t_std": 0.004478981202978506,
    "r_t_min": 0.0018816653451236129,
    "r_t_max": 0.1502335277935356,
    "delta_hat_mean": 1.2243832005829005e-07,
    "delta_hat_std": 2.286028794250086e-06,
    "lambda_t_mean": 0.0,
    "lambda_t_std": 0.0,
    "n_records": 1950
  },
  "classifier.0.weight": {
    "r_t_mean": 0.01662644998216003,
    "r_t_std": 0.009102145875447136,
    "r_t_min": 0.00497186534947559,
    "r_t_max": 0.31870508624306354,
    "delta_hat_mean": 0.0003060707022694213,
    "delta_hat_std": 0.014633740559600482,
    "lambda_t_mean": 0.0,
    "lambda_t_std": 0.0,
    "n_records": 1950
  },
  "classifier.3.weight": {
    "r_t_mean": 0.01693362046931148,
    "r_t_std": 0.0039385215668047745,
    "r_t_min": 0.00652709674044052,
    "r_t_max": 0.08669728874153075,
    "delta_hat_mean": 0.0008129151936140471,
    "delta_hat_std": 0.011518271130096097,
    "lambda_t_mean": 0.0,
    "lambda_t_std": 0.0,
    "n_records": 1950
  },
  "classifier.6.weight": {
    "r_t_mean": 0.01945109670237991,
    "r_t_std": 0.00875673693977886,
    "r_t_min": 0.011297917313848433,
    "r_t_max": 0.21676286766176966,
    "delta_hat_mean": 0.0008721325179013571,
    "delta_hat_std": 0.0125115624742887,
    "lambda_t_mean": 0.0,
    "lambda_t_std": 0.0,
    "n_records": 1950
  }
}