{
  "conv1.weight": {
    "r_t_mean": 0.010972016808485412,
    "r_t_std": 0.007847299082942025,
    "r_t_min": 0.0041369480809276575,
    "r_t_max": 0.48126307044235717,
    "delta_hat_mean": -1.7003212683352176e-06,
    "delta_hat_std": 4.5737314782602524e-05,
    "lambda_t_mean": 0.00024999957494241127,
    "lambda_t_std": 1.1434347305863978e-08,
    "n_records": 7800
  },
  "layer1.0.conv1.weight": {
    "r_t_mean": 0.011052386487189656,
    "r_t_std": 0.00693265527974905,
    "r_t_min": 0.005556002860650058,
    "r_t_max": 0.5190136210280345,
    "delta_hat_mean": -2.6034931657303578e-08,
    "delta_hat_std": 1.3152961563586036e-05,
    "lambda_t_mean": 0.0002499999934946441,
    "lambda_t_std": 3.2882379314329766e-09,
    "n_records": 7800
  },
  "layer1.0.conv2.weight": {
    "r_t_mean": 0.011056318913309809,
    "r_t_std": 0.006170948322406848,
    "r_t_min": 0.005569346241657502,
    "r_t_max": 0.4284770757241378,
    "delta_hat_mean": 2.606043671795109e-07,
    "delta_hat_std": 1.0949868269000802e-05,
    "lambda_t_mean": 0.0002500000651523712,
    "lambda_t_std": 2.737468772106693e-09,
    "n_records": 7800
  },
  "layer1.1.conv1.weight": {
    "r_t_mean": 0.011629872298568723,
    "r_t_std": 0.004684629145710802,
    "r_t_min": 0.0059858315286718386,
    "r_t_max": 0.293175484273547,
    "delta_hat_mean": 6.219589113680531e-08,
    "delta_hat_std": 8.245345579066672e-06,
    "lambda_t_mean": 0.0002500000155580674,
    "lambda_t_std": 2.0613404147397865e-09,
    "n_records": 7800
  },
  "layer1.1.conv2.weight": {
    "r_t_mean": 0.011551016999575123,
    "r_t_std": 0.00458856017243392,
    "r_t_min": 0.0057606950046741965,
    "r_t_max": 0.2752850778414232,
    "delta_hat_mean": -1.0545231538519108e-07,
    "delta_hat_std": 9.206499497404955e-06,
    "lambda_t_mean": 0.00024999997363772496,
    "lambda_t_std": 2.3016342717544292e-09,
    "n_records": 7800
  },
  "layer1.2.conv1.weight": {
    "r_t_mean": 0.012194075531967608,
    "r_t_std": 0.004162164303713796,
    "r_t_min": 0.006840351294895371,
    "r_t_max": 0.2586600060379975,
    "delta_hat_mean": 1.3048126566349115e-07,
    "delta_hat_std": 1.054977626129606e-05,
    "lambda_t_mean": 0.0002500000326111853,
    "lambda_t_std": 2.637440499304127e-09,
    "n_records": 7800
  },
  "layer1.2.conv2.weight": {
    "r_t_mean": 0.011975961698491475,
    "r_t_std": 0.0037646999038420574,
    "r_t_min": 0.006623056925272646,
    "r_t_max": 0.20990084281313473,
    "delta_hat_mean": -1.651256075827444e-07,
    "delta_hat_std": 8.45358674677538e-06,
    "lambda_t_mean": 0.0002499999587303676,
    "lambda_t_std": 2.1134067029016245e-09,
    "n_records": 7800
  },
  "layer2.0.conv1.weight": {
    "r_t_mean": 0.011296703870628024,
    "r_t_std": 0.0046362531905146,
    "r_t_min": 0.005789811908319572,
    "r_t_max": 0.14930594246085407,
    "delta_hat_mean": 1.2966812420648857e-07,
    "delta_hat_std": 9.201350292108217e-06,
    "lambda_t_mean": 0.0002500000324220832,
    "lambda_t_std": 2.300337412478988e-09,
    "n_records": 7800
  },
  "layer2.0.conv2.weight": {
    "r_t_mean": 0.011396779451076821,
    "r_t_std": 0.004880749535059378,
    "r_t_min": 0.005728835797602694,
    "r_t_max": 0.17785770558615163,
    "delta_hat_mean": -6.051688912190622e-09,
    "delta_hat_std": 5.172904166607338e-06,
    "lambda_t_mean": 0.00024999999848784654,
    "lambda_t_std": 1.2932296961673217e-09,
    "n_records": 7800
  },
  "layer2.0.shortcut.0.weight": {
    "r_t_mean": 0.010397238222786173,
    "r_t_std": 0.003928546337034649,
    "r_t_min": 0.005064965738723034,
    "r_t_max": 0.06068409936244555,
    "delta_hat_mean": -7.625722165159289e-09,
    "delta_hat_std": 2.0711198259829522e-05,
    "lambda_t_mean": 0.00024999999807927574,
    "lambda_t_std": 5.177811206959738e-09,
    "n_records": 7800
  },
  "layer2.1.conv1.weight": {
    "r_t_mean": 0.01188992446198576,
    "r_t_std": 0.004479465047902431,
    "r_t_min": 0.006012916746416265,
    "r_t_max": 0.16391839417356383,
    "delta_hat_mean": -5.119065681537499e-09,
    "delta_hat_std": 3.7328389902699183e-06,
    "lambda_t_mean": 0.0002499999987158876,
    "lambda_t_std": 9.332062532647625e-10,
    "n_records": 7800
  },
  "layer2.1.conv2.weight": {
    "r_t_mean": 0.011708164333285843,
    "r_t_std": 0.0042740317929852506,
    "r_t_min": 0.00630203175891283,
    "r_t_max": 0.14279407013295353,
    "delta_hat_mean": -2.0862994078800455e-08,
    "delta_hat_std": 3.519170988322662e-06,
    "lambda_t_mean": 0.0002499999947811387,
    "lambda_t_std": 8.797985300503364e-10,
    "n_records": 7800
  },
  "layer2.2.conv1.weight": {
    "r_t_mean": 0.012006586517230746,
    "r_t_std": 0.004210064648588685,
    "r_t_min": 0.006143805367599215,
    "r_t_max": 0.12010493009472334,
    "delta_hat_mean": 6.5251022506895e-09,
    "delta_hat_std": 3.3363468261820405e-06,
    "lambda_t_mean": 0.00025000000163370343,
    "lambda_t_std": 8.340810374495073e-10,
    "n_records": 7800
  },
  "layer2.2.conv2.weight": {
    "r_t_mean": 0.011682184590075308,
    "r_t_std": 0.0038384105800736376,
    "r_t_min": 0.006289569495251901,
    "r_t_max": 0.10962826002356463,
    "delta_hat_mean": 1.6184015518411625e-08,
    "delta_hat_std": 3.922080022958243e-06,
    "lambda_t_mean": 0.0002500000040457563,
    "lambda_t_std": 9.805292234717866e-10,
    "n_records": 7800
  },
  "layer3.0.conv1.weight": {
    "r_t_mean": 0.01139024845727589,
    "r_t_std": 0.00418051322726821,
    "r_t_min": 0.005627020720686942,
    "r_t_max": 0.08246430532920268,
    "delta_hat_mean": -5.625135862767461e-08,
    "delta_hat_std": 3.151711289871571e-06,
    "lambda_t_mean": 0.0002499999859329716,
    "lambda_t_std": 7.879307877728843e-10,
    "n_records": 7800
  },
  "layer3.0.conv2.weight": {
    "r_t_mean": 0.011863807196841521,
    "r_t_std": 0.004584567096363672,
    "r_t_min": 0.005992166265551127,
    "r_t_max": 0.11170719305794619,
    "delta_hat_mean": -7.70905834743939e-09,
    "delta_hat_std": 2.068087781005473e-06,
    "lambda_t_mean": 0.00024999999807246353,
    "lambda_t_std": 5.170227772100283e-10,
    "n_records": 7800
  },
  "layer3.0.shortcut.0.weight": {
    "r_t_mean": 0.00980337222658674,
    "r_t_std": 0.0036643834116682956,
    "r_t_min": 0.004598572624548824,
    "r_t_max": 0.06222706514095137,
    "delta_hat_mean": -1.4153447433510125e-08,
    "delta_hat_std": 8.589544119677634e-06,
    "lambda_t_mean": 0.0002499999964561051,
    "lambda_t_std": 2.147379980987553e-09,
    "n_records": 7800
  },
  "layer3.1.conv1.weight": {
    "r_t_mean": 0.011944421361392593,
    "r_t_std": 0.00486024645182016,
    "r_t_min": 0.006239914568370311,
    "r_t_max": 0.10400920142226737,
    "delta_hat_mean": -2.576366835512681e-09,
    "delta_hat_std": 1.9504553982835904e-06,
    "lambda_t_mean": 0.00024999999935302675,
    "lambda_t_std": 4.876189539269957e-10,
    "n_records": 7800
  },
  "layer3.1.conv2.weight": {
    "r_t_mean": 0.011999920756211993,
    "r_t_std": 0.004479624312821935,
    "r_t_min": 0.006278552235512342,
    "r_t_max": 0.11104810557801033,
    "delta_hat_mean": 2.117476342748919e-08,
    "delta_hat_std": 1.5263619439191521e-06,
    "lambda_t_mean": 0.0002500000052909335,
    "lambda_t_std": 3.8158773528133076e-10,
    "n_records": 7800
  },
  "layer3.2.conv1.weight": {
    "r_t_mean": 0.012086945406321829,
    "r_t_std": 0.004454173830873127,
    "r_t_min": 0.006360589726719711,
    "r_t_max": 0.10508259317160488,
    "delta_hat_mean": 1.6575307232363637e-08,
    "delta_hat_std": 1.8582373072381477e-06,
    "lambda_t_mean": 0.00025000000414492963,
    "lambda_t_std": 4.6456396005850034e-10,
    "n_records": 7800
  },
  "layer3.2.conv2.weight": {
    "r_t_mean": 0.011755549584970602,
    "r_t_std": 0.0041007324295309665,
    "r_t_min": 0.00596248804473343,
    "r_t_max": 0.10419291275279469,
    "delta_hat_mean": 1.859587480636854e-08,
    "delta_hat_std": 1.6101061831643326e-06,
    "lambda_t_mean": 0.0002500000046481877,
    "lambda_t_std": 4.025242676233299e-10,