{
  "task_id": "train_g2_calibration",
  "model": "deepseek-ai/DeepSeek-Math-7B-Instruct",
  "n_samples": 10,
  "lora_config": {
    "r": 16,
    "alpha": 32,
    "target_modules": "all-linear"
  },
  "training_config": {
    "batch_size": 2,
    "learning_rate": 1e-07,
    "dpo_beta": 0.1,
    "brier_lambda": 0.1,
    "max_steps": 500
  },
  "calibration_results": {
    "ece_before": 0.25,
    "ece_after": 0.3,
    "ece_reduction": -0.04999999999999999,
    "h2_passed": false
  },
  "training_losses": [
    {
      "loss": 0.0004,
      "grad_norm": 0.01064300537109375,
      "learning_rate": 1.8e-08,
      "entropy": 0.1824219799041748,
      "num_tokens": 2046240.0,
      "logits/chosen": 0.9537814137684195,
      "logits/rejected": 4.415985280423703,
      "mean_token_accuracy": 0.9868573188781739,
      "rewards/chosen": 0.7572176015377045,
      "rewards/rejected": -7.404835681915284,
      "rewards/accuracies": 1.0,
      "rewards/margins": 8.162053165435792,
      "logps/chosen": -20.665324134826662,
      "logps/rejected": -220.06085632324218,
      "epoch": 210.0,
      "step": 420
    },
    {
      "loss": 0.0003,
      "grad_norm": 0.00458526611328125,
      "learning_rate": 1.5777777777777776e-08,
      "entropy": 0.1826676219701767,
      "num_tokens": 2094960.0,
      "logits/chosen": 1.1170464785879934,
      "logits/rejected": 4.0746595462842325,
      "mean_token_accuracy": 0.9871988201141357,
      "rewards/chosen": 0.7670322215557098,
      "rewards/rejected": -7.4730433654785156,
      "rewards/accuracies": 1.0,
      "rewards/margins": 8.24007562637329,
      "logps/chosen": -20.567177772521973,
      "logps/rejected": -220.7429327392578,
      "epoch": 215.0,
      "step": 430
    },
    {
      "loss": 0.0003,
      "grad_norm": 0.01113128662109375,
      "learning_rate": 1.3555555555555556e-08,
      "entropy": 0.18160977423191071,
      "num_tokens": 2143680.0,
      "logits/chosen": 0.9346557845236281,
      "logits/rejected": 4.38061127249503,
      "mean_token_accuracy": 0.9865883278846741,
      "rewards/chosen": 0.7696054291725158,
      "rewards/rejected": -7.521766147613525,
      "rewards/accuracies": 1.0,
      "rewards/margins": 8.291371688842773,
      "logps/chosen": -20.54144588470459,
      "logps/rejected": -221.23016052246095,
      "epoch": 220.0,
      "step": 440
    },
    {
      "loss": 0.0003,
      "grad_norm": 0.015411376953125,
      "learning_rate": 1.1333333333333332e-08,
      "entropy": 0.18155718564987183,
      "num_tokens": 2192400.0,
      "logits/chosen": 0.885541320738989,
      "logits/rejected": 4.697230891092339,
      "mean_token_accuracy": 0.9863899731636048,
      "rewards/chosen": 0.7701337742805481,
      "rewards/rejected": -7.558914165496827,
      "rewards/accuracies": 1.0,
      "rewards/margins": 8.329047889709473,
      "logps/chosen": -20.536162300109865,
      "logps/rejected": -221.6016387939453,
      "epoch": 225.0,
      "step": 450
    },
    {
      "loss": 0.0003,
      "grad_norm": 0.01490020751953125,
      "learning_rate": 9.11111111111111e-09,
      "entropy": 0.1820220708847046,
      "num_tokens": 2241120.0,
      "logits/chosen": 0.8446293027428281,
      "logits/rejected": 4.125603104726876,
      "mean_token_accuracy": 0.9871783280372619,
      "rewards/chosen": 0.7702178508043289,
      "rewards/rejected": -7.570459728240967,
      "rewards/accuracies": 1.0,
      "rewards/margins": 8.340677604675292,
      "logps/chosen": -20.53532180786133,
      "logps/rejected": -221.71709533691407,
      "epoch": 230.0,
      "step": 460
    },
    {
      "loss": 0.0003,
      "grad_norm": 0.00800323486328125,
      "learning_rate": 6.888888888888889e-09,
      "entropy": 0.18130888402462006,
      "num_tokens": 2289840.0,
      "logits/chosen": 0.8401684793084975,
      "logits/rejected": 4.490263899092351,
      "mean_token_accuracy": 0.9871420931816101,
      "rewards/chosen": 0.7733410179615021,
      "rewards/rejected": -7.608922214508056,
      "rewards/accuracies": 1.0,
      "rewards/margins": 8.382263278961181,
      "logps/chosen": -20.504090042114257,
      "logps/rejected": -222.10172241210938,
      "epoch": 235.0,
      "step": 470
    },
    {
      "loss": 0.0002,
      "grad_norm": 0.00547027587890625,
      "learning_rate": 4.666666666666666e-09,
      "entropy": 0.18205151796340943,
      "num_tokens": 2338560.0,
      "logits/chosen": 0.8753214220054324,
      "logits/rejected": 4.2088857039523795,
      "mean_token_accuracy": 0.9866558241844178,
      "rewards/chosen": 0.7759098017215729,
      "rewards/rejected": -7.594428577423096,
      "rewards/accuracies": 1.0,
      "rewards/margins": 8.370338401794434,
      "logps/chosen": -20.478402099609376,
      "logps/rejected": -221.9567840576172,
      "epoch": 240.0,
      "step": 480
    },
    {
      "loss": 0.0003,
      "grad_norm": 0.0079803466796875,
      "learning_rate": 2.4444444444444446e-09,
      "entropy": 0.18153184413909912,
      "num_tokens": 2387280.0,
      "logits/chosen": 0.88942040574985,
      "logits/rejected": 4.264598620163914,
      "mean_token_accuracy": 0.9871496081352233,
      "rewards/chosen": 0.772246299982071,
      "rewards/rejected": -7.6063449096679685,
      "rewards/accuracies": 1.0,
      "rewards/margins": 8.378591213226319,
      "logps/chosen": -20.515037002563478,
      "logps/rejected": -222.07594787597657,
      "epoch": 245.0,
      "step": 490
    },
    {
      "loss": 0.0003,
      "grad_norm": 0.0098876953125,
      "learning_rate": 2.2222222222222221e-10,
      "entropy": 0.18125481069087981,
      "num_tokens": 2436000.0,
      "logits/chosen": 0.7927375391965975,
      "logits/rejected": 4.186177927386487,
      "mean_token_accuracy": 0.9869493412971496,
      "rewards/chosen": 0.7732475751638412,
      "rewards/rejected": -7.607767314910888,
      "rewards/accuracies": 1.0,
      "rewards/margins": 8.381014919281006,
      "logps/chosen": -20.505024337768553,
      "logps/rejected": -222.09017211914062,
      "epoch": 250.0,
      "step": 500
    },
    {
      "train_runtime": 751.6922,
      "train_samples_per_second": 5.321,
      "train_steps_per_second": 0.665,
      "total_flos": 1.185678774851666e+17,
      "train_loss": 0.18058573260298,
      "epoch": 250.0,
      "step": 500
    }
  ],
  "final_dpo_loss": 0.18058573260298,
  "timestamp": "2026-04-28T07:22:37.702046"
}