{
  "task": "p1_absorption_pilot",
  "results": {
    "trained_sae": {
      "overlap_method": {
        "absorption_rate": 0.5,
        "parent_dogs_overlap": 0.6,
        "parent_cats_overlap": 0.4,
        "parent_topk_features": [
          353,
          481,
          172,
          591,
          436,
          692,
          471,
          760,
          250,
          479
        ],
        "dogs_topk_features": [
          129,
          481,
          172,
          591,
          114,
          692,
          373,
          436,
          917,
          250
        ],
        "cats_topk_features": [
          704,
          353,
          775,
          43,
          824,
          597,
          471,
          760,
          62,
          479
        ]
      },
      "ablation_method": {
        "absorption_rate": 1.0,
        "top_child_feature": 479,
        "child_activation_with_parent": 2.2754673957824707,
        "child_activation_without_parent": 1.0461758375167847
      },
      "asymmetry_index": {
        "mean": 0.4866921901702881,
        "std": 0.013263734057545662,
        "min": 0.4567131996154785,
        "max": 0.5307135581970215
      }
    },
    "random_baseline": {
      "overlap_method": {
        "absorption_rate": 0.25,
        "parent_dogs_overlap": 0.2,
        "parent_cats_overlap": 0.3,
        "parent_topk_features": [
          772,
          773,
          806,
          307,
          214,
          663,
          886,
          281,
          956,
          94
        ],
        "dogs_topk_features": [
          321,
          673,
          772,
          773,
          493,
          339,
          853,
          376,
          412,
          638
        ],
        "cats_topk_features": [
          0,
          806,
          811,
          307,
          403,
          886,
          603,
          539,
          798,
          351
        ]
      },
      "ablation_method": {
        "absorption_rate": 1.0,
        "top_child_feature": 281,
        "child_activation_with_parent": 1.1150603294372559,
        "child_activation_without_parent": 0.5207498073577881
      },
      "asymmetry_index": {
        "mean": 0.4708938002586365,
        "std": 0.00904614944010973,
        "min": 0.4492911398410797,
        "max": 0.4943024516105652
      }
    }
  },
  "hypothesis_h1": {
    "description": "Trained SAEs show higher absorption than random baselines",
    "trained_absorption_overlap": 0.5,
    "random_absorption_overlap": 0.25,
    "trained_absorption_ablation": 1.0,
    "random_absorption_ablation": 1.0,
    "overlap_pass": true,
    "ablation_pass": false,
    "supported": true
  },
  "overall_pass": true,
  "pilot_samples": 100,
  "sae_config": {
    "d_sae": 1024,
    "l0_target": 32,
    "seed": 42,
    "name": "L0_32",
    "d_model": 128
  }
}