{
  "task": "p1_train_sae",
  "pilot_samples": 100,
  "d_model": 128,
  "results": {
    "L0_32": {
      "config": {
        "d_sae": 1024,
        "l0_target": 32,
        "seed": 42,
        "name": "L0_32"
      },
      "final_mse": 0.005505307577550411,
      "avg_l0": 32.0,
      "explained_variance": 0.9769217966062204,
      "losses": [
        0.30525119602680206,
        0.23043669760227203,
        0.18298280239105225,
        0.156108520925045,
        0.12571648135781288,
        0.10577644780278206,
        0.08826640620827675,
        0.07470418140292168,
        0.0615882258862257,
        0.052497027441859245,
        0.0455268993973732,
        0.04030951112508774,
        0.03525015711784363,
        0.03124393243342638,
        0.027463178150355816,
        0.025128230452537537,
        0.022486738860607147,
        0.020603126846253872,
        0.018546972423791885,
        0.01707375980913639,
        0.015585532877594233,
        0.014897224958986044,
        0.014123046305030584,
        0.013376145623624325,
        0.01258968934416771,
        0.011945954989641905,
        0.011241413187235594,
        0.011025543324649334,
        0.010616681538522243,
        0.010375681333243847,
        0.010055896826088428,
        0.009825177025049925,
        0.009608746506273746,
        0.009185467846691608,
        0.00927906297147274,
        0.008834818378090858,
        0.008848961442708969,
        0.008630632888525724,
        0.008506723213940859,
        0.008282429538667202,
        0.00812495150603354,
        0.008210194762796164,
        0.008182043675333261,
        0.008096922654658556,
        0.007948769256472588,
        0.007851914968341589,
        0.0076650751288980246,
        0.0077375315595418215,
        0.007634811336174607,
        0.007555315038189292,
        0.0075607995968312025,
        0.007614212576299906,
        0.007481912150979042,
        0.007515060482546687,
        0.007424802519381046,
        0.007344454992562532,
        0.007154879625886679,
        0.007269160822033882,
        0.0071418690495193005,
        0.006877722451463342,
        0.006873787846416235,
        0.006900312844663858,
        0.007026933832094073,
        0.0067434178199619055,
        0.006982297170907259,
        0.006745774997398257,
        0.006643675500527024,
        0.006710489979013801,
        0.00677435752004385,
        0.006618662970140576,
        0.006601948058232665,
        0.006496056681498885,
        0.0064664483070373535,
        0.006380702834576368,
        0.006530725164338946,
        0.006405276479199529,
        0.006266349460929632,
        0.0062355303671211,
        0.006361410254612565,
        0.00614726566709578,
        0.006198455346748233,
        0.005979013862088323,
        0.0060689079109579325,
        0.0061763564590364695,
        0.006170186679810286,
        0.0060732243582606316,
        0.006003908812999725,
        0.0060548074543476105,
        0.006103812949731946,
        0.005689643090590835,
        0.005780795821920037,
        0.005758744897320867,
        0.005793683463707566,
        0.0057303644716739655,
        0.005889085121452808,
        0.0057100350968539715,
        0.005843666149303317,
        0.005602242890745401,
        0.005504711298272014,
        0.005385990487411618
      ]
    }
  },
  "all_pass": true,
  "pass_criteria": {
    "l0_range": [
      25,
      40
    ],
    "explained_variance_min": 0.8
  }
}