{
  "true_l0": 1.58527,
  "sae_l0": 50.0,
  "dead_latents": 699,
  "shrinkage": 0.9999642840576172,
  "explained_variance": 0.9992632225827653,
  "mcc": 0.3802701234817505,
  "uniqueness": 0.24462890625,
  "classification": {
    "precision": 0.21125832200050354,
    "recall": 0.34148430824279785,
    "f1_score": 0.12342146039009094,
    "accuracy": 0.9634854793548584
  }
}