{
  "conv1.weight": {
    "r_t_mean": 0.04935920110953089,
    "r_t_std": 0.030833691755448336,
    "r_t_min": 0.022945348410135406,
    "r_t_max": 0.48125646398832655,
    "delta_hat_mean": -2.1372514227052236e-06,
    "delta_hat_std": 3.813975435104553e-05,
    "lambda_t_mean": 0.0004884397996068451,
    "lambda_t_std": 6.228283647453898e-06,
    "n_records": 780
  },
  "layer1.0.conv1.weight": {
    "r_t_mean": 0.047229121078852826,
    "r_t_std": 0.024960546111178688,
    "r_t_min": 0.028113102841677146,
    "r_t_max": 0.5190064537955679,
    "delta_hat_mean": 2.3313539396660406e-07,
    "delta_hat_std": 8.902941539101917e-06,
    "lambda_t_mean": 0.00048532516970235405,
    "lambda_t_std": 3.827678451948149e-06,
    "n_records": 780
  },
  "layer1.0.conv2.weight": {
    "r_t_mean": 0.046521975600710426,
    "r_t_std": 0.022580613430433973,
    "r_t_min": 0.028876388393965665,
    "r_t_max": 0.42847121139804883,
    "delta_hat_mean": -2.1898959246891573e-07,
    "delta_hat_std": 8.234537737621256e-06,
    "lambda_t_mean": 0.0004847908540262418,
    "lambda_t_std": 3.534122685736628e-06,
    "n_records": 780
  },
  "layer1.1.conv1.weight": {
    "r_t_mean": 0.048630355842202024,
    "r_t_std": 0.017604874476977048,
    "r_t_min": 0.03054008716389816,
    "r_t_max": 0.2931714826020344,
    "delta_hat_mean": 2.4629516696213966e-07,
    "delta_hat_std": 7.463268048410822e-06,
    "lambda_t_mean": 0.00048494219251269056,
    "lambda_t_std": 3.633478116604528e-06,
    "n_records": 780
  },
  "layer1.1.conv2.weight": {
    "r_t_mean": 0.04803360936909483,
    "r_t_std": 0.016623724434623455,
    "r_t_min": 0.030637873592942195,
    "r_t_max": 0.27528133202724997,
    "delta_hat_mean": -4.834691277476001e-07,
    "delta_hat_std": 8.120526223645349e-06,
    "lambda_t_mean": 0.00048436245617385933,
    "lambda_t_std": 3.1350190223508925e-06,
    "n_records": 780
  },
  "layer1.2.conv1.weight": {
    "r_t_mean": 0.05061457780257509,
    "r_t_std": 0.014802616753530163,
    "r_t_min": 0.03292245782056452,
    "r_t_max": 0.25865646086940985,
    "delta_hat_mean": 3.084946490836625e-07,
    "delta_hat_std": 6.905800523556116e-06,
    "lambda_t_mean": 0.0004848594915563719,
    "lambda_t_std": 3.334185246352368e-06,
    "n_records": 780
  },
  "layer1.2.conv2.weight": {
    "r_t_mean": 0.04646414520760733,
    "r_t_std": 0.015409612878102056,
    "r_t_min": 0.028849988125930152,
    "r_t_max": 0.2098979679051705,
    "delta_hat_mean": -2.062539022024277e-07,
    "delta_hat_std": 6.770426557494716e-06,
    "lambda_t_mean": 0.0004844598993053778,
    "lambda_t_std": 3.093020105012821e-06,
    "n_records": 780
  },
  "layer2.0.conv1.weight": {
    "r_t_mean": 0.048017520114299946,
    "r_t_std": 0.014840764058855498,
    "r_t_min": 0.029614146319187785,
    "r_t_max": 0.14930389545372383,
    "delta_hat_mean": -3.810401390248777e-07,
    "delta_hat_std": 7.218513911445182e-06,
    "lambda_t_mean": 0.0004844833801083488,
    "lambda_t_std": 3.0846714344858338e-06,
    "n_records": 780
  },
  "layer2.0.conv2.weight": {
    "r_t_mean": 0.04947804579962237,
    "r_t_std": 0.017659480899615842,
    "r_t_min": 0.030219780692908857,
    "r_t_max": 0.1778552790862795,
    "delta_hat_mean": 3.56725122482717e-07,
    "delta_hat_std": 4.721088509543199e-06,
    "lambda_t_mean": 0.0004839620773771724,
    "lambda_t_std": 2.7483051573741615e-06,
    "n_records": 780
  },
  "layer2.0.shortcut.0.weight": {
    "r_t_mean": 0.03947274767394185,
    "r_t_std": 0.008972022650017071,
    "r_t_min": 0.025077699514810415,
    "r_t_max": 0.08584421583950018,
    "delta_hat_mean": -2.442135049216759e-07,
    "delta_hat_std": 1.7554128718616767e-05,
    "lambda_t_mean": 0.0004846103813126004,
    "lambda_t_std": 3.3517183919510367e-06,
    "n_records": 780
  },
  "layer2.1.conv1.weight": {
    "r_t_mean": 0.049860340235127774,
    "r_t_std": 0.016690417784425305,
    "r_t_min": 0.030108411156570966,
    "r_t_max": 0.16391614211221384,
    "delta_hat_mean": -1.3522687689957117e-07,
    "delta_hat_std": 3.2339474215403486e-06,
    "lambda_t_mean": 0.0004842112277977165,
    "lambda_t_std": 2.930295203861138e-06,
    "n_records": 780
  },
  "layer2.1.conv2.weight": {
    "r_t_mean": 0.048749279179516936,
    "r_t_std": 0.015218171164247878,
    "r_t_min": 0.03203960961431677,
    "r_t_max": 0.1427921138817496,
    "delta_hat_mean": 9.992776764972834e-08,
    "delta_hat_std": 3.510054108191866e-06,
    "lambda_t_mean": 0.0004839193536008792,
    "lambda_t_std": 2.8100273559795547e-06,
    "n_records": 780
  },
  "layer2.2.conv1.weight": {
    "r_t_mean": 0.05214382156945425,
    "r_t_std": 0.013470200624795467,
    "r_t_min": 0.034122027648730006,
    "r_t_max": 0.12621062200143005,
    "delta_hat_mean": -1.728771737501525e-08,
    "delta_hat_std": 3.1464520395601785e-06,
    "lambda_t_mean": 0.0004841610573096575,
    "lambda_t_std": 2.928297061953258e-06,
    "n_records": 780
  },
  "layer2.2.conv2.weight": {
    "r_t_mean": 0.04952917737112187,
    "r_t_std": 0.012952809664915564,
    "r_t_min": 0.03304263780424556,
    "r_t_max": 0.11953202198991635,
    "delta_hat_mean": 1.933819387736695e-07,
    "delta_hat_std": 3.6957428321858924e-06,
    "lambda_t_mean": 0.00048395375189661693,
    "lambda_t_std": 2.7881099570980577e-06,
    "n_records": 780
  },
  "layer3.0.conv1.weight": {
    "r_t_mean": 0.04931024462261722,
    "r_t_std": 0.01326002303212855,
    "r_t_min": 0.03279672720000235,
    "r_t_max": 0.11829332687356305,
    "delta_hat_mean": -2.4623884583773723e-09,
    "delta_hat_std": 3.2209940051429566e-06,
    "lambda_t_mean": 0.0004838233078049848,
    "lambda_t_std": 2.6922918870728304e-06,
    "n_records": 780
  },
  "layer3.0.conv2.weight": {
    "r_t_mean": 0.0535822064266222,
    "r_t_std": 0.014408683227558915,
    "r_t_min": 0.03565220351216303,
    "r_t_max": 0.12638216881196593,
    "delta_hat_mean": -1.1370037773360513e-07,
    "delta_hat_std": 1.8826381763365291e-06,
    "lambda_t_mean": 0.0004837063202908041,
    "lambda_t_std": 2.6474734791277725e-06,
    "n_records": 780
  },
  "layer3.0.shortcut.0.weight": {
    "r_t_mean": 0.03745889784941462,
    "r_t_std": 0.007791658697436736,
    "r_t_min": 0.024975506342211316,
    "r_t_max": 0.0693603456129919,
    "delta_hat_mean": 1.6527129926721602e-07,
    "delta_hat_std": 7.275016670846516e-06,
    "lambda_t_mean": 0.00048384644810655725,
    "lambda_t_std": 2.7300175107783203e-06,
    "n_records": 780
  },
  "layer3.1.conv1.weight": {
    "r_t_mean": 0.05375371763650341,
    "r_t_std": 0.014736305669025701,
    "r_t_min": 0.03503321369739746,
    "r_t_max": 0.12275805578007196,
    "delta_hat_mean": 4.5681349763872833e-08,
    "delta_hat_std": 1.8536851142887797e-06,
    "lambda_t_mean": 0.00048379908646475596,
    "lambda_t_std": 2.7039673629919317e-06,
    "n_records": 780
  },
  "layer3.1.conv2.weight": {
    "r_t_mean": 0.053615357673045747,
    "r_t_std": 0.012330714235058224,
    "r_t_min": 0.03655381999612874,
    "r_t_max": 0.11104658864058355,
    "delta_hat_mean": -1.0238924029424223e-08,
    "delta_hat_std": 1.6038797589329185e-06,
    "lambda_t_mean": 0.0004836719602306454,
    "lambda_t_std": 2.541161373993741e-06,
    "n_records": 780
  },
  "layer3.2.conv1.weight": {
    "r_t_mean": 0.05437296418605436,
    "r_t_std": 0.010991087258971455,
    "r_t_min": 0.037242706675713236,
    "r_t_max": 0.10578117846837676,
    "delta_hat_mean": 3.479029985351773e-08,
    "delta_hat_std": 1.7582509020419717e-06,
    "lambda_t_mean": 0.0004836701713586102,
    "lambda_t_std": 2.5702296511253597e-06,
    "n_records": 780
  },
  "layer3.2.conv2.weight": {
    "r_t_mean": 0.04904886297328953,
    "r_t_std": 0.010946303310792995,
    "r_t_min": 0.03256553132392633,
    "r_t_max": 0.10419147372666378,
    "delta_hat_mean": -7.5676934348697e-08,
    "delta_hat_std": 1.6459334764715819e-06,
    "lambda_t_mean": 0.0004834627031718985,
    "lambda_t_std": 2.411455078087077e-06,
    "n_records": 780
  },