{
  "variant": "Kp_only",
  "method": "UDWDC_v2_Kp_only",
  "K_p": 0.5,
  "K_i": 0.0,
  "K_d": 0.0,
  "is_baseline": false,
  "seed": 42,
  "epochs": 200,
  "best_test_acc": 68.67,
  "final_test_acc": 68.38,
  "final_train_acc": 99.40504807692308,
  "generalization_gap": 31.025048076923085,
  "total_wd_budget": 0.3249470530163923,
  "v2_cumulative_wd_budget": 443025.2852692844,
  "csi": 0.2392765070715832,
  "nan_inf_detected": false,
  "elapsed_sec": 6560.193213224411
}