{
  "conv1.weight": {
    "r_t_mean": 0.03418482725771743,
    "r_t_std": 0.019083159782044563,
    "r_t_min": 0.01426466770472364,
    "r_t_max": 0.48137530926738714,
    "delta_hat_mean": -2.850195967878787e-06,
    "delta_hat_std": 5.1667733527854484e-05,
    "lambda_t_mean": 0.0023867630838370784,
    "lambda_t_std": 0.0,
    "n_records": 780
  },
  "layer1.0.conv1.weight": {
    "r_t_mean": 0.03380056286073501,
    "r_t_std": 0.0200958952835138,
    "r_t_min": 0.016940197416517682,
    "r_t_max": 0.519134625099715,
    "delta_hat_mean": 1.3022409165173963e-06,
    "delta_hat_std": 2.4814093026142338e-05,
    "lambda_t_mean": 0.0023867630838370784,
    "lambda_t_std": 0.0,
    "n_records": 780
  },
  "layer1.0.conv2.weight": {
    "r_t_mean": 0.03348568712932718,
    "r_t_std": 0.01711118902496965,
    "r_t_min": 0.01791678727741643,
    "r_t_max": 0.42857701440294443,
    "delta_hat_mean": 4.904732474967452e-07,
    "delta_hat_std": 1.963561267106743e-05,
    "lambda_t_mean": 0.0023867630838370784,
    "lambda_t_std": 0.0,
    "n_records": 780
  },
  "layer1.1.conv1.weight": {
    "r_t_mean": 0.03365406171371082,
    "r_t_std": 0.013564736596965178,
    "r_t_min": 0.01731385742796719,
    "r_t_max": 0.2932438605310808,
    "delta_hat_mean": 4.990513206084056e-07,
    "delta_hat_std": 9.820272361728402e-06,
    "lambda_t_mean": 0.0023867630838370784,
    "lambda_t_std": 0.0,
    "n_records": 780
  },
  "layer1.1.conv2.weight": {
    "r_t_mean": 0.03347937929853425,
    "r_t_std": 0.0127150777085054,
    "r_t_min": 0.01868081089194346,
    "r_t_max": 0.275349283319977,
    "delta_hat_mean": 8.25689220777056e-07,
    "delta_hat_std": 1.0644295466067942e-05,
    "lambda_t_mean": 0.0023867630838370784,
    "lambda_t_std": 0.0,
    "n_records": 780
  },
  "layer1.2.conv1.weight": {
    "r_t_mean": 0.03429545782723028,
    "r_t_std": 0.013486638424967702,
    "r_t_min": 0.016220359221768038,
    "r_t_max": 0.2587203154443121,
    "delta_hat_mean": -4.5940202329835945e-07,
    "delta_hat_std": 9.655680503058626e-06,
    "lambda_t_mean": 0.0023867630838370784,
    "lambda_t_std": 0.0,
    "n_records": 780
  },
  "layer1.2.conv2.weight": {
    "r_t_mean": 0.033715516330255234,
    "r_t_std": 0.01178425024816149,
    "r_t_min": 0.01757140495202977,
    "r_t_max": 0.20994979367078379,
    "delta_hat_mean": 4.584010671649958e-07,
    "delta_hat_std": 9.626458204677348e-06,
    "lambda_t_mean": 0.0023867630838370784,
    "lambda_t_std": 0.0,
    "n_records": 780
  },
  "layer2.0.conv1.weight": {
    "r_t_mean": 0.033352394798983255,
    "r_t_std": 0.009843695980660216,
    "r_t_min": 0.016185280866818506,
    "r_t_max": 0.14934076095090493,
    "delta_hat_mean": -3.9677095458273833e-07,
    "delta_hat_std": 8.893320473241344e-06,
    "lambda_t_mean": 0.0023867630838370784,
    "lambda_t_std": 0.0,
    "n_records": 780
  },
  "layer2.0.conv2.weight": {
    "r_t_mean": 0.033313019891839,
    "r_t_std": 0.010286263620042965,
    "r_t_min": 0.019330643707687535,
    "r_t_max": 0.17789917504758543,
    "delta_hat_mean": -3.4491519760429595e-07,
    "delta_hat_std": 5.536965518651313e-06,
    "lambda_t_mean": 0.0023867630838370784,
    "lambda_t_std": 0.0,
    "n_records": 780
  },
  "layer2.0.shortcut.0.weight": {
    "r_t_mean": 0.03233143815626673,
    "r_t_std": 0.008630052571952321,
    "r_t_min": 0.018748694617455763,
    "r_t_max": 0.058176259285882,
    "delta_hat_mean": -5.2128673954640246e-08,
    "delta_hat_std": 2.216443344535766e-05,
    "lambda_t_mean": 0.0023867630838370784,
    "lambda_t_std": 0.0,
    "n_records": 780
  },
  "layer2.1.conv1.weight": {
    "r_t_mean": 0.03450252553150767,
    "r_t_std": 0.011644358487511122,
    "r_t_min": 0.014711801202579223,
    "r_t_max": 0.16395661677792536,
    "delta_hat_mean": 2.2776278105933574e-07,
    "delta_hat_std": 4.735469419000473e-06,
    "lambda_t_mean": 0.0023867630838370784,
    "lambda_t_std": 0.0,
    "n_records": 780
  },
  "layer2.1.conv2.weight": {
    "r_t_mean": 0.03419310540555705,
    "r_t_std": 0.011037718038449908,
    "r_t_min": 0.01692016276157917,
    "r_t_max": 0.14282737624866754,
    "delta_hat_mean": 5.465481781796163e-08,
    "delta_hat_std": 3.830703039286917e-06,
    "lambda_t_mean": 0.0023867630838370784,
    "lambda_t_std": 0.0,
    "n_records": 780
  },
  "layer2.2.conv1.weight": {
    "r_t_mean": 0.03448441274180635,
    "r_t_std": 0.010666637203225166,
    "r_t_min": 0.014585757712663683,
    "r_t_max": 0.12013293535522172,
    "delta_hat_mean": 3.832864999176185e-09,
    "delta_hat_std": 4.113310429972062e-06,
    "lambda_t_mean": 0.0023867630838370784,
    "lambda_t_std": 0.0,
    "n_records": 780
  },
  "layer2.2.conv2.weight": {
    "r_t_mean": 0.03371728481407985,
    "r_t_std": 0.010107421407297486,
    "r_t_min": 0.016768880797420813,
    "r_t_max": 0.10965382149544785,
    "delta_hat_mean": 2.6702900659878118e-08,
    "delta_hat_std": 4.226994008656189e-06,
    "lambda_t_mean": 0.0023867630838370784,
    "lambda_t_std": 0.0,
    "n_records": 780
  },
  "layer3.0.conv1.weight": {
    "r_t_mean": 0.033361473254384634,
    "r_t_std": 0.009336538821903521,
    "r_t_min": 0.017224086245309377,
    "r_t_max": 0.08248353392404911,
    "delta_hat_mean": -2.1873008072320478e-07,
    "delta_hat_std": 3.3254951750919714e-06,
    "lambda_t_mean": 0.0023867630838370784,
    "lambda_t_std": 0.0,
    "n_records": 780
  },
  "layer3.0.conv2.weight": {
    "r_t_mean": 0.0341797342601727,
    "r_t_std": 0.01015409981963227,
    "r_t_min": 0.02049759729463467,
    "r_t_max": 0.11173324582438017,
    "delta_hat_mean": 1.0463570756428317e-07,
    "delta_hat_std": 2.4664981175043597e-06,
    "lambda_t_mean": 0.0023867630838370784,
    "lambda_t_std": 0.0,
    "n_records": 780
  },
  "layer3.0.shortcut.0.weight": {
    "r_t_mean": 0.03164043045863903,
    "r_t_std": 0.008128614824024041,
    "r_t_min": 0.019328169798628267,
    "r_t_max": 0.05465143828841878,
    "delta_hat_mean": -2.546900468519544e-07,
    "delta_hat_std": 8.592160613522467e-06,
    "lambda_t_mean": 0.0023867630838370784,
    "lambda_t_std": 0.0,
    "n_records": 780
  },
  "layer3.1.conv1.weight": {
    "r_t_mean": 0.03472728684877199,
    "r_t_std": 0.010851694370383422,
    "r_t_min": 0.019985462889695813,
    "r_t_max": 0.1040334523280406,
    "delta_hat_mean": -2.845694391012534e-08,
    "delta_hat_std": 2.2629818033195194e-06,
    "lambda_t_mean": 0.0023867630838370784,
    "lambda_t_std": 0.0,
    "n_records": 780
  },
  "layer3.1.conv2.weight": {
    "r_t_mean": 0.03450984473813956,
    "r_t_std": 0.010579509847508752,
    "r_t_min": 0.02054461374842391,
    "r_t_max": 0.11107400333376352,
    "delta_hat_mean": -8.00047656124292e-08,
    "delta_hat_std": 1.732403765961688e-06,
    "lambda_t_mean": 0.0023867630838370784,
    "lambda_t_std": 0.0,
    "n_records": 780
  },
  "layer3.2.conv1.weight": {
    "r_t_mean": 0.03436966950299348,
    "r_t_std": 0.009979737754331319,
    "r_t_min": 0.02030457663478504,
    "r_t_max": 0.10510709472028841,
    "delta_hat_mean": 5.193725226360649e-08,
    "delta_hat_std": 2.142222679370893e-06,
    "lambda_t_mean": 0.0023867630838370784,
    "lambda_t_std": 0.0,
    "n_records": 780
  },
  "layer3.2.conv2.weight": {
    "r_t_mean": 0.032701707868263895,
    "r_t_std": 0.008188643600414786,
    "r_t_min": 0.020747250055528466,
    "r_t_max": 0.10421719962919261,
    "delta_hat_mean": 1.3589119103546573e-07,
    "delta_hat_std": 2.0524112817544313e-06,
    "lambda_t_mean": 0.0023867630838370784,
    "lambda_t_std": 0.0,
    "n_records": 780
  },
  "fc.weight": {
    "r_t_mean": 0.025172669076432702,
    "r_t_std": 0.007153477303146445,
    "r_t_min": 0.015362404040271251,
    "r_t_max": 0.15047595415711784,
    "delta_hat_mean": -0.004787787604637299,
    "delta_hat_std": 0.009076997547102809,
    "lambda_t_mean": 0.0023867630838370784,
    "lambda_t_std": 0.0,
    "n_records": 780
  }
}