{
  "conv1.weight": {
    "r_t_mean": 0.026250182033461543,
    "r_t_std": 0.012430021756400072,
    "r_t_min": 0.010563615025009614,
    "r_t_max": 0.19054759414877834,
    "delta_hat_mean": -4.4891968620857207e-07,
    "delta_hat_std": 5.561618835114414e-05,
    "lambda_t_mean": 0.0029295634865377797,
    "lambda_t_std": 0.0006319273074232764,
    "n_records": 780
  },
  "layer1.0.conv1.weight": {
    "r_t_mean": 0.025995499383043998,
    "r_t_std": 0.017477355748514146,
    "r_t_min": 0.007817038018992122,
    "r_t_max": 0.39412340528229173,
    "delta_hat_mean": 7.44092451695403e-07,
    "delta_hat_std": 1.3505728714871694e-05,
    "lambda_t_mean": 0.0029503432229377223,
    "lambda_t_std": 0.00045035437483508575,
    "n_records": 780
  },
  "layer1.0.conv2.weight": {
    "r_t_mean": 0.025811778683441002,
    "r_t_std": 0.016111016779914004,
    "r_t_min": 0.011250730470610865,
    "r_t_max": 0.3470951345521978,
    "delta_hat_mean": 1.0784369991758178e-06,
    "delta_hat_std": 2.4377262187578272e-05,
    "lambda_t_mean": 0.0029673392821694565,
    "lambda_t_std": 0.00043416308780590957,
    "n_records": 780
  },
  "layer1.1.conv1.weight": {
    "r_t_mean": 0.02578655686505068,
    "r_t_std": 0.014538114987418428,
    "r_t_min": 0.00898556482307966,
    "r_t_max": 0.2693321263481411,
    "delta_hat_mean": 1.7638213460731305e-07,
    "delta_hat_std": 1.81499916991578e-05,
    "lambda_t_mean": 0.0029498414884103303,
    "lambda_t_std": 0.0003934339994298921,
    "n_records": 780
  },
  "layer1.1.conv2.weight": {
    "r_t_mean": 0.025733161263560456,
    "r_t_std": 0.014398790467971203,
    "r_t_min": 0.010716185811869665,
    "r_t_max": 0.2705058386521148,
    "delta_hat_mean": -3.598461213358771e-07,
    "delta_hat_std": 1.5227355037933386e-05,
    "lambda_t_mean": 0.0029506570806395924,
    "lambda_t_std": 0.0003749322515775025,
    "n_records": 780
  },
  "layer1.2.conv1.weight": {
    "r_t_mean": 0.02632138249084532,
    "r_t_std": 0.014190157607342295,
    "r_t_min": 0.008835628779876117,
    "r_t_max": 0.2133145427512694,
    "delta_hat_mean": -4.6678071599196087e-07,
    "delta_hat_std": 1.1740187873021776e-05,
    "lambda_t_mean": 0.002961227456253758,
    "lambda_t_std": 0.0003745547799090204,
    "n_records": 780
  },
  "layer1.2.conv2.weight": {
    "r_t_mean": 0.026164252771860484,
    "r_t_std": 0.013270109062402962,
    "r_t_min": 0.0106914907200911,
    "r_t_max": 0.16898305399711896,
    "delta_hat_mean": -3.3975607587276265e-07,
    "delta_hat_std": 1.1498419359477181e-05,
    "lambda_t_mean": 0.00296179654396861,
    "lambda_t_std": 0.00035786722435074745,
    "n_records": 780
  },
  "layer2.0.conv1.weight": {
    "r_t_mean": 0.025629850483485647,
    "r_t_std": 0.011465798332826013,
    "r_t_min": 0.010643541700080394,
    "r_t_max": 0.1363739910098164,
    "delta_hat_mean": 2.7446647396326774e-07,
    "delta_hat_std": 9.572203573912238e-06,
    "lambda_t_mean": 0.002963286326683934,
    "lambda_t_std": 0.0003324462525528805,
    "n_records": 780
  },
  "layer2.0.conv2.weight": {
    "r_t_mean": 0.02563751927367147,
    "r_t_std": 0.011837344211820835,
    "r_t_min": 0.0132703582706228,
    "r_t_max": 0.1541929177460636,
    "delta_hat_mean": -5.061924601909217e-07,
    "delta_hat_std": 5.760835982145709e-06,
    "lambda_t_mean": 0.002959630190285724,
    "lambda_t_std": 0.00028161335799662085,
    "n_records": 780
  },
  "layer2.0.shortcut.0.weight": {
    "r_t_mean": 0.02519552412369485,
    "r_t_std": 0.01036651478425798,
    "r_t_min": 0.01277707978268531,
    "r_t_max": 0.06164260082769746,
    "delta_hat_mean": 1.0806827569436013e-06,
    "delta_hat_std": 2.2406330621743608e-05,
    "lambda_t_mean": 0.0029639221839539917,
    "lambda_t_std": 0.0003273085110573735,
    "n_records": 780
  },
  "layer2.1.conv1.weight": {
    "r_t_mean": 0.02641019218760236,
    "r_t_std": 0.01299082596671796,
    "r_t_min": 0.010868928331262292,
    "r_t_max": 0.13850461335551836,
    "delta_hat_mean": 2.3518683293459e-07,
    "delta_hat_std": 5.341307552238216e-06,
    "lambda_t_mean": 0.002965235192854331,
    "lambda_t_std": 0.00031326326089084613,
    "n_records": 780
  },
  "layer2.1.conv2.weight": {
    "r_t_mean": 0.026331539920294356,
    "r_t_std": 0.012697921355640221,
    "r_t_min": 0.011296556821715122,
    "r_t_max": 0.12197070572648168,
    "delta_hat_mean": 3.125687589883724e-07,
    "delta_hat_std": 4.401930498165968e-06,
    "lambda_t_mean": 0.002961364647666706,
    "lambda_t_std": 0.0002898499550170977,
    "n_records": 780
  },
  "layer2.2.conv1.weight": {
    "r_t_mean": 0.026408259199940394,
    "r_t_std": 0.012371104056084695,
    "r_t_min": 0.011738084219675352,
    "r_t_max": 0.10797047513726948,
    "delta_hat_mean": 3.121690583723201e-07,
    "delta_hat_std": 4.922326442330572e-06,
    "lambda_t_mean": 0.002970870747907037,
    "lambda_t_std": 0.0003283795633858246,
    "n_records": 780
  },
  "layer2.2.conv2.weight": {
    "r_t_mean": 0.026110058633545416,
    "r_t_std": 0.01215021376693154,
    "r_t_min": 0.010125724401175096,
    "r_t_max": 0.09728575000600474,
    "delta_hat_mean": 1.760025086310033e-07,
    "delta_hat_std": 4.767626402818016e-06,
    "lambda_t_mean": 0.0029702535883249373,
    "lambda_t_std": 0.0002787929740076224,
    "n_records": 780
  },
  "layer3.0.conv1.weight": {
    "r_t_mean": 0.025728988424899298,
    "r_t_std": 0.011200424092007564,
    "r_t_min": 0.013280666079223362,
    "r_t_max": 0.07381152489577164,
    "delta_hat_mean": 8.086891185417226e-08,
    "delta_hat_std": 3.7211296022836907e-06,
    "lambda_t_mean": 0.002972309960123645,
    "lambda_t_std": 0.00025829030702422814,
    "n_records": 780
  },
  "layer3.0.conv2.weight": {
    "r_t_mean": 0.026213307423301167,
    "r_t_std": 0.01202632908106234,
    "r_t_min": 0.012864894694005953,
    "r_t_max": 0.10077658966896166,
    "delta_hat_mean": -4.760589224310034e-08,
    "delta_hat_std": 2.45793312939257e-06,
    "lambda_t_mean": 0.0029734105393506185,
    "lambda_t_std": 0.00025788960119761336,
    "n_records": 780
  },
  "layer3.0.shortcut.0.weight": {
    "r_t_mean": 0.02510014948661556,
    "r_t_std": 0.01021357583437352,
    "r_t_min": 0.012832253290811951,
    "r_t_max": 0.05564595816476978,
    "delta_hat_mean": 8.604685224401812e-08,
    "delta_hat_std": 8.536510698456715e-06,
    "lambda_t_mean": 0.0029748525641002227,
    "lambda_t_std": 0.00026025245033334824,
    "n_records": 780
  },
  "layer3.1.conv1.weight": {
    "r_t_mean": 0.0268869040852166,
    "r_t_std": 0.013189762218143409,
    "r_t_min": 0.012437341829376265,
    "r_t_max": 0.09011046438627766,
    "delta_hat_mean": 2.302179405857302e-08,
    "delta_hat_std": 3.061925842548395e-06,
    "lambda_t_mean": 0.002973476220727904,
    "lambda_t_std": 0.00027406754072820306,
    "n_records": 780
  },
  "layer3.1.conv2.weight": {
    "r_t_mean": 0.02664574852415118,
    "r_t_std": 0.012690273469449993,
    "r_t_min": 0.012033717228216174,
    "r_t_max": 0.09178188811264408,
    "delta_hat_mean": -5.147230108419716e-08,
    "delta_hat_std": 2.0302206746644604e-06,
    "lambda_t_mean": 0.0029746630103995525,
    "lambda_t_std": 0.00027480089393573984,
    "n_records": 780
  },
  "layer3.2.conv1.weight": {
    "r_t_mean": 0.026355776248202664,
    "r_t_std": 0.01209478388594942,
    "r_t_min": 0.012297565624301298,
    "r_t_max": 0.0874279294425835,
    "delta_hat_mean": -4.155043003408515e-08,
    "delta_hat_std": 2.9736512813612932e-06,
    "lambda_t_mean": 0.002974235883657555,
    "lambda_t_std": 0.0002629929466129519,
    "n_records": 780
  },
  "layer3.2.conv2.weight": {
    "r_t_mean": 0.025344756755268545,
    "r_t_std": 0.010460899434733235,
    "r_t_min": 0.011200570163654704,
    "r_t_max": 0.08875875685790646,
    "delta_hat_mean": 9.514275568372605e-08,
    "delta_hat_std": 2.51962720053164e-06,
    "lambda_t_mean": 0.002971031087204764,
    "lambda_t_std": 0.0002547051338511624,
    "n_records": 780
  },