{
  "features.0.weight": {
    "r_t_mean": 0.01901209455930447,
    "r_t_std": 0.009411808093968724,
    "r_t_min": 0.0017047348713075982,
    "r_t_max": 0.20218744311594583,
    "delta_hat_mean": 2.662717294361015e-07,
    "delta_hat_std": 1.7875145550141188e-05,
    "lambda_t_mean": 0.00025000006654679694,
    "lambda_t_std": 4.4687887359931355e-09,
    "n_records": 1950
  },
  "features.3.weight": {
    "r_t_mean": 0.01962785295612364,
    "r_t_std": 0.019030205510894387,
    "r_t_min": 0.0016235658786419018,
    "r_t_max": 0.8029367507850279,
    "delta_hat_mean": 6.986043235505768e-08,
    "delta_hat_std": 4.289571153281299e-06,
    "lambda_t_mean": 0.00025000001746625637,
    "lambda_t_std": 1.0723900457735822e-09,
    "n_records": 1950
  },
  "features.7.weight": {
    "r_t_mean": 0.021050523150060774,
    "r_t_std": 0.012001708768029196,
    "r_t_min": 0.0014244801298954474,
    "r_t_max": 0.46513634426713496,
    "delta_hat_mean": -9.477222899601098e-10,
    "delta_hat_std": 3.263075809171167e-08,
    "lambda_t_mean": 0.00024999999976992477,
    "lambda_t_std": 8.158707177733737e-12,
    "n_records": 1950
  },
  "features.10.weight": {
    "r_t_mean": 0.022251394872260116,
    "r_t_std": 0.014005178506515925,
    "r_t_min": 0.0013156298460242947,
    "r_t_max": 0.5660129984934976,
    "delta_hat_mean": 4.905482616266956e-11,
    "delta_hat_std": 2.8717213174354648e-08,
    "lambda_t_mean": 0.00025000000001034026,
    "lambda_t_std": 7.1757038169572554e-12,
    "n_records": 1950
  },
  "features.14.weight": {
    "r_t_mean": 0.024055734242952903,
    "r_t_std": 0.010033430964862632,
    "r_t_min": 0.001075924770909094,
    "r_t_max": 0.3422007075766229,
    "delta_hat_mean": -2.7811563934396423e-08,
    "delta_hat_std": 1.2004007187669172e-06,
    "lambda_t_mean": 0.0002499999930514962,
    "lambda_t_std": 3.000983729243769e-10,
    "n_records": 1950
  },
  "features.17.weight": {
    "r_t_mean": 0.02609148973717583,
    "r_t_std": 0.012194659277279958,
    "r_t_min": 0.0010177393275337663,
    "r_t_max": 0.4007493158237386,
    "delta_hat_mean": 7.207710823646198e-10,
    "delta_hat_std": 2.6031056243449185e-08,
    "lambda_t_mean": 0.00025000000017814635,
    "lambda_t_std": 6.508293167148768e-12,
    "n_records": 1950
  },
  "features.20.weight": {
    "r_t_mean": 0.025814424501328134,
    "r_t_std": 0.011630794828048878,
    "r_t_min": 0.0011319377131397313,
    "r_t_max": 0.34042927402760464,
    "delta_hat_mean": 1.2647279360274475e-09,
    "delta_hat_std": 3.784642053520748e-08,
    "lambda_t_mean": 0.0002500000003178135,
    "lambda_t_std": 9.461922206015031e-12,
    "n_records": 1950
  },
  "features.24.weight": {
    "r_t_mean": 0.022534140533365127,
    "r_t_std": 0.009782148543706652,
    "r_t_min": 0.0006190929810630535,
    "r_t_max": 0.21221565084727945,
    "delta_hat_mean": 2.0057397873817188e-08,
    "delta_hat_std": 6.391076599704015e-07,
    "lambda_t_mean": 0.00025000000501452054,
    "lambda_t_std": 1.5977922143728125e-10,
    "n_records": 1950
  },
  "features.27.weight": {
    "r_t_mean": 0.020696836577983265,
    "r_t_std": 0.009813961743379632,
    "r_t_min": 0.00054106492299983,
    "r_t_max": 0.25549986324031226,
    "delta_hat_mean": -1.0419451370406267e-08,
    "delta_hat_std": 7.441172175048599e-07,
    "lambda_t_mean": 0.0002499999973962572,
    "lambda_t_std": 1.8602998927347384e-10,
    "n_records": 1950
  },
  "features.30.weight": {
    "r_t_mean": 0.017685534787201914,
    "r_t_std": 0.008026751117518665,
    "r_t_min": 0.0005361295710416976,
    "r_t_max": 0.2194195910161036,
    "delta_hat_mean": 2.1748356367408014e-08,
    "delta_hat_std": 9.161722925842417e-07,
    "lambda_t_mean": 0.0002500000054347289,
    "lambda_t_std": 2.2904331447955086e-10,
    "n_records": 1950
  },
  "features.34.weight": {
    "r_t_mean": 0.014098062725516482,
    "r_t_std": 0.006026556764678541,
    "r_t_min": 0.0003373663333337585,
    "r_t_max": 0.20126226991368637,
    "delta_hat_mean": -5.732175443201735e-08,
    "delta_hat_std": 1.9392472351033634e-06,
    "lambda_t_mean": 0.0002499999856703214,
    "lambda_t_std": 4.848130008870914e-10,
    "n_records": 1950
  },
  "features.37.weight": {
    "r_t_mean": 0.01348012824833248,
    "r_t_std": 0.004801001504091515,
    "r_t_min": 0.0006446994471669099,
    "r_t_max": 0.16897778734967467,
    "delta_hat_mean": 4.485957071666874e-08,
    "delta_hat_std": 2.159015600163605e-06,
    "lambda_t_mean": 0.00025000001121890054,
    "lambda_t_std": 5.397528857717065e-10,
    "n_records": 1950
  },
  "features.40.weight": {
    "r_t_mean": 0.015343382513013471,
    "r_t_std": 0.004404019105600039,
    "r_t_min": 0.0022134421724034773,
    "r_t_max": 0.1451478491836452,
    "delta_hat_mean": 2.35712348901515e-08,
    "delta_hat_std": 2.520632674210318e-06,
    "lambda_t_mean": 0.00025000000588875455,
    "lambda_t_std": 6.301534429001686e-10,
    "n_records": 1950
  },
  "classifier.0.weight": {
    "r_t_mean": 0.01853435081395612,
    "r_t_std": 0.007724711232458352,
    "r_t_min": 0.00647728544349696,
    "r_t_max": 0.16941241778470165,
    "delta_hat_mean": 2.486883455556101e-05,
    "delta_hat_std": 0.014903027990122242,
    "lambda_t_mean": 0.0002500062172067296,
    "lambda_t_std": 3.7257570247603865e-06,
    "n_records": 1950
  },
  "classifier.3.weight": {
    "r_t_mean": 0.018295524211265544,
    "r_t_std": 0.003994597939921076,
    "r_t_min": 0.008003018169505199,
    "r_t_max": 0.09838053609496569,
    "delta_hat_mean": 0.0002485036242470438,
    "delta_hat_std": 0.010881584064392422,
    "lambda_t_mean": 0.0002500621259031474,
    "lambda_t_std": 2.720396023185766e-06,
    "n_records": 1950
  },
  "classifier.6.weight": {
    "r_t_mean": 0.020681839135893686,
    "r_t_std": 0.00822860369810929,
    "r_t_min": 0.012563646153331753,
    "r_t_max": 0.20626006190660767,
    "delta_hat_mean": 0.0006396141461800653,
    "delta_hat_std": 0.011924663380642252,
    "lambda_t_mean": 0.00025015990353752395,
    "lambda_t_std": 2.981165872287317e-06,
    "n_records": 1950
  }
}