{
  "task_id": "f2_uad_ablations",
  "timestamp": "2026-04-29T01:31:37.060349",
  "config": {
    "model": "gpt2",
    "sae_id": "gpt2-small-res-jb",
    "layer": 8,
    "dataset_samples": 1000,
    "features_analyzed": 504,
    "n_clusters": 50,
    "seed": 42
  },
  "ground_truth": {
    "n_absorption_pairs": 7,
    "absorption_pairs": [
      [
        12413,
        24189
      ],
      [
        24189,
        24189
      ],
      [
        22971,
        24189
      ],
      [
        11513,
        12413
      ],
      [
        11513,
        22971
      ],
      [
        12413,
        22971
      ],
      [
        11513,
        24189
      ]
    ]
  },
  "ablation_results": {
    "full_uad": {
      "detected_pairs": 4155,
      "precision": 0.00024067388688327315,
      "recall": 0.14285714285714285,
      "f1": 0.00048053820278712154,
      "true_positives": 1,
      "false_positives": 4154,
      "false_negatives": 6,
      "ground_truth_pairs": 7
    },
    "no_dead_filter": {
      "detected_pairs": 4155,
      "precision": 0.00024067388688327315,
      "recall": 0.14285714285714285,
      "f1": 0.00048053820278712154,
      "true_positives": 1,
      "false_positives": 4154,
      "false_negatives": 6,
      "ground_truth_pairs": 7
    },
    "no_phi": {
      "detected_pairs": 4155,
      "precision": 0.00024067388688327315,
      "recall": 0.14285714285714285,
      "f1": 0.00048053820278712154,
      "true_positives": 1,
      "false_positives": 4154,
      "false_negatives": 6,
      "ground_truth_pairs": 7
    },
    "no_clustering": {
      "detected_pairs": 106864,
      "precision": 2.8073064830064382e-05,
      "recall": 0.42857142857142855,
      "f1": 5.614245211516689e-05,
      "true_positives": 3,
      "false_positives": 106861,
      "false_negatives": 4,
      "ground_truth_pairs": 7
    },
    "single_linkage": {
      "detected_pairs": 102832,
      "precision": 0.0,
      "recall": 0.0,
      "f1": 0.0,
      "true_positives": 0,
      "false_positives": 102832,
      "false_negatives": 7,
      "ground_truth_pairs": 7
    },
    "kmeans": {
      "detected_pairs": 3243,
      "precision": 0.0018501387604070306,
      "recall": 0.8571428571428571,
      "f1": 0.0036923076923076922,
      "true_positives": 6,
      "false_positives": 3237,
      "false_negatives": 1,
      "ground_truth_pairs": 7
    }
  },
  "random_baseline": {
    "mean_f1": 0.0001102626591882312,
    "std_f1": 4.0657581468206416e-20
  },
  "runtime_seconds": 148.24802350997925
}