{
  "variant": "UDWDC_v2",
  "method": "UDWDC_v2_UDWDC_v2",
  "K_p": 0.5,
  "K_i": 0.1,
  "K_d": 0.3,
  "is_baseline": false,
  "seed": 123,
  "epochs": 200,
  "best_test_acc": 68.02,
  "final_test_acc": 67.82,
  "final_train_acc": 99.58333333333333,
  "generalization_gap": 31.763333333333335,
  "total_wd_budget": 0.3021286638958957,
  "v2_cumulative_wd_budget": 427208.57769302285,
  "csi": 0.2392765145057082,
  "nan_inf_detected": false,
  "elapsed_sec": 732.6664881706238
}