{
  "conv1.weight": {
    "r_t_mean": 0.019006800342791633,
    "r_t_std": 0.017872072399079394,
    "r_t_min": 0.0062768427759389775,
    "r_t_max": 0.4813716592027628,
    "delta_hat_mean": -3.880281631606335e-06,
    "delta_hat_std": 5.906991573556801e-05,
    "lambda_t_mean": 0.0015725127384563775,
    "lambda_t_std": 0.0005161938240838371,
    "n_records": 780
  },
  "layer1.0.conv1.weight": {
    "r_t_mean": 0.01705522954421814,
    "r_t_std": 0.018857404885809417,
    "r_t_min": 0.008180587806895668,
    "r_t_max": 0.5191306595300754,
    "delta_hat_mean": 9.134413266201916e-07,
    "delta_hat_std": 1.611399728185294e-05,
    "lambda_t_mean": 0.0013436659842872448,
    "lambda_t_std": 0.00031957372580591106,
    "n_records": 780
  },
  "layer1.0.conv2.weight": {
    "r_t_mean": 0.016714728150849685,
    "r_t_std": 0.015729780249028172,
    "r_t_min": 0.008253319387309964,
    "r_t_max": 0.42857375000276,
    "delta_hat_mean": 1.03509866373012e-06,
    "delta_hat_std": 2.1164769384890487e-05,
    "lambda_t_mean": 0.001326386151294577,
    "lambda_t_std": 0.0003060514099412899,
    "n_records": 780
  },
  "layer1.1.conv1.weight": {
    "r_t_mean": 0.016555665138599615,
    "r_t_std": 0.011277094750114418,
    "r_t_min": 0.008445503155238636,
    "r_t_max": 0.2932416630867458,
    "delta_hat_mean": 1.2310718328733808e-07,
    "delta_hat_std": 1.4531202603105795e-05,
    "lambda_t_mean": 0.0013045410597647212,
    "lambda_t_std": 0.0002879882969697497,
    "n_records": 780
  },
  "layer1.1.conv2.weight": {
    "r_t_mean": 0.016196730999514453,
    "r_t_std": 0.01054883609745072,
    "r_t_min": 0.00877452888711387,
    "r_t_max": 0.2753472107922099,
    "delta_hat_mean": -2.970476507720321e-07,
    "delta_hat_std": 1.1769074802345989e-05,
    "lambda_t_mean": 0.0012587688025654086,
    "lambda_t_std": 0.0002497048854323857,
    "n_records": 780
  },
  "layer1.2.conv1.weight": {
    "r_t_mean": 0.01641672478082102,
    "r_t_std": 0.0102097365288228,
    "r_t_min": 0.007238972905832905,
    "r_t_max": 0.2587183686803701,
    "delta_hat_mean": -7.928862651044966e-07,
    "delta_hat_std": 1.119264684849533e-05,
    "lambda_t_mean": 0.0012904125316060362,
    "lambda_t_std": 0.00027701080933260864,
    "n_records": 780
  },
  "layer1.2.conv2.weight": {
    "r_t_mean": 0.016122564454813325,
    "r_t_std": 0.008625643827808798,
    "r_t_min": 0.008459418537776256,
    "r_t_max": 0.20994820300817496,
    "delta_hat_mean": -2.6399523216027795e-07,
    "delta_hat_std": 9.456939452698672e-06,
    "lambda_t_mean": 0.0012652221196086406,
    "lambda_t_std": 0.00026705110743522383,
    "n_records": 780
  },
  "layer2.0.conv1.weight": {
    "r_t_mean": 0.01580824672822276,
    "r_t_std": 0.006714984405278606,
    "r_t_min": 0.00838636682502499,
    "r_t_max": 0.14933962917550525,
    "delta_hat_mean": 6.228117758505087e-07,
    "delta_hat_std": 8.616120724928493e-06,
    "lambda_t_mean": 0.001248080013887575,
    "lambda_t_std": 0.00024932734859935704,
    "n_records": 780
  },
  "layer2.0.conv2.weight": {
    "r_t_mean": 0.015625317289409163,
    "r_t_std": 0.007475485850659243,
    "r_t_min": 0.008342738675085929,
    "r_t_max": 0.17789783070581217,
    "delta_hat_mean": 5.590454743035012e-08,
    "delta_hat_std": 5.668566117700268e-06,
    "lambda_t_mean": 0.0012145209027398407,
    "lambda_t_std": 0.00021483080140486443,
    "n_records": 780
  },
  "layer2.0.shortcut.0.weight": {
    "r_t_mean": 0.015698410405247134,
    "r_t_std": 0.0049292051404628764,
    "r_t_min": 0.008247163076544889,
    "r_t_max": 0.04057764737390272,
    "delta_hat_mean": 5.051071837404478e-07,
    "delta_hat_std": 2.283993422723014e-05,
    "lambda_t_mean": 0.0012675405291781784,
    "lambda_t_std": 0.0002505247799908876,
    "n_records": 780
  },
  "layer2.1.conv1.weight": {
    "r_t_mean": 0.016292534701500896,
    "r_t_std": 0.007582738871366767,
    "r_t_min": 0.008575641170764387,
    "r_t_max": 0.16395537036803334,
    "delta_hat_mean": -3.6148382550188913e-07,
    "delta_hat_std": 4.276274775316266e-06,
    "lambda_t_mean": 0.0012317504591916476,
    "lambda_t_std": 0.00023185567898394746,
    "n_records": 780
  },
  "layer2.1.conv2.weight": {
    "r_t_mean": 0.016067503246795047,
    "r_t_std": 0.00702084247481629,
    "r_t_min": 0.008676864660402444,
    "r_t_max": 0.14282629355563756,
    "delta_hat_mean": -1.6003316841250718e-07,
    "delta_hat_std": 3.9263520523750996e-06,
    "lambda_t_mean": 0.001220881832530448,
    "lambda_t_std": 0.00021545113184502776,
    "n_records": 780
  },
  "layer2.2.conv1.weight": {
    "r_t_mean": 0.016219274841198363,
    "r_t_std": 0.00649842794791696,
    "r_t_min": 0.006631470609247702,
    "r_t_max": 0.12013203401414642,
    "delta_hat_mean": 1.8711396740865548e-08,
    "delta_hat_std": 3.969976349145762e-06,
    "lambda_t_mean": 0.0012439877764083124,
    "lambda_t_std": 0.00024723623438272754,
    "n_records": 780
  },
  "layer2.2.conv2.weight": {
    "r_t_mean": 0.015900552566352345,
    "r_t_std": 0.006172237254953886,
    "r_t_min": 0.006021267773549292,
    "r_t_max": 0.10965298978048017,
    "delta_hat_mean": 1.686678783424798e-07,
    "delta_hat_std": 4.525868238946832e-06,
    "lambda_t_mean": 0.0012264463240584333,
    "lambda_t_std": 0.0002273525109749293,
    "n_records": 780
  },
  "layer3.0.conv1.weight": {
    "r_t_mean": 0.015545136670222337,
    "r_t_std": 0.00532978817909988,
    "r_t_min": 0.0085216675110569,
    "r_t_max": 0.08248291047639543,
    "delta_hat_mean": 2.8907570464999692e-08,
    "delta_hat_std": 3.1324324300409295e-06,
    "lambda_t_mean": 0.0012075057668250583,
    "lambda_t_std": 0.00021255360273324104,
    "n_records": 780
  },
  "layer3.0.conv2.weight": {
    "r_t_mean": 0.015776892718036936,
    "r_t_std": 0.006043441244620491,
    "r_t_min": 0.008412223355410843,
    "r_t_max": 0.11173240373444224,
    "delta_hat_mean": -4.802306740873774e-08,
    "delta_hat_std": 2.586475678497218e-06,
    "lambda_t_mean": 0.0011943038253006003,
    "lambda_t_std": 0.00020718864993275686,
    "n_records": 780
  },
  "layer3.0.shortcut.0.weight": {
    "r_t_mean": 0.014835684071512152,
    "r_t_std": 0.004350824846720394,
    "r_t_min": 0.008503661800250896,
    "r_t_max": 0.03858951911943474,
    "delta_hat_mean": -3.1194866411491755e-07,
    "delta_hat_std": 8.767749569885212e-06,
    "lambda_t_mean": 0.0012101432085199451,
    "lambda_t_std": 0.0002194718501146978,
    "n_records": 780
  },
  "layer3.1.conv1.weight": {
    "r_t_mean": 0.016254902273964617,
    "r_t_std": 0.006291812310766752,
    "r_t_min": 0.008656293184402945,
    "r_t_max": 0.1040326598460198,
    "delta_hat_mean": -1.3252154055146766e-07,
    "delta_hat_std": 2.536742571946203e-06,
    "lambda_t_mean": 0.0012088671380800905,
    "lambda_t_std": 0.00020639951354085523,
    "n_records": 780
  },
  "layer3.1.conv2.weight": {
    "r_t_mean": 0.01616292459577791,
    "r_t_std": 0.006356471175759875,
    "r_t_min": 0.00847108583971072,
    "r_t_max": 0.11107316402494108,
    "delta_hat_mean": -8.717827753059794e-08,
    "delta_hat_std": 1.9223858557024885e-06,
    "lambda_t_mean": 0.0012087545253934135,
    "lambda_t_std": 0.00019933852355852986,
    "n_records": 780
  },
  "layer3.2.conv1.weight": {
    "r_t_mean": 0.015977250450195,
    "r_t_std": 0.006017838356325508,
    "r_t_min": 0.00856481523425175,
    "r_t_max": 0.10510630381991999,
    "delta_hat_mean": 8.850185611088171e-08,
    "delta_hat_std": 2.2628160080478517e-06,
    "lambda_t_mean": 0.0012024763060457507,
    "lambda_t_std": 0.00019829872684078674,
    "n_records": 780
  },
  "layer3.2.conv2.weight": {
    "r_t_mean": 0.015393684146369635,
    "r_t_std": 0.005407392130979695,
    "r_t_min": 0.008530127942882985,
    "r_t_max": 0.10421640456768666,
    "delta_hat_mean": 1.2749648194179177e-08,
    "delta_hat_std": 2.0878306266480984e-06,
    "lambda_t_mean": 0.001190367263160076,
    "lambda_t_std": 0.00018764020314190186,
    "n_records": 780
  },