{
  "conv1.weight": {
    "r_t_mean": 0.00761710666589276,
    "r_t_std": 0.017439310034810012,
    "r_t_min": 0.003375527157368285,
    "r_t_max": 0.48126050672224213,
    "delta_hat_mean": 1.5806318235344036e-06,
    "delta_hat_std": 3.9963842044552015e-05,
    "lambda_t_mean": 0.00010451601810058275,
    "lambda_t_std": 0.0,
    "n_records": 780
  },
  "layer1.0.conv1.weight": {
    "r_t_mean": 0.007538343628082989,
    "r_t_std": 0.018535295556803787,
    "r_t_min": 0.003972512636842054,
    "r_t_max": 0.5190107975491899,
    "delta_hat_mean": -3.137724284612977e-07,
    "delta_hat_std": 1.1300549315576308e-05,
    "lambda_t_mean": 0.00010451601810058275,
    "lambda_t_std": 0.0,
    "n_records": 780
  },
  "layer1.0.conv2.weight": {
    "r_t_mean": 0.007335918844790851,
    "r_t_std": 0.01530042137320291,
    "r_t_min": 0.004202603259576212,
    "r_t_max": 0.42847478288580343,
    "delta_hat_mean": -3.7759507213271843e-07,
    "delta_hat_std": 1.1719694644377571e-05,
    "lambda_t_mean": 0.00010451601810058275,
    "lambda_t_std": 0.0,
    "n_records": 780
  },
  "layer1.1.conv1.weight": {
    "r_t_mean": 0.007654302034358601,
    "r_t_std": 0.010448891671473969,
    "r_t_min": 0.004142722448682162,
    "r_t_max": 0.2931739196972428,
    "delta_hat_mean": 3.6900005105039577e-07,
    "delta_hat_std": 1.2062096629096569e-05,
    "lambda_t_mean": 0.00010451601810058275,
    "lambda_t_std": 0.0,
    "n_records": 780
  },
  "layer1.1.conv2.weight": {
    "r_t_mean": 0.007398225893359171,
    "r_t_std": 0.009859403383745765,
    "r_t_min": 0.004313429432051586,
    "r_t_max": 0.27528360220548886,
    "delta_hat_mean": -3.579562699721569e-07,
    "delta_hat_std": 1.0969819571882185e-05,
    "lambda_t_mean": 0.00010451601810058275,
    "lambda_t_std": 0.0,
    "n_records": 780
  },
  "layer1.2.conv1.weight": {
    "r_t_mean": 0.007718191279016642,
    "r_t_std": 0.009298874857328922,
    "r_t_min": 0.004156599538773064,
    "r_t_max": 0.25865861994547595,
    "delta_hat_mean": -4.2979802937628035e-07,
    "delta_hat_std": 9.390560129559375e-06,
    "lambda_t_mean": 0.00010451601810058275,
    "lambda_t_std": 0.0,
    "n_records": 780
  },
  "layer1.2.conv2.weight": {
    "r_t_mean": 0.007522342238512794,
    "r_t_std": 0.0076392796927451274,
    "r_t_min": 0.004300369711566002,
    "r_t_max": 0.2098997102642325,
    "delta_hat_mean": -1.638362900412387e-07,
    "delta_hat_std": 1.260071774098632e-05,
    "lambda_t_mean": 0.00010451601810058275,
    "lambda_t_std": 0.0,
    "n_records": 780
  },
  "layer2.0.conv1.weight": {
    "r_t_mean": 0.007634964795451435,
    "r_t_std": 0.005816193860861143,
    "r_t_min": 0.0044779502737938475,
    "r_t_max": 0.14930514519877205,
    "delta_hat_mean": -3.036833564788839e-08,
    "delta_hat_std": 8.871713744244255e-06,
    "lambda_t_mean": 0.00010451601810058275,
    "lambda_t_std": 0.0,
    "n_records": 780
  },
  "layer2.0.conv2.weight": {
    "r_t_mean": 0.007547044283774317,
    "r_t_std": 0.006868164702677512,
    "r_t_min": 0.004535829918848517,
    "r_t_max": 0.17785675324228686,
    "delta_hat_mean": 1.4128973893136367e-08,
    "delta_hat_std": 6.1054205354976866e-06,
    "lambda_t_mean": 0.00010451601810058275,
    "lambda_t_std": 0.0,
    "n_records": 780
  },
  "layer2.0.shortcut.0.weight": {
    "r_t_mean": 0.00664394939341534,
    "r_t_std": 0.0035027178335018737,
    "r_t_min": 0.00376212409569463,
    "r_t_max": 0.04056827781639789,
    "delta_hat_mean": -4.128706900101811e-07,
    "delta_hat_std": 2.208012489154174e-05,
    "lambda_t_mean": 0.00010451601810058275,
    "lambda_t_std": 0.0,
    "n_records": 780
  },
  "layer2.1.conv1.weight": {
    "r_t_mean": 0.007784032718977686,
    "r_t_std": 0.006325321818745653,
    "r_t_min": 0.004657537517935617,
    "r_t_max": 0.16391750771649838,
    "delta_hat_mean": 8.028435281482178e-08,
    "delta_hat_std": 3.66286375601136e-06,
    "lambda_t_mean": 0.00010451601810058275,
    "lambda_t_std": 0.0,
    "n_records": 780
  },
  "layer2.1.conv2.weight": {
    "r_t_mean": 0.0076778680305344205,
    "r_t_std": 0.005608474920046294,
    "r_t_min": 0.004585715965589959,
    "r_t_max": 0.14279331051840755,
    "delta_hat_mean": -1.2005306278610852e-07,
    "delta_hat_std": 3.9151608053037725e-06,
    "lambda_t_mean": 0.00010451601810058275,
    "lambda_t_std": 0.0,
    "n_records": 780
  },
  "layer2.2.conv1.weight": {
    "r_t_mean": 0.008045852527568493,
    "r_t_std": 0.00501494158515928,
    "r_t_min": 0.004716294610344126,
    "r_t_max": 0.12010429157658349,
    "delta_hat_mean": 1.1689937110764967e-07,
    "delta_hat_std": 3.7910906099155568e-06,
    "lambda_t_mean": 0.00010451601810058275,
    "lambda_t_std": 0.0,
    "n_records": 780
  },
  "layer2.2.conv2.weight": {
    "r_t_mean": 0.007611849882855268,
    "r_t_std": 0.004584847616525597,
    "r_t_min": 0.004764625602278488,
    "r_t_max": 0.1096276764944636,
    "delta_hat_mean": 2.671862832474658e-07,
    "delta_hat_std": 4.3739357882929865e-06,
    "lambda_t_mean": 0.00010451601810058275,
    "lambda_t_std": 0.0,
    "n_records": 780
  },
  "layer3.0.conv1.weight": {
    "r_t_mean": 0.007532683274863818,
    "r_t_std": 0.004008322993801975,
    "r_t_min": 0.00462691569698367,
    "r_t_max": 0.08246386143557169,
    "delta_hat_mean": 6.465449484853554e-08,
    "delta_hat_std": 3.2702523552232706e-06,
    "lambda_t_mean": 0.00010451601810058275,
    "lambda_t_std": 0.0,
    "n_records": 780
  },
  "layer3.0.conv2.weight": {
    "r_t_mean": 0.007914986615886297,
    "r_t_std": 0.004840282735731738,
    "r_t_min": 0.004834203096228006,
    "r_t_max": 0.11170659349145648,
    "delta_hat_mean": -4.4826733063815435e-08,
    "delta_hat_std": 2.09718690567546e-06,
    "lambda_t_mean": 0.00010451601810058275,
    "lambda_t_std": 0.0,
    "n_records": 780
  },
  "layer3.0.shortcut.0.weight": {
    "r_t_mean": 0.006099687767017695,
    "r_t_std": 0.003203167497887323,
    "r_t_min": 0.0035552187607055725,
    "r_t_max": 0.03457215036867758,
    "delta_hat_mean": -8.788287726535219e-08,
    "delta_hat_std": 8.311649328767713e-06,
    "lambda_t_mean": 0.00010451601810058275,
    "lambda_t_std": 0.0,
    "n_records": 780
  },
  "layer3.1.conv1.weight": {
    "r_t_mean": 0.00783516783262948,
    "r_t_std": 0.0049044411477059775,
    "r_t_min": 0.004537439406091588,
    "r_t_max": 0.10400864480134267,
    "delta_hat_mean": 5.404453889142247e-08,
    "delta_hat_std": 2.258677927766247e-06,
    "lambda_t_mean": 0.00010451601810058275,
    "lambda_t_std": 0.0,
    "n_records": 780
  },
  "layer3.1.conv2.weight": {
    "r_t_mean": 0.007885699551748367,
    "r_t_std": 0.004839757717451393,
    "r_t_min": 0.004821949873928043,
    "r_t_max": 0.11104750799165242,
    "delta_hat_mean": 5.4064818364679834e-08,
    "delta_hat_std": 1.7987057105062402e-06,
    "lambda_t_mean": 0.00010451601810058275,
    "lambda_t_std": 0.0,
    "n_records": 780
  },
  "layer3.2.conv1.weight": {
    "r_t_mean": 0.008246158068313927,
    "r_t_std": 0.004408187597253949,
    "r_t_min": 0.005128076850165349,
    "r_t_max": 0.10508203005193016,
    "delta_hat_mean": -8.971093201011079e-08,
    "delta_hat_std": 1.867256921875404e-06,
    "lambda_t_mean": 0.00010451601810058275,
    "lambda_t_std": 0.0,
    "n_records": 780
  },
  "layer3.2.conv2.weight": {
    "r_t_mean": 0.007993720729477223,
    "r_t_std": 0.0042565990368630124,
    "r_t_min": 0.005112099147034117,
    "r_t_max": 0.10419234358099115,
    "delta_hat_mean": -3.726758667022559e-08,
    "delta_hat_std": 1.6233783434399712e-06,
    "lambda_t_mean": 0.00010451601810058275,
    "lambda_t_std": 0.0,
    "n_records": 780
  },
  "fc.weight": {
    "r_t_mean": 0.006802649396989225,
    "r_t_std": 0.006780389185816775,
    "r_t_min": 0.003558921581146217,
    "r_t_max": 0.15044007224838846,
    "delta_hat_mean": -0.0015971501229078292,
    "delta_hat_std": 0.007589994940451001,
    "lambda_t_mean": 0.00010451601810058275,
    "lambda_t_std": 0.0,
    "n_records": 780
  }
}