{
  "variant": "UDWDC_v2",
  "method": "UDWDC_v2_UDWDC_v2",
  "K_p": 0.5,
  "K_i": 0.1,
  "K_d": 0.3,
  "is_baseline": false,
  "seed": 42,
  "epochs": 200,
  "best_test_acc": 68.81,
  "final_test_acc": 68.75,
  "final_train_acc": 99.48517628205128,
  "generalization_gap": 30.735176282051285,
  "total_wd_budget": 0.3280287807652037,
  "v2_cumulative_wd_budget": 477201.2446701794,
  "csi": 0.2392765035983353,
  "nan_inf_detected": false,
  "elapsed_sec": 729.4861686229706
}