{
  "features.0.weight": {
    "r_t_mean": 3.5375981788354385e-09,
    "r_t_std": 5.8216383216333915e-09,
    "r_t_min": 5.504460827596704e-10,
    "r_t_max": 6.961270896442065e-08,
    "delta_hat_mean": -0.00022320365023851524,
    "delta_hat_std": 0.029458280023041187,
    "lambda_t_mean": 0.0,
    "lambda_t_std": 0.0,
    "n_records": 1950
  },
  "features.2.weight": {
    "r_t_mean": 1.7411319934722707e-08,
    "r_t_std": 2.8551999967393814e-08,
    "r_t_min": 2.473538069834739e-09,
    "r_t_max": 3.339335290068907e-07,
    "delta_hat_mean": 1.4797955232855505e-05,
    "delta_hat_std": 0.007029939051639381,
    "lambda_t_mean": 0.0,
    "lambda_t_std": 0.0,
    "n_records": 1950
  },
  "features.5.weight": {
    "r_t_mean": 1.3086970436137296e-08,
    "r_t_std": 2.1277737712585706e-08,
    "r_t_min": 1.9113417506315978e-09,
    "r_t_max": 2.547150464142072e-07,
    "delta_hat_mean": 2.0095554320785315e-05,
    "delta_hat_std": 0.004853638235440844,
    "lambda_t_mean": 0.0,
    "lambda_t_std": 0.0,
    "n_records": 1950
  },
  "features.7.weight": {
    "r_t_mean": 1.9183833049344743e-08,
    "r_t_std": 3.174127364918894e-08,
    "r_t_min": 2.923538332114773e-09,
    "r_t_max": 4.101023321936226e-07,
    "delta_hat_mean": 2.455038005992859e-05,
    "delta_hat_std": 0.003388584846483812,
    "lambda_t_mean": 0.0,
    "lambda_t_std": 0.0,
    "n_records": 1950
  },
  "features.10.weight": {
    "r_t_mean": 1.5026999102184115e-08,
    "r_t_std": 2.4837716421770377e-08,
    "r_t_min": 2.1835140982798602e-09,
    "r_t_max": 3.2382896511012594e-07,
    "delta_hat_mean": -3.657322513784213e-06,
    "delta_hat_std": 0.002139552475570309,
    "lambda_t_mean": 0.0,
    "lambda_t_std": 0.0,
    "n_records": 1950
  },
  "features.12.weight": {
    "r_t_mean": 2.5866040516485494e-08,
    "r_t_std": 4.2919324920111436e-08,
    "r_t_min": 3.625443580865983e-09,
    "r_t_max": 5.843205003275373e-07,
    "delta_hat_mean": 1.1931928448445771e-05,
    "delta_hat_std": 0.0014320719538332388,
    "lambda_t_mean": 0.0,
    "lambda_t_std": 0.0,
    "n_records": 1950
  },
  "features.14.weight": {
    "r_t_mean": 3.5966601704274864e-08,
    "r_t_std": 6.025214338633721e-08,
    "r_t_min": 4.979566535887685e-09,
    "r_t_max": 8.363195196376789e-07,
    "delta_hat_mean": -1.7625666720602177e-05,
    "delta_hat_std": 0.0013214756478482162,
    "lambda_t_mean": 0.0,
    "lambda_t_std": 0.0,
    "n_records": 1950
  },
  "features.17.weight": {
    "r_t_mean": 6.083052345268175e-08,
    "r_t_std": 1.015098964083818e-07,
    "r_t_min": 8.331913847200054e-09,
    "r_t_max": 1.3363159315992331e-06,
    "delta_hat_mean": -3.7953790106024454e-06,
    "delta_hat_std": 0.0007497080018318407,
    "lambda_t_mean": 0.0,
    "lambda_t_std": 0.0,
    "n_records": 1950
  },
  "features.19.weight": {
    "r_t_mean": 2.0529419045982397e-07,
    "r_t_std": 3.4481644917371923e-07,
    "r_t_min": 2.857976019003626e-08,
    "r_t_max": 4.658832137485764e-06,
    "delta_hat_mean": 1.0708135476158112e-05,
    "delta_hat_std": 0.0007188883551125781,
    "lambda_t_mean": 6.363064839551132e-13,
    "lambda_t_std": 5.189240458858804e-12,
    "n_records": 1950
  },
  "features.21.weight": {
    "r_t_mean": 4.237852409100186e-07,
    "r_t_std": 7.081665881468972e-07,
    "r_t_min": 6.353176122489378e-08,
    "r_t_max": 9.528647200648347e-06,
    "delta_hat_mean": 1.6327995822918566e-05,
    "delta_hat_std": 0.0007891471304739944,
    "lambda_t_mean": 1.871259819171141e-14,
    "lambda_t_std": 8.263259620843703e-13,
    "n_records": 1950
  },
  "features.24.weight": {
    "r_t_mean": 1.2226898967042835e-06,
    "r_t_std": 2.0622214299046126e-06,
    "r_t_min": 1.7525866428053064e-07,
    "r_t_max": 2.804967053544526e-05,
    "delta_hat_mean": 3.603718329944245e-06,
    "delta_hat_std": 0.0008489704835925859,
    "lambda_t_mean": 2.620359378497252e-13,
    "lambda_t_std": 3.497693932448593e-12,
    "n_records": 1950
  },
  "features.26.weight": {
    "r_t_mean": 3.609482548589639e-06,
    "r_t_std": 6.106412063688274e-06,
    "r_t_min": 5.005055661787595e-07,
    "r_t_max": 8.050194096674958e-05,
    "delta_hat_mean": 8.480692809630688e-06,
    "delta_hat_std": 0.000670451265079505,
    "lambda_t_mean": 1.6840645344245374e-13,
    "lambda_t_std": 3.4035969420830144e-12,
    "n_records": 1950
  },
  "features.28.weight": {
    "r_t_mean": 1.2938377176525912e-05,
    "r_t_std": 2.227633322958081e-05,
    "r_t_min": 1.8441269449003102e-06,
    "r_t_max": 0.00028991382269278156,
    "delta_hat_mean": 2.9830571866536724e-05,
    "delta_hat_std": 0.0008716324881795636,
    "lambda_t_mean": 2.7124080037579835e-12,
    "lambda_t_std": 4.124854592346489e-11,
    "n_records": 1950
  },
  "classifier.0.weight": {
    "r_t_mean": 2.6469622747469566e-05,
    "r_t_std": 3.875651062275027e-05,
    "r_t_min": 4.060253388447762e-06,
    "r_t_max": 0.0003949741951449064,
    "delta_hat_mean": 8.94972288519733e-05,
    "delta_hat_std": 0.002065111002515283,
    "lambda_t_mean": 3.875862167982466e-12,
    "lambda_t_std": 7.753484945969905e-11,
    "n_records": 1950
  },
  "classifier.3.weight": {
    "r_t_mean": 0.00020448351245323194,
    "r_t_std": 0.0002649925638294957,
    "r_t_min": 3.0489309624875586e-05,
    "r_t_max": 0.002494270852384936,
    "delta_hat_mean": 7.689280879848417e-05,
    "delta_hat_std": 0.002618119800812238,
    "lambda_t_mean": 9.641118270778258e-08,
    "lambda_t_std": 9.994219846371746e-09,
    "n_records": 1950
  },
  "classifier.6.weight": {
    "r_t_mean": 0.0006719214431004474,
    "r_t_std": 0.0014160580630205874,
    "r_t_min": 1.7376466005673558e-05,
    "r_t_max": 0.012503193197753795,
    "delta_hat_mean": 0.0002602212394558825,
    "delta_hat_std": 0.004437216086748028,
    "lambda_t_mean": 1.9311459363484073e-06,
    "lambda_t_std": 2.784924706303583e-07,
    "n_records": 1950
  }
}