{
  "results": {
    "constant_s42": {
      "method": "constant",
      "seed": 42,
      "bar_delta": 0.07123259,
      "sup_delta": 0.098614,
      "gen_gap": 10.1996,
      "best_acc": 89.72,
      "final_wn": 95.9055
    },
    "constant_s123": {
      "method": "constant",
      "seed": 123,
      "bar_delta": 0.074736535,
      "sup_delta": 0.104371,
      "gen_gap": 9.6275,
      "best_acc": 90.15,
      "final_wn": 95.6785
    },
    "constant_s456": {
      "method": "constant",
      "seed": 456,
      "bar_delta": 0.07264403,
      "sup_delta": 0.105445,
      "gen_gap": 10.2716,
      "best_acc": 89.54,
      "final_wn": 95.8748
    },
    "cosine_schedule_s42": {
      "method": "cosine_schedule",
      "seed": 42,
      "bar_delta": 0.07095204000000001,
      "sup_delta": 0.098614,
      "gen_gap": 9.8396,
      "best_acc": 90.0,
      "final_wn": 96.2851
    },
    "cosine_schedule_s123": {
      "method": "cosine_schedule",
      "seed": 123,
      "bar_delta": 0.072850395,
      "sup_delta": 0.104371,
      "gen_gap": 9.8174,
      "best_acc": 89.94,
      "final_wn": 96.055
    },
    "cosine_schedule_s456": {
      "method": "cosine_schedule",
      "seed": 456,
      "bar_delta": 0.07125807,
      "sup_delta": 0.105445,
      "gen_gap": 10.0295,
      "best_acc": 89.77,
      "final_wn": 96.2803
    },
    "cwd_hard_s42": {
      "method": "cwd_hard",
      "seed": 42,
      "bar_delta": 0.07060058,
      "sup_delta": 0.098653,
      "gen_gap": 10.0695,
      "best_acc": 89.71,
      "final_wn": 96.7092
    },
    "cwd_hard_s123": {
      "method": "cwd_hard",
      "seed": 123,
      "bar_delta": 0.073078825,
      "sup_delta": 0.119274,
      "gen_gap": 10.0335,
      "best_acc": 89.78,
      "final_wn": 96.418
    },
    "cwd_hard_s456": {
      "method": "cwd_hard",
      "seed": 456,
      "bar_delta": 0.07225516500000001,
      "sup_delta": 0.097152,
      "gen_gap": 9.4115,
      "best_acc": 90.46,
      "final_wn": 96.4142
    },
    "swd_s42": {
      "method": "swd",
      "seed": 42,
      "bar_delta": 0.07050155999999999,
      "sup_delta": 0.108921,
      "gen_gap": 9.6535,
      "best_acc": 90.08,
      "final_wn": 96.8541
    },
    "swd_s123": {
      "method": "swd",
      "seed": 123,
      "bar_delta": 0.07427227,
      "sup_delta": 0.103822,
      "gen_gap": 9.8074,
      "best_acc": 89.98,
      "final_wn": 96.6799
    },
    "swd_s456": {
      "method": "swd",
      "seed": 456,
      "bar_delta": 0.073243135,
      "sup_delta": 0.10325,
      "gen_gap": 9.3736,
      "best_acc": 90.37,
      "final_wn": 96.7687
    },
    "no_wd_s42": {
      "method": "no_wd",
      "seed": 42,
      "bar_delta": 0.071360285,
      "sup_delta": 0.099852,
      "gen_gap": 9.8316,
      "best_acc": 90.05,
      "final_wn": 96.8792
    },
    "no_wd_s123": {
      "method": "no_wd",
      "seed": 123,
      "bar_delta": 0.073033705,
      "sup_delta": 0.104023,
      "gen_gap": 9.7635,
      "best_acc": 89.99,
      "final_wn": 96.8906
    },
    "no_wd_s456": {
      "method": "no_wd",
      "seed": 456,
      "bar_delta": 0.072098335,
      "sup_delta": 0.106575,
      "gen_gap": 9.5756,
      "best_acc": 90.27,
      "final_wn": 96.8291
    },
    "pmpwd_s42": {
      "method": "pmpwd",
      "seed": 42,
      "bar_delta": 0.07199802,
      "sup_delta": 0.106451,
      "gen_gap": 9.6495,
      "best_acc": 90.16,
      "final_wn": 96.8996
    },
    "pmpwd_s123": {
      "method": "pmpwd",
      "seed": 123,
      "bar_delta": 0.074037875,
      "sup_delta": 0.099794,
      "gen_gap": 9.5875,
      "best_acc": 90.34,
      "final_wn": 96.8602
    },
    "pmpwd_s456": {
      "method": "pmpwd",
      "seed": 456,
      "bar_delta": 0.07223416,
      "sup_delta": 0.103326,
      "gen_gap": 9.6057,
      "best_acc": 90.38,
      "final_wn": 97.0275
    }
  },
  "correlations": {
    "bar_delta_vs_gen_gap": {
      "rho": -0.3787409700722394,
      "p": 0.12116422586370856
    },
    "sup_delta_vs_gen_gap": {
      "rho": 0.04547809083362558,
      "p": 0.8577907993062847
    }
  }
}