{
  "dataset": "imagenet",
  "architecture": "resnet50",
  "epochs": 45,
  "methods": {
    "NoWD": {
      "mean": 70.11066666666666,
      "std": 0.15341881675118124,
      "values": [
        70.064,
        70.282,
        69.986
      ],
      "n": 3
    },
    "FixedWD": {
      "mean": 71.89133333333334,
      "std": 0.23529839211804035,
      "values": [
        71.834,
        72.15,
        71.69
      ],
      "n": 3
    },
    "SWD": {
      "mean": 72.044,
      "std": 0.40149719799769296,
      "values": [
        72.324,
        72.224,
        71.584
      ],
      "n": 3
    },
    "CWD": {
      "mean": 71.39066666666666,
      "std": 0.3237550514406375,
      "values": [
        71.666,
        71.472,
        71.034
      ],
      "n": 3
    },
    "CPR": {
      "mean": 71.382,
      "std": 0.5203537258442521,
      "values": [
        71.978,
        71.018,
        71.15
      ],
      "n": 3
    },
    "CAWD": {
      "mean": 71.43933333333334,
      "std": 0.15427680750304718,
      "values": [
        71.588,
        71.45,
        71.28
      ],
      "n": 3
    },
    "EqWD": {
      "mean": 72.27133333333333,
      "std": 0.19698054049406832,
      "values": [
        72.456,
        72.064,
        72.294
      ],
      "n": 3
    }
  },
  "best_method": "EqWD",
  "best_accuracy": 72.27133333333333
}