{
  "features.0.weight": {
    "r_t_mean": 0.01990654665587617,
    "r_t_std": 0.009196024737293772,
    "r_t_min": 0.00040183686398458205,
    "r_t_max": 0.270690669844931,
    "delta_hat_mean": -2.8732113101603553e-07,
    "delta_hat_std": 1.652598443148818e-05,
    "lambda_t_mean": 0.0003367244024729593,
    "lambda_t_std": 8.051038409622413e-05,
    "n_records": 1950
  },
  "features.3.weight": {
    "r_t_mean": 0.02029252479954752,
    "r_t_std": 0.02067409129538261,
    "r_t_min": 0.00029375692420459805,
    "r_t_max": 0.890246775410264,
    "delta_hat_mean": -1.620245310167234e-07,
    "delta_hat_std": 3.819045571086328e-06,
    "lambda_t_mean": 0.0003609280344939605,
    "lambda_t_std": 6.478287939162762e-05,
    "n_records": 1950
  },
  "features.7.weight": {
    "r_t_mean": 0.021677839061755983,
    "r_t_std": 0.012576228014688808,
    "r_t_min": 0.0002432825455891942,
    "r_t_max": 0.5119664137548223,
    "delta_hat_mean": -6.418075334012021e-10,
    "delta_hat_std": 3.176581047626711e-08,
    "lambda_t_mean": 0.0003348231681037164,
    "lambda_t_std": 8.433134665225184e-05,
    "n_records": 1950
  },
  "features.10.weight": {
    "r_t_mean": 0.023118360710325348,
    "r_t_std": 0.014394376439129716,
    "r_t_min": 0.00020455921466305544,
    "r_t_max": 0.5995477518704196,
    "delta_hat_mean": -9.469937786756923e-10,
    "delta_hat_std": 2.5945166683422288e-08,
    "lambda_t_mean": 0.0003420949726455014,
    "lambda_t_std": 8.452665630143069e-05,
    "n_records": 1950
  },
  "features.14.weight": {
    "r_t_mean": 0.02470931338861672,
    "r_t_std": 0.010800459562837506,
    "r_t_min": 0.00014969794999349765,
    "r_t_max": 0.36225312772083196,
    "delta_hat_mean": 5.835578032797883e-08,
    "delta_hat_std": 1.247716970236028e-06,
    "lambda_t_mean": 0.00029884744705291333,
    "lambda_t_std": 9.83559724282036e-05,
    "n_records": 1950
  },
  "features.17.weight": {
    "r_t_mean": 0.026846900820266674,
    "r_t_std": 0.013470322317480708,
    "r_t_min": 0.0001816256160578874,
    "r_t_max": 0.42614034894769853,
    "delta_hat_mean": -1.792445622999787e-10,
    "delta_hat_std": 2.5450178355088593e-08,
    "lambda_t_mean": 0.0002890169539141715,
    "lambda_t_std": 9.669117135824178e-05,
    "n_records": 1950
  },
  "features.20.weight": {
    "r_t_mean": 0.0262656179272733,
    "r_t_std": 0.012831389020800112,
    "r_t_min": 0.00019059826480225482,
    "r_t_max": 0.3592168471046637,
    "delta_hat_mean": 4.835950678491811e-10,
    "delta_hat_std": 3.4378624484109795e-08,
    "lambda_t_mean": 0.00026597202928127365,
    "lambda_t_std": 9.224224075657878e-05,
    "n_records": 1950
  },
  "features.24.weight": {
    "r_t_mean": 0.022096433256737068,
    "r_t_std": 0.010275084076108885,
    "r_t_min": 9.12035046699889e-05,
    "r_t_max": 0.22139109830214027,
    "delta_hat_mean": -1.4119033437327453e-08,
    "delta_hat_std": 6.163088392780981e-07,
    "lambda_t_mean": 0.00019250828110356757,
    "lambda_t_std": 7.974508520158596e-05,
    "n_records": 1950
  },
  "features.27.weight": {
    "r_t_mean": 0.020031449160414345,
    "r_t_std": 0.010051983293134023,
    "r_t_min": 7.002040884242886e-05,
    "r_t_max": 0.2662461448074914,
    "delta_hat_mean": -2.41247632495889e-08,
    "delta_hat_std": 7.023682039106018e-07,
    "lambda_t_mean": 0.0001663828999568822,
    "lambda_t_std": 6.721015335232317e-05,
    "n_records": 1950
  },
  "features.30.weight": {
    "r_t_mean": 0.016726920481604384,
    "r_t_std": 0.007949420678969327,
    "r_t_min": 7.266455236292635e-05,
    "r_t_max": 0.22685068185078916,
    "delta_hat_mean": -2.6646972490432028e-08,
    "delta_hat_std": 8.925798062441697e-07,
    "lambda_t_mean": 0.0001303472151135876,
    "lambda_t_std": 5.251589379142403e-05,
    "n_records": 1950
  },
  "features.34.weight": {
    "r_t_mean": 0.012881606327739574,
    "r_t_std": 0.005907427099741854,
    "r_t_min": 8.8578310663437e-05,
    "r_t_max": 0.20947777255324124,
    "delta_hat_mean": 1.726949489394131e-09,
    "delta_hat_std": 1.8313102224613439e-06,
    "lambda_t_mean": 0.00010377755252362071,
    "lambda_t_std": 3.836257275445828e-05,
    "n_records": 1950
  },
  "features.37.weight": {
    "r_t_mean": 0.012370696733677045,
    "r_t_std": 0.004720815961510117,
    "r_t_min": 0.0002654866237326001,
    "r_t_max": 0.17518091134171723,
    "delta_hat_mean": 6.051668713644082e-08,
    "delta_hat_std": 1.9814069572954556e-06,
    "lambda_t_mean": 0.0001098077415158978,
    "lambda_t_std": 3.927828395895551e-05,
    "n_records": 1950
  },
  "features.40.weight": {
    "r_t_mean": 0.014544249884188391,
    "r_t_std": 0.004320456665670721,
    "r_t_min": 0.000958688758401797,
    "r_t_max": 0.150737914803322,
    "delta_hat_mean": -9.53604102577197e-09,
    "delta_hat_std": 2.4271538614654417e-06,
    "lambda_t_mean": 0.00017231036317526653,
    "lambda_t_std": 5.642236125787903e-05,
    "n_records": 1950
  },
  "classifier.0.weight": {
    "r_t_mean": 0.016589190371567652,
    "r_t_std": 0.00871378585815344,
    "r_t_min": 0.002594242315012529,
    "r_t_max": 0.1969098202069863,
    "delta_hat_mean": -0.0003460435860723429,
    "delta_hat_std": 0.014113354521458274,
    "lambda_t_mean": 0.00021042582858067302,
    "lambda_t_std": 5.742608573683143e-05,
    "n_records": 1950
  },
  "classifier.3.weight": {
    "r_t_mean": 0.018094053881001725,
    "r_t_std": 0.0034997341058636004,
    "r_t_min": 0.004439882788929352,
    "r_t_max": 0.08150467418120122,
    "delta_hat_mean": 0.00043641571220760875,
    "delta_hat_std": 0.011705991990800349,
    "lambda_t_mean": 0.00021977465907747936,
    "lambda_t_std": 6.215870578513456e-05,
    "n_records": 1950
  },
  "classifier.6.weight": {
    "r_t_mean": 0.021718243126428814,
    "r_t_std": 0.007648699343339673,
    "r_t_min": 0.01016035834691489,
    "r_t_max": 0.20786880498277807,
    "delta_hat_mean": 0.0005238474838702336,
    "delta_hat_std": 0.012216544090912728,
    "lambda_t_mean": 0.00037307095699430203,
    "lambda_t_std": 5.049151645894602e-05,
    "n_records": 1950
  }
}