{
  "conv1.weight": {
    "r_t_mean": 0.04324131639634115,
    "r_t_std": 0.030102979623575252,
    "r_t_min": 0.017732282924681864,
    "r_t_max": 0.48125123811586334,
    "delta_hat_mean": -1.0574870346912436e-07,
    "delta_hat_std": 3.864731034224113e-05,
    "lambda_t_mean": 1.6182487935983205e-05,
    "lambda_t_std": 3.1725315408628676e-06,
    "n_records": 780
  },
  "layer1.0.conv1.weight": {
    "r_t_mean": 0.04249360648854316,
    "r_t_std": 0.024909450255372275,
    "r_t_min": 0.024468195283595017,
    "r_t_max": 0.519000807024557,
    "delta_hat_mean": -3.3710769448848125e-08,
    "delta_hat_std": 1.0404389125075736e-05,
    "lambda_t_mean": 1.6068064330335837e-05,
    "lambda_t_std": 2.093571365805292e-06,
    "n_records": 780
  },
  "layer1.0.conv2.weight": {
    "r_t_mean": 0.041857340238558215,
    "r_t_std": 0.02216210292554787,
    "r_t_min": 0.024198384971958926,
    "r_t_max": 0.4284665376891974,
    "delta_hat_mean": 1.9576371879218086e-07,
    "delta_hat_std": 8.967312764413324e-06,
    "lambda_t_mean": 1.6004582270076703e-05,
    "lambda_t_std": 1.8641556976247342e-06,
    "n_records": 780
  },
  "layer1.1.conv1.weight": {
    "r_t_mean": 0.04238195591037948,
    "r_t_std": 0.015981858117595338,
    "r_t_min": 0.02596431688438275,
    "r_t_max": 0.2931682933781526,
    "delta_hat_mean": 2.94390321346013e-07,
    "delta_hat_std": 7.99397244276604e-06,
    "lambda_t_mean": 1.5972267714287756e-05,
    "lambda_t_std": 1.94873673692194e-06,
    "n_records": 780
  },
  "layer1.1.conv2.weight": {
    "r_t_mean": 0.041266502304320475,
    "r_t_std": 0.016466267018710314,
    "r_t_min": 0.02508591637930329,
    "r_t_max": 0.2752783240987566,
    "delta_hat_mean": -2.1072549225109308e-07,
    "delta_hat_std": 8.260872049123983e-06,
    "lambda_t_mean": 1.5997664094759543e-05,
    "lambda_t_std": 1.8018337614820592e-06,
    "n_records": 780
  },
  "layer1.2.conv1.weight": {
    "r_t_mean": 0.04439150542416029,
    "r_t_std": 0.01519198476246664,
    "r_t_min": 0.027349740907693296,
    "r_t_max": 0.25865363546628983,
    "delta_hat_mean": 3.352380727467273e-07,
    "delta_hat_std": 8.75427173956112e-06,
    "lambda_t_mean": 1.6090569694630554e-05,
    "lambda_t_std": 2.042937941150189e-06,
    "n_records": 780
  },
  "layer1.2.conv2.weight": {
    "r_t_mean": 0.04133594695623996,
    "r_t_std": 0.015009286419125727,
    "r_t_min": 0.025704854339815862,
    "r_t_max": 0.20989568110279916,
    "delta_hat_mean": 4.104606755908126e-08,
    "delta_hat_std": 7.5464089841617535e-06,
    "lambda_t_mean": 1.599040703199984e-05,
    "lambda_t_std": 1.7783037609944267e-06,
    "n_records": 780
  },
  "layer2.0.conv1.weight": {
    "r_t_mean": 0.04253433647188126,
    "r_t_std": 0.016078059840422064,
    "r_t_min": 0.0261266978331582,
    "r_t_max": 0.14930226866177093,
    "delta_hat_mean": -6.874345129604401e-09,
    "delta_hat_std": 7.592803656513309e-06,
    "lambda_t_mean": 1.6096101573721205e-05,
    "lambda_t_std": 1.6207360786620499e-06,
    "n_records": 780
  },
  "layer2.0.conv2.weight": {
    "r_t_mean": 0.043704596906708075,
    "r_t_std": 0.018901073610124147,
    "r_t_min": 0.026458265075481425,
    "r_t_max": 0.17785333532500477,
    "delta_hat_mean": -4.863395667269853e-08,
    "delta_hat_std": 4.560885944785077e-06,
    "lambda_t_mean": 1.609632519355023e-05,
    "lambda_t_std": 1.4733938507741742e-06,
    "n_records": 780
  },
  "layer2.0.shortcut.0.weight": {
    "r_t_mean": 0.034642710473597585,
    "r_t_std": 0.010595325771802961,
    "r_t_min": 0.019822829540317395,
    "r_t_max": 0.08114193701327223,
    "delta_hat_mean": -3.6734881735190366e-07,
    "delta_hat_std": 1.671645539077075e-05,
    "lambda_t_mean": 1.6070044458982974e-05,
    "lambda_t_std": 1.7424517842041233e-06,
    "n_records": 780
  },
  "layer2.1.conv1.weight": {
    "r_t_mean": 0.04437619112420433,
    "r_t_std": 0.0184390412009538,
    "r_t_min": 0.027102518617024052,
    "r_t_max": 0.16391435727776052,
    "delta_hat_mean": 2.1811155394839233e-07,
    "delta_hat_std": 3.3097036382714903e-06,
    "lambda_t_mean": 1.604980859434946e-05,
    "lambda_t_std": 1.5984997694394097e-06,
    "n_records": 780
  },
  "layer2.1.conv2.weight": {
    "r_t_mean": 0.04354247683557405,
    "r_t_std": 0.016282050330944035,
    "r_t_min": 0.02687930529735606,
    "r_t_max": 0.14279055308146685,
    "delta_hat_mean": 1.156386250846854e-07,
    "delta_hat_std": 3.5401955432578187e-06,
    "lambda_t_mean": 1.610997052470384e-05,
    "lambda_t_std": 1.4507517177633923e-06,
    "n_records": 780
  },
  "layer2.2.conv1.weight": {
    "r_t_mean": 0.04654672849985493,
    "r_t_std": 0.015452250566294878,
    "r_t_min": 0.029838597989915235,
    "r_t_max": 0.12730474909989967,
    "delta_hat_mean": 2.2675691581866338e-07,
    "delta_hat_std": 3.154652361058888e-06,
    "lambda_t_mean": 1.6089785081381735e-05,
    "lambda_t_std": 1.509804458494552e-06,
    "n_records": 780
  },
  "layer2.2.conv2.weight": {
    "r_t_mean": 0.04443729796968216,
    "r_t_std": 0.01465524869064154,
    "r_t_min": 0.029151230794839847,
    "r_t_max": 0.12001494584060061,
    "delta_hat_mean": -3.7399788410663605e-08,
    "delta_hat_std": 3.4073216567949736e-06,
    "lambda_t_mean": 1.611915271116431e-05,
    "lambda_t_std": 1.3981731519624572e-06,
    "n_records": 780
  },
  "layer3.0.conv1.weight": {
    "r_t_mean": 0.043757081793721286,
    "r_t_std": 0.014592639655531713,
    "r_t_min": 0.028112187549031362,
    "r_t_max": 0.11002595003220826,
    "delta_hat_mean": -1.0000544771371214e-07,
    "delta_hat_std": 3.4429212542105228e-06,
    "lambda_t_mean": 1.6111409326707842e-05,
    "lambda_t_std": 1.3417913145032289e-06,
    "n_records": 780
  },
  "layer3.0.conv2.weight": {
    "r_t_mean": 0.04819550598434482,
    "r_t_std": 0.015982494902274207,
    "r_t_min": 0.03173121495657857,
    "r_t_max": 0.12145087698704628,
    "delta_hat_mean": 6.578283783794858e-08,
    "delta_hat_std": 1.842442876342306e-06,
    "lambda_t_mean": 1.610122204743454e-05,
    "lambda_t_std": 1.3142677225886664e-06,
    "n_records": 780
  },
  "layer3.0.shortcut.0.weight": {
    "r_t_mean": 0.0322712936049096,
    "r_t_std": 0.00936048356521048,
    "r_t_min": 0.020251712169908134,
    "r_t_max": 0.0683365113503853,
    "delta_hat_mean": -3.1747986484995605e-07,
    "delta_hat_std": 6.768749170524248e-06,
    "lambda_t_mean": 1.6098223502369035e-05,
    "lambda_t_std": 1.4183286370267536e-06,
    "n_records": 780
  },
  "layer3.1.conv1.weight": {
    "r_t_mean": 0.04817552201643695,
    "r_t_std": 0.016596774799955385,
    "r_t_min": 0.03148944540030638,
    "r_t_max": 0.12583279320697535,
    "delta_hat_mean": -2.3008409054855092e-08,
    "delta_hat_std": 1.9001269166657989e-06,
    "lambda_t_mean": 1.61192260878408e-05,
    "lambda_t_std": 1.3648712314605005e-06,
    "n_records": 780
  },
  "layer3.1.conv2.weight": {
    "r_t_mean": 0.04818076588383477,
    "r_t_std": 0.013910598501790907,
    "r_t_min": 0.03385589464898683,
    "r_t_max": 0.11104537052386432,
    "delta_hat_mean": 1.986650638697595e-08,
    "delta_hat_std": 1.6740755034893669e-06,
    "lambda_t_mean": 1.6123525717713558e-05,
    "lambda_t_std": 1.2717532721242616e-06,
    "n_records": 780
  },
  "layer3.2.conv1.weight": {
    "r_t_mean": 0.04922619086902492,
    "r_t_std": 0.012151479134071545,
    "r_t_min": 0.03434301829077248,
    "r_t_max": 0.10508000503682244,
    "delta_hat_mean": -1.5523150347832668e-08,
    "delta_hat_std": 1.7223682757013372e-06,
    "lambda_t_mean": 1.6122215332097215e-05,
    "lambda_t_std": 1.2685844160191563e-06,
    "n_records": 780
  },
  "layer3.2.conv2.weight": {
    "r_t_mean": 0.04423095378110112,
    "r_t_std": 0.012416279089002906,
    "r_t_min": 0.029833630726960717,
    "r_t_max": 0.10553170290834485,
    "delta_hat_mean": 4.452547209507994e-08,
    "delta_hat_std": 1.5847834273204387e-06,
    "lambda_t_mean": 1.6116990539469464e-05,
    "lambda_t_std": 1.2065200010669277e-06,
    "n_records": 780
  },