{
  "conv1.weight": {
    "r_t_mean": 0.08886779529736259,
    "r_t_std": 0.04394668085978117,
    "r_t_min": 0.041874419873393395,
    "r_t_max": 0.481251090215464,
    "delta_hat_mean": 7.089984005727336e-07,
    "delta_hat_std": 3.514766095546354e-05,
    "lambda_t_mean": 1.1672030089869431e-05,
    "lambda_t_std": 0.0,
    "n_records": 780
  },
  "layer1.0.conv1.weight": {
    "r_t_mean": 0.08481765439124293,
    "r_t_std": 0.03729404449615158,
    "r_t_min": 0.04506623384150245,
    "r_t_max": 0.519000698434011,
    "delta_hat_mean": -1.1281298540802927e-07,
    "delta_hat_std": 1.1192723959533092e-05,
    "lambda_t_mean": 1.1672030089869431e-05,
    "lambda_t_std": 0.0,
    "n_records": 780
  },
  "layer1.0.conv2.weight": {
    "r_t_mean": 0.08412457248433258,
    "r_t_std": 0.035103419900061494,
    "r_t_min": 0.05211057870420994,
    "r_t_max": 0.42846644950699153,
    "delta_hat_mean": -1.2846398941535906e-07,
    "delta_hat_std": 7.487473142392002e-06,
    "lambda_t_mean": 1.1672030089869431e-05,
    "lambda_t_std": 0.0,
    "n_records": 780
  },
  "layer1.1.conv1.weight": {
    "r_t_mean": 0.0844046990201485,
    "r_t_std": 0.028524356264284123,
    "r_t_min": 0.0475530698928913,
    "r_t_max": 0.293168233204784,
    "delta_hat_mean": 3.2829773265178987e-07,
    "delta_hat_std": 7.689512765445356e-06,
    "lambda_t_mean": 1.1672030089869431e-05,
    "lambda_t_std": 0.0,
    "n_records": 780
  },
  "layer1.1.conv2.weight": {
    "r_t_mean": 0.08243780265658943,
    "r_t_std": 0.027134815287244537,
    "r_t_min": 0.050318142263430767,
    "r_t_max": 0.27527826734602057,
    "delta_hat_mean": -1.6263595553138834e-07,
    "delta_hat_std": 7.176426128139798e-06,
    "lambda_t_mean": 1.1672030089869431e-05,
    "lambda_t_std": 0.0,
    "n_records": 780
  },
  "layer1.2.conv1.weight": {
    "r_t_mean": 0.08871460180482327,
    "r_t_std": 0.024505653561985415,
    "r_t_min": 0.05440369743363234,
    "r_t_max": 0.25865358215739026,
    "delta_hat_mean": 3.391314078950194e-07,
    "delta_hat_std": 5.993237866890023e-06,
    "lambda_t_mean": 1.1672030089869431e-05,
    "lambda_t_std": 0.0,
    "n_records": 780
  },
  "layer1.2.conv2.weight": {
    "r_t_mean": 0.08199019153659727,
    "r_t_std": 0.025185115304727078,
    "r_t_min": 0.05237360556667996,
    "r_t_max": 0.25455252406437323,
    "delta_hat_mean": -1.8390170043060013e-07,
    "delta_hat_std": 6.253715855935091e-06,
    "lambda_t_mean": 1.1672030089869431e-05,
    "lambda_t_std": 0.0,
    "n_records": 780
  },
  "layer2.0.conv1.weight": {
    "r_t_mean": 0.08381292997350666,
    "r_t_std": 0.02560548612485926,
    "r_t_min": 0.050334652069346626,
    "r_t_max": 0.20263755287064325,
    "delta_hat_mean": -2.868098667429527e-07,
    "delta_hat_std": 6.710738225579311e-06,
    "lambda_t_mean": 1.1672030089869431e-05,
    "lambda_t_std": 0.0,
    "n_records": 780
  },
  "layer2.0.conv2.weight": {
    "r_t_mean": 0.08842379672426123,
    "r_t_std": 0.02989111257569456,
    "r_t_min": 0.055745212514870676,
    "r_t_max": 0.23066389737401005,
    "delta_hat_mean": -1.5691447382225297e-08,
    "delta_hat_std": 4.367564337314471e-06,
    "lambda_t_mean": 1.1672030089869431e-05,
    "lambda_t_std": 0.0,
    "n_records": 780
  },
  "layer2.0.shortcut.0.weight": {
    "r_t_mean": 0.061655194357343936,
    "r_t_std": 0.011005720683501275,
    "r_t_min": 0.029528168812783452,
    "r_t_max": 0.10302311530896832,
    "delta_hat_mean": 3.541419428274231e-07,
    "delta_hat_std": 1.6550119980344445e-05,
    "lambda_t_mean": 1.1672030089869431e-05,
    "lambda_t_std": 0.0,
    "n_records": 780
  },
  "layer2.1.conv1.weight": {
    "r_t_mean": 0.09116379752067673,
    "r_t_std": 0.029677830027582754,
    "r_t_min": 0.05611911902323972,
    "r_t_max": 0.2814296589358874,
    "delta_hat_mean": 1.3496290115545852e-07,
    "delta_hat_std": 2.9283129406370153e-06,
    "lambda_t_mean": 1.1672030089869431e-05,
    "lambda_t_std": 0.0,
    "n_records": 780
  },
  "layer2.1.conv2.weight": {
    "r_t_mean": 0.0877787131286337,
    "r_t_std": 0.026199832642445495,
    "r_t_min": 0.056269762363546985,
    "r_t_max": 0.20954984772247062,
    "delta_hat_mean": -1.935024322996526e-08,
    "delta_hat_std": 3.2436697404350673e-06,
    "lambda_t_mean": 1.1672030089869431e-05,
    "lambda_t_std": 0.0,
    "n_records": 780
  },
  "layer2.2.conv1.weight": {
    "r_t_mean": 0.09172377482126651,
    "r_t_std": 0.025947846829955788,
    "r_t_min": 0.05910660121842488,
    "r_t_max": 0.20511454141711125,
    "delta_hat_mean": -2.0494126221142332e-07,
    "delta_hat_std": 2.9636228099213143e-06,
    "lambda_t_mean": 1.1672030089869431e-05,
    "lambda_t_std": 0.0,
    "n_records": 780
  },
  "layer2.2.conv2.weight": {
    "r_t_mean": 0.0872322110188136,
    "r_t_std": 0.02211931324924342,
    "r_t_min": 0.058509576423944935,
    "r_t_max": 0.18809180603493478,
    "delta_hat_mean": -2.639975732825882e-07,
    "delta_hat_std": 3.2420616370529518e-06,
    "lambda_t_mean": 1.1672030089869431e-05,
    "lambda_t_std": 0.0,
    "n_records": 780
  },
  "layer3.0.conv1.weight": {
    "r_t_mean": 0.08753397947880653,
    "r_t_std": 0.01815721246170255,
    "r_t_min": 0.05899248530872679,
    "r_t_max": 0.15435554813870836,
    "delta_hat_mean": 6.911500025886552e-08,
    "delta_hat_std": 2.8804988729982676e-06,
    "lambda_t_mean": 1.1672030089869431e-05,
    "lambda_t_std": 0.0,
    "n_records": 780
  },
  "layer3.0.conv2.weight": {
    "r_t_mean": 0.09847140645518403,
    "r_t_std": 0.01952529334988994,
    "r_t_min": 0.06822168120746938,
    "r_t_max": 0.17484831063428155,
    "delta_hat_mean": 3.974069121502574e-09,
    "delta_hat_std": 1.7383836735219899e-06,
    "lambda_t_mean": 1.1672030089869431e-05,
    "lambda_t_std": 0.0,
    "n_records": 780
  },
  "layer3.0.shortcut.0.weight": {
    "r_t_mean": 0.06071354689554208,
    "r_t_std": 0.0075834390972273754,
    "r_t_min": 0.025467178004408418,
    "r_t_max": 0.09165603043803436,
    "delta_hat_mean": 1.5876649795424157e-08,
    "delta_hat_std": 6.663203457351402e-06,
    "lambda_t_mean": 1.1672030089869431e-05,
    "lambda_t_std": 0.0,
    "n_records": 780
  },
  "layer3.1.conv1.weight": {
    "r_t_mean": 0.09802887384227578,
    "r_t_std": 0.021568052744182806,
    "r_t_min": 0.06545160502990552,
    "r_t_max": 0.18768291562041642,
    "delta_hat_mean": 2.5455464941054757e-08,
    "delta_hat_std": 1.6870060462289407e-06,
    "lambda_t_mean": 1.1672030089869431e-05,
    "lambda_t_std": 0.0,
    "n_records": 780
  },
  "layer3.1.conv2.weight": {
    "r_t_mean": 0.09446735396165172,
    "r_t_std": 0.01636797123152357,
    "r_t_min": 0.06594145648031192,
    "r_t_max": 0.15918024685068863,
    "delta_hat_mean": 1.1513857443251761e-08,
    "delta_hat_std": 1.565709054232678e-06,
    "lambda_t_mean": 1.1672030089869431e-05,
    "lambda_t_std": 0.0,
    "n_records": 780
  },
  "layer3.2.conv1.weight": {
    "r_t_mean": 0.09606631476120155,
    "r_t_std": 0.01356470012735882,
    "r_t_min": 0.06957912899974295,
    "r_t_max": 0.14481475497723742,
    "delta_hat_mean": 2.2627414318311988e-08,
    "delta_hat_std": 1.4150194802650484e-06,
    "lambda_t_mean": 1.1672030089869431e-05,
    "lambda_t_std": 0.0,
    "n_records": 780
  },
  "layer3.2.conv2.weight": {
    "r_t_mean": 0.08287980153496606,
    "r_t_std": 0.014082947003898103,
    "r_t_min": 0.05402090908240021,
    "r_t_max": 0.1282893539257203,
    "delta_hat_mean": -1.2925985583001064e-07,
    "delta_hat_std": 1.344161472425679e-06,
    "lambda_t_mean": 1.1672030089869431e-05,
    "lambda_t_std": 0.0,
    "n_records": 780
  },
  "fc.weight": {
    "r_t_mean": 0.05028735169655898,
    "r_t_std": 0.028975683470023328,
    "r_t_min": 0.024419957320533883,
    "r_t_max": 0.20650653652461712,
    "delta_hat_mean": -0.006470587762569033,
    "delta_hat_std": 0.007062371093447344,
    "lambda_t_mean": 1.1672030089869431e-05,
    "lambda_t_std": 0.0,
    "n_records": 780
  }
}