{
  "conv1.weight": {
    "r_t_mean": 0.016302391449431946,
    "r_t_std": 0.013396154299574973,
    "r_t_min": 0.004151461203965349,
    "r_t_max": 0.3976654327973974,
    "delta_hat_mean": 1.0461635083877296e-06,
    "delta_hat_std": 4.9214819245486927e-05,
    "lambda_t_mean": 0.0004955206561269843,
    "lambda_t_std": 0.00014169389919416466,
    "n_records": 1950
  },
  "layer1.0.conv1.weight": {
    "r_t_mean": 0.01632530820683348,
    "r_t_std": 0.012641054403118138,
    "r_t_min": 0.004953300458756896,
    "r_t_max": 0.4875949694779707,
    "delta_hat_mean": 6.022824287390595e-08,
    "delta_hat_std": 1.4496379928400604e-05,
    "lambda_t_mean": 0.0004931927276598284,
    "lambda_t_std": 0.00010724545257084088,
    "n_records": 1950
  },
  "layer1.0.conv2.weight": {
    "r_t_mean": 0.016358233765449225,
    "r_t_std": 0.011031144987406493,
    "r_t_min": 0.005530953989879877,
    "r_t_max": 0.3887544787470612,
    "delta_hat_mean": -1.4306206116210537e-07,
    "delta_hat_std": 1.0710854664731957e-05,
    "lambda_t_mean": 0.0004930066320892611,
    "lambda_t_std": 0.00010074279871258887,
    "n_records": 1950
  },
  "layer1.1.conv1.weight": {
    "r_t_mean": 0.01628029431088209,
    "r_t_std": 0.00864625362541977,
    "r_t_min": 0.005508277008496002,
    "r_t_max": 0.2770598691740061,
    "delta_hat_mean": -3.626799797783721e-08,
    "delta_hat_std": 9.758158388407642e-06,
    "lambda_t_mean": 0.0004922768943851721,
    "lambda_t_std": 0.00010255646370609899,
    "n_records": 1950
  },
  "layer1.1.conv2.weight": {
    "r_t_mean": 0.016246506827243146,
    "r_t_std": 0.00841257031588995,
    "r_t_min": 0.005195020640217475,
    "r_t_max": 0.26261789499507726,
    "delta_hat_mean": -1.7011646281963667e-09,
    "delta_hat_std": 8.217284311287823e-06,
    "lambda_t_mean": 0.000494176030965417,
    "lambda_t_std": 0.00010125967728046144,
    "n_records": 1950
  },
  "layer1.2.conv1.weight": {
    "r_t_mean": 0.017373222947878523,
    "r_t_std": 0.007845942720236795,
    "r_t_min": 0.0056959942174569286,
    "r_t_max": 0.23429482311879085,
    "delta_hat_mean": 1.2621543658447729e-07,
    "delta_hat_std": 8.444102125830439e-06,
    "lambda_t_mean": 0.0004959931193561279,
    "lambda_t_std": 0.00010535815758112358,
    "n_records": 1950
  },
  "layer1.2.conv2.weight": {
    "r_t_mean": 0.016522075856226608,
    "r_t_std": 0.007292467638032236,
    "r_t_min": 0.00560905507194729,
    "r_t_max": 0.189398588754468,
    "delta_hat_mean": 5.1825272780313654e-08,
    "delta_hat_std": 8.760107593309488e-06,
    "lambda_t_mean": 0.000494423793659801,
    "lambda_t_std": 9.771596468647722e-05,
    "n_records": 1950
  },
  "layer2.0.conv1.weight": {
    "r_t_mean": 0.016692401923043717,
    "r_t_std": 0.007542050162128478,
    "r_t_min": 0.005001950611621695,
    "r_t_max": 0.14666268940305785,
    "delta_hat_mean": -2.8647049506803093e-08,
    "delta_hat_std": 9.39546886644357e-06,
    "lambda_t_mean": 0.0004955949082367123,
    "lambda_t_std": 9.617071179987762e-05,
    "n_records": 1950
  },
  "layer2.0.conv2.weight": {
    "r_t_mean": 0.0172587520893063,
    "r_t_std": 0.008525989606632848,
    "r_t_min": 0.005064902040236794,
    "r_t_max": 0.1801026466505386,
    "delta_hat_mean": 1.204997105744359e-07,
    "delta_hat_std": 5.2515447707912906e-06,
    "lambda_t_mean": 0.0004957684326740661,
    "lambda_t_std": 9.392568427525237e-05,
    "n_records": 1950
  },
  "layer2.0.shortcut.0.weight": {
    "r_t_mean": 0.014862506483963374,
    "r_t_std": 0.005110653217377912,
    "r_t_min": 0.004452759282499039,
    "r_t_max": 0.05210444385369832,
    "delta_hat_mean": -2.725814098115419e-07,
    "delta_hat_std": 1.7196525521222275e-05,
    "lambda_t_mean": 0.0004972019056866936,
    "lambda_t_std": 9.518586674657217e-05,
    "n_records": 1950
  },
  "layer2.1.conv1.weight": {
    "r_t_mean": 0.017753933876500875,
    "r_t_std": 0.008268830943892039,
    "r_t_min": 0.0059390744633886225,
    "r_t_max": 0.1616532346407033,
    "delta_hat_mean": -3.2142049675962735e-08,
    "delta_hat_std": 3.555306972085909e-06,
    "lambda_t_mean": 0.0004956403341127565,
    "lambda_t_std": 9.466186728084308e-05,
    "n_records": 1950
  },
  "layer2.1.conv2.weight": {
    "r_t_mean": 0.01760475120200756,
    "r_t_std": 0.0076278864906284185,
    "r_t_min": 0.005598314629041861,
    "r_t_max": 0.1557731781280597,
    "delta_hat_mean": 4.7056433016293496e-08,
    "delta_hat_std": 4.0733341980263565e-06,
    "lambda_t_mean": 0.0004971538168109564,
    "lambda_t_std": 9.247391463974686e-05,
    "n_records": 1950
  },
  "layer2.2.conv1.weight": {
    "r_t_mean": 0.018844853295900396,
    "r_t_std": 0.006751569233112426,
    "r_t_min": 0.006710920372733279,
    "r_t_max": 0.13392706990771103,
    "delta_hat_mean": 2.607162229573704e-08,
    "delta_hat_std": 4.061828195224205e-06,
    "lambda_t_mean": 0.0004979401106226325,
    "lambda_t_std": 9.45390708314335e-05,
    "n_records": 1950
  },
  "layer2.2.conv2.weight": {
    "r_t_mean": 0.01793162095098464,
    "r_t_std": 0.007134737225310603,
    "r_t_min": 0.006121308437665364,
    "r_t_max": 0.17964970201993502,
    "delta_hat_mean": -1.285590152289018e-07,
    "delta_hat_std": 4.159689406568577e-06,
    "lambda_t_mean": 0.0004971981853223086,
    "lambda_t_std": 9.257001152198935e-05,
    "n_records": 1950
  },
  "layer3.0.conv1.weight": {
    "r_t_mean": 0.017968715070582793,
    "r_t_std": 0.00646222911049105,
    "r_t_min": 0.005740498524052348,
    "r_t_max": 0.14092796572536362,
    "delta_hat_mean": 6.777690112033592e-08,
    "delta_hat_std": 3.556763781885871e-06,
    "lambda_t_mean": 0.0004973609853185166,
    "lambda_t_std": 9.031262456886849e-05,
    "n_records": 1950
  },
  "layer3.0.conv2.weight": {
    "r_t_mean": 0.019227977536753003,
    "r_t_std": 0.00837016992754419,
    "r_t_min": 0.006456695802215197,
    "r_t_max": 0.24713051313666648,
    "delta_hat_mean": 4.80272063813817e-08,
    "delta_hat_std": 2.614268665090294e-06,
    "lambda_t_mean": 0.0004970321823417465,
    "lambda_t_std": 8.928978773707447e-05,
    "n_records": 1950
  },
  "layer3.0.shortcut.0.weight": {
    "r_t_mean": 0.014349569678145234,
    "r_t_std": 0.005243308298673833,
    "r_t_min": 0.004362685596382334,
    "r_t_max": 0.07329754641215347,
    "delta_hat_mean": -3.6085819091046216e-08,
    "delta_hat_std": 8.139214808504576e-06,
    "lambda_t_mean": 0.0004977940600010428,
    "lambda_t_std": 8.915955807050375e-05,
    "n_records": 1950
  },
  "layer3.1.conv1.weight": {
    "r_t_mean": 0.020076998338208616,
    "r_t_std": 0.007523985865093712,
    "r_t_min": 0.007007414267654818,
    "r_t_max": 0.23370719485122574,
    "delta_hat_mean": 7.733604770559639e-08,
    "delta_hat_std": 2.1860958490744794e-06,
    "lambda_t_mean": 0.0004968062773385195,
    "lambda_t_std": 9.228614263751357e-05,
    "n_records": 1950
  },
  "layer3.1.conv2.weight": {
    "r_t_mean": 0.02002881911434384,
    "r_t_std": 0.007554318342505951,
    "r_t_min": 0.0073254609717585415,
    "r_t_max": 0.2525358457277815,
    "delta_hat_mean": 2.6257429086118104e-08,
    "delta_hat_std": 2.2145500978192232e-06,
    "lambda_t_mean": 0.0004955480895062804,
    "lambda_t_std": 9.274320633713941e-05,
    "n_records": 1950
  },
  "layer3.2.conv1.weight": {
    "r_t_mean": 0.01948035497734749,
    "r_t_std": 0.007196264574656643,
    "r_t_min": 0.007317467563926597,
    "r_t_max": 0.24153525338256915,
    "delta_hat_mean": -1.2968758395387043e-08,
    "delta_hat_std": 2.9677746478613713e-06,
    "lambda_t_mean": 0.0004968503369414664,
    "lambda_t_std": 9.233246926286408e-05,
    "n_records": 1950
  },
  "layer3.2.conv2.weight": {
    "r_t_mean": 0.016431632348197254,
    "r_t_std": 0.006858750990771334,
    "r_t_min": 0.006165673756044497,
    "r_t_max": 0.20469195152530772,
    "delta_hat_mean": 1.2308905323904922e-07,
    "delta_hat_std": 3.266137644470653e-06,
    "lambda_t_mean": 0.0004947516928323874,
    "lambda_t_std": 9.41622385370383e-05,
    "n_records": 1950
  },