{
  "features.0.weight": {
    "r_t_mean": 0.015410544686307969,
    "r_t_std": 0.010240199932442847,
    "r_t_min": 0.0007338194273055408,
    "r_t_max": 0.25606083037369515,
    "delta_hat_mean": 9.959538836695331e-07,
    "delta_hat_std": 1.9374813370936766e-05,
    "lambda_t_mean": 0.0005,
    "lambda_t_std": 0.0,
    "n_records": 1950
  },
  "features.3.weight": {
    "r_t_mean": 0.016061559561431096,
    "r_t_std": 0.020006667776679622,
    "r_t_min": 0.0009248126216221119,
    "r_t_max": 0.8270349611456688,
    "delta_hat_mean": -5.35119249307378e-08,
    "delta_hat_std": 3.854257289157487e-06,
    "lambda_t_mean": 0.0005,
    "lambda_t_std": 0.0,
    "n_records": 1950
  },
  "features.7.weight": {
    "r_t_mean": 0.017546448735204334,
    "r_t_std": 0.01263346586591544,
    "r_t_min": 0.0011423435071370865,
    "r_t_max": 0.4841270852718258,
    "delta_hat_mean": 6.273476693151848e-10,
    "delta_hat_std": 3.08189958464299e-08,
    "lambda_t_mean": 0.0005,
    "lambda_t_std": 0.0,
    "n_records": 1950
  },
  "features.10.weight": {
    "r_t_mean": 0.018768202547478866,
    "r_t_std": 0.014151783726567696,
    "r_t_min": 0.0013949277202243429,
    "r_t_max": 0.5725026398500889,
    "delta_hat_mean": 7.880957369498488e-10,
    "delta_hat_std": 2.3746331282025347e-08,
    "lambda_t_mean": 0.0005,
    "lambda_t_std": 0.0,
    "n_records": 1950
  },
  "features.14.weight": {
    "r_t_mean": 0.01962793992227584,
    "r_t_std": 0.009639050038681879,
    "r_t_min": 0.001721897277649505,
    "r_t_max": 0.34592552975818847,
    "delta_hat_mean": -3.5954911526542714e-08,
    "delta_hat_std": 1.297396812201764e-06,
    "lambda_t_mean": 0.0005,
    "lambda_t_std": 0.0,
    "n_records": 1950
  },
  "features.17.weight": {
    "r_t_mean": 0.02008530958200391,
    "r_t_std": 0.010934875504779052,
    "r_t_min": 0.0020535823798764003,
    "r_t_max": 0.40929988370225573,
    "delta_hat_mean": 9.675157368042686e-10,
    "delta_hat_std": 1.79629423835558e-08,
    "lambda_t_mean": 0.0005,
    "lambda_t_std": 0.0,
    "n_records": 1950
  },
  "features.20.weight": {
    "r_t_mean": 0.018212174632256835,
    "r_t_std": 0.009398864639415335,
    "r_t_min": 0.001854781330440007,
    "r_t_max": 0.34290107054741276,
    "delta_hat_mean": -2.5171686396944026e-10,
    "delta_hat_std": 2.4351720273005282e-08,
    "lambda_t_mean": 0.0005,
    "lambda_t_std": 0.0,
    "n_records": 1950
  },
  "features.24.weight": {
    "r_t_mean": 0.013630117633436363,
    "r_t_std": 0.006310322705028339,
    "r_t_min": 0.0012862182812989314,
    "r_t_max": 0.21340179862228134,
    "delta_hat_mean": -1.4325973114979128e-08,
    "delta_hat_std": 8.123750874190523e-07,
    "lambda_t_mean": 0.0005,
    "lambda_t_std": 0.0,
    "n_records": 1950
  },
  "features.27.weight": {
    "r_t_mean": 0.011194817846553662,
    "r_t_std": 0.0065556234463463115,
    "r_t_min": 0.0009907429953636584,
    "r_t_max": 0.2541675343738269,
    "delta_hat_mean": 3.260046831334338e-09,
    "delta_hat_std": 1.0937851976039955e-06,
    "lambda_t_mean": 0.0005,
    "lambda_t_std": 0.0,
    "n_records": 1950
  },
  "features.30.weight": {
    "r_t_mean": 0.010173352186870963,
    "r_t_std": 0.005646199674715999,
    "r_t_min": 0.000939815844276035,
    "r_t_max": 0.2167810180780735,
    "delta_hat_mean": -1.628300507618746e-08,
    "delta_hat_std": 1.0200888010959128e-06,
    "lambda_t_mean": 0.0005,
    "lambda_t_std": 0.0,
    "n_records": 1950
  },
  "features.34.weight": {
    "r_t_mean": 0.008935908271017213,
    "r_t_std": 0.005261329260706636,
    "r_t_min": 0.0008240760784762756,
    "r_t_max": 0.20007623919431336,
    "delta_hat_mean": 6.237579315054722e-08,
    "delta_hat_std": 2.406084986543605e-06,
    "lambda_t_mean": 0.0005,
    "lambda_t_std": 0.0,
    "n_records": 1950
  },
  "features.37.weight": {
    "r_t_mean": 0.008861087559330613,
    "r_t_std": 0.004748200289694412,
    "r_t_min": 0.0007285927052206356,
    "r_t_max": 0.1700577905845455,
    "delta_hat_mean": 6.569581758947357e-08,
    "delta_hat_std": 2.745719083006461e-06,
    "lambda_t_mean": 0.0005,
    "lambda_t_std": 0.0,
    "n_records": 1950
  },
  "features.40.weight": {
    "r_t_mean": 0.009556430723505462,
    "r_t_std": 0.005054318043448998,
    "r_t_min": 0.0006703263029164329,
    "r_t_max": 0.1456929114725323,
    "delta_hat_mean": -1.6118127408856408e-08,
    "delta_hat_std": 3.913529167313981e-06,
    "lambda_t_mean": 0.0005,
    "lambda_t_std": 0.0,
    "n_records": 1950
  },
  "classifier.0.weight": {
    "r_t_mean": 0.010667265373977582,
    "r_t_std": 0.007591235531874145,
    "r_t_min": 0.00060014148202071,
    "r_t_max": 0.18658751476228091,
    "delta_hat_mean": -0.0034676875878568436,
    "delta_hat_std": 0.019702191924608113,
    "lambda_t_mean": 0.0005,
    "lambda_t_std": 0.0,
    "n_records": 1950
  },
  "classifier.3.weight": {
    "r_t_mean": 0.011905418922222993,
    "r_t_std": 0.006601676933694461,
    "r_t_min": 0.0006426395097839093,
    "r_t_max": 0.09568145189872908,
    "delta_hat_mean": -0.0017681955430578875,
    "delta_hat_std": 0.012784907916812582,
    "lambda_t_mean": 0.0005,
    "lambda_t_std": 0.0,
    "n_records": 1950
  },
  "classifier.6.weight": {
    "r_t_mean": 0.020522280642267257,
    "r_t_std": 0.02115827228051966,
    "r_t_min": 0.0009549564070914832,
    "r_t_max": 0.5474337468762652,
    "delta_hat_mean": -0.007703481981040498,
    "delta_hat_std": 0.04693558883038508,
    "lambda_t_mean": 0.0005,
    "lambda_t_std": 0.0,
    "n_records": 1950
  }
}