{
  "features.0.weight": {
    "r_t_mean": 1.3683110367113186e-09,
    "r_t_std": 5.308521994407931e-09,
    "r_t_min": 3.674177316490129e-12,
    "r_t_max": 7.05745240117005e-08,
    "delta_hat_mean": -0.00013659546032840808,
    "delta_hat_std": 0.009866254270797377,
    "lambda_t_mean": 0.0002499658510666099,
    "lambda_t_std": 2.466575832393239e-06,
    "n_records": 1950
  },
  "features.2.weight": {
    "r_t_mean": 6.4075925764593706e-09,
    "r_t_std": 2.519211803344118e-08,
    "r_t_min": 1.5646728982981503e-11,
    "r_t_max": 3.4028493439570264e-07,
    "delta_hat_mean": -7.3973301200232e-05,
    "delta_hat_std": 0.0029143529764068155,
    "lambda_t_mean": 0.00024998150659050173,
    "lambda_t_std": 7.285902910784513e-07,
    "n_records": 1950
  },
  "features.5.weight": {
    "r_t_mean": 4.8675675462766835e-09,
    "r_t_std": 1.9081825875165875e-08,
    "r_t_min": 1.2164936060945349e-11,
    "r_t_max": 2.5893762374414763e-07,
    "delta_hat_mean": -7.525784772730194e-05,
    "delta_hat_std": 0.0020402497089309834,
    "lambda_t_mean": 0.00024998118546413713,
    "lambda_t_std": 5.100636464795357e-07,
    "n_records": 1950
  },
  "features.7.weight": {
    "r_t_mean": 6.950519691324632e-09,
    "r_t_std": 2.7132012876416783e-08,
    "r_t_min": 1.881815746908498e-11,
    "r_t_max": 3.5063503726980833e-07,
    "delta_hat_mean": -4.002009409859033e-05,
    "delta_hat_std": 0.0015492243270974258,
    "lambda_t_mean": 0.000249989994940322,
    "lambda_t_std": 3.8730689096707963e-07,
    "n_records": 1950
  },
  "features.10.weight": {
    "r_t_mean": 5.6784386509987665e-09,
    "r_t_std": 2.178269502485581e-08,
    "r_t_min": 1.6705647343300815e-11,
    "r_t_max": 2.9719264709909835e-07,
    "delta_hat_mean": -1.0828025846719286e-05,
    "delta_hat_std": 0.0011468629920061346,
    "lambda_t_mean": 0.00024999729298753344,
    "lambda_t_std": 2.86716209787957e-07,
    "n_records": 1950
  },
  "features.12.weight": {
    "r_t_mean": 9.596761266989721e-09,
    "r_t_std": 3.502496843142727e-08,
    "r_t_min": 5.414492856680634e-11,
    "r_t_max": 4.4997162028974504e-07,
    "delta_hat_mean": -2.3313549542153968e-06,
    "delta_hat_std": 0.0010170665439794531,
    "lambda_t_mean": 0.0002499994171642537,
    "lambda_t_std": 2.542668774774294e-07,
    "n_records": 1950
  },
  "features.14.weight": {
    "r_t_mean": 1.609548327006591e-08,
    "r_t_std": 5.5301305857837396e-08,
    "r_t_min": 1.2589007222995446e-10,
    "r_t_max": 7.174957437956492e-07,
    "delta_hat_mean": -2.8957611733252027e-05,
    "delta_hat_std": 0.001104679391550964,
    "lambda_t_mean": 0.0002499927605964133,
    "lambda_t_std": 2.7616997816631194e-07,
    "n_records": 1950
  },
  "features.17.weight": {
    "r_t_mean": 2.6698960308599752e-08,
    "r_t_std": 8.567983001278575e-08,
    "r_t_min": 2.9935643404908354e-10,
    "r_t_max": 1.1125566914150202e-06,
    "delta_hat_mean": -5.652311414952494e-06,
    "delta_hat_std": 0.0008479054141091773,
    "lambda_t_mean": 0.00024999858692208225,
    "lambda_t_std": 2.1197638242372304e-07,
    "n_records": 1950
  },
  "features.19.weight": {
    "r_t_mean": 9.671610356726655e-08,
    "r_t_std": 2.9225476325024144e-07,
    "r_t_min": 1.4307454727602193e-09,
    "r_t_max": 3.609340874565338e-06,
    "delta_hat_mean": 5.428594576936773e-06,
    "delta_hat_std": 0.0005756609414393787,
    "lambda_t_mean": 0.0002500013571485079,
    "lambda_t_std": 1.4391524025551678e-07,
    "n_records": 1950
  },
  "features.21.weight": {
    "r_t_mean": 2.186341184148816e-07,
    "r_t_std": 6.328187267160857e-07,
    "r_t_min": 3.754505794959781e-09,
    "r_t_max": 8.075805381338407e-06,
    "delta_hat_mean": 3.276634129974809e-05,
    "delta_hat_std": 0.0007191124829141927,
    "lambda_t_mean": 0.00025000819158479135,
    "lambda_t_std": 1.7977812286223666e-07,
    "n_records": 1950
  },
  "features.24.weight": {
    "r_t_mean": 6.584648015582548e-07,
    "r_t_std": 1.814248976475459e-06,
    "r_t_min": 1.3876576354874497e-08,
    "r_t_max": 2.2908523347227806e-05,
    "delta_hat_mean": 3.782828180664392e-05,
    "delta_hat_std": 0.0007463139410006617,
    "lambda_t_mean": 0.00025000945707061436,
    "lambda_t_std": 1.8657848632838825e-07,
    "n_records": 1950
  },
  "features.26.weight": {
    "r_t_mean": 2.429531679361848e-06,
    "r_t_std": 6.306459375973487e-06,
    "r_t_min": 6.20134627887539e-08,
    "r_t_max": 7.739066026983031e-05,
    "delta_hat_mean": 2.3565120258228653e-05,
    "delta_hat_std": 0.0007429446760697564,
    "lambda_t_mean": 0.00025000589127940773,
    "lambda_t_std": 1.857361679594566e-07,
    "n_records": 1950
  },
  "features.28.weight": {
    "r_t_mean": 9.538806089721725e-06,
    "r_t_std": 2.3385079440327025e-05,
    "r_t_min": 2.8379231009336383e-07,
    "r_t_max": 0.0002867591779729595,
    "delta_hat_mean": 4.676901764873616e-05,
    "delta_hat_std": 0.0010643711512088715,
    "lambda_t_mean": 0.0002500116922548579,
    "lambda_t_std": 2.660927870640143e-07,
    "n_records": 1950
  },
  "classifier.0.weight": {
    "r_t_mean": 2.0256432191495534e-05,
    "r_t_std": 3.844914322328208e-05,
    "r_t_min": 7.259111335700091e-07,
    "r_t_max": 0.00037184609015074066,
    "delta_hat_mean": 0.00010060234687700405,
    "delta_hat_std": 0.002193969592504302,
    "lambda_t_mean": 0.00025002515058566494,
    "lambda_t_std": 5.484924009738799e-07,
    "n_records": 1950
  },
  "classifier.3.weight": {
    "r_t_mean": 0.0001687823170160296,
    "r_t_std": 0.0002614450022527106,
    "r_t_min": 7.509474760728935e-06,
    "r_t_max": 0.002125807889930694,
    "delta_hat_mean": 0.00013483785987213756,
    "delta_hat_std": 0.002403488836748211,
    "lambda_t_mean": 0.0002500337094662541,
    "lambda_t_std": 6.008722115558442e-07,
    "n_records": 1950
  },
  "classifier.6.weight": {
    "r_t_mean": 0.0006355832215292881,
    "r_t_std": 0.0014543339142714501,
    "r_t_min": 1.362075515995321e-07,
    "r_t_max": 0.012875750031679083,
    "delta_hat_mean": 9.240808443287745e-05,
    "delta_hat_std": 0.004638909428965293,
    "lambda_t_mean": 0.000250023102020933,
    "lambda_t_std": 1.159727362831972e-06,
    "n_records": 1950
  }
}