{
  "features.0.weight": {
    "r_t_mean": 0.021108734973210353,
    "r_t_std": 0.00781540070295782,
    "r_t_min": 0.005918113998997154,
    "r_t_max": 0.20219250809875236,
    "delta_hat_mean": 2.1865338078842528e-07,
    "delta_hat_std": 1.7468152863055435e-05,
    "lambda_t_mean": 0.0005,
    "lambda_t_std": 0.0,
    "n_records": 1950
  },
  "features.3.weight": {
    "r_t_mean": 0.02174482247133441,
    "r_t_std": 0.01843852361567842,
    "r_t_min": 0.003145678742413387,
    "r_t_max": 0.8029568138116037,
    "delta_hat_mean": 7.697610777326393e-08,
    "delta_hat_std": 3.955940113580987e-06,
    "lambda_t_mean": 0.0005,
    "lambda_t_std": 0.0,
    "n_records": 1950
  },
  "features.7.weight": {
    "r_t_mean": 0.022991195475404763,
    "r_t_std": 0.011197145813238045,
    "r_t_min": 0.001965449347773369,
    "r_t_max": 0.4651479705928151,
    "delta_hat_mean": -4.910786370782301e-10,
    "delta_hat_std": 3.02283759628028e-08,
    "lambda_t_mean": 0.0005,
    "lambda_t_std": 0.0,
    "n_records": 1950
  },
  "features.10.weight": {
    "r_t_mean": 0.024226959344199276,
    "r_t_std": 0.013347198953062715,
    "r_t_min": 0.0018219492603651145,
    "r_t_max": 0.5660271368997207,
    "delta_hat_mean": -5.505890957580882e-10,
    "delta_hat_std": 2.6227010511402316e-08,
    "lambda_t_mean": 0.0005,
    "lambda_t_std": 0.0,
    "n_records": 1950
  },
  "features.14.weight": {
    "r_t_mean": 0.026143784997283266,
    "r_t_std": 0.00986348815934116,
    "r_t_min": 0.0020785260100530476,
    "r_t_max": 0.34220929080504364,
    "delta_hat_mean": 1.3966327567384058e-09,
    "delta_hat_std": 1.1817344493956721e-06,
    "lambda_t_mean": 0.0005,
    "lambda_t_std": 0.0,
    "n_records": 1950
  },
  "features.17.weight": {
    "r_t_mean": 0.028440990067625734,
    "r_t_std": 0.01255976811081325,
    "r_t_min": 0.0020167641499770584,
    "r_t_max": 0.4007593206428966,
    "delta_hat_mean": 2.3048399210824526e-10,
    "delta_hat_std": 2.5928428941614744e-08,
    "lambda_t_mean": 0.0005,
    "lambda_t_std": 0.0,
    "n_records": 1950
  },
  "features.20.weight": {
    "r_t_mean": 0.028175315275892416,
    "r_t_std": 0.0121751710977013,
    "r_t_min": 0.002067842422546587,
    "r_t_max": 0.3404378097607138,
    "delta_hat_mean": 3.5974461075943678e-09,
    "delta_hat_std": 3.04447783210199e-08,
    "lambda_t_mean": 0.0005,
    "lambda_t_std": 0.0,
    "n_records": 1950
  },
  "features.24.weight": {
    "r_t_mean": 0.025091794530223376,
    "r_t_std": 0.010628563914407906,
    "r_t_min": 0.00130352983374194,
    "r_t_max": 0.21222096058115036,
    "delta_hat_mean": -2.934021576885598e-08,
    "delta_hat_std": 6.136628068717851e-07,
    "lambda_t_mean": 0.0005,
    "lambda_t_std": 0.0,
    "n_records": 1950
  },
  "features.27.weight": {
    "r_t_mean": 0.023165723532741992,
    "r_t_std": 0.010557018149233975,
    "r_t_min": 0.0009978531738437445,
    "r_t_max": 0.2555062599781231,
    "delta_hat_mean": 3.627762844195568e-08,
    "delta_hat_std": 7.379761960924034e-07,
    "lambda_t_mean": 0.0005,
    "lambda_t_std": 0.0,
    "n_records": 1950
  },
  "features.30.weight": {
    "r_t_mean": 0.020107711280306008,
    "r_t_std": 0.00870025402322655,
    "r_t_min": 0.0007739126268903285,
    "r_t_max": 0.21942508376775688,
    "delta_hat_mean": 8.241611765739207e-09,
    "delta_hat_std": 9.066326717494401e-07,
    "lambda_t_mean": 0.0005,
    "lambda_t_std": 0.0,
    "n_records": 1950
  },
  "features.34.weight": {
    "r_t_mean": 0.01636921415066306,
    "r_t_std": 0.0065874163194752835,
    "r_t_min": 0.0003792798016178072,
    "r_t_max": 0.20126730927703596,
    "delta_hat_mean": -1.4077017985696782e-08,
    "delta_hat_std": 1.963623484359552e-06,
    "lambda_t_mean": 0.0005,
    "lambda_t_std": 0.0,
    "n_records": 1950
  },
  "features.37.weight": {
    "r_t_mean": 0.015614685013208614,
    "r_t_std": 0.005262308091406512,
    "r_t_min": 0.0011554405570705366,
    "r_t_max": 0.16898201721301975,
    "delta_hat_mean": 3.303925476111785e-08,
    "delta_hat_std": 2.2837967679505034e-06,
    "lambda_t_mean": 0.0005,
    "lambda_t_std": 0.0,
    "n_records": 1950
  },
  "features.40.weight": {
    "r_t_mean": 0.017351532737083734,
    "r_t_std": 0.004642219977738171,
    "r_t_min": 0.0034598547250443636,
    "r_t_max": 0.14515148145760892,
    "delta_hat_mean": -7.3460816286987696e-09,
    "delta_hat_std": 2.224401745413762e-06,
    "lambda_t_mean": 0.0005,
    "lambda_t_std": 0.0,
    "n_records": 1950
  },
  "classifier.0.weight": {
    "r_t_mean": 0.020769188623489376,
    "r_t_std": 0.006030722568413578,
    "r_t_min": 0.009132794117124098,
    "r_t_max": 0.1457304705149619,
    "delta_hat_mean": -9.017947143101642e-05,
    "delta_hat_std": 0.015996562965866098,
    "lambda_t_mean": 0.0005,
    "lambda_t_std": 0.0,
    "n_records": 1950
  },
  "classifier.3.weight": {
    "r_t_mean": 0.019829478083376335,
    "r_t_std": 0.004440655626487814,
    "r_t_min": 0.01151637833017116,
    "r_t_max": 0.09602960797509402,
    "delta_hat_mean": 0.00027251574730163006,
    "delta_hat_std": 0.010862628035627162,
    "lambda_t_mean": 0.0005,
    "lambda_t_std": 0.0,
    "n_records": 1950
  },
  "classifier.6.weight": {
    "r_t_mean": 0.022227590640260513,
    "r_t_std": 0.008610839688403293,
    "r_t_min": 0.013350058187643754,
    "r_t_max": 0.20898170983629755,
    "delta_hat_mean": 0.0005390284584833493,
    "delta_hat_std": 0.012439748248188132,
    "lambda_t_mean": 0.0005,
    "lambda_t_std": 0.0,
    "n_records": 1950
  }
}