{
  "features.0.weight": {
    "r_t_mean": 0.021540855133083618,
    "r_t_std": 0.008096168752455142,
    "r_t_min": 0.002640184332432631,
    "r_t_max": 0.2516955082127892,
    "delta_hat_mean": -5.1754479535941594e-08,
    "delta_hat_std": 1.679386444701506e-05,
    "lambda_t_mean": 0.000495259083403173,
    "lambda_t_std": 0.00012846030386914718,
    "n_records": 1950
  },
  "features.3.weight": {
    "r_t_mean": 0.021733895821464552,
    "r_t_std": 0.01867684394660281,
    "r_t_min": 0.002485001206420163,
    "r_t_max": 0.8178312484009298,
    "delta_hat_mean": -1.5300043649522885e-07,
    "delta_hat_std": 3.8101292303122677e-06,
    "lambda_t_mean": 0.0004931181050655579,
    "lambda_t_std": 0.00010477804773486193,
    "n_records": 1950
  },
  "features.7.weight": {
    "r_t_mean": 0.02325205068396466,
    "r_t_std": 0.011088021699990623,
    "r_t_min": 0.002007117473352261,
    "r_t_max": 0.46510378906051264,
    "delta_hat_mean": -1.3771726521849832e-09,
    "delta_hat_std": 3.045738852645729e-08,
    "lambda_t_mean": 0.0004954529974300705,
    "lambda_t_std": 9.842983401925886e-05,
    "n_records": 1950
  },
  "features.10.weight": {
    "r_t_mean": 0.02438961555680189,
    "r_t_std": 0.013169569764794402,
    "r_t_min": 0.0017478597144238983,
    "r_t_max": 0.5595200053005672,
    "delta_hat_mean": -6.439654339279163e-10,
    "delta_hat_std": 2.508408419262817e-08,
    "lambda_t_mean": 0.0004949734942492778,
    "lambda_t_std": 9.761952630548586e-05,
    "n_records": 1950
  },
  "features.14.weight": {
    "r_t_mean": 0.026137659752859525,
    "r_t_std": 0.009885121206713424,
    "r_t_min": 0.0015689133208027217,
    "r_t_max": 0.3404994719193539,
    "delta_hat_mean": 3.9422960820153993e-08,
    "delta_hat_std": 1.1706887520062178e-06,
    "lambda_t_mean": 0.0004961354743340216,
    "lambda_t_std": 9.43411391844192e-05,
    "n_records": 1950
  },
  "features.17.weight": {
    "r_t_mean": 0.028471368273454783,
    "r_t_std": 0.012677123826764159,
    "r_t_min": 0.0016358099473124106,
    "r_t_max": 0.4039223214132788,
    "delta_hat_mean": -1.0432147854612135e-10,
    "delta_hat_std": 2.465459452233926e-08,
    "lambda_t_mean": 0.000496228654735498,
    "lambda_t_std": 9.363490827494219e-05,
    "n_records": 1950
  },
  "features.20.weight": {
    "r_t_mean": 0.02831681708814405,
    "r_t_std": 0.012215947908308145,
    "r_t_min": 0.0016781281617829855,
    "r_t_max": 0.3377486924795548,
    "delta_hat_mean": 7.409703179482834e-10,
    "delta_hat_std": 2.801445646929497e-08,
    "lambda_t_mean": 0.0004966487493293478,
    "lambda_t_std": 9.129044130052005e-05,
    "n_records": 1950
  },
  "features.24.weight": {
    "r_t_mean": 0.02518606098929736,
    "r_t_std": 0.010816337141882043,
    "r_t_min": 0.0008062040969275525,
    "r_t_max": 0.21390437036788398,
    "delta_hat_mean": -1.839401067560847e-09,
    "delta_hat_std": 6.367771978338307e-07,
    "lambda_t_mean": 0.0004959263162958474,
    "lambda_t_std": 8.901095016211808e-05,
    "n_records": 1950
  },
  "features.27.weight": {
    "r_t_mean": 0.0232947444078911,
    "r_t_std": 0.010700776269664062,
    "r_t_min": 0.0005381874606919424,
    "r_t_max": 0.2583787793928525,
    "delta_hat_mean": 4.634338015086518e-09,
    "delta_hat_std": 7.076799250265976e-07,
    "lambda_t_mean": 0.0004951087118157756,
    "lambda_t_std": 9.141312051700362e-05,
    "n_records": 1950
  },
  "features.30.weight": {
    "r_t_mean": 0.020421968460101574,
    "r_t_std": 0.008737484389869488,
    "r_t_min": 0.0005107898078133399,
    "r_t_max": 0.22072177960971992,
    "delta_hat_mean": -1.674790780253187e-08,
    "delta_hat_std": 8.267049285235948e-07,
    "lambda_t_mean": 0.0004954623508259028,
    "lambda_t_std": 9.479626709537444e-05,
    "n_records": 1950
  },
  "features.34.weight": {
    "r_t_mean": 0.016114857558080772,
    "r_t_std": 0.006465786572818451,
    "r_t_min": 0.00035170281429102893,
    "r_t_max": 0.20364865686469746,
    "delta_hat_mean": -3.811560692531865e-08,
    "delta_hat_std": 1.7019655762944234e-06,
    "lambda_t_mean": 0.0004948428770797646,
    "lambda_t_std": 0.00010437527270724791,
    "n_records": 1950
  },
  "features.37.weight": {
    "r_t_mean": 0.015090399566464697,
    "r_t_std": 0.005251506708081759,
    "r_t_min": 0.0009067828947506515,
    "r_t_max": 0.17337921057458325,
    "delta_hat_mean": 2.8028649188215035e-08,
    "delta_hat_std": 1.9140927305445665e-06,
    "lambda_t_mean": 0.0004942397210327688,
    "lambda_t_std": 9.973962500124815e-05,
    "n_records": 1950
  },
  "features.40.weight": {
    "r_t_mean": 0.016822300001961412,
    "r_t_std": 0.004336997302832968,
    "r_t_min": 0.0030404620443243843,
    "r_t_max": 0.1502410437391961,
    "delta_hat_mean": 3.9121024965943354e-08,
    "delta_hat_std": 1.7858650373050043e-06,
    "lambda_t_mean": 0.0004960788752968848,
    "lambda_t_std": 9.189379422716714e-05,
    "n_records": 1950
  },
  "classifier.0.weight": {
    "r_t_mean": 0.02159801800376925,
    "r_t_std": 0.0038279576774354254,
    "r_t_min": 0.008024138402623598,
    "r_t_max": 0.06494055790476046,
    "delta_hat_mean": 0.0004983979895563933,
    "delta_hat_std": 0.01761866204612042,
    "lambda_t_mean": 0.0004977848885105223,
    "lambda_t_std": 7.24052943270746e-05,
    "n_records": 1950
  },
  "classifier.3.weight": {
    "r_t_mean": 0.019895772354294506,
    "r_t_std": 0.004209699725584791,
    "r_t_min": 0.01160043819424942,
    "r_t_max": 0.08045853286464663,
    "delta_hat_mean": 0.000852089419254648,
    "delta_hat_std": 0.011845747040513697,
    "lambda_t_mean": 0.0004976723847697012,
    "lambda_t_std": 5.880555590708402e-05,
    "n_records": 1950
  },
  "classifier.6.weight": {
    "r_t_mean": 0.022475775680340076,
    "r_t_std": 0.008545028794733666,
    "r_t_min": 0.012993931710525153,
    "r_t_max": 0.19675207719213397,
    "delta_hat_mean": 0.0008929642164080994,
    "delta_hat_std": 0.01201511650115676,
    "lambda_t_mean": 0.0004989745232325611,
    "lambda_t_std": 5.335255371475711e-05,
    "n_records": 1950
  }
}