{
  "conv1.weight": {
    "r_t_mean": 0.006097772765252415,
    "r_t_std": 0.01744777714984897,
    "r_t_min": 0.002348201787736749,
    "r_t_max": 0.4812526678244105,
    "delta_hat_mean": -1.5309509120260582e-06,
    "delta_hat_std": 4.88775596663487e-05,
    "lambda_t_mean": 1.6213219341056994e-05,
    "lambda_t_std": 0.0,
    "n_records": 780
  },
  "layer1.0.conv1.weight": {
    "r_t_mean": 0.006194689907825869,
    "r_t_std": 0.01851735134548303,
    "r_t_min": 0.0029915805080985543,
    "r_t_max": 0.5190023272969725,
    "delta_hat_mean": 2.149209131233421e-07,
    "delta_hat_std": 1.4591731896950948e-05,
    "lambda_t_mean": 1.6213219341056994e-05,
    "lambda_t_std": 0.0,
    "n_records": 780
  },
  "layer1.0.conv2.weight": {
    "r_t_mean": 0.006103638148995999,
    "r_t_std": 0.015351705618279875,
    "r_t_min": 0.0032916417624436305,
    "r_t_max": 0.42846781633526093,
    "delta_hat_mean": 1.5935458091776448e-07,
    "delta_hat_std": 9.388968932450147e-06,
    "lambda_t_mean": 1.6213219341056994e-05,
    "lambda_t_std": 0.0,
    "n_records": 780
  },
  "layer1.1.conv1.weight": {
    "r_t_mean": 0.006183975695578948,
    "r_t_std": 0.010601103676360968,
    "r_t_min": 0.0031605220211956215,
    "r_t_max": 0.29316916589477254,
    "delta_hat_mean": -5.971172381899979e-07,
    "delta_hat_std": 9.095324194233689e-06,
    "lambda_t_mean": 1.6213219341056994e-05,
    "lambda_t_std": 0.0,
    "n_records": 780
  },
  "layer1.1.conv2.weight": {
    "r_t_mean": 0.006151636616680095,
    "r_t_std": 0.009939208359515976,
    "r_t_min": 0.003492201222295875,
    "r_t_max": 0.27527911863951726,
    "delta_hat_mean": -2.1307211945817346e-07,
    "delta_hat_std": 9.278894755964746e-06,
    "lambda_t_mean": 1.6213219341056994e-05,
    "lambda_t_std": 0.0,
    "n_records": 780
  },
  "layer1.2.conv1.weight": {
    "r_t_mean": 0.006454659317794588,
    "r_t_std": 0.009379405065824529,
    "r_t_min": 0.0035141895493618906,
    "r_t_max": 0.25865440844780224,
    "delta_hat_mean": -2.0232854689211512e-07,
    "delta_hat_std": 8.069816926769467e-06,
    "lambda_t_mean": 1.6213219341056994e-05,
    "lambda_t_std": 0.0,
    "n_records": 780
  },
  "layer1.2.conv2.weight": {
    "r_t_mean": 0.0060780746607363685,
    "r_t_std": 0.007675810454712822,
    "r_t_min": 0.00287380878669869,
    "r_t_max": 0.20989629091189269,
    "delta_hat_mean": -2.276391866254675e-07,
    "delta_hat_std": 8.703424715225616e-06,
    "lambda_t_mean": 1.6213219341056994e-05,
    "lambda_t_std": 0.0,
    "n_records": 780
  },
  "layer2.0.conv1.weight": {
    "r_t_mean": 0.005925990549949133,
    "r_t_std": 0.0059768113886345,
    "r_t_min": 0.003126694893289883,
    "r_t_max": 0.14930271036998718,
    "delta_hat_mean": -5.190390591103266e-07,
    "delta_hat_std": 7.907359395432508e-06,
    "lambda_t_mean": 1.6213219341056994e-05,
    "lambda_t_std": 0.0,
    "n_records": 780
  },
  "layer2.0.conv2.weight": {
    "r_t_mean": 0.006021172133665011,
    "r_t_std": 0.006921727645993443,
    "r_t_min": 0.003041202353400546,
    "r_t_max": 0.17785385713594018,
    "delta_hat_mean": 4.3644438682586785e-07,
    "delta_hat_std": 6.267197795229279e-06,
    "lambda_t_mean": 1.6213219341056994e-05,
    "lambda_t_std": 0.0,
    "n_records": 780
  },
  "layer2.0.shortcut.0.weight": {
    "r_t_mean": 0.005229213056018263,
    "r_t_std": 0.0035799627832961084,
    "r_t_min": 0.0026036062646035796,
    "r_t_max": 0.04056761603131447,
    "delta_hat_mean": 9.147949139030851e-07,
    "delta_hat_std": 2.1166901189689256e-05,
    "lambda_t_mean": 1.6213219341056994e-05,
    "lambda_t_std": 0.0,
    "n_records": 780
  },
  "layer2.1.conv1.weight": {
    "r_t_mean": 0.00643601213256042,
    "r_t_std": 0.006258413562622625,
    "r_t_min": 0.0038182031610817526,
    "r_t_max": 0.16391483642413263,
    "delta_hat_mean": 4.9890324008791033e-08,
    "delta_hat_std": 3.846789092941333e-06,
    "lambda_t_mean": 1.6213219341056994e-05,
    "lambda_t_std": 0.0,
    "n_records": 780
  },
  "layer2.1.conv2.weight": {
    "r_t_mean": 0.00636385634342856,
    "r_t_std": 0.00559133312695668,
    "r_t_min": 0.0037019130629346022,
    "r_t_max": 0.1427909796968222,
    "delta_hat_mean": -5.096579954647714e-09,
    "delta_hat_std": 3.9456285762831465e-06,
    "lambda_t_mean": 1.6213219341056994e-05,
    "lambda_t_std": 0.0,
    "n_records": 780
  },
  "layer2.2.conv1.weight": {
    "r_t_mean": 0.006714019961336139,
    "r_t_std": 0.004796905255130579,
    "r_t_min": 0.0038045120136903678,
    "r_t_max": 0.12010233233042245,
    "delta_hat_mean": -2.5379355727536334e-08,
    "delta_hat_std": 3.99424850938641e-06,
    "lambda_t_mean": 1.6213219341056994e-05,
    "lambda_t_std": 0.0,
    "n_records": 780
  },
  "layer2.2.conv2.weight": {
    "r_t_mean": 0.0063798110889867424,
    "r_t_std": 0.004402727334615622,
    "r_t_min": 0.003823573474558911,
    "r_t_max": 0.10962588597818906,
    "delta_hat_mean": -8.040126944504522e-08,
    "delta_hat_std": 4.102811397189796e-06,
    "lambda_t_mean": 1.6213219341056994e-05,
    "lambda_t_std": 0.0,
    "n_records": 780
  },
  "layer3.0.conv1.weight": {
    "r_t_mean": 0.006039966924667908,
    "r_t_std": 0.004092311189722763,
    "r_t_min": 0.0032962465823330087,
    "r_t_max": 0.08246251271116614,
    "delta_hat_mean": 1.9034692266486693e-07,
    "delta_hat_std": 3.1683911193899372e-06,
    "lambda_t_mean": 1.6213219341056994e-05,
    "lambda_t_std": 0.0,
    "n_records": 780
  },
  "layer3.0.conv2.weight": {
    "r_t_mean": 0.00635206520877655,
    "r_t_std": 0.004849032968594794,
    "r_t_min": 0.0034472245266561753,
    "r_t_max": 0.11170477177122498,
    "delta_hat_mean": -1.0082640793271298e-07,
    "delta_hat_std": 2.4970511083475866e-06,
    "lambda_t_mean": 1.6213219341056994e-05,
    "lambda_t_std": 0.0,
    "n_records": 780
  },
  "layer3.0.shortcut.0.weight": {
    "r_t_mean": 0.004924345701685514,
    "r_t_std": 0.0032264641558178843,
    "r_t_min": 0.002476027420472158,
    "r_t_max": 0.030510844828678226,
    "delta_hat_mean": 5.058641326226548e-08,
    "delta_hat_std": 9.041799724454252e-06,
    "lambda_t_mean": 1.6213219341056994e-05,
    "lambda_t_std": 0.0,
    "n_records": 780
  },
  "layer3.1.conv1.weight": {
    "r_t_mean": 0.006530864714024742,
    "r_t_std": 0.0047689945988167925,
    "r_t_min": 0.0037213189673738767,
    "r_t_max": 0.10400693215894147,
    "delta_hat_mean": 3.8551610701485736e-08,
    "delta_hat_std": 2.075273086661313e-06,
    "lambda_t_mean": 1.6213219341056994e-05,
    "lambda_t_std": 0.0,
    "n_records": 780
  },
  "layer3.1.conv2.weight": {
    "r_t_mean": 0.00655338363442543,
    "r_t_std": 0.004777445341933038,
    "r_t_min": 0.003805422895331999,
    "r_t_max": 0.1110457037795565,
    "delta_hat_mean": -4.899346281450612e-08,
    "delta_hat_std": 1.7841630312357105e-06,
    "lambda_t_mean": 1.6213219341056994e-05,
    "lambda_t_std": 0.0,
    "n_records": 780
  },
  "layer3.2.conv1.weight": {
    "r_t_mean": 0.006590883514325899,
    "r_t_std": 0.0046761408688224424,
    "r_t_min": 0.0037719360908470842,
    "r_t_max": 0.10508030824267249,
    "delta_hat_mean": -2.9404786088659235e-08,
    "delta_hat_std": 1.8680415831461762e-06,
    "lambda_t_mean": 1.6213219341056994e-05,
    "lambda_t_std": 0.0,
    "n_records": 780
  },
  "layer3.2.conv2.weight": {
    "r_t_mean": 0.0064578339769755366,
    "r_t_std": 0.004519544821091161,
    "r_t_min": 0.0037117578565467784,
    "r_t_max": 0.10419064684157144,
    "delta_hat_mean": -4.768914878891741e-08,
    "delta_hat_std": 1.7655585119630075e-06,
    "lambda_t_mean": 1.6213219341056994e-05,
    "lambda_t_std": 0.0,
    "n_records": 780
  },
  "fc.weight": {
    "r_t_mean": 0.005644738526789917,
    "r_t_std": 0.006596812655424965,
    "r_t_min": 0.0026735094782822503,
    "r_t_max": 0.15043760342418785,
    "delta_hat_mean": -0.000933147528507433,
    "delta_hat_std": 0.007118209823317796,
    "lambda_t_mean": 1.6213219341056994e-05,
    "lambda_t_std": 0.0,
    "n_records": 780
  }
}