{
  "conv1.weight": {
    "r_t_mean": 0.014451618140454972,
    "r_t_std": 0.013600358023015442,
    "r_t_min": 0.0033634593966656774,
    "r_t_max": 0.3976555740807601,
    "delta_hat_mean": -6.4300177419960245e-06,
    "delta_hat_std": 4.138547971830652e-05,
    "lambda_t_mean": 0.000250595325636558,
    "lambda_t_std": 9.300702861081144e-06,
    "n_records": 1950
  },
  "layer1.0.conv1.weight": {
    "r_t_mean": 0.014470834837517413,
    "r_t_std": 0.01295023836058135,
    "r_t_min": 0.003883450389485656,
    "r_t_max": 0.48758247178693226,
    "delta_hat_mean": -7.127148188166971e-06,
    "delta_hat_std": 1.2335666023390496e-05,
    "lambda_t_mean": 0.00025005653745088823,
    "lambda_t_std": 5.321253028760985e-06,
    "n_records": 1950
  },
  "layer1.0.conv2.weight": {
    "r_t_mean": 0.014722736438301088,
    "r_t_std": 0.011028639040106977,
    "r_t_min": 0.003997530708410115,
    "r_t_max": 0.3887446373841698,
    "delta_hat_mean": -7.960961674118703e-06,
    "delta_hat_std": 9.876884059170335e-06,
    "lambda_t_mean": 0.0002498775841945257,
    "lambda_t_std": 5.013584415757894e-06,
    "n_records": 1950
  },
  "layer1.1.conv1.weight": {
    "r_t_mean": 0.014940947484502864,
    "r_t_std": 0.008443244525449844,
    "r_t_min": 0.003978890562966883,
    "r_t_max": 0.27705293121759395,
    "delta_hat_mean": -7.588048126654994e-06,
    "delta_hat_std": 1.0106045431115375e-05,
    "lambda_t_mean": 0.0002500089057821494,
    "lambda_t_std": 4.992892700981377e-06,
    "n_records": 1950
  },
  "layer1.1.conv2.weight": {
    "r_t_mean": 0.014531503583168097,
    "r_t_std": 0.008473649901507225,
    "r_t_min": 0.004144329873502884,
    "r_t_max": 0.26261115407883856,
    "delta_hat_mean": -7.421684346578997e-06,
    "delta_hat_std": 9.416529183092573e-06,
    "lambda_t_mean": 0.0002499422433819526,
    "lambda_t_std": 5.408329691036272e-06,
    "n_records": 1950
  },
  "layer1.2.conv1.weight": {
    "r_t_mean": 0.01545546030352119,
    "r_t_std": 0.007791064082989685,
    "r_t_min": 0.00478099647645502,
    "r_t_max": 0.23428881105345095,
    "delta_hat_mean": -7.364451247557742e-06,
    "delta_hat_std": 1.0106140692849751e-05,
    "lambda_t_mean": 0.0002498421945250951,
    "lambda_t_std": 4.980866468742988e-06,
    "n_records": 1950
  },
  "layer1.2.conv2.weight": {
    "r_t_mean": 0.014610001772605217,
    "r_t_std": 0.007591300110168149,
    "r_t_min": 0.004236493796797347,
    "r_t_max": 0.18939381318960744,
    "delta_hat_mean": -7.61647714666899e-06,
    "delta_hat_std": 9.215790148404723e-06,
    "lambda_t_mean": 0.00025003839767896214,
    "lambda_t_std": 4.918027276910775e-06,
    "n_records": 1950
  },
  "layer2.0.conv1.weight": {
    "r_t_mean": 0.015117127205071962,
    "r_t_std": 0.007273861305473606,
    "r_t_min": 0.004055767501783828,
    "r_t_max": 0.14665900647298832,
    "delta_hat_mean": -7.243605250612844e-06,
    "delta_hat_std": 1.0859727053111072e-05,
    "lambda_t_mean": 0.00025005737247375343,
    "lambda_t_std": 3.4223063560515216e-06,
    "n_records": 1950
  },
  "layer2.0.conv2.weight": {
    "r_t_mean": 0.0157012248998262,
    "r_t_std": 0.008103573144336013,
    "r_t_min": 0.004323117553735408,
    "r_t_max": 0.18009811543468407,
    "delta_hat_mean": -7.739240641013267e-06,
    "delta_hat_std": 7.388153341293614e-06,
    "lambda_t_mean": 0.0002500034803686998,
    "lambda_t_std": 2.420435732231878e-06,
    "n_records": 1950
  },
  "layer2.0.shortcut.0.weight": {
    "r_t_mean": 0.01316842747674491,
    "r_t_std": 0.005501305593781001,
    "r_t_min": 0.0033931261519436914,
    "r_t_max": 0.04240872053956939,
    "delta_hat_mean": -7.86943797296548e-06,
    "delta_hat_std": 1.9821393996418806e-05,
    "lambda_t_mean": 0.0002502313701923077,
    "lambda_t_std": 9.006437540873541e-06,
    "n_records": 1950
  },
  "layer2.1.conv1.weight": {
    "r_t_mean": 0.01593567726120603,
    "r_t_std": 0.007560453196688348,
    "r_t_min": 0.004659360863077655,
    "r_t_max": 0.16164920617701078,
    "delta_hat_mean": -7.655789444067242e-06,
    "delta_hat_std": 6.815358435231334e-06,
    "lambda_t_mean": 0.00025002852025704503,
    "lambda_t_std": 2.4824092189854736e-06,
    "n_records": 1950
  },
  "layer2.1.conv2.weight": {
    "r_t_mean": 0.015663441220859733,
    "r_t_std": 0.0068860764547204745,
    "r_t_min": 0.004691352368077783,
    "r_t_max": 0.13666729064302716,
    "delta_hat_mean": -7.658826851149332e-06,
    "delta_hat_std": 6.980013761110612e-06,
    "lambda_t_mean": 0.0002498740508311834,
    "lambda_t_std": 2.546286023933767e-06,
    "n_records": 1950
  },
  "layer2.2.conv1.weight": {
    "r_t_mean": 0.016943404938580996,
    "r_t_std": 0.00621023291198115,
    "r_t_min": 0.0050697999361227625,
    "r_t_max": 0.12362609194465836,
    "delta_hat_mean": -7.767796641149863e-06,
    "delta_hat_std": 6.8176103556826375e-06,
    "lambda_t_mean": 0.0002501071741947761,
    "lambda_t_std": 2.3705121097515526e-06,
    "n_records": 1950
  },
  "layer2.2.conv2.weight": {
    "r_t_mean": 0.016016589962880384,
    "r_t_std": 0.00619872448879689,
    "r_t_min": 0.005106526520367376,
    "r_t_max": 0.11673732318581534,
    "delta_hat_mean": -7.700328663790584e-06,
    "delta_hat_std": 6.6460547392709845e-06,
    "lambda_t_mean": 0.0002499851731994213,
    "lambda_t_std": 2.508865748169953e-06,
    "n_records": 1950
  },
  "layer3.0.conv1.weight": {
    "r_t_mean": 0.016047272888251602,
    "r_t_std": 0.006276706192969529,
    "r_t_min": 0.0047074592136273725,
    "r_t_max": 0.09193646512158002,
    "delta_hat_mean": -7.74109170841593e-06,
    "delta_hat_std": 6.5230299403344804e-06,
    "lambda_t_mean": 0.00025000762595580174,
    "lambda_t_std": 1.7555689473772455e-06,
    "n_records": 1950
  },
  "layer3.0.conv2.weight": {
    "r_t_mean": 0.017327462707545448,
    "r_t_std": 0.007489068440246711,
    "r_t_min": 0.005176751778920319,
    "r_t_max": 0.15921659248622663,
    "delta_hat_mean": -7.649789370888654e-06,
    "delta_hat_std": 6.0007957616815434e-06,
    "lambda_t_mean": 0.00024997995646336137,
    "lambda_t_std": 1.2676920445048118e-06,
    "n_records": 1950
  },
  "layer3.0.shortcut.0.weight": {
    "r_t_mean": 0.012434434355803528,
    "r_t_std": 0.005144494207323109,
    "r_t_min": 0.0032580229555306517,
    "r_t_max": 0.054232010155390455,
    "delta_hat_mean": -7.72707243554986e-06,
    "delta_hat_std": 9.559711039456215e-06,
    "lambda_t_mean": 0.0002499512970753205,
    "lambda_t_std": 4.485776594598128e-06,
    "n_records": 1950
  },
  "layer3.1.conv1.weight": {
    "r_t_mean": 0.018121321218961685,
    "r_t_std": 0.006372019345876572,
    "r_t_min": 0.005774704827248392,
    "r_t_max": 0.12363389049334304,
    "delta_hat_mean": -7.544980968970568e-06,
    "delta_hat_std": 5.81525481341873e-06,
    "lambda_t_mean": 0.0002499812850661767,
    "lambda_t_std": 1.341509024502778e-06,
    "n_records": 1950
  },
  "layer3.1.conv2.weight": {
    "r_t_mean": 0.017964273455445327,
    "r_t_std": 0.006552888669594053,
    "r_t_min": 0.005890972620101082,
    "r_t_max": 0.17656571298801252,
    "delta_hat_mean": -7.469742225727494e-06,
    "delta_hat_std": 5.744951091588979e-06,
    "lambda_t_mean": 0.0002500662959156892,
    "lambda_t_std": 1.539316057704814e-06,
    "n_records": 1950
  },
  "layer3.2.conv1.weight": {
    "r_t_mean": 0.017767797001743774,
    "r_t_std": 0.00611743985703236,
    "r_t_min": 0.00591225613996211,
    "r_t_max": 0.15889786821074456,
    "delta_hat_mean": -7.403262129522319e-06,
    "delta_hat_std": 6.067363950943929e-06,
    "lambda_t_mean": 0.0002498878162335127,
    "lambda_t_std": 1.542913221277812e-06,
    "n_records": 1950
  },
  "layer3.2.conv2.weight": {
    "r_t_mean": 0.014895023936697453,
    "r_t_std": 0.0071504122526148605,
    "r_t_min": 0.00425166477077134,
    "r_t_max": 0.2134763258024301,
    "delta_hat_mean": -7.5863708435120764e-06,
    "delta_hat_std": 6.2038984803793975e-06,
    "lambda_t_mean": 0.0002499879066684307,
    "lambda_t_std": 2.177188261558728e-06,