{
  "task_id": "P1_confound_go_nogo",
  "mode": "PILOT",
  "timestamp": "2026-04-15T01:50:48.072170",
  "data_source": "/home/qhxie/AutoResearch-SibylSystem/workspaces/sae-absorption/iter_004/exp/results/full/C3A_saebench_corr.json",
  "n_total_saes": 54,
  "n_with_l0": 48,
  "n_without_l0": 6,
  "seed": 42,
  "arch_class_note": "After filtering to SAEs with known L0, all 48 remaining SAEs have arch_class='gemma_scope_2b'. arch_class is therefore dropped from covariates (constant column). The iter_004 partial correlations used the full 54-SAE dataset which included 6 canonical SAEs with a different arch_class.",
  "l0_absorption_relationship": {
    "pearson_r": -0.5752112505089351,
    "pearson_p": 1.8984699646254e-05,
    "spearman_rho": -0.6215526748071051,
    "spearman_p": 2.4203685577743693e-06,
    "interpretation": "Strong negative correlation between log(L0) and absorption (r=-0.5752), confirming L0 is a critical confound to control for."
  },
  "collinearity_diagnostics": {
    "log_l0_vs_log_width_pearson_r": -0.2785041933164597,
    "log_l0_vs_log_width_pearson_p": 0.05526512708776526,
    "vif": {
      "log_width": 1.0847602131308007,
      "layer": 1.0080092817551427,
      "log_l0": 1.0927694948859437
    },
    "high_vif_warning": false
  },
  "results_by_metric": {
    "sparse_probing_f1": {
      "label": "Sparse Probing F1",
      "n_valid": 48,
      "bivariate": {
        "pearson_r": -0.5872887867792582,
        "pearson_p": 1.1441961474154919e-05
      },
      "partial_without_l0": {
        "pearson_r": -0.6639367145799433,
        "pearson_p": 2.685812375189555e-07,
        "ci_95": [
          -0.8000381415081473,
          -0.4628434071912214
        ],
        "covariates": [
          "log_width",
          "layer"
        ],
        "note": "arch_class dropped (constant in L0-filtered subset)"
      },
      "partial_with_l0": {
        "pearson_r": -0.7461172103971621,
        "pearson_p": 1.1553329590191273e-09,
        "ci_95": [
          -0.8528661529705995,
          -0.5794963104762982
        ],
        "covariates": [
          "log_width",
          "layer",
          "log_l0"
        ]
      },
      "spearman_without_l0": {
        "rho": -0.4598172098202837,
        "p": 0.0013046980488421412
      },
      "spearman_with_l0": {
        "rho": -0.5171902340682702,
        "p": 0.0002749126493740559
      },
      "delta_r": -0.08218049581721876,
      "pct_change": -12.377760411880878,
      "retains_meaningful_effect": true,
      "retains_significance_005": true
    },
    "scr_score": {
      "label": "SCR",
      "n_valid": 43,
      "bivariate": {
        "pearson_r": -0.44863346664376874,
        "pearson_p": 0.002549737258314324
      },
      "partial_without_l0": {
        "pearson_r": -0.6920576152666202,
        "pearson_p": 2.744720136702951e-07,
        "ci_95": [
          -0.8242234141824193,
          -0.4883870514166451
        ],
        "covariates": [
          "log_width",
          "layer"
        ],
        "note": "arch_class dropped (constant in L0-filtered subset)"
      },
      "partial_with_l0": {
        "pearson_r": -0.5701717746693213,
        "pearson_p": 6.567247076703795e-05,
        "ci_95": [
          -0.7487039970058931,
          -0.31452138930940804
        ],
        "covariates": [
          "log_width",
          "layer",
          "log_l0"
        ]
      },
      "spearman_without_l0": {
        "rho": -0.5271556624804177,
        "p": 0.00039825211034549775
      },
      "spearman_with_l0": {
        "rho": -0.2383032450067557,
        "p": 0.13866044788775714
      },
      "delta_r": 0.1218858405972989,
      "pct_change": 17.61209441360478,
      "retains_meaningful_effect": true,
      "retains_significance_005": true
    },
    "tpp_score": {
      "label": "RAVEL TPP",
      "n_valid": 48,
      "bivariate": {
        "pearson_r": -0.4707426536084358,
        "pearson_p": 0.0007337921745227747
      },
      "partial_without_l0": {
        "pearson_r": -0.4880689769170594,
        "pearson_p": 0.00043308751424525827,
        "ci_95": [
          -0.6817730432458035,
          -0.23041258411657503
        ],
        "covariates": [
          "log_width",
          "layer"
        ],
        "note": "arch_class dropped (constant in L0-filtered subset)"
      },
      "partial_with_l0": {
        "pearson_r": -0.33093510745896587,
        "pearson_p": 0.021589907083147786,
        "ci_95": [
          -0.56918237968508,
          -0.04141972705803901
        ],
        "covariates": [
          "log_width",
          "layer",
          "log_l0"
        ]
      },
      "spearman_without_l0": {
        "rho": -0.4742809363436276,
        "p": 0.0008688744806203406
      },
      "spearman_with_l0": {
        "rho": -0.29238381113657863,
        "p": 0.051295201668520904
      },
      "delta_r": 0.15713386945809354,
      "pct_change": 32.1950127727123,
      "retains_meaningful_effect": true,
      "retains_significance_005": true
    },
    "unlearning_score": {
      "label": "Unlearning",
      "n_valid": 34,
      "bivariate": {
        "pearson_r": -0.18156118654914863,
        "pearson_p": 0.30411533249637174
      },
      "partial_without_l0": {
        "pearson_r": -0.08195082689895944,
        "pearson_p": 0.6449751095305976,
        "ci_95": [
          -0.4186861942875506,
          0.274595937507216
        ],
        "covariates": [
          "log_width",
          "layer"
        ],
        "note": "arch_class dropped (constant in L0-filtered subset)"
      },
      "partial_with_l0": {
        "pearson_r": -0.12340271729818743,
        "pearson_p": 0.4868638179193182,
        "ci_95": [
          -0.4577333595448647,
          0.24150364908792768
        ],
        "covariates": [
          "log_width",
          "layer",
          "log_l0"
        ]
      },
      "spearman_without_l0": {
        "rho": 0.03693971796580731,
        "p": 0.8409197757104182
      },
      "spearman_with_l0": {
        "rho": -0.007048228257480319,
        "p": 0.9699822065529617
      },
      "delta_r": -0.04145189039922799,
      "pct_change": -50.58141811105303,
      "retains_meaningful_effect": false,
      "retains_significance_005": false
    }
  },
  "full_dataset_reference": {
    "sparse_probing_f1": {
      "n": 54,
      "partial_r": -0.6610842153543338,
      "partial_p": 5.300767231771044e-08,
      "covariates": [
        "log_width",
        "layer",
        "arch_class_num"
      ]
    },
    "scr_score": {
      "n": 49,
      "partial_r": -0.6772575671641455,
      "partial_p": 9.101698545100544e-08,
      "covariates": [
        "log_width",
        "layer",
        "arch_class_num"
      ]
    },
    "tpp_score": {
      "n": 54,
      "partial_r": -0.4919400452519116,
      "partial_p": 0.0001580822600314908,
      "covariates": [
        "log_width",
        "layer",
        "arch_class_num"
      ]
    },
    "unlearning_score": {
      "n": 40,
      "partial_r": -0.07185626183753696,
      "partial_p": 0.6594892965106435,
      "covariates": [
        "log_width",
        "layer",
        "arch_class_num"
      ]
    }
  },
  "go_nogo": {
    "decision": "GO",
    "criterion": "At least one quality metric retains |partial_r| > 0.2 after L0 control",
    "n_metrics_passing": 3,
    "metrics_passing": [
      "sparse_probing_f1",
      "scr_score",
      "tpp_score"
    ],
    "n_metrics_significant_005": 3,
    "metrics_significant": [
      "sparse_probing_f1",
      "scr_score",
      "tpp_score"
    ],
    "note": "Script completed successfully on all 48 SAEs with known L0. Verdict is GO. At least one metric retains meaningful effect."
  },
  "iter_004_reference": {
    "partial_correlations_without_l0": {
      "sparse_probing_f1": -0.6611,
      "scr": -0.6773,
      "ravel_proxy_tpp": -0.4919,
      "unlearning": -0.0719
    },