{
  "task_id": "P1_mediation",
  "mode": "PILOT",
  "timestamp": "2026-04-15T01:56:42.228580",
  "data_source": "/home/qhxie/AutoResearch-SibylSystem/workspaces/sae-absorption/iter_004/exp/results/full/C3A_saebench_corr.json",
  "n_total_saes": 54,
  "n_with_l0": 48,
  "n_without_l0": 6,
  "seed": 42,
  "n_bootstrap": 10000,
  "covariates": [
    "log_width",
    "layer"
  ],
  "mediation_path": "log_L0 (X) \u2192 absorption (M) \u2192 quality (Y)",
  "results_by_metric": {
    "sparse_probing_f1": {
      "metric_label": "Sparse Probing F1",
      "n": 48,
      "path_a": {
        "description": "log_L0 -> absorption",
        "coefficient": -0.13241454070172545,
        "se": 0.02696146577125505,
        "p_value": 1.2918748080296487e-05,
        "r_squared": 0.6327138548228859
      },
      "path_b": {
        "description": "absorption -> quality (controlling log_L0)",
        "coefficient": -0.11523239429508858,
        "se": 0.01568146479511185,
        "p_value": 4.0427907208236065e-09
      },
      "total_effect_c": {
        "description": "log_L0 -> quality (total)",
        "coefficient": 0.0031889565394443153,
        "se": 0.0041640029357760296,
        "p_value": 0.4478610304892868,
        "r_squared": 0.6508761555085101
      },
      "direct_effect_c_prime": {
        "description": "log_L0 -> quality (controlling absorption)",
        "coefficient": -0.01206948802509994,
        "se": 0.003489544132258124,
        "p_value": 0.001236302213627997,
        "r_squared": 0.8452302197950483
      },
      "indirect_effect": {
        "a_times_b": 0.015258444564544282,
        "c_minus_c_prime": 0.015258444564544255,
        "consistency_check": "True"
      },
      "sobel_test": {
        "z": 4.083232393615318,
        "p_value": 4.4413567990009284e-05,
        "se": 0.00373685430895457
      },
      "bootstrap": {
        "n_resamples": 10000,
        "n_successful": 10000,
        "indirect_ci_95": [
          0.006723993845703382,
          0.02824479755855738
        ],
        "indirect_ci_excludes_zero": true,
        "proportion_mediated": 4.78477657999162,
        "proportion_mediated_ci_95": [
          -4.150670302389844,
          4.831307511698997
        ]
      },
      "baron_kenny": {
        "step1_x_predicts_m": "True",
        "step1_a_coef": -0.13241454070172545,
        "step1_a_pval": 1.2918748080296487e-05,
        "step2_m_predicts_y_controlling_x": "True",
        "step2_b_coef": -0.11523239429508858,
        "step2_b_pval": 4.0427907208236065e-09,
        "step3_x_predicts_y": "False",
        "step3_c_total": 0.0031889565394443153,
        "step3_c_pval": 0.4478610304892868,
        "step4_direct_reduced": "False",
        "step4_c_prime": -0.01206948802509994,
        "step4_c_prime_pval": 0.001236302213627997,
        "full_mediation": "False",
        "partial_mediation": "False"
      },
      "baron_kenny_all_steps_met": false,
      "mediation_type": "none",
      "standardized_coefficients": {
        "path_a": -0.4690643163870948,
        "path_b": -0.7274355819150797,
        "total_c": 0.0713124360651434,
        "direct_c_prime": -0.2699016378815016,
        "indirect_ab": 0.3412140739466454,
        "proportion_mediated": 4.7847765799915845
      }
    },
    "scr_score": {
      "metric_label": "SCR",
      "n": 43,
      "path_a": {
        "description": "log_L0 -> absorption",
        "coefficient": -0.16811021687323552,
        "se": 0.024732468887136493,
        "p_value": 4.074236346605113e-08,
        "r_squared": 0.7583045481380701
      },
      "path_b": {
        "description": "absorption -> quality (controlling log_L0)",
        "coefficient": -0.1468831975622459,
        "se": 0.03433172727629996,
        "p_value": 0.00012260699347028763
      },
      "total_effect_c": {
        "description": "log_L0 -> quality (total)",
        "coefficient": 0.02179105744069207,
        "se": 0.006371385387953048,
        "p_value": 0.0014804786075077556,
        "r_squared": 0.8450339477504137
      },
      "direct_effect_c_prime": {
        "description": "log_L0 -> quality (controlling absorption)",
        "coefficient": -0.0029015087565313832,
        "se": 0.007837652173639287,
        "p_value": 0.713288015610622,
        "r_squared": 0.8954127686351303
      },
      "indirect_effect": {
        "a_times_b": 0.02469256619722346,
        "c_minus_c_prime": 0.024692566197223452,
        "consistency_check": "True"
      },
      "sobel_test": {
        "z": 3.6208017769740084,
        "p_value": 0.00029369146856006445,
        "se": 0.006819640432749576
      },
      "bootstrap": {
        "n_resamples": 10000,
        "n_successful": 10000,
        "indirect_ci_95": [
          0.006581405705717806,
          0.048185854301010474
        ],
        "indirect_ci_excludes_zero": true,
        "proportion_mediated": 1.1331513518528562,
        "proportion_mediated_ci_95": [
          0.42904079127131584,
          2.424562564879854
        ]
      },
      "baron_kenny": {
        "step1_x_predicts_m": "True",
        "step1_a_coef": -0.16811021687323552,
        "step1_a_pval": 4.074236346605113e-08,
        "step2_m_predicts_y_controlling_x": "True",
        "step2_b_coef": -0.1468831975622459,
        "step2_b_pval": 0.00012260699347028763,
        "step3_x_predicts_y": "True",
        "step3_c_total": 0.02179105744069207,
        "step3_c_pval": 0.0014804786075077556,
        "step4_direct_reduced": "True",
        "step4_c_prime": -0.0029015087565313832,
        "step4_c_prime_pval": 0.713288015610622,
        "full_mediation": "True",
        "partial_mediation": "False"
      },
      "baron_kenny_all_steps_met": true,
      "mediation_type": "full",
      "standardized_coefficients": {
        "path_a": -0.5427623009757401,
        "path_b": -0.4565514855731922,
        "total_c": 0.21868123302188458,
        "direct_c_prime": -0.029117701801713428,
        "indirect_ab": 0.2477989348235982,
        "proportion_mediated": 1.133151351852857
      }
    },
    "tpp_score": {
      "metric_label": "RAVEL TPP",
      "n": 48,
      "path_a": {
        "description": "log_L0 -> absorption",
        "coefficient": -0.13241454070172545,
        "se": 0.02696146577125505,
        "p_value": 1.2918748080296487e-05,
        "r_squared": 0.6327138548228859
      },
      "path_b": {
        "description": "absorption -> quality (controlling log_L0)",
        "coefficient": -0.022160182825497407,
        "se": 0.009636267132113345,
        "p_value": 0.02638545892368646
      },
      "total_effect_c": {
        "description": "log_L0 -> quality (total)",
        "coefficient": 0.005433671647266278,
        "se": 0.0018054023198747094,
        "p_value": 0.004317685579786925,
        "r_squared": 0.6730835456135856
      },
      "direct_effect_c_prime": {
        "description": "log_L0 -> quality (controlling absorption)",
        "coefficient": 0.002499341216561781,
        "se": 0.0021443264304122746,
        "p_value": 0.2502172022166008,
        "r_squared": 0.7088867966903711
      },
      "indirect_effect": {
        "a_times_b": 0.002934330430704504,
        "c_minus_c_prime": 0.002934330430704497,
        "consistency_check": "True"
      },
      "sobel_test": {
        "z": 2.0826566220735363,
        "p_value": 0.03728253405759019,
        "se": 0.0014089362593930743
      },
      "bootstrap": {
        "n_resamples": 10000,
        "n_successful": 10000,
        "indirect_ci_95": [
          1.3657339749870584e-05,
          0.0067992679911178695
        ],
        "indirect_ci_excludes_zero": true,
        "proportion_mediated": 0.5400271899353337,
        "proportion_mediated_ci_95": [
          -0.013523560568655276,
          2.7698110279679637
        ]
      },
      "baron_kenny": {
        "step1_x_predicts_m": "True",
        "step1_a_coef": -0.13241454070172545,
        "step1_a_pval": 1.2918748080296487e-05,
        "step2_m_predicts_y_controlling_x": "True",