{
  "conv1.weight": {
    "r_t_mean": 0.04949955533696541,
    "r_t_std": 0.030569813368648373,
    "r_t_min": 0.021039475328487017,
    "r_t_max": 0.4812520269195285,
    "delta_hat_mean": 1.7903390157651225e-06,
    "delta_hat_std": 3.8231625459142236e-05,
    "lambda_t_mean": 0.00013752607410199514,
    "lambda_t_std": 3.477680554427797e-05,
    "n_records": 780
  },
  "layer1.0.conv1.weight": {
    "r_t_mean": 0.04777793364250714,
    "r_t_std": 0.02563576809082697,
    "r_t_min": 0.026494104560013138,
    "r_t_max": 0.519001675750561,
    "delta_hat_mean": -1.2854577846724352e-07,
    "delta_hat_std": 1.0906010107821032e-05,
    "lambda_t_mean": 0.00012060810432768911,
    "lambda_t_std": 2.0946830581056273e-05,
    "n_records": 780
  },
  "layer1.0.conv2.weight": {
    "r_t_mean": 0.047591626413889525,
    "r_t_std": 0.023337329846039853,
    "r_t_min": 0.028680756469759903,
    "r_t_max": 0.4284672872394125,
    "delta_hat_mean": -5.207254031115182e-07,
    "delta_hat_std": 8.76985386624994e-06,
    "lambda_t_mean": 0.0001178419019512996,
    "lambda_t_std": 1.90079735639169e-05,
    "n_records": 780
  },
  "layer1.1.conv1.weight": {
    "r_t_mean": 0.0480346266867752,
    "r_t_std": 0.018614149292466624,
    "r_t_min": 0.03001619153276171,
    "r_t_max": 0.2931687747659903,
    "delta_hat_mean": -2.364018808174105e-07,
    "delta_hat_std": 7.4575444242943045e-06,
    "lambda_t_mean": 0.00011806016096783816,
    "lambda_t_std": 1.9068065818043985e-05,
    "n_records": 780
  },
  "layer1.1.conv2.weight": {
    "r_t_mean": 0.046957224247377645,
    "r_t_std": 0.019020855762887687,
    "r_t_min": 0.027508961469448538,
    "r_t_max": 0.27527877812148677,
    "delta_hat_mean": -1.8923487334955615e-07,
    "delta_hat_std": 6.622916551620571e-06,
    "lambda_t_mean": 0.00011813360699224465,
    "lambda_t_std": 1.9413437877027103e-05,
    "n_records": 780
  },
  "layer1.2.conv1.weight": {
    "r_t_mean": 0.04904677334334802,
    "r_t_std": 0.018353031492725252,
    "r_t_min": 0.029371976024237245,
    "r_t_max": 0.25865408859282296,
    "delta_hat_mean": 2.9482421650171523e-07,
    "delta_hat_std": 7.263372963877175e-06,
    "lambda_t_mean": 0.0001183875301202157,
    "lambda_t_std": 1.879352217547478e-05,
    "n_records": 780
  },
  "layer1.2.conv2.weight": {
    "r_t_mean": 0.04678715870441597,
    "r_t_std": 0.018320498727640855,
    "r_t_min": 0.027158212955676386,
    "r_t_max": 0.20989602956470443,
    "delta_hat_mean": 2.1444666821219417e-08,
    "delta_hat_std": 6.666274411736039e-06,
    "lambda_t_mean": 0.00011692126249328878,
    "lambda_t_std": 1.7810689814426023e-05,
    "n_records": 780
  },
  "layer2.0.conv1.weight": {
    "r_t_mean": 0.047972985885424334,
    "r_t_std": 0.017719250318174565,
    "r_t_min": 0.026939505928550274,
    "r_t_max": 0.14930251644898504,
    "delta_hat_mean": 3.429495560015338e-07,
    "delta_hat_std": 7.725412690201135e-06,
    "lambda_t_mean": 0.00011596034208064983,
    "lambda_t_std": 1.6576741222037394e-05,
    "n_records": 780
  },
  "layer2.0.conv2.weight": {
    "r_t_mean": 0.04938481188998512,
    "r_t_std": 0.021290880169215935,
    "r_t_min": 0.0275779173491822,
    "r_t_max": 0.18048054482046372,
    "delta_hat_mean": 4.6949368200562464e-08,
    "delta_hat_std": 4.455102546963363e-06,
    "lambda_t_mean": 0.00011406912756775376,
    "lambda_t_std": 1.6033414324766e-05,
    "n_records": 780
  },
  "layer2.0.shortcut.0.weight": {
    "r_t_mean": 0.03704151422440088,
    "r_t_std": 0.010435702701671457,
    "r_t_min": 0.020554195568028115,
    "r_t_max": 0.08694725544064413,
    "delta_hat_mean": -7.100585365950069e-07,
    "delta_hat_std": 1.764780855533206e-05,
    "lambda_t_mean": 0.0001173717626127908,
    "lambda_t_std": 1.816279284035017e-05,
    "n_records": 780
  },
  "layer2.1.conv1.weight": {
    "r_t_mean": 0.04995840913856838,
    "r_t_std": 0.019928628906435018,
    "r_t_min": 0.028756692077715383,
    "r_t_max": 0.1680570407391581,
    "delta_hat_mean": -6.703204626809441e-08,
    "delta_hat_std": 3.4150637885384733e-06,
    "lambda_t_mean": 0.00011540850913734036,
    "lambda_t_std": 1.7563978996128974e-05,
    "n_records": 780
  },
  "layer2.1.conv2.weight": {
    "r_t_mean": 0.04909569410410732,
    "r_t_std": 0.017979052745731854,
    "r_t_min": 0.029703623222482538,
    "r_t_max": 0.1876540951195545,
    "delta_hat_mean": -1.1862892958215153e-07,
    "delta_hat_std": 3.550815363725011e-06,
    "lambda_t_mean": 0.00011372670778406167,
    "lambda_t_std": 1.6679889448246393e-05,
    "n_records": 780
  },
  "layer2.2.conv1.weight": {
    "r_t_mean": 0.05217499547882901,
    "r_t_std": 0.016695596466817467,
    "r_t_min": 0.030385834531163693,
    "r_t_max": 0.1535363965315429,
    "delta_hat_mean": 8.038527796368674e-08,
    "delta_hat_std": 3.2082066677586347e-06,
    "lambda_t_mean": 0.00011494569812241406,
    "lambda_t_std": 1.7080864885879443e-05,
    "n_records": 780
  },
  "layer2.2.conv2.weight": {
    "r_t_mean": 0.049231978401490274,
    "r_t_std": 0.01561456263086514,
    "r_t_min": 0.02947880296388262,
    "r_t_max": 0.14829135195938456,
    "delta_hat_mean": 8.341736111006936e-08,
    "delta_hat_std": 3.5442987132416047e-06,
    "lambda_t_mean": 0.00011340218721007398,
    "lambda_t_std": 1.610789230767058e-05,
    "n_records": 780
  },
  "layer3.0.conv1.weight": {
    "r_t_mean": 0.049001359383266406,
    "r_t_std": 0.015348759722438479,
    "r_t_min": 0.02881818765105838,
    "r_t_max": 0.13050365381887638,
    "delta_hat_mean": -3.6703598886685014e-08,
    "delta_hat_std": 3.125505596627619e-06,
    "lambda_t_mean": 0.00011271013323762866,
    "lambda_t_std": 1.5660397082940404e-05,
    "n_records": 780
  },
  "layer3.0.conv2.weight": {
    "r_t_mean": 0.05399340936816997,
    "r_t_std": 0.016535574432690558,
    "r_t_min": 0.03345487554006951,
    "r_t_max": 0.13139831284511153,
    "delta_hat_mean": -7.787075785901611e-09,
    "delta_hat_std": 1.7737037565053773e-06,
    "lambda_t_mean": 0.00011241011983312567,
    "lambda_t_std": 1.4707707868534098e-05,
    "n_records": 780
  },
  "layer3.0.shortcut.0.weight": {
    "r_t_mean": 0.036445686773572745,
    "r_t_std": 0.009142012780619753,
    "r_t_min": 0.02276966353078992,
    "r_t_max": 0.07711059640439438,
    "delta_hat_mean": -2.1173734449809774e-07,
    "delta_hat_std": 7.172500518012439e-06,
    "lambda_t_mean": 0.00011267768963177759,
    "lambda_t_std": 1.5862356583644836e-05,
    "n_records": 780
  },
  "layer3.1.conv1.weight": {
    "r_t_mean": 0.05440314013954209,
    "r_t_std": 0.016887784506185187,
    "r_t_min": 0.03441883261219675,
    "r_t_max": 0.1270672068447613,
    "delta_hat_mean": 1.5728504420823953e-08,
    "delta_hat_std": 1.8264862637816308e-06,
    "lambda_t_mean": 0.00011280455978502512,
    "lambda_t_std": 1.508008650372828e-05,
    "n_records": 780
  },
  "layer3.1.conv2.weight": {
    "r_t_mean": 0.05357366680908669,
    "r_t_std": 0.013771611294985187,
    "r_t_min": 0.0362756127124377,
    "r_t_max": 0.11619586657971881,
    "delta_hat_mean": -3.093059278617224e-08,
    "delta_hat_std": 1.7764125197560782e-06,
    "lambda_t_mean": 0.00011197274332685725,
    "lambda_t_std": 1.4246010359624761e-05,
    "n_records": 780
  },
  "layer3.2.conv1.weight": {
    "r_t_mean": 0.054782679961404894,
    "r_t_std": 0.01187517893682137,
    "r_t_min": 0.03728293141550805,
    "r_t_max": 0.10528876622153954,
    "delta_hat_mean": 8.251669269703477e-08,
    "delta_hat_std": 1.6661562242413113e-06,
    "lambda_t_mean": 0.00011213853843750521,
    "lambda_t_std": 1.4352328392272128e-05,
    "n_records": 780
  },
  "layer3.2.conv2.weight": {
    "r_t_mean": 0.04875878812449684,
    "r_t_std": 0.012501721184532614,
    "r_t_min": 0.0330561347964983,
    "r_t_max": 0.10419051797754432,
    "delta_hat_mean": -7.355788205323859e-09,
    "delta_hat_std": 1.5234156978073056e-06,
    "lambda_t_mean": 0.00011119010326982167,
    "lambda_t_std": 1.317181116188516e-05,
    "n_records": 780
  },