{
  "conv1.weight": {
    "r_t_mean": 0.029462104177920032,
    "r_t_std": 0.019334752854271338,
    "r_t_min": 0.011487331105539017,
    "r_t_max": 0.48136312615954147,
    "delta_hat_mean": 6.806850203352391e-07,
    "delta_hat_std": 5.948959126937562e-05,
    "lambda_t_mean": 0.0024314551936808855,
    "lambda_t_std": 0.0008284725133845548,
    "n_records": 780
  },
  "layer1.0.conv1.weight": {
    "r_t_mean": 0.026345926717330045,
    "r_t_std": 0.019712882080635232,
    "r_t_min": 0.012421566974687171,
    "r_t_max": 0.5191214248766924,
    "delta_hat_mean": 2.3805582005847324e-06,
    "delta_hat_std": 2.1812829887457464e-05,
    "lambda_t_mean": 0.002069987248243842,
    "lambda_t_std": 0.0005191806508732221,
    "n_records": 780
  },
  "layer1.0.conv2.weight": {
    "r_t_mean": 0.025721469893624924,
    "r_t_std": 0.01659518695871676,
    "r_t_min": 0.013622786603065422,
    "r_t_max": 0.4285661626701259,
    "delta_hat_mean": -9.722877220401489e-07,
    "delta_hat_std": 1.4663804235120626e-05,
    "lambda_t_mean": 0.0020091511840171074,
    "lambda_t_std": 0.00042239900048891463,
    "n_records": 780
  },
  "layer1.1.conv1.weight": {
    "r_t_mean": 0.026033583152948202,
    "r_t_std": 0.012845729719601233,
    "r_t_min": 0.012743210729197298,
    "r_t_max": 0.2932364555761944,
    "delta_hat_mean": -3.2459063320243986e-07,
    "delta_hat_std": 1.1137912277068363e-05,
    "lambda_t_mean": 0.0020135721545100006,
    "lambda_t_std": 0.0004254410192310128,
    "n_records": 780
  },
  "layer1.1.conv2.weight": {
    "r_t_mean": 0.02599335778857328,
    "r_t_std": 0.012190127117045896,
    "r_t_min": 0.011967596657781706,
    "r_t_max": 0.2753422993098887,
    "delta_hat_mean": 4.3911579173967086e-08,
    "delta_hat_std": 1.1458199587959686e-05,
    "lambda_t_mean": 0.001998610207078162,
    "lambda_t_std": 0.0004004985468986037,
    "n_records": 780
  },
  "layer1.2.conv1.weight": {
    "r_t_mean": 0.026491943085483468,
    "r_t_std": 0.012079995957699334,
    "r_t_min": 0.01228096642978607,
    "r_t_max": 0.2587137819003411,
    "delta_hat_mean": -6.543659102143113e-07,
    "delta_hat_std": 1.0238704017668248e-05,
    "lambda_t_mean": 0.002011132326733953,
    "lambda_t_std": 0.00041850159373449993,
    "n_records": 780
  },
  "layer1.2.conv2.weight": {
    "r_t_mean": 0.02577485579411252,
    "r_t_std": 0.0105583243160364,
    "r_t_min": 0.013190941074880244,
    "r_t_max": 0.20994447702984534,
    "delta_hat_mean": 8.093206188182952e-07,
    "delta_hat_std": 1.1377541085088696e-05,
    "lambda_t_mean": 0.0020014970986685886,
    "lambda_t_std": 0.00043165617622675735,
    "n_records": 780
  },
  "layer2.0.conv1.weight": {
    "r_t_mean": 0.025402321841666783,
    "r_t_std": 0.008692287829964595,
    "r_t_min": 0.01283158075689561,
    "r_t_max": 0.1493369776545995,
    "delta_hat_mean": -7.945508615241746e-07,
    "delta_hat_std": 9.636515031125677e-06,
    "lambda_t_mean": 0.0019829444540748315,
    "lambda_t_std": 0.00039861604833104253,
    "n_records": 780
  },
  "layer2.0.conv2.weight": {
    "r_t_mean": 0.024904219444741128,
    "r_t_std": 0.009341017304862895,
    "r_t_min": 0.013447473011370411,
    "r_t_max": 0.17789467223518432,
    "delta_hat_mean": -6.711647867218263e-08,
    "delta_hat_std": 6.181967874444378e-06,
    "lambda_t_mean": 0.0019042371925838543,
    "lambda_t_std": 0.00036213689181012454,
    "n_records": 780
  },
  "layer2.0.shortcut.0.weight": {
    "r_t_mean": 0.025167850023116,
    "r_t_std": 0.007638208755960327,
    "r_t_min": 0.012616539759989184,
    "r_t_max": 0.05467271860573776,
    "delta_hat_mean": 3.981309128392879e-07,
    "delta_hat_std": 2.769610660126308e-05,
    "lambda_t_mean": 0.001999741688050562,
    "lambda_t_std": 0.00040728809394176404,
    "n_records": 780
  },
  "layer2.1.conv1.weight": {
    "r_t_mean": 0.02621990500723502,
    "r_t_std": 0.01028567849090067,
    "r_t_min": 0.011269311354402818,
    "r_t_max": 0.16395245815724938,
    "delta_hat_mean": 1.9337530567703345e-07,
    "delta_hat_std": 5.151292095163032e-06,
    "lambda_t_mean": 0.0019249015749182705,
    "lambda_t_std": 0.00037726181741235524,
    "n_records": 780
  },
  "layer2.1.conv2.weight": {
    "r_t_mean": 0.02566468238579356,
    "r_t_std": 0.009572419612610121,
    "r_t_min": 0.013161277836619521,
    "r_t_max": 0.14282375345565193,
    "delta_hat_mean": 1.5161992588393248e-07,
    "delta_hat_std": 4.245642758674736e-06,
    "lambda_t_mean": 0.0019060836425326922,
    "lambda_t_std": 0.00033598907682587484,
    "n_records": 780
  },
  "layer2.2.conv1.weight": {
    "r_t_mean": 0.026061804317688113,
    "r_t_std": 0.00925645930184766,
    "r_t_min": 0.008627418056502535,
    "r_t_max": 0.12012989885236533,
    "delta_hat_mean": -5.495686295273408e-08,
    "delta_hat_std": 4.5532369025288985e-06,
    "lambda_t_mean": 0.0019276124575846117,
    "lambda_t_std": 0.0003592979784726633,
    "n_records": 780
  },
  "layer2.2.conv2.weight": {
    "r_t_mean": 0.025376813822808236,
    "r_t_std": 0.008771867195208035,
    "r_t_min": 0.011102974784984568,
    "r_t_max": 0.10965104649564894,
    "delta_hat_mean": -5.8371154004897237e-08,
    "delta_hat_std": 4.304435024496294e-06,
    "lambda_t_mean": 0.0018926242178213513,
    "lambda_t_std": 0.0003417398992234011,
    "n_records": 780
  },
  "layer3.0.conv1.weight": {
    "r_t_mean": 0.02469271380538874,
    "r_t_std": 0.007714573942400998,
    "r_t_min": 0.010358066376608953,
    "r_t_max": 0.08248144156850146,
    "delta_hat_mean": 1.0451458034747947e-07,
    "delta_hat_std": 3.303387504106386e-06,
    "lambda_t_mean": 0.0018878809181461034,
    "lambda_t_std": 0.0003237399952416628,
    "n_records": 780
  },
  "layer3.0.conv2.weight": {
    "r_t_mean": 0.02507761471872186,
    "r_t_std": 0.0084408558214028,
    "r_t_min": 0.013513133092270594,
    "r_t_max": 0.11173041968230792,
    "delta_hat_mean": 1.1011216829505435e-07,
    "delta_hat_std": 2.268190357705223e-06,
    "lambda_t_mean": 0.001864020622159828,
    "lambda_t_std": 0.00031467854240785153,
    "n_records": 780
  },
  "layer3.0.shortcut.0.weight": {
    "r_t_mean": 0.023658771896324236,
    "r_t_std": 0.0067387261465990675,
    "r_t_min": 0.013613739315777708,
    "r_t_max": 0.04642734764816055,
    "delta_hat_mean": -3.7609697019392047e-07,
    "delta_hat_std": 9.419330492294473e-06,
    "lambda_t_mean": 0.0018763904050783844,
    "lambda_t_std": 0.0003217226385060796,
    "n_records": 780
  },
  "layer3.1.conv1.weight": {
    "r_t_mean": 0.02551639996185619,
    "r_t_std": 0.00889056075573172,
    "r_t_min": 0.01322680587169942,
    "r_t_max": 0.10403080719867192,
    "delta_hat_mean": 2.0363818190928564e-07,
    "delta_hat_std": 2.3376086514780468e-06,
    "lambda_t_mean": 0.0018745895897928466,
    "lambda_t_std": 0.00031995028627411753,
    "n_records": 780
  },
  "layer3.1.conv2.weight": {
    "r_t_mean": 0.025348907381234922,
    "r_t_std": 0.008753304685577924,
    "r_t_min": 0.013451397800621982,
    "r_t_max": 0.11107118652553694,
    "delta_hat_mean": 2.5537508577896298e-09,
    "delta_hat_std": 1.9277742787378547e-06,
    "lambda_t_mean": 0.0018556087357909832,
    "lambda_t_std": 0.0003004042368826491,
    "n_records": 780
  },
  "layer3.2.conv1.weight": {
    "r_t_mean": 0.025262842880412955,
    "r_t_std": 0.008296000150135143,
    "r_t_min": 0.013655378603753049,
    "r_t_max": 0.10510442954191625,
    "delta_hat_mean": 5.191762917697509e-08,
    "delta_hat_std": 2.2866521489651035e-06,
    "lambda_t_mean": 0.0018544301751631713,
    "lambda_t_std": 0.00029118852013901986,
    "n_records": 780
  },
  "layer3.2.conv2.weight": {
    "r_t_mean": 0.024114324058712566,
    "r_t_std": 0.007048286558569449,
    "r_t_min": 0.01389645193682733,
    "r_t_max": 0.10421455663375467,
    "delta_hat_mean": -1.8529085264896317e-07,
    "delta_hat_std": 1.94255362702563e-06,
    "lambda_t_mean": 0.0018501644185358772,
    "lambda_t_std": 0.00028944260318118734,
    "n_records": 780
  },