{
  "features.0.weight": {
    "r_t_mean": 0.021561537790238706,
    "r_t_std": 0.01341812446537247,
    "r_t_min": 0.000258147648597903,
    "r_t_max": 0.2707041925369013,
    "delta_hat_mean": 4.616135438549571e-07,
    "delta_hat_std": 1.841888371461411e-05,
    "lambda_t_mean": 0.0007339392757403353,
    "lambda_t_std": 0.00029453935885073935,
    "n_records": 1950
  },
  "features.3.weight": {
    "r_t_mean": 0.021506811966155663,
    "r_t_std": 0.021992278590084863,
    "r_t_min": 0.00018952273626638753,
    "r_t_max": 0.8902912505882729,
    "delta_hat_mean": 1.477113653920334e-07,
    "delta_hat_std": 4.133394350501929e-06,
    "lambda_t_mean": 0.0006788031497600788,
    "lambda_t_std": 0.0002528686099239431,
    "n_records": 1950
  },
  "features.7.weight": {
    "r_t_mean": 0.023496470769711616,
    "r_t_std": 0.013992112080170219,
    "r_t_min": 0.00015777105745852946,
    "r_t_max": 0.5119920311765076,
    "delta_hat_mean": -1.7220583722976777e-09,
    "delta_hat_std": 3.644355597917309e-08,
    "lambda_t_mean": 0.0006568650311490903,
    "lambda_t_std": 0.00020488345774049272,
    "n_records": 1950
  },
  "features.10.weight": {
    "r_t_mean": 0.024799378423422523,
    "r_t_std": 0.015628178031677847,
    "r_t_min": 0.00015369754434495144,
    "r_t_max": 0.5995776944458986,
    "delta_hat_mean": -5.566855694365376e-10,
    "delta_hat_std": 2.936307074571053e-08,
    "lambda_t_mean": 0.0006458447106628658,
    "lambda_t_std": 0.00018915199665066725,
    "n_records": 1950
  },
  "features.14.weight": {
    "r_t_mean": 0.026929792026738335,
    "r_t_std": 0.012040397049937255,
    "r_t_min": 8.433552224475822e-05,
    "r_t_max": 0.3622712820891992,
    "delta_hat_mean": 3.527229254884627e-08,
    "delta_hat_std": 1.2416233568981227e-06,
    "lambda_t_mean": 0.0006296746964792122,
    "lambda_t_std": 0.00015528644364600107,
    "n_records": 1950
  },
  "features.17.weight": {
    "r_t_mean": 0.029351403113093606,
    "r_t_std": 0.01474868009413814,
    "r_t_min": 8.972253392727967e-05,
    "r_t_max": 0.4261616554038474,
    "delta_hat_mean": -4.402357376861938e-10,
    "delta_hat_std": 2.7156938337083577e-08,
    "lambda_t_mean": 0.0006229327333169285,
    "lambda_t_std": 0.0001396896984132716,
    "n_records": 1950
  },
  "features.20.weight": {
    "r_t_mean": 0.02912417813730339,
    "r_t_std": 0.014435224439203736,
    "r_t_min": 0.00010681431666631175,
    "r_t_max": 0.3592347658139185,
    "delta_hat_mean": 7.553232329550784e-10,
    "delta_hat_std": 4.665752092693419e-08,
    "lambda_t_mean": 0.000617738216803949,
    "lambda_t_std": 0.00013441585517219134,
    "n_records": 1950
  },
  "features.24.weight": {
    "r_t_mean": 0.025799076011590517,
    "r_t_std": 0.01265453190799584,
    "r_t_min": 6.5149508524393e-05,
    "r_t_max": 0.22140216766070717,
    "delta_hat_mean": -1.40951567528802e-09,
    "delta_hat_std": 6.746964496141345e-07,
    "lambda_t_mean": 0.0006164580558112373,
    "lambda_t_std": 0.00014009812200002725,
    "n_records": 1950
  },
  "features.27.weight": {
    "r_t_mean": 0.023992405740763972,
    "r_t_std": 0.012403232790012158,
    "r_t_min": 5.8262291319264995e-05,
    "r_t_max": 0.2662594407601167,
    "delta_hat_mean": 1.8948471608181395e-08,
    "delta_hat_std": 7.632641755813835e-07,
    "lambda_t_mean": 0.0006171826758941753,
    "lambda_t_std": 0.00014595234919385756,
    "n_records": 1950
  },
  "features.30.weight": {
    "r_t_mean": 0.02126166708493234,
    "r_t_std": 0.010116560112118712,
    "r_t_min": 6.787189864270063e-05,
    "r_t_max": 0.2268620075850339,
    "delta_hat_mean": 4.33661870997294e-09,
    "delta_hat_std": 9.105283171750507e-07,
    "lambda_t_mean": 0.0006234750304336008,
    "lambda_t_std": 0.00014846592173791204,
    "n_records": 1950
  },
  "features.34.weight": {
    "r_t_mean": 0.018133881293857738,
    "r_t_std": 0.007741591630145036,
    "r_t_min": 7.72855233039798e-05,
    "r_t_max": 0.20948824723472545,
    "delta_hat_mean": -7.798159138598766e-09,
    "delta_hat_std": 1.8429858722556063e-06,
    "lambda_t_mean": 0.0006363318157406721,
    "lambda_t_std": 0.00014529408888049508,
    "n_records": 1950
  },
  "features.37.weight": {
    "r_t_mean": 0.016984666659376223,
    "r_t_std": 0.005993431088659342,
    "r_t_min": 0.00017568440897480458,
    "r_t_max": 0.17518967528869087,
    "delta_hat_mean": 2.9738685313836968e-08,
    "delta_hat_std": 2.062991824282435e-06,
    "lambda_t_mean": 0.0006267934687888399,
    "lambda_t_std": 0.00012685298442888034,
    "n_records": 1950
  },
  "features.40.weight": {
    "r_t_mean": 0.01817766328544194,
    "r_t_std": 0.0050049601648478725,
    "r_t_min": 0.0005836023073327404,
    "r_t_max": 0.150745456055368,
    "delta_hat_mean": -6.959041591442654e-08,
    "delta_hat_std": 2.7783092287825748e-06,
    "lambda_t_mean": 0.0006170663067334933,
    "lambda_t_std": 0.00011684741125423858,
    "n_records": 1950
  },
  "classifier.0.weight": {
    "r_t_mean": 0.018901329023155854,
    "r_t_std": 0.009060787233519094,
    "r_t_min": 0.0015233283879920324,
    "r_t_max": 0.1718107466897733,
    "delta_hat_mean": 0.00014207840033635968,
    "delta_hat_std": 0.015706905956140212,
    "lambda_t_mean": 0.0006540220729441814,
    "lambda_t_std": 0.00025579479601184894,
    "n_records": 1950
  },
  "classifier.3.weight": {
    "r_t_mean": 0.02086506213126732,
    "r_t_std": 0.004301519988842858,
    "r_t_min": 0.002381058791350265,
    "r_t_max": 0.0925743824394962,
    "delta_hat_mean": 0.0007636474236774003,
    "delta_hat_std": 0.01259334976959163,
    "lambda_t_mean": 0.0005875580395231732,
    "lambda_t_std": 0.00010422764225060085,
    "n_records": 1950
  },
  "classifier.6.weight": {
    "r_t_mean": 0.023394337601350075,
    "r_t_std": 0.007154612380300217,
    "r_t_min": 0.008138813607995298,
    "r_t_max": 0.2059864752330057,
    "delta_hat_mean": 0.0009090690450269298,
    "delta_hat_std": 0.012313601374539384,
    "lambda_t_mean": 0.0005706313365267293,
    "lambda_t_std": 6.160525895451884e-05,
    "n_records": 1950
  }
}