{
  "variant": "Kp_only",
  "method": "UDWDC_v2_Kp_only",
  "K_p": 0.5,
  "K_i": 0.0,
  "K_d": 0.0,
  "is_baseline": false,
  "seed": 123,
  "epochs": 200,
  "best_test_acc": 68.09,
  "final_test_acc": 67.8,
  "final_train_acc": 99.51121794871794,
  "generalization_gap": 31.711217948717945,
  "total_wd_budget": 0.31612747955552634,
  "v2_cumulative_wd_budget": 441754.8411817801,
  "csi": 0.23927650669974354,
  "nan_inf_detected": false,
  "elapsed_sec": 6656.992995023727
}