{
  "conv1.weight": {
    "r_t_mean": 0.06763665164116278,
    "r_t_std": 0.04244734729178833,
    "r_t_min": 0.01595468398772316,
    "r_t_max": 0.4824892850051145,
    "delta_hat_mean": -2.6172422810105537e-06,
    "delta_hat_std": 5.4355387814580956e-05,
    "lambda_t_mean": 0.011616935365072972,
    "lambda_t_std": 0.0012782255945435095,
    "n_records": 780
  },
  "layer1.0.conv1.weight": {
    "r_t_mean": 0.059292600597940955,
    "r_t_std": 0.039732557821707606,
    "r_t_min": 0.014430069088235218,
    "r_t_max": 0.5203359878300313,
    "delta_hat_mean": -1.349761586984991e-06,
    "delta_hat_std": 4.524705451562214e-05,
    "lambda_t_mean": 0.01114841820793446,
    "lambda_t_std": 0.0009088659196035296,
    "n_records": 780
  },
  "layer1.0.conv2.weight": {
    "r_t_mean": 0.05918489177788259,
    "r_t_std": 0.038062406766873905,
    "r_t_min": 0.01689654707516116,
    "r_t_max": 0.4295688221476355,
    "delta_hat_mean": 4.562002799455802e-09,
    "delta_hat_std": 2.814538939984097e-05,
    "lambda_t_mean": 0.010974530034270421,
    "lambda_t_std": 0.0007763364955073623,
    "n_records": 780
  },
  "layer1.1.conv1.weight": {
    "r_t_mean": 0.06052323784019513,
    "r_t_std": 0.038659935738007155,
    "r_t_min": 0.010297491451982846,
    "r_t_max": 0.2939224861265158,
    "delta_hat_mean": -1.6864625994304452e-06,
    "delta_hat_std": 2.723695484395079e-05,
    "lambda_t_mean": 0.011010756537517314,
    "lambda_t_std": 0.0008613966350467448,
    "n_records": 780
  },
  "layer1.1.conv2.weight": {
    "r_t_mean": 0.059730865984883155,
    "r_t_std": 0.03729174342958055,
    "r_t_min": 0.012547787426769012,
    "r_t_max": 0.2759864858893008,
    "delta_hat_mean": 3.111454950019339e-07,
    "delta_hat_std": 1.8197304145590134e-05,
    "lambda_t_mean": 0.010845221914481395,
    "lambda_t_std": 0.0007227765950908465,
    "n_records": 780
  },
  "layer1.2.conv1.weight": {
    "r_t_mean": 0.06089600903528917,
    "r_t_std": 0.03937840674069031,
    "r_t_min": 0.013258408879229263,
    "r_t_max": 0.2593190655949817,
    "delta_hat_mean": 1.1615109054327255e-06,
    "delta_hat_std": 1.4346558765920158e-05,
    "lambda_t_mean": 0.010831427810211661,
    "lambda_t_std": 0.000696289845901281,
    "n_records": 780
  },
  "layer1.2.conv2.weight": {
    "r_t_mean": 0.05960906377098132,
    "r_t_std": 0.03720447215976722,
    "r_t_min": 0.016249299990315092,
    "r_t_max": 0.21043565721513854,
    "delta_hat_mean": 3.587329177871623e-08,
    "delta_hat_std": 1.4818817989903019e-05,
    "lambda_t_mean": 0.010788839360687006,
    "lambda_t_std": 0.0006744234095146515,
    "n_records": 780
  },
  "layer2.0.conv1.weight": {
    "r_t_mean": 0.059758051760771744,
    "r_t_std": 0.03451649008249217,
    "r_t_min": 0.012476236409691192,
    "r_t_max": 0.17597975024917153,
    "delta_hat_mean": -3.7796822177723536e-07,
    "delta_hat_std": 9.666196126777183e-06,
    "lambda_t_mean": 0.010753535374650229,
    "lambda_t_std": 0.0006335166429002887,
    "n_records": 780
  },
  "layer2.0.conv2.weight": {
    "r_t_mean": 0.058881264275773566,
    "r_t_std": 0.03480748115877661,
    "r_t_min": 0.014059831509223705,
    "r_t_max": 0.17831087079467647,
    "delta_hat_mean": 2.596136822163294e-07,
    "delta_hat_std": 6.469740832387592e-06,
    "lambda_t_mean": 0.010602887277703829,
    "lambda_t_std": 0.000500375160495924,
    "n_records": 780
  },
  "layer2.0.shortcut.0.weight": {
    "r_t_mean": 0.06058033448379584,
    "r_t_std": 0.036175316656043295,
    "r_t_min": 0.01833988679461598,
    "r_t_max": 0.2322633599024319,
    "delta_hat_mean": 1.7092341282047385e-07,
    "delta_hat_std": 2.7850649644033686e-05,
    "lambda_t_mean": 0.011028190190169925,
    "lambda_t_std": 0.000807065871739679,
    "n_records": 780
  },
  "layer2.1.conv1.weight": {
    "r_t_mean": 0.06164943558274418,
    "r_t_std": 0.04147125468629898,
    "r_t_min": 0.010700436402037073,
    "r_t_max": 0.20586161575517584,
    "delta_hat_mean": -2.3808826116388777e-07,
    "delta_hat_std": 8.975270086079481e-06,
    "lambda_t_mean": 0.010774076666325356,
    "lambda_t_std": 0.0006624028574975311,
    "n_records": 780
  },
  "layer2.1.conv2.weight": {
    "r_t_mean": 0.0617438754884438,
    "r_t_std": 0.04062274496562425,
    "r_t_min": 0.010498491129410025,
    "r_t_max": 0.20839080793860004,
    "delta_hat_mean": -4.7404854926050357e-07,
    "delta_hat_std": 1.1283208102110717e-05,
    "lambda_t_mean": 0.010912544024947391,
    "lambda_t_std": 0.0007257271651758909,
    "n_records": 780
  },
  "layer2.2.conv1.weight": {
    "r_t_mean": 0.06091156293583711,
    "r_t_std": 0.03972512365914642,
    "r_t_min": 0.009477466714203983,
    "r_t_max": 0.18203094006070783,
    "delta_hat_mean": -4.423820962554186e-07,
    "delta_hat_std": 6.242376648222603e-06,
    "lambda_t_mean": 0.01064281613730097,
    "lambda_t_std": 0.0005240392852615788,
    "n_records": 780
  },
  "layer2.2.conv2.weight": {
    "r_t_mean": 0.06049323480877773,
    "r_t_std": 0.03868625644762285,
    "r_t_min": 0.011527441441592177,
    "r_t_max": 0.18321566388777102,
    "delta_hat_mean": 1.1307170521372237e-07,
    "delta_hat_std": 5.307307109799394e-06,
    "lambda_t_mean": 0.010617855494671452,
    "lambda_t_std": 0.00051589478851866,
    "n_records": 780
  },
  "layer3.0.conv1.weight": {
    "r_t_mean": 0.05896723439168017,
    "r_t_std": 0.03539959084544921,
    "r_t_min": 0.011814606433884853,
    "r_t_max": 0.16322755765001706,
    "delta_hat_mean": -9.070940187017895e-09,
    "delta_hat_std": 4.0427617535128e-06,
    "lambda_t_mean": 0.010551238680850556,
    "lambda_t_std": 0.00048679478837587085,
    "n_records": 780
  },
  "layer3.0.conv2.weight": {
    "r_t_mean": 0.0592356955352874,
    "r_t_std": 0.03670224724230061,
    "r_t_min": 0.012357488592510556,
    "r_t_max": 0.17084595374388178,
    "delta_hat_mean": -1.3068363039520793e-07,
    "delta_hat_std": 3.2255217700958467e-06,
    "lambda_t_mean": 0.010494886718329847,
    "lambda_t_std": 0.0004254361823840028,
    "n_records": 780
  },
  "layer3.0.shortcut.0.weight": {
    "r_t_mean": 0.058342631175349935,
    "r_t_std": 0.03370895610026424,
    "r_t_min": 0.02103323195381664,
    "r_t_max": 0.1619897975864846,
    "delta_hat_mean": -4.813603026763374e-07,
    "delta_hat_std": 9.255998899199979e-06,
    "lambda_t_mean": 0.010564845417816417,
    "lambda_t_std": 0.00045847342164475783,
    "n_records": 780
  },
  "layer3.1.conv1.weight": {
    "r_t_mean": 0.06109879845655527,
    "r_t_std": 0.04052346258338334,
    "r_t_min": 0.011911571078117605,
    "r_t_max": 0.18808513247289455,
    "delta_hat_mean": -7.022078732857532e-08,
    "delta_hat_std": 3.7924657103526393e-06,
    "lambda_t_mean": 0.010575281200855408,
    "lambda_t_std": 0.00047320132916680706,
    "n_records": 780
  },
  "layer3.1.conv2.weight": {
    "r_t_mean": 0.060777570599479774,
    "r_t_std": 0.039545723396586775,
    "r_t_min": 0.009377316816151605,
    "r_t_max": 0.18007728297344097,
    "delta_hat_mean": -9.006825619701673e-08,
    "delta_hat_std": 2.6178489391523667e-06,
    "lambda_t_mean": 0.010536531552924923,
    "lambda_t_std": 0.00042844428258001,
    "n_records": 780
  },
  "layer3.2.conv1.weight": {
    "r_t_mean": 0.05963273084322087,
    "r_t_std": 0.036939941539640656,
    "r_t_min": 0.017686743236219143,
    "r_t_max": 0.17409006000303204,
    "delta_hat_mean": 1.4679886649063635e-07,
    "delta_hat_std": 3.2778193076451744e-06,
    "lambda_t_mean": 0.010497825935905024,
    "lambda_t_std": 0.00038608278691619333,
    "n_records": 780
  },
  "layer3.2.conv2.weight": {
    "r_t_mean": 0.057293237968920226,
    "r_t_std": 0.032311860339150386,
    "r_t_min": 0.015457479765668754,
    "r_t_max": 0.14934699723631975,
    "delta_hat_mean": -2.0037230029720157e-07,
    "delta_hat_std": 3.1249322708416563e-06,
    "lambda_t_mean": 0.010456710258102577,
    "lambda_t_std": 0.0003555596230403206,
    "n_records": 780
  },
  "fc.weight": {
    "r_t_mean": 0.04439987263174635,