{
  "conv1.weight": {
    "r_t_mean": 0.03414086950885103,
    "r_t_std": 0.018857165326555694,
    "r_t_min": 0.015997666916717758,
    "r_t_max": 0.4813181970322485,
    "delta_hat_mean": -2.8493996203028707e-06,
    "delta_hat_std": 4.98669490295994e-05,
    "lambda_t_mean": 0.0018500290855174128,
    "lambda_t_std": 0.0,
    "n_records": 780
  },
  "layer1.0.conv1.weight": {
    "r_t_mean": 0.034284540192630525,
    "r_t_std": 0.019262191085167826,
    "r_t_min": 0.018444369611253134,
    "r_t_max": 0.5190730298016976,
    "delta_hat_mean": -7.239126645139585e-08,
    "delta_hat_std": 1.3920952278455808e-05,
    "lambda_t_mean": 0.0018500290855174128,
    "lambda_t_std": 0.0,
    "n_records": 780
  },
  "layer1.0.conv2.weight": {
    "r_t_mean": 0.03391331653612694,
    "r_t_std": 0.0161093263966038,
    "r_t_min": 0.019850789549044387,
    "r_t_max": 0.4285261571672794,
    "delta_hat_mean": -3.766034285700124e-07,
    "delta_hat_std": 1.1460158266292997e-05,
    "lambda_t_mean": 0.0018500290855174128,
    "lambda_t_std": 0.0,
    "n_records": 780
  },
  "layer1.1.conv1.weight": {
    "r_t_mean": 0.03413929681653904,
    "r_t_std": 0.01266567779967211,
    "r_t_min": 0.018335904151422843,
    "r_t_max": 0.29320906651356027,
    "delta_hat_mean": 1.3224222734300803e-07,
    "delta_hat_std": 1.132652386618688e-05,
    "lambda_t_mean": 0.0018500290855174128,
    "lambda_t_std": 0.0,
    "n_records": 780
  },
  "layer1.1.conv2.weight": {
    "r_t_mean": 0.03389358116518026,
    "r_t_std": 0.012000727018407658,
    "r_t_min": 0.019315023626795408,
    "r_t_max": 0.2753166091509136,
    "delta_hat_mean": -1.4415613244194557e-07,
    "delta_hat_std": 9.441504704532598e-06,
    "lambda_t_mean": 0.0018500290855174128,
    "lambda_t_std": 0.0,
    "n_records": 780
  },
  "layer1.2.conv1.weight": {
    "r_t_mean": 0.03521974174308162,
    "r_t_std": 0.01167168412871256,
    "r_t_min": 0.01911193412831442,
    "r_t_max": 0.25868962398755496,
    "delta_hat_mean": -2.805048888202914e-07,
    "delta_hat_std": 8.55203518855618e-06,
    "lambda_t_mean": 0.0018500290855174128,
    "lambda_t_std": 0.0,
    "n_records": 780
  },
  "layer1.2.conv2.weight": {
    "r_t_mean": 0.0345306195753447,
    "r_t_std": 0.01040121427845549,
    "r_t_min": 0.01960161991121482,
    "r_t_max": 0.20992489058203107,
    "delta_hat_mean": -1.8089534494382137e-07,
    "delta_hat_std": 8.777430379581802e-06,
    "lambda_t_mean": 0.0018500290855174128,
    "lambda_t_std": 0.0,
    "n_records": 780
  },
  "layer2.0.conv1.weight": {
    "r_t_mean": 0.03393117287671505,
    "r_t_std": 0.00854224394641844,
    "r_t_min": 0.020531848291025705,
    "r_t_max": 0.149323031773592,
    "delta_hat_mean": 3.506335376211831e-07,
    "delta_hat_std": 8.59700241979038e-06,
    "lambda_t_mean": 0.0018500290855174128,
    "lambda_t_std": 0.0,
    "n_records": 780
  },
  "layer2.0.conv2.weight": {
    "r_t_mean": 0.03395846720597087,
    "r_t_std": 0.00913537451936784,
    "r_t_min": 0.020740944418111574,
    "r_t_max": 0.17787807253093732,
    "delta_hat_mean": -2.541023950717257e-07,
    "delta_hat_std": 5.4835518837326305e-06,
    "lambda_t_mean": 0.0018500290855174128,
    "lambda_t_std": 0.0,
    "n_records": 780
  },
  "layer2.0.shortcut.0.weight": {
    "r_t_mean": 0.032354316492036815,
    "r_t_std": 0.007074170092215934,
    "r_t_min": 0.01735655003417772,
    "r_t_max": 0.08222021041172939,
    "delta_hat_mean": 2.650977978355047e-07,
    "delta_hat_std": 1.9099245542318196e-05,
    "lambda_t_mean": 0.0018500290855174128,
    "lambda_t_std": 0.0,
    "n_records": 780
  },
  "layer2.1.conv1.weight": {
    "r_t_mean": 0.034781455130322235,
    "r_t_std": 0.009390474600547557,
    "r_t_min": 0.020372955603250774,
    "r_t_max": 0.1639371557703308,
    "delta_hat_mean": -1.7186490146706217e-07,
    "delta_hat_std": 3.903847280294563e-06,
    "lambda_t_mean": 0.0018500290855174128,
    "lambda_t_std": 0.0,
    "n_records": 780
  },
  "layer2.1.conv2.weight": {
    "r_t_mean": 0.03442532527534007,
    "r_t_std": 0.008937926180707738,
    "r_t_min": 0.020073030098529353,
    "r_t_max": 0.1428104194128776,
    "delta_hat_mean": 1.2676654163718846e-07,
    "delta_hat_std": 4.106635323666867e-06,
    "lambda_t_mean": 0.0018500290855174128,
    "lambda_t_std": 0.0,
    "n_records": 780
  },
  "layer2.2.conv1.weight": {
    "r_t_mean": 0.035677623451027346,
    "r_t_std": 0.008832960220144345,
    "r_t_min": 0.019880122016086004,
    "r_t_max": 0.12011868174923288,
    "delta_hat_mean": 3.29189319381876e-08,
    "delta_hat_std": 3.945236134054703e-06,
    "lambda_t_mean": 0.0018500290855174128,
    "lambda_t_std": 0.0,
    "n_records": 780
  },
  "layer2.2.conv2.weight": {
    "r_t_mean": 0.03475239650173986,
    "r_t_std": 0.008291252826748878,
    "r_t_min": 0.01923005124148089,
    "r_t_max": 0.109640811399659,
    "delta_hat_mean": 1.8867078830193843e-07,
    "delta_hat_std": 4.114015839938412e-06,
    "lambda_t_mean": 0.0018500290855174128,
    "lambda_t_std": 0.0,
    "n_records": 780
  },
  "layer3.0.conv1.weight": {
    "r_t_mean": 0.03401684733450721,
    "r_t_std": 0.007409049840167017,
    "r_t_min": 0.019584205314141408,
    "r_t_max": 0.08247374773715835,
    "delta_hat_mean": -2.632318691995967e-07,
    "delta_hat_std": 3.069278585642406e-06,
    "lambda_t_mean": 0.0018500290855174128,
    "lambda_t_std": 0.0,
    "n_records": 780
  },
  "layer3.0.conv2.weight": {
    "r_t_mean": 0.03512565571444477,
    "r_t_std": 0.008193634849305182,
    "r_t_min": 0.021643572574555188,
    "r_t_max": 0.1117199930316872,
    "delta_hat_mean": 3.592637920999768e-08,
    "delta_hat_std": 2.152676224141515e-06,
    "lambda_t_mean": 0.0018500290855174128,
    "lambda_t_std": 0.0,
    "n_records": 780
  },
  "layer3.0.shortcut.0.weight": {
    "r_t_mean": 0.031019940188228554,
    "r_t_std": 0.00594254697940769,
    "r_t_min": 0.019371868274470235,
    "r_t_max": 0.0701504008552421,
    "delta_hat_mean": -1.4995094843310397e-07,
    "delta_hat_std": 8.517386011376744e-06,
    "lambda_t_mean": 0.0018500290855174128,
    "lambda_t_std": 0.0,
    "n_records": 780
  },
  "layer3.1.conv1.weight": {
    "r_t_mean": 0.035219029930708086,
    "r_t_std": 0.008693646075992705,
    "r_t_min": 0.021016900854954657,
    "r_t_max": 0.1040211059727584,
    "delta_hat_mean": -7.734350612956028e-09,
    "delta_hat_std": 2.1296141118277608e-06,
    "lambda_t_mean": 0.0018500290855174128,
    "lambda_t_std": 0.0,
    "n_records": 780
  },
  "layer3.1.conv2.weight": {
    "r_t_mean": 0.03530827578300107,
    "r_t_std": 0.008345639512621536,
    "r_t_min": 0.021126801841149588,
    "r_t_max": 0.11106081730350967,
    "delta_hat_mean": 1.0597032369556831e-08,
    "delta_hat_std": 1.7246282489054021e-06,
    "lambda_t_mean": 0.0018500290855174128,
    "lambda_t_std": 0.0,
    "n_records": 780
  },
  "layer3.2.conv1.weight": {
    "r_t_mean": 0.03547579884177379,
    "r_t_std": 0.007905012641259855,
    "r_t_min": 0.021383480253677912,
    "r_t_max": 0.10509461505042604,
    "delta_hat_mean": -3.116721949115463e-08,
    "delta_hat_std": 1.976631782495874e-06,
    "lambda_t_mean": 0.0018500290855174128,
    "lambda_t_std": 0.0,
    "n_records": 780
  },
  "layer3.2.conv2.weight": {
    "r_t_mean": 0.0333254807115908,
    "r_t_std": 0.006436145977832637,
    "r_t_min": 0.02151942581787772,
    "r_t_max": 0.10420483457246071,
    "delta_hat_mean": -7.554486098249332e-08,
    "delta_hat_std": 1.8374466685359945e-06,
    "lambda_t_mean": 0.0018500290855174128,
    "lambda_t_std": 0.0,
    "n_records": 780
  },
  "fc.weight": {
    "r_t_mean": 0.025160509906754183,
    "r_t_std": 0.009170649901415466,
    "r_t_min": 0.014782694742110166,
    "r_t_max": 0.15045809213139594,
    "delta_hat_mean": -0.004764185718013673,
    "delta_hat_std": 0.008237677046903142,
    "lambda_t_mean": 0.0018500290855174128,
    "lambda_t_std": 0.0,
    "n_records": 780
  }
}