{
  "conv1.weight": {
    "r_t_mean": 0.045342872475750404,
    "r_t_std": 0.02304728231694094,
    "r_t_min": 0.019342773499631212,
    "r_t_max": 0.48150245483957405,
    "delta_hat_mean": -0.00015930670691470064,
    "delta_hat_std": 0.0001293561663625387,
    "lambda_t_mean": 0.004269256978771243,
    "lambda_t_std": 0.00018147297054653974,
    "n_records": 780
  },
  "layer1.0.conv1.weight": {
    "r_t_mean": 0.04378983668868728,
    "r_t_std": 0.02343611275130501,
    "r_t_min": 0.014171973811920376,
    "r_t_max": 0.5192781869129812,
    "delta_hat_mean": -0.00015253887351586825,
    "delta_hat_std": 0.00011077719791892353,
    "lambda_t_mean": 0.004257151004754309,
    "lambda_t_std": 0.00010571693266187984,
    "n_records": 780
  },
  "layer1.0.conv2.weight": {
    "r_t_mean": 0.043519553643840546,
    "r_t_std": 0.02107123133332992,
    "r_t_min": 0.01426061191326303,
    "r_t_max": 0.42870246679570256,
    "delta_hat_mean": -0.00015868595502743833,
    "delta_hat_std": 0.00011501676112824685,
    "lambda_t_mean": 0.00425242787263086,
    "lambda_t_std": 9.98798097506756e-05,
    "n_records": 780
  },
  "layer1.1.conv1.weight": {
    "r_t_mean": 0.04422360436550715,
    "r_t_std": 0.019426686429039577,
    "r_t_min": 0.015351069153394348,
    "r_t_max": 0.2933268757984879,
    "delta_hat_mean": -0.00015751723186210433,
    "delta_hat_std": 0.00011330155914967295,
    "lambda_t_mean": 0.00425861811304424,
    "lambda_t_std": 9.4917529513425e-05,
    "n_records": 780
  },
  "layer1.1.conv2.weight": {
    "r_t_mean": 0.043976099767431845,
    "r_t_std": 0.018676110368296864,
    "r_t_min": 0.014983364781843126,
    "r_t_max": 0.27543309067627936,
    "delta_hat_mean": -0.00015975139459287348,
    "delta_hat_std": 0.00011530026484422404,
    "lambda_t_mean": 0.00425761006996234,
    "lambda_t_std": 0.00010250456570524622,
    "n_records": 780
  },
  "layer1.2.conv1.weight": {
    "r_t_mean": 0.0444315493439751,
    "r_t_std": 0.019141138057804506,
    "r_t_min": 0.013347966611213624,
    "r_t_max": 0.25879511469589545,
    "delta_hat_mean": -0.00016044493159081223,
    "delta_hat_std": 0.00011459627083804407,
    "lambda_t_mean": 0.0042581448544859405,
    "lambda_t_std": 0.0001005200679579738,
    "n_records": 780
  },
  "layer1.2.conv2.weight": {
    "r_t_mean": 0.043717165642627134,
    "r_t_std": 0.017841120618954102,
    "r_t_min": 0.013004806139082467,
    "r_t_max": 0.2100095808365768,
    "delta_hat_mean": -0.0001619741501159835,
    "delta_hat_std": 0.00011579289393727078,
    "lambda_t_mean": 0.004253199290658112,
    "lambda_t_std": 8.01855129659495e-05,
    "n_records": 780
  },
  "layer2.0.conv1.weight": {
    "r_t_mean": 0.043675056228083875,
    "r_t_std": 0.016315644719446288,
    "r_t_min": 0.012699528658824214,
    "r_t_max": 0.14938201239471965,
    "delta_hat_mean": -0.00015002316250361538,
    "delta_hat_std": 0.00010779983374064864,
    "lambda_t_mean": 0.004263381473146026,
    "lambda_t_std": 6.891364736705042e-05,
    "n_records": 780
  },
  "layer2.0.conv2.weight": {
    "r_t_mean": 0.043633630182247966,
    "r_t_std": 0.016578497318821973,
    "r_t_min": 0.019773767998817797,
    "r_t_max": 0.17794930870008352,
    "delta_hat_mean": -0.00015877174410470037,
    "delta_hat_std": 0.00011278838784911704,
    "lambda_t_mean": 0.004254995307263815,
    "lambda_t_std": 4.2008657298405024e-05,
    "n_records": 780
  },
  "layer2.0.shortcut.0.weight": {
    "r_t_mean": 0.043049481566638674,
    "r_t_std": 0.015504826995193385,
    "r_t_min": 0.014238782624517325,
    "r_t_max": 0.08638144017432742,
    "delta_hat_mean": -0.0001280082973030935,
    "delta_hat_std": 9.978723026893039e-05,
    "lambda_t_mean": 0.004270113547151259,
    "lambda_t_std": 0.00015376402329550404,
    "n_records": 780
  },
  "layer2.1.conv1.weight": {
    "r_t_mean": 0.04509675305775766,
    "r_t_std": 0.01865122028189881,
    "r_t_min": 0.016035718403840927,
    "r_t_max": 0.16400191985750703,
    "delta_hat_mean": -0.0001612870536662845,
    "delta_hat_std": 0.00011463415782813567,
    "lambda_t_mean": 0.004254052325080115,
    "lambda_t_std": 4.7954511006335786e-05,
    "n_records": 780
  },
  "layer2.1.conv2.weight": {
    "r_t_mean": 0.044814034338454316,
    "r_t_std": 0.018264524874564234,
    "r_t_min": 0.02107098228529831,
    "r_t_max": 0.14286748909927355,
    "delta_hat_mean": -0.0001653787159650386,
    "delta_hat_std": 0.00011653972140444939,
    "lambda_t_mean": 0.004251592571691412,
    "lambda_t_std": 4.420655281483088e-05,
    "n_records": 780
  },
  "layer2.2.conv1.weight": {
    "r_t_mean": 0.04513746909716649,
    "r_t_std": 0.018050670089630065,
    "r_t_min": 0.01227446541317161,
    "r_t_max": 0.12016561153664727,
    "delta_hat_mean": -0.0001596669101596003,
    "delta_hat_std": 0.0001133768225102011,
    "lambda_t_mean": 0.004257460993802442,
    "lambda_t_std": 4.315387561854285e-05,
    "n_records": 780
  },
  "layer2.2.conv2.weight": {
    "r_t_mean": 0.04445138528689423,
    "r_t_std": 0.01748424401107121,
    "r_t_min": 0.016534622777835455,
    "r_t_max": 0.10968484387638776,
    "delta_hat_mean": -0.000164582672616956,
    "delta_hat_std": 0.00011631785355662835,
    "lambda_t_mean": 0.004248208761235958,
    "lambda_t_std": 4.8072395950581184e-05,
    "n_records": 780
  },
  "layer3.0.conv1.weight": {
    "r_t_mean": 0.04391025011510082,
    "r_t_std": 0.01643981285949149,
    "r_t_min": 0.01212150756596666,
    "r_t_max": 0.09589566539573721,
    "delta_hat_mean": -0.0001621135321733651,
    "delta_hat_std": 0.0001147913750577164,
    "lambda_t_mean": 0.004255766718141911,
    "lambda_t_std": 3.0345752287540457e-05,
    "n_records": 780
  },
  "layer3.0.conv2.weight": {
    "r_t_mean": 0.04471921339526682,
    "r_t_std": 0.017436927861851033,
    "r_t_min": 0.019265721865201042,
    "r_t_max": 0.11176426203200271,
    "delta_hat_mean": -0.00016444545380402167,
    "delta_hat_std": 0.00011596238315314628,
    "lambda_t_mean": 0.00425251394230015,
    "lambda_t_std": 2.2880968345806238e-05,
    "n_records": 780
  },
  "layer3.0.shortcut.0.weight": {
    "r_t_mean": 0.042411696175162134,
    "r_t_std": 0.014676615992539856,
    "r_t_min": 0.02332513184420867,
    "r_t_max": 0.08400959579835358,
    "delta_hat_mean": -0.00015998834515317052,
    "delta_hat_std": 0.00011265683822642466,
    "lambda_t_mean": 0.004254769284083209,
    "lambda_t_std": 7.690166789575938e-05,
    "n_records": 780
  },
  "layer3.1.conv1.weight": {
    "r_t_mean": 0.04546392882679158,
    "r_t_std": 0.01842908199967998,
    "r_t_min": 0.023485025696013514,
    "r_t_max": 0.10406254691609877,
    "delta_hat_mean": -0.0001632445536157225,
    "delta_hat_std": 0.00011483790665019235,
    "lambda_t_mean": 0.004252167286853435,
    "lambda_t_std": 2.2567249724198093e-05,
    "n_records": 780
  },
  "layer3.1.conv2.weight": {
    "r_t_mean": 0.045231821937166086,
    "r_t_std": 0.01812956962399178,
    "r_t_min": 0.02404365318396522,
    "r_t_max": 0.11110518171882507,
    "delta_hat_mean": -0.00016373861225629454,
    "delta_hat_std": 0.00011569627775217323,
    "lambda_t_mean": 0.004248705395586053,
    "lambda_t_std": 2.4884518831017344e-05,
    "n_records": 780
  },
  "layer3.2.conv1.weight": {
    "r_t_mean": 0.045050151176243405,
    "r_t_std": 0.01733311864424184,
    "r_t_min": 0.0245545969018023,
    "r_t_max": 0.10513668077546334,
    "delta_hat_mean": -0.00016474909250875159,
    "delta_hat_std": 0.00011638029412174835,
    "lambda_t_mean": 0.004250609959133861,
    "lambda_t_std": 2.5557148780194256e-05,
    "n_records": 780
  },
  "layer3.2.conv2.weight": {
    "r_t_mean": 0.04292517258013832,
    "r_t_std": 0.014446879216477831,
    "r_t_min": 0.024304962095081196,
    "r_t_max": 0.10424700169460385,
    "delta_hat_mean": -0.00016540687190154285,
    "delta_hat_std": 0.00011632975672230404,
    "lambda_t_mean": 0.00424705696454113,
    "lambda_t_std": 3.285992423525307e-05,
    "n_records": 780
  },