{
  "conv1.weight": {
    "r_t_mean": 0.011165358196051843,
    "r_t_std": 0.00708031702448966,
    "r_t_min": 0.004309574616351888,
    "r_t_max": 0.1903886245926865,
    "delta_hat_mean": -1.2688167976632618e-06,
    "delta_hat_std": 4.520771601537055e-05,
    "lambda_t_mean": 0.000252294322485644,
    "lambda_t_std": 0.00017980005267026583,
    "n_records": 7800
  },
  "layer1.0.conv1.weight": {
    "r_t_mean": 0.01119541007487548,
    "r_t_std": 0.006354834123908664,
    "r_t_min": 0.00579327120145488,
    "r_t_max": 0.39379296913412365,
    "delta_hat_mean": -1.5017508439099588e-07,
    "delta_hat_std": 1.0606661111452393e-05,
    "lambda_t_mean": 0.00025135085130467705,
    "lambda_t_std": 0.00017986543458976736,
    "n_records": 7800
  },
  "layer1.0.conv2.weight": {
    "r_t_mean": 0.011058488489526534,
    "r_t_std": 0.005817538947819392,
    "r_t_min": 0.005603780048319535,
    "r_t_max": 0.3467987622876623,
    "delta_hat_mean": 4.532689521250749e-08,
    "delta_hat_std": 9.10157618353397e-06,
    "lambda_t_mean": 0.00024695657662886016,
    "lambda_t_std": 0.00017888845327644184,
    "n_records": 7800
  },
  "layer1.1.conv1.weight": {
    "r_t_mean": 0.011499738677717527,
    "r_t_std": 0.005274442836202631,
    "r_t_min": 0.005651881436177764,
    "r_t_max": 0.2691034744614804,
    "delta_hat_mean": -2.0762637248991845e-08,
    "delta_hat_std": 7.23790441164216e-06,
    "lambda_t_mean": 0.0002524386510197354,
    "lambda_t_std": 0.00017845038018431987,
    "n_records": 7800
  },
  "layer1.1.conv2.weight": {
    "r_t_mean": 0.011383903728804105,
    "r_t_std": 0.004868151505192634,
    "r_t_min": 0.005327466492061176,
    "r_t_max": 0.27027482786536267,
    "delta_hat_mean": -7.3799468541987e-08,
    "delta_hat_std": 7.976025882245369e-06,
    "lambda_t_mean": 0.00025169731341129084,
    "lambda_t_std": 0.00017813718503334995,
    "n_records": 7800
  },
  "layer1.2.conv1.weight": {
    "r_t_mean": 0.012377162465349319,
    "r_t_std": 0.0037834272454583258,
    "r_t_min": 0.006860135441744624,
    "r_t_max": 0.21313239649741925,
    "delta_hat_mean": -5.7714729891327596e-08,
    "delta_hat_std": 8.477452301243043e-06,
    "lambda_t_mean": 0.0002497257159652466,
    "lambda_t_std": 0.00017913771562147595,
    "n_records": 7800
  },
  "layer1.2.conv2.weight": {
    "r_t_mean": 0.011940840460303895,
    "r_t_std": 0.0035069588928951594,
    "r_t_min": 0.0061291708697316085,
    "r_t_max": 0.16884036932242905,
    "delta_hat_mean": 3.773321871534062e-08,
    "delta_hat_std": 7.304610315396202e-06,
    "lambda_t_mean": 0.00024835166461735215,
    "lambda_t_std": 0.00018029010378685096,
    "n_records": 7800
  },
  "layer2.0.conv1.weight": {
    "r_t_mean": 0.011298756427366092,
    "r_t_std": 0.004532415003992288,
    "r_t_min": 0.005933352275824656,
    "r_t_max": 0.1362602818186995,
    "delta_hat_mean": -8.112586647519314e-08,
    "delta_hat_std": 7.597382223269861e-06,
    "lambda_t_mean": 0.0002514042967739124,
    "lambda_t_std": 0.00018032531167599668,
    "n_records": 7800
  },
  "layer2.0.conv2.weight": {
    "r_t_mean": 0.011579761511829727,
    "r_t_std": 0.004714423941089315,
    "r_t_min": 0.0062551030171010946,
    "r_t_max": 0.15406124971490373,
    "delta_hat_mean": -3.2412554990663296e-08,
    "delta_hat_std": 4.701883852232855e-06,
    "lambda_t_mean": 0.000249276274357454,
    "lambda_t_std": 0.00017848903605467597,
    "n_records": 7800
  },
  "layer2.0.shortcut.0.weight": {
    "r_t_mean": 0.01031688269773493,
    "r_t_std": 0.004237988185967164,
    "r_t_min": 0.005060900979214383,
    "r_t_max": 0.06374797812101579,
    "delta_hat_mean": -4.0377879453950106e-08,
    "delta_hat_std": 2.1402095749838762e-05,
    "lambda_t_mean": 0.0002496635602662726,
    "lambda_t_std": 0.00017865227494041593,
    "n_records": 7800
  },
  "layer2.1.conv1.weight": {
    "r_t_mean": 0.011831098479441445,
    "r_t_std": 0.004474122201807651,
    "r_t_min": 0.006469887260150786,
    "r_t_max": 0.13838632890905145,
    "delta_hat_mean": 2.520974340348411e-08,
    "delta_hat_std": 3.780852564285526e-06,
    "lambda_t_mean": 0.00025059737318055566,
    "lambda_t_std": 0.00018025418653651556,
    "n_records": 7800
  },
  "layer2.1.conv2.weight": {
    "r_t_mean": 0.011650100500498884,
    "r_t_std": 0.0042132478957389325,
    "r_t_min": 0.006248764697517614,
    "r_t_max": 0.12187263647342261,
    "delta_hat_mean": 2.5820302760518695e-08,
    "delta_hat_std": 3.627235652114543e-06,
    "lambda_t_mean": 0.0002490809975395956,
    "lambda_t_std": 0.00017981224390661746,
    "n_records": 7800
  },
  "layer2.2.conv1.weight": {
    "r_t_mean": 0.01205364331160524,
    "r_t_std": 0.00422165398112369,
    "r_t_min": 0.0060561663941790765,
    "r_t_max": 0.10788367096964584,
    "delta_hat_mean": -4.5830736842605715e-08,
    "delta_hat_std": 3.4581722881353957e-06,
    "lambda_t_mean": 0.00025058869381497725,
    "lambda_t_std": 0.00017941658908630055,
    "n_records": 7800
  },
  "layer2.2.conv2.weight": {
    "r_t_mean": 0.011627557927148171,
    "r_t_std": 0.0038402752712711494,
    "r_t_min": 0.006269807748364389,
    "r_t_max": 0.09720500334178717,
    "delta_hat_mean": 6.674902196580937e-08,
    "delta_hat_std": 3.838185068679368e-06,
    "lambda_t_mean": 0.0002494007292405433,
    "lambda_t_std": 0.0001787130629530493,
    "n_records": 7800
  },
  "layer3.0.conv1.weight": {
    "r_t_mean": 0.011474756014225396,
    "r_t_std": 0.0041483050708040385,
    "r_t_min": 0.006001307369219031,
    "r_t_max": 0.07375217540324347,
    "delta_hat_mean": -2.056247986130842e-08,
    "delta_hat_std": 3.2623142315436615e-06,
    "lambda_t_mean": 0.00025352585534757,
    "lambda_t_std": 0.00017980927058120933,
    "n_records": 7800
  },
  "layer3.0.conv2.weight": {
    "r_t_mean": 0.011940609897383435,
    "r_t_std": 0.004525078760146802,
    "r_t_min": 0.006501404512112681,
    "r_t_max": 0.10069556158828366,
    "delta_hat_mean": -1.8511750151056915e-08,
    "delta_hat_std": 1.995182288916918e-06,
    "lambda_t_mean": 0.00025114162896622223,
    "lambda_t_std": 0.00017862898280132363,
    "n_records": 7800
  },
  "layer3.0.shortcut.0.weight": {
    "r_t_mean": 0.009920481954030459,
    "r_t_std": 0.003756930209761782,
    "r_t_min": 0.0048499290837812495,
    "r_t_max": 0.04887670464272537,
    "delta_hat_mean": -1.368903638654224e-07,
    "delta_hat_std": 8.541697104319553e-06,
    "lambda_t_mean": 0.0002491676049080537,
    "lambda_t_std": 0.00017921133376302747,
    "n_records": 7800
  },
  "layer3.1.conv1.weight": {
    "r_t_mean": 0.011860203304788902,
    "r_t_std": 0.0048859044199356175,
    "r_t_min": 0.006598496230202024,
    "r_t_max": 0.09003801862201354,
    "delta_hat_mean": -2.8532120864315267e-08,
    "delta_hat_std": 1.957869576093592e-06,
    "lambda_t_mean": 0.00025064123513873966,
    "lambda_t_std": 0.00018014491638121597,
    "n_records": 7800
  },
  "layer3.1.conv2.weight": {
    "r_t_mean": 0.011914114030759,
    "r_t_std": 0.0045954476097827615,
    "r_t_min": 0.006467434212665273,
    "r_t_max": 0.1011177190661654,
    "delta_hat_mean": -2.646067745033253e-09,
    "delta_hat_std": 1.6083394649851482e-06,
    "lambda_t_mean": 0.0002490892566389161,
    "lambda_t_std": 0.00017961217486650263,
    "n_records": 7800
  },
  "layer3.2.conv1.weight": {
    "r_t_mean": 0.012220643662245565,
    "r_t_std": 0.004206298168821091,
    "r_t_min": 0.006859636501286305,
    "r_t_max": 0.08735504297453552,
    "delta_hat_mean": 2.298210349000619e-08,
    "delta_hat_std": 1.7665153959480128e-06,
    "lambda_t_mean": 0.0002492741971983082,
    "lambda_t_std": 0.00018026872159114058,
    "n_records": 7800
  },
  "layer3.2.conv2.weight": {
    "r_t_mean": 0.011855765376532304,
    "r_t_std": 0.00406531882294801,
    "r_t_min": 0.006699091469579611,
    "r_t_max": 0.11693954844775668,
    "delta_hat_mean": -5.177794748455164e-09,
    "delta_hat_std": 1.5015356429289318e-06,
    "lambda_t_mean": 0.0002499120668397495,