{
  "task": "h3_steering",
  "hypothesis": "H3: Steering absorbed features toward parent directions improves sensitivity",
  "mode": "pilot",
  "config": {
    "n_samples": 100,
    "seed": 42,
    "d_model": 128,
    "d_sae": 4096,
    "l0_target": 32,
    "train_steps": 2000,
    "batch_size": 256,
    "alpha_values": [
      0.0,
      0.5,
      1.0,
      2.0,
      5.0
    ],
    "primary_alpha": 2.0
  },
  "sae_training": {
    "reconstruction_mse": 0.0039285155944526196,
    "mean_l0": 32.0
  },
  "feature_classification": {
    "absorption_threshold": 0.5,
    "n_absorbed_features": 12,
    "n_non_absorbed_features": 30,
    "mean_absorption_absorbed": 0.7255833333333332,
    "mean_absorption_non_absorbed": 0.21143333333333333
  },
  "sensitivity_results": {
    "parent_steering_random_inputs": {
      "by_alpha": {
        "0.0": {
          "absorbed_mean": 0.0,
          "absorbed_std": 0.0,
          "non_absorbed_mean": 0.0,
          "non_absorbed_std": 0.0,
          "ratio": Infinity
        },
        "0.5": {
          "absorbed_mean": 0.01480353051253284,
          "absorbed_std": 0.03814924306931586,
          "non_absorbed_mean": 0.019530647789943033,
          "non_absorbed_std": 0.049846310476543934,
          "ratio": 0.7579641287863091
        },
        "1.0": {
          "absorbed_mean": 0.04550984379602596,
          "absorbed_std": 0.10041475750885263,
          "non_absorbed_mean": 0.045892418373841795,
          "non_absorbed_std": 0.10648438273352473,
          "ratio": 0.9916636627456472
        },
        "2.0": {
          "absorbed_mean": 0.08831137548744057,
          "absorbed_std": 0.19200214504236132,
          "non_absorbed_mean": 0.09973460799083114,
          "non_absorbed_std": 0.22860845352372886,
          "ratio": 0.8854637039031917
        },
        "5.0": {
          "absorbed_mean": 0.25715457593711716,
          "absorbed_std": 0.5568842471309796,
          "non_absorbed_mean": 0.26295134920743296,
          "non_absorbed_std": 0.6020272627032844,
          "ratio": 0.9779549586431731
        }
      },
      "primary_comparison": {
        "absorbed_mean": 0.08831137548744057,
        "absorbed_std": 0.19200214504236132,
        "non_absorbed_mean": 0.09973460799083114,
        "non_absorbed_std": 0.22860845352372886,
        "ratio": 0.8854637039031917,
        "t_statistic": -0.37611132358202004,
        "p_value": 0.7072451179082178
      }
    },
    "random_steering_random_inputs": {
      "by_alpha": {
        "0.0": {
          "absorbed_mean": 0.0,
          "absorbed_std": 0.0,
          "non_absorbed_mean": 0.0,
          "non_absorbed_std": 0.0,
          "ratio": Infinity
        },
        "0.5": {
          "absorbed_mean": 0.002650374701867501,
          "absorbed_std": 0.02998785994934629,
          "non_absorbed_mean": 0.004445695106405765,
          "non_absorbed_std": 0.026074714305577975,
          "ratio": 0.5961665338749715
        },
        "1.0": {
          "absorbed_mean": 0.007608758489368483,
          "absorbed_std": 0.05557670681833862,
          "non_absorbed_mean": 0.014733331931056455,
          "non_absorbed_std": 0.047076937989831764,
          "ratio": 0.5164316173238985
        },
        "2.0": {
          "absorbed_mean": 0.03148000003420748,
          "absorbed_std": 0.10856633917374502,
          "non_absorbed_mean": 0.02558339438342955,
          "non_absorbed_std": 0.09118560419243503,
          "ratio": 1.2304856595397133
        },
        "5.0": {
          "absorbed_mean": 0.10794755379902199,
          "absorbed_std": 0.2436060102531758,
          "non_absorbed_mean": 0.11468394672498107,
          "non_absorbed_std": 0.2206505447923485,
          "ratio": 0.9412612382774072
        }
      },
      "primary_comparison": {
        "absorbed_mean": 0.03148000003420748,
        "absorbed_std": 0.10856633917374502,
        "non_absorbed_mean": 0.02558339438342955,
        "non_absorbed_std": 0.09118560419243503,
        "ratio": 1.2304856595397133,
        "t_statistic": 0.4102517080244291,
        "p_value": 0.6820740181523558
      }
    },
    "parent_steering_parent_inputs": {
      "by_alpha": {
        "0.0": {
          "absorbed_mean": 0.0,
          "absorbed_std": 0.0,
          "non_absorbed_mean": 0.0,
          "non_absorbed_std": 0.0,
          "ratio": Infinity
        },
        "0.5": {
          "absorbed_mean": 0.025886430831936497,
          "absorbed_std": 0.056578833552896224,
          "non_absorbed_mean": 0.02618719489313662,
          "non_absorbed_std": 0.06181326164856348,
          "ratio": 0.9885148385965373
        },
        "1.0": {
          "absorbed_mean": 0.0530204334257481,
          "absorbed_std": 0.11484391103201687,
          "non_absorbed_mean": 0.05319729217328131,
          "non_absorbed_std": 0.12140331883550251,
          "ratio": 0.9966754163609557
        },
        "2.0": {
          "absorbed_mean": 0.10484992345057738,
          "absorbed_std": 0.22796762086173772,
          "non_absorbed_mean": 0.10760162826627492,
          "non_absorbed_std": 0.24478938541970724,
          "ratio": 0.9744269212513145
        },
        "5.0": {
          "absorbed_mean": 0.2655236585220943,
          "absorbed_std": 0.5740211057919334,
          "non_absorbed_mean": 0.2739542721118778,
          "non_absorbed_std": 0.6134202337056016,
          "ratio": 0.9692262010673693
        }
      },
      "primary_comparison": {
        "absorbed_mean": 0.10484992345057738,
        "absorbed_std": 0.22796762086173772,
        "non_absorbed_mean": 0.10760162826627492,
        "non_absorbed_std": 0.24478938541970724,
        "ratio": 0.9744269212513145,
        "t_statistic": -0.08094402125858509,
        "p_value": 0.9355699146104653
      }
    }
  },
  "pass_criteria": {
    "steering_changes_activations": true,
    "sensitivity_ratio_above_1_5": false,
    "t_test_p_below_0_01": false,
    "overall_pass": false
  },
  "timestamp": "2026-04-29T23:48:06.072875"
}