{
  "task": "h_safe_gemma",
  "hypothesis": "H_Safe: Safety-critical features show elevated absorption vs non-safety",
  "mode": "pilot",
  "config": {
    "model": "gpt2-small",
    "sae_release": "gpt2-small-res-jb",
    "sae_id": "blocks.8.hook_resid_pre",
    "layer": 8,
    "d_sae": 24576,
    "d_in": 768,
    "n_safety_features": 10,
    "n_non_safety_features": 10,
    "absorption_samples": 50,
    "top_k": 32,
    "seed": 42,
    "device": "cuda"
  },
  "feature_selection": {
    "safety_features": [
      22926,
      4207,
      15631,
      6243,
      15910,
      17281,
      12463,
      3492,
      19901,
      4717
    ],
    "non_safety_features": [
      1556,
      15589,
      14405,
      21093,
      8372,
      23704,
      18200,
      6905,
      19815,
      18233
    ],
    "safety_prompts": 25,
    "neutral_prompts": 25
  },
  "results": {
    "safety": {
      "absorption_mean": 0.9595508021390374,
      "absorption_std": 0.01007449289260073,
      "absorption_min": 0.9469518716577541,
      "absorption_max": 0.9794652406417111,
      "absorption_median": 0.9561140819964349,
      "n_measured": 10,
      "feature_indices": [
        22926,
        4207,
        15631,
        6243,
        15910,
        17281,
        12463,
        3492,
        19901,
        4717
      ],
      "absorption_scores": [
        0.9672727272727272,
        0.9552941176470588,
        0.9734759358288769,
        0.9469518716577541,
        0.9532263814616756,
        0.9794652406417111,
        0.9602852049910874,
        0.956934046345811,
        0.9498039215686275,
        0.9527985739750445
      ]
    },
    "non_safety": {
      "absorption_mean": 0.9638930481283421,
      "absorption_std": 0.009805785594955757,
      "absorption_min": 0.9460249554367202,
      "absorption_max": 0.9782531194295899,
      "absorption_median": 0.965632798573975,
      "n_measured": 10,
      "feature_indices": [
        1556,
        15589,
        14405,
        21093,
        8372,
        23704,
        18200,
        6905,
        19815,
        18233
      ],
      "absorption_scores": [
        0.9532263814616756,
        0.9696969696969697,
        0.9545098039215687,
        0.9639215686274509,
        0.9460249554367202,
        0.9782531194295899,
        0.9698395721925134,
        0.9603565062388592,
        0.967344028520499,
        0.9757575757575756
      ]
    }
  },
  "statistics": {
    "mann_whitney_u": 36.5,
    "p_value": 0.3255694067409992,
    "mean_difference": -0.0043422459893046605,
    "effect_size_rank_biserial": 0.27,
    "alternative": "two-sided"
  },
  "pass_criteria": {
    "pilot_pipeline_completes": true,
    "full_p_below_0_05": false,
    "full_effect_above_0_3": false,
    "overall_pass": true
  },
  "timestamp": "2026-04-29T23:15:40.565376"
}