{
  "task": "heldout_generalization",
  "hypothesis": "Absorption generalizes to unseen hierarchical patterns (train/test split)",
  "mode": "pilot",
  "config": {
    "seed": 42,
    "train_ratio": 0.8,
    "n_samples": 100,
    "d_model": 128,
    "d_sae": 4096,
    "l0_target": 32,
    "train_steps": 2000,
    "batch_size": 256
  },
  "results": {
    "train_absorption_mean": 0.3523060500832965,
    "train_absorption_std": 0.03336736340328519,
    "train_absorption_raw": [
      0.30830204422194407,
      0.42292490118577075,
      0.34871339840283944,
      0.3475177304964539,
      0.34871339840283944,
      0.34871339840283944,
      0.36231884057971014,
      0.4081237911025145,
      0.3475177304964539,
      0.3339122883195832,
      0.37777777777777777,
      0.42292490118577075,
      0.39196217494089836,
      0.32085106382978723,
      0.3356521739130435,
      0.3356521739130435,
      0.3231031543052003,
      0.34871339840283944,
      0.30666666666666664,
      0.338562091503268,
      0.3333333333333333,
      0.34871339840283944,
      0.338562091503268,
      0.30830204422194407,
      0.30666666666666664,
      0.364172335600907,
      0.3356521739130435,
      0.34871339840283944,
      0.3475177304964539,
      0.36231884057971014,
      0.3339122883195832,
      0.34871339840283944,
      0.36231884057971014,
      0.42292490118577075,
      0.42292490118577075,
      0.37777777777777777,
      0.3231031543052003,
      0.34871339840283944,
      0.32085106382978723,
      0.30666666666666664,
      0.34871339840283944,
      0.30830204422194407,
      0.36231884057971014,
      0.4250371103414151,
      0.338562091503268,
      0.3339122883195832,
      0.3231031543052003,
      0.34871339840283944,
      0.3475177304964539,
      0.3356521739130435,
      0.42292490118577075,
      0.364172335600907,
      0.4250371103414151,
      0.4250371103414151,
      0.3475177304964539,
      0.4250371103414151,
      0.34871339840283944,
      0.3356521739130435,
      0.36231884057971014,
      0.3231031543052003,
      0.28205128205128205,
      0.338562091503268,
      0.39196217494089836,
      0.3231031543052003,
      0.338562091503268,
      0.34871339840283944,
      0.34871339840283944,
      0.364172335600907,
      0.34871339840283944,
      0.42292490118577075,
      0.364172335600907,
      0.3356521739130435,
      0.38033395176252316,
      0.37777777777777777,
      0.3339122883195832,
      0.34871339840283944,
      0.364172335600907,
      0.34871339840283944,
      0.30830204422194407,
      0.34871339840283944,
      0.4081237911025145,
      0.3333333333333333,
      0.3231031543052003,
      0.36231884057971014,
      0.3231031543052003,
      0.3231031543052003,
      0.34871339840283944,
      0.3333333333333333,
      0.42292490118577075,
      0.2941176470588235,
      0.34871339840283944,
      0.3339122883195832,
      0.364172335600907,
      0.3475177304964539,
      0.364172335600907,
      0.30830204422194407,
      0.34871339840283944,
      0.30666666666666664,
      0.37777777777777777,
      0.34871339840283944
    ],
    "test_absorption_mean": 0.3523060500832965,
    "test_absorption_std": 0.03336736340328519,
    "test_absorption_raw": [
      0.30830204422194407,
      0.42292490118577075,
      0.34871339840283944,
      0.3475177304964539,
      0.34871339840283944,
      0.34871339840283944,
      0.36231884057971014,
      0.4081237911025145,
      0.3475177304964539,
      0.3339122883195832,
      0.37777777777777777,
      0.42292490118577075,
      0.39196217494089836,
      0.32085106382978723,
      0.3356521739130435,
      0.3356521739130435,
      0.3231031543052003,
      0.34871339840283944,
      0.30666666666666664,
      0.338562091503268,
      0.3333333333333333,
      0.34871339840283944,
      0.338562091503268,
      0.30830204422194407,
      0.30666666666666664,
      0.364172335600907,
      0.3356521739130435,
      0.34871339840283944,
      0.3475177304964539,
      0.36231884057971014,
      0.3339122883195832,
      0.34871339840283944,
      0.36231884057971014,
      0.42292490118577075,
      0.42292490118577075,
      0.37777777777777777,
      0.3231031543052003,
      0.34871339840283944,
      0.32085106382978723,
      0.30666666666666664,
      0.34871339840283944,
      0.30830204422194407,
      0.36231884057971014,
      0.4250371103414151,
      0.338562091503268,
      0.3339122883195832,
      0.3231031543052003,
      0.34871339840283944,
      0.3475177304964539,
      0.3356521739130435,
      0.42292490118577075,
      0.364172335600907,
      0.4250371103414151,
      0.4250371103414151,
      0.3475177304964539,
      0.4250371103414151,
      0.34871339840283944,
      0.3356521739130435,
      0.36231884057971014,
      0.3231031543052003,
      0.28205128205128205,
      0.338562091503268,
      0.39196217494089836,
      0.3231031543052003,
      0.338562091503268,
      0.34871339840283944,
      0.34871339840283944,
      0.364172335600907,
      0.34871339840283944,
      0.42292490118577075,
      0.364172335600907,
      0.3356521739130435,
      0.38033395176252316,
      0.37777777777777777,
      0.3339122883195832,
      0.34871339840283944,
      0.364172335600907,
      0.34871339840283944,
      0.30830204422194407,
      0.34871339840283944,
      0.4081237911025145,
      0.3333333333333333,
      0.3231031543052003,
      0.36231884057971014,
      0.3231031543052003,
      0.3231031543052003,
      0.34871339840283944,
      0.3333333333333333,
      0.42292490118577075,
      0.2941176470588235,
      0.34871339840283944,
      0.3339122883195832,
      0.364172335600907,
      0.3475177304964539,
      0.364172335600907,
      0.30830204422194407,
      0.34871339840283944,
      0.30666666666666664,
      0.37777777777777777,
      0.34871339840283944
    ],
    "percent_difference": 0.0,
    "recon_mse": 0.003917097579687834,
    "mean_l0": 32.0,
    "parent_child1_cosine": 0.4788430631160736,
    "parent_child2_cosine": 0.2868237793445587
  },
  "statistics": {
    "pearson_r": 1.0,
    "pearson_p": 0.0,
    "within_10_percent": true
  },
  "pass_criteria": {
    "test_within_10pct_of_train": true,
    "correlation_above_0_8": true,
    "overall_pass": true
  },
  "timing": {
    "start_time": "2026-04-29T23:53:55.080163",
    "end_time": "2026-04-29T23:54:02.149717",
    "actual_minutes": 0
  },
  "timestamp": "2026-04-29T23:54:02.149747"
}