{
  "conv1.weight": {
    "r_t_mean": 0.029533691578173857,
    "r_t_std": 0.018707630964435156,
    "r_t_min": 0.012013572609420048,
    "r_t_max": 0.48134862561234315,
    "delta_hat_mean": -1.7699193830567632e-06,
    "delta_hat_std": 5.531876336549617e-05,
    "lambda_t_mean": 0.002192948518991773,
    "lambda_t_std": 0.0005357161105553072,
    "n_records": 780
  },
  "layer1.0.conv1.weight": {
    "r_t_mean": 0.027480598659760075,
    "r_t_std": 0.019400143210227178,
    "r_t_min": 0.0140070690774481,
    "r_t_max": 0.5191058353544293,
    "delta_hat_mean": 8.655729253439549e-07,
    "delta_hat_std": 1.8403430102635107e-05,
    "lambda_t_mean": 0.0019421018482441562,
    "lambda_t_std": 0.0003409384257276829,
    "n_records": 780
  },
  "layer1.0.conv2.weight": {
    "r_t_mean": 0.027060768607137065,
    "r_t_std": 0.01635526383986459,
    "r_t_min": 0.014361902844334177,
    "r_t_max": 0.4285532383557991,
    "delta_hat_mean": 4.367040813527195e-08,
    "delta_hat_std": 1.3078026211690808e-05,
    "lambda_t_mean": 0.0018907290642872047,
    "lambda_t_std": 0.000300031826054559,
    "n_records": 780
  },
  "layer1.1.conv1.weight": {
    "r_t_mean": 0.027317627537556385,
    "r_t_std": 0.012941473362799043,
    "r_t_min": 0.013326909892459222,
    "r_t_max": 0.293227606242601,
    "delta_hat_mean": -5.256078037582585e-07,
    "delta_hat_std": 1.3507122733227715e-05,
    "lambda_t_mean": 0.0018866535370008857,
    "lambda_t_std": 0.000300291125243758,
    "n_records": 780
  },
  "layer1.1.conv2.weight": {
    "r_t_mean": 0.02706759201749983,
    "r_t_std": 0.012302223482468455,
    "r_t_min": 0.013404394157654287,
    "r_t_max": 0.27533400980653533,
    "delta_hat_mean": -1.6568405366312023e-07,
    "delta_hat_std": 1.0281167276504507e-05,
    "lambda_t_mean": 0.0018552786218197065,
    "lambda_t_std": 0.0002756385793304668,
    "n_records": 780
  },
  "layer1.2.conv1.weight": {
    "r_t_mean": 0.02820758303984097,
    "r_t_std": 0.012250091123196041,
    "r_t_min": 0.010022253763145824,
    "r_t_max": 0.2587059954136305,
    "delta_hat_mean": -4.68860369592002e-07,
    "delta_hat_std": 9.313690430495107e-06,
    "lambda_t_mean": 0.0019331418646008878,
    "lambda_t_std": 0.00034044237209579243,
    "n_records": 780
  },
  "layer1.2.conv2.weight": {
    "r_t_mean": 0.0269049499916011,
    "r_t_std": 0.010576150212622345,
    "r_t_min": 0.014132312408071774,
    "r_t_max": 0.20993815842154454,
    "delta_hat_mean": 6.308752961102753e-07,
    "delta_hat_std": 1.206775952663106e-05,
    "lambda_t_mean": 0.0018852519607411326,
    "lambda_t_std": 0.0002993405046165159,
    "n_records": 780
  },
  "layer2.0.conv1.weight": {
    "r_t_mean": 0.026284226094781316,
    "r_t_std": 0.008513904326642717,
    "r_t_min": 0.012032072949934705,
    "r_t_max": 0.1493324724406794,
    "delta_hat_mean": -1.34181456642087e-07,
    "delta_hat_std": 9.319230227327821e-06,
    "lambda_t_mean": 0.0018511717119199756,
    "lambda_t_std": 0.000286176283689585,
    "n_records": 780
  },
  "layer2.0.conv2.weight": {
    "r_t_mean": 0.026094175156075684,
    "r_t_std": 0.009106863773253414,
    "r_t_min": 0.014054318950300572,
    "r_t_max": 0.17788932136322028,
    "delta_hat_mean": -4.0746690602351997e-07,
    "delta_hat_std": 6.269011550482635e-06,
    "lambda_t_mean": 0.0018093681518308394,
    "lambda_t_std": 0.0002464196647354354,
    "n_records": 780
  },
  "layer2.0.shortcut.0.weight": {
    "r_t_mean": 0.025833282746930863,
    "r_t_std": 0.007252308238305855,
    "r_t_min": 0.013779236000160452,
    "r_t_max": 0.0526852823461486,
    "delta_hat_mean": 8.076046621196242e-09,
    "delta_hat_std": 2.1599590695734823e-05,
    "lambda_t_mean": 0.00185406265649645,
    "lambda_t_std": 0.0002734986329533792,
    "n_records": 780
  },
  "layer2.1.conv1.weight": {
    "r_t_mean": 0.02720725681725409,
    "r_t_std": 0.00983622714261961,
    "r_t_min": 0.010229051961617637,
    "r_t_max": 0.16394752081815586,
    "delta_hat_mean": 4.2438793329689037e-08,
    "delta_hat_std": 4.01881970447565e-06,
    "lambda_t_mean": 0.0018305837806741677,
    "lambda_t_std": 0.0002527850813808431,
    "n_records": 780
  },
  "layer2.1.conv2.weight": {
    "r_t_mean": 0.02667649667918477,
    "r_t_std": 0.009284873668409395,
    "r_t_min": 0.010757025976857256,
    "r_t_max": 0.1428194542299998,
    "delta_hat_mean": -1.4490321515110313e-07,
    "delta_hat_std": 4.284792445203096e-06,
    "lambda_t_mean": 0.001804224819380498,
    "lambda_t_std": 0.00023941134097033636,
    "n_records": 780
  },
  "layer2.2.conv1.weight": {
    "r_t_mean": 0.027184045989103088,
    "r_t_std": 0.008860313157368068,
    "r_t_min": 0.013761449047487684,
    "r_t_max": 0.12012628500148291,
    "delta_hat_mean": -4.2201356343092756e-08,
    "delta_hat_std": 4.223223569731392e-06,
    "lambda_t_mean": 0.0018218342625551975,
    "lambda_t_std": 0.0002511707046768247,
    "n_records": 780
  },
  "layer2.2.conv2.weight": {
    "r_t_mean": 0.02666312316076421,
    "r_t_std": 0.008481917020655278,
    "r_t_min": 0.014633834842484745,
    "r_t_max": 0.10964774386915016,
    "delta_hat_mean": -1.2278823595995716e-07,
    "delta_hat_std": 4.158697001589655e-06,
    "lambda_t_mean": 0.001820933838107061,
    "lambda_t_std": 0.00025623834559179584,
    "n_records": 780
  },
  "layer3.0.conv1.weight": {
    "r_t_mean": 0.025848710499961076,
    "r_t_std": 0.0074962707000288216,
    "r_t_min": 0.01242757013879718,
    "r_t_max": 0.08247895650044094,
    "delta_hat_mean": 8.458350372872102e-08,
    "delta_hat_std": 3.025587868950713e-06,
    "lambda_t_mean": 0.0017874294585392967,
    "lambda_t_std": 0.0002234506841218592,
    "n_records": 780
  },
  "layer3.0.conv2.weight": {
    "r_t_mean": 0.02635498943770101,
    "r_t_std": 0.008178386868225812,
    "r_t_min": 0.015503931312516568,
    "r_t_max": 0.11172705156910018,
    "delta_hat_mean": -2.1630951020681412e-08,
    "delta_hat_std": 2.255284360290649e-06,
    "lambda_t_mean": 0.00177102358300096,
    "lambda_t_std": 0.00021113603063803582,
    "n_records": 780
  },
  "layer3.0.shortcut.0.weight": {
    "r_t_mean": 0.02431077240202497,
    "r_t_std": 0.006251498970405628,
    "r_t_min": 0.01453354658128038,
    "r_t_max": 0.043895244903788246,
    "delta_hat_mean": -2.994646536092223e-07,
    "delta_hat_std": 8.361410307925213e-06,
    "lambda_t_mean": 0.0017863024393002232,
    "lambda_t_std": 0.00021207678274976795,
    "n_records": 780
  },
  "layer3.1.conv1.weight": {
    "r_t_mean": 0.026702883590009604,
    "r_t_std": 0.008544695617415249,
    "r_t_min": 0.01525399628257033,
    "r_t_max": 0.10402768033663735,
    "delta_hat_mean": -4.025182814808968e-08,
    "delta_hat_std": 2.2110327185699676e-06,
    "lambda_t_mean": 0.0017777095947879079,
    "lambda_t_std": 0.00020969170263995064,
    "n_records": 780
  },
  "layer3.1.conv2.weight": {
    "r_t_mean": 0.026648729280527136,
    "r_t_std": 0.008513354240493282,
    "r_t_min": 0.015100523240690293,
    "r_t_max": 0.11106784103281002,
    "delta_hat_mean": 1.226450684344016e-08,
    "delta_hat_std": 1.7480100632016502e-06,
    "lambda_t_mean": 0.0017714257011515351,
    "lambda_t_std": 0.00021146711968041379,
    "n_records": 780
  },
  "layer3.2.conv1.weight": {
    "r_t_mean": 0.026770681725242162,
    "r_t_std": 0.008148521711080017,
    "r_t_min": 0.0154428210623653,
    "r_t_max": 0.10510126617228602,
    "delta_hat_mean": -1.4407076503877064e-08,
    "delta_hat_std": 2.2660706569088147e-06,
    "lambda_t_mean": 0.0017699245162082979,
    "lambda_t_std": 0.0002017961929778996,
    "n_records": 780
  },
  "layer3.2.conv2.weight": {
    "r_t_mean": 0.025408951967324626,
    "r_t_std": 0.006799341303945538,
    "r_t_min": 0.014719797212303636,
    "r_t_max": 0.10421141959365202,
    "delta_hat_mean": 1.6913760866008541e-07,
    "delta_hat_std": 1.9851672391203565e-06,
    "lambda_t_mean": 0.0017646565934539926,
    "lambda_t_std": 0.00020382788358517154,
    "n_records": 780
  },