{
  "task_id": "train_lewm_vicreg",
  "timestamp": "2026-04-14T17:58:41.772478",
  "gpu": "cuda:0",
  "seed": 42,
  "mode": "PILOT",
  "pilot_config": {
    "n_traj": 100,
    "n_epochs": 5,
    "seed": 42,
    "description": "1-seed 5-epoch VICReg training on 100-trajectory pilot subset"
  },
  "dataset_size": 11400,
  "model_params": 1947200,
  "model_params_M": 1.95,
  "vicreg_config": {
    "sim_coeff": 25.0,
    "std_coeff": 25.0,
    "cov_coeff": 1.0,
    "embed_dim": 192,
    "n_layers": 4
  },
  "pretrain_embedding_variance": {
    "mean_per_dim_variance": 0.004884,
    "min_per_dim_variance": 0.001948,
    "std_per_dim_variance": 0.002819,
    "collapsed": false,
    "n_collapsed_dims": 0,
    "total_dims": 192
  },
  "training": {
    "n_epochs": 5,
    "n_traj": 100,
    "lr": 0.0001,
    "batch_size": 32,
    "loss_history": {
      "total": [
        21.342253851086905,
        21.343838884589378,
        21.941683463835986,
        21.5490754213226,
        21.808672133456454
      ],
      "inv": [
        0.12518563855104567,
        0.1605999983972713,
        0.17834625022716066,
        0.18145970962523075,
        0.19256690900061238
      ],
      "var": [
        0.6483661932556817,
        0.5088303106721868,
        0.4748813288097971,
        0.46696914899884984,
        0.44642117301399786
      ],
      "cov": [
        2.00345805360366,
        4.60808114288898,
        5.610994084162659,
        5.338353952999865,
        5.8339701073893
      ]
    },
    "initial_total_loss": 21.342254,
    "final_total_loss": 21.808672,
    "initial_inv_loss": 0.125186,
    "final_inv_loss": 0.192567,
    "initial_var_loss": 0.648366,
    "final_var_loss": 0.446421,
    "initial_cov_loss": 2.003458,
    "final_cov_loss": 5.83397,
    "train_time_sec": 13.8
  },
  "convergence": {
    "total": {
      "decreasing": true,
      "diverging": false,
      "first": 21.342254,
      "last": 21.808672,
      "change_pct": 2.19,
      "values": [
        21.342254,
        21.343839,
        21.941683,
        21.549075,
        21.808672
      ]
    },
    "inv": {
      "decreasing": false,
      "diverging": false,
      "first": 0.125186,
      "last": 0.192567,
      "change_pct": 53.83,
      "values": [
        0.125186,
        0.1606,
        0.178346,
        0.18146,
        0.192567
      ]
    },
    "var": {
      "decreasing": true,
      "diverging": false,
      "first": 0.648366,
      "last": 0.446421,
      "change_pct": -31.15,
      "values": [
        0.648366,
        0.50883,
        0.474881,
        0.466969,
        0.446421
      ]
    },
    "cov": {
      "decreasing": false,
      "diverging": false,
      "first": 2.003458,
      "last": 5.83397,
      "change_pct": 191.2,
      "values": [
        2.003458,
        4.608081,
        5.610994,
        5.338354,
        5.83397
      ]
    }
  },
  "posttrain_embedding_variance": {
    "mean_per_dim_variance": 0.300415,
    "min_per_dim_variance": 0.069865,
    "std_per_dim_variance": 0.157965,
    "collapsed": false,
    "n_collapsed_dims": 0,
    "total_dims": 192
  },
  "pass_criteria": {
    "inv_loss_decreasing": false,
    "var_loss_decreasing": true,
    "cov_not_diverging": true,
    "total_loss_decreasing": true,
    "no_collapse": true,
    "reasonable_variance": true,
    "all_finite": true,
    "loss_ok": true,
    "core_pass": true,
    "full_pass": false
  },
  "go_no_go": "GO",
  "status": "success",
  "total_time_sec": 18.8,
  "total_time_min": 0.3
}