{
  "conv1.weight": {
    "r_t_mean": 0.0349871773660202,
    "r_t_std": 0.01948367872683589,
    "r_t_min": 0.015053070743480163,
    "r_t_max": 0.48131272325515373,
    "delta_hat_mean": -3.4460591443883587e-07,
    "delta_hat_std": 4.6017984576177684e-05,
    "lambda_t_mean": 0.0018161927858660195,
    "lambda_t_std": 0.00036066145388067905,
    "n_records": 780
  },
  "layer1.0.conv1.weight": {
    "r_t_mean": 0.03498346086826041,
    "r_t_std": 0.019570031572830878,
    "r_t_min": 0.019427804391044454,
    "r_t_max": 0.5190671100359815,
    "delta_hat_mean": 5.351262253111982e-07,
    "delta_hat_std": 1.571568279348089e-05,
    "lambda_t_mean": 0.001803118214816411,
    "lambda_t_std": 0.00022467659159859245,
    "n_records": 780
  },
  "layer1.0.conv2.weight": {
    "r_t_mean": 0.034596378990912946,
    "r_t_std": 0.01629767682195566,
    "r_t_min": 0.019917279088366935,
    "r_t_max": 0.42852130585006426,
    "delta_hat_mean": -6.24145644920122e-07,
    "delta_hat_std": 1.1856986828173822e-05,
    "lambda_t_mean": 0.0018072736419254812,
    "lambda_t_std": 0.00021561196357214996,
    "n_records": 780
  },
  "layer1.1.conv1.weight": {
    "r_t_mean": 0.035177495837514894,
    "r_t_std": 0.0125902729061399,
    "r_t_min": 0.019063258064078478,
    "r_t_max": 0.29320575609435773,
    "delta_hat_mean": 2.973148185083993e-08,
    "delta_hat_std": 8.622925104306734e-06,
    "lambda_t_mean": 0.0018022517316961435,
    "lambda_t_std": 0.00022418115304459344,
    "n_records": 780
  },
  "layer1.1.conv2.weight": {
    "r_t_mean": 0.034876406179685536,
    "r_t_std": 0.011874566715765268,
    "r_t_min": 0.019370481698845237,
    "r_t_max": 0.2753134869169055,
    "delta_hat_mean": -6.946240769108905e-07,
    "delta_hat_std": 9.333917708152277e-06,
    "lambda_t_mean": 0.001803962271328504,
    "lambda_t_std": 0.00020409520917527997,
    "n_records": 780
  },
  "layer1.2.conv1.weight": {
    "r_t_mean": 0.03582654656058204,
    "r_t_std": 0.01186588174856332,
    "r_t_min": 0.019208610416615726,
    "r_t_max": 0.2586866912147676,
    "delta_hat_mean": 3.556916160718515e-07,
    "delta_hat_std": 9.637893616611058e-06,
    "lambda_t_mean": 0.0018024167518847333,
    "lambda_t_std": 0.0002352044557818276,
    "n_records": 780
  },
  "layer1.2.conv2.weight": {
    "r_t_mean": 0.034842790009835964,
    "r_t_std": 0.010173051513607017,
    "r_t_min": 0.019840603653919778,
    "r_t_max": 0.20992249427094506,
    "delta_hat_mean": -2.10020926767075e-07,
    "delta_hat_std": 7.399342938922109e-06,
    "lambda_t_mean": 0.0017995831818778689,
    "lambda_t_std": 0.00019367011608207584,
    "n_records": 780
  },
  "layer2.0.conv1.weight": {
    "r_t_mean": 0.034296985837276556,
    "r_t_std": 0.008431523785226375,
    "r_t_min": 0.019150944268817742,
    "r_t_max": 0.14932133990802365,
    "delta_hat_mean": -2.5630954594063473e-07,
    "delta_hat_std": 8.514472270162225e-06,
    "lambda_t_mean": 0.0018083489999295697,
    "lambda_t_std": 0.00019440361344335208,
    "n_records": 780
  },
  "layer2.0.conv2.weight": {
    "r_t_mean": 0.03457592107119967,
    "r_t_std": 0.009198444498829736,
    "r_t_min": 0.02049627446756149,
    "r_t_max": 0.1778760499799798,
    "delta_hat_mean": -1.002602419728721e-07,
    "delta_hat_std": 5.124643290313769e-06,
    "lambda_t_mean": 0.0018072872678051677,
    "lambda_t_std": 0.0001752292853427556,
    "n_records": 780
  },
  "layer2.0.shortcut.0.weight": {
    "r_t_mean": 0.03241911641637203,
    "r_t_std": 0.006541991243058246,
    "r_t_min": 0.014279569671412407,
    "r_t_max": 0.05274380656565916,
    "delta_hat_mean": -2.1006245152677412e-07,
    "delta_hat_std": 1.9845171198784807e-05,
    "lambda_t_mean": 0.0018098651405799055,
    "lambda_t_std": 0.00019479314146467314,
    "n_records": 780
  },
  "layer2.1.conv1.weight": {
    "r_t_mean": 0.03540064812960127,
    "r_t_std": 0.00971269080393469,
    "r_t_min": 0.019680323897424825,
    "r_t_max": 0.16393528660640053,
    "delta_hat_mean": -1.0444110676983015e-07,
    "delta_hat_std": 3.502071970032923e-06,
    "lambda_t_mean": 0.0018117102876422106,
    "lambda_t_std": 0.00019451484659777953,
    "n_records": 780
  },
  "layer2.1.conv2.weight": {
    "r_t_mean": 0.034963760815637505,
    "r_t_std": 0.008942949654830619,
    "r_t_min": 0.020605055394892813,
    "r_t_max": 0.142808806172963,
    "delta_hat_mean": -8.318540377781019e-08,
    "delta_hat_std": 3.913846604893275e-06,
    "lambda_t_mean": 0.0018077264075293923,
    "lambda_t_std": 0.00017507634172596944,
    "n_records": 780
  },
  "layer2.2.conv1.weight": {
    "r_t_mean": 0.03595868433870334,
    "r_t_std": 0.008631964063037588,
    "r_t_min": 0.016812212173817,
    "r_t_max": 0.12011732568916034,
    "delta_hat_mean": 1.2410245339981685e-07,
    "delta_hat_std": 3.687305978504614e-06,
    "lambda_t_mean": 0.0018099916041767047,
    "lambda_t_std": 0.00018261602558372614,
    "n_records": 780
  },
  "layer2.2.conv2.weight": {
    "r_t_mean": 0.0352665934019467,
    "r_t_std": 0.008259381194531111,
    "r_t_min": 0.020077142906757703,
    "r_t_max": 0.10963957212320093,
    "delta_hat_mean": 3.0347170184204705e-09,
    "delta_hat_std": 3.879146519238835e-06,
    "lambda_t_mean": 0.001808548926637249,
    "lambda_t_std": 0.00017905428024667168,
    "n_records": 780
  },
  "layer3.0.conv1.weight": {
    "r_t_mean": 0.034580597100793906,
    "r_t_std": 0.007447886896347694,
    "r_t_min": 0.018939740475782636,
    "r_t_max": 0.08247280852199051,
    "delta_hat_mean": 4.5588776902530454e-08,
    "delta_hat_std": 3.1859017828751817e-06,
    "lambda_t_mean": 0.001810506278338907,
    "lambda_t_std": 0.00016793775004393042,
    "n_records": 780
  },
  "layer3.0.conv2.weight": {
    "r_t_mean": 0.035842041877669324,
    "r_t_std": 0.008323579907244971,
    "r_t_min": 0.02147034487890898,
    "r_t_max": 0.11171872443487901,
    "delta_hat_mean": 8.98856966524697e-08,
    "delta_hat_std": 2.2653002452394516e-06,
    "lambda_t_mean": 0.0018125188567282018,
    "lambda_t_std": 0.00016196063776100847,
    "n_records": 780
  },
  "layer3.0.shortcut.0.weight": {
    "r_t_mean": 0.03149574854927065,
    "r_t_std": 0.005911206066440615,
    "r_t_min": 0.01988537788026011,
    "r_t_max": 0.05769148080380954,
    "delta_hat_mean": -9.682811204859157e-08,
    "delta_hat_std": 8.191874591126661e-06,
    "lambda_t_mean": 0.001810324636063859,
    "lambda_t_std": 0.0001659047706016346,
    "n_records": 780
  },
  "layer3.1.conv1.weight": {
    "r_t_mean": 0.03623612826254082,
    "r_t_std": 0.008758217925527155,
    "r_t_min": 0.020852969444919756,
    "r_t_max": 0.104019917536383,
    "delta_hat_mean": -3.727410436266548e-08,
    "delta_hat_std": 2.1492553465438383e-06,
    "lambda_t_mean": 0.0018142106078790899,
    "lambda_t_std": 0.0001589091269185902,
    "n_records": 780
  },
  "layer3.1.conv2.weight": {
    "r_t_mean": 0.03631532283434586,
    "r_t_std": 0.008500335487776706,
    "r_t_min": 0.021261618687640503,
    "r_t_max": 0.11105955289668626,
    "delta_hat_mean": 5.712261147342664e-08,
    "delta_hat_std": 1.7257831398669024e-06,
    "lambda_t_mean": 0.0018106048332735935,
    "lambda_t_std": 0.00015042344581926134,
    "n_records": 780
  },
  "layer3.2.conv1.weight": {
    "r_t_mean": 0.0362594206349328,
    "r_t_std": 0.00803376169775212,
    "r_t_min": 0.022147600311875817,
    "r_t_max": 0.10509342357027746,
    "delta_hat_mean": 1.317994543748605e-07,
    "delta_hat_std": 2.1596229875929757e-06,
    "lambda_t_mean": 0.0018104699206771006,
    "lambda_t_std": 0.00015100411233696332,
    "n_records": 780
  },
  "layer3.2.conv2.weight": {
    "r_t_mean": 0.03411089646573538,
    "r_t_std": 0.006517748456654205,
    "r_t_min": 0.022657754496974023,
    "r_t_max": 0.10420365300908861,
    "delta_hat_mean": -1.9435854654581418e-07,
    "delta_hat_std": 1.8451997791466577e-06,
    "lambda_t_mean": 0.0018111446655156794,
    "lambda_t_std": 0.0001460173366159524,
    "n_records": 780
  },