{
  "anneal_fix_lin_06_02": {
    "ppl_median": 15.209221075455734,
    "ppl_mean": 20.084804234644572,
    "n_samples": 303
  },
  "anneal_fix_cos_08_02": {
    "ppl_median": 15.201524683888898,
    "ppl_mean": 19.010631054175313,
    "n_samples": 303
  },
  "anneal_fix_lin_08_03": {
    "ppl_median": 14.873603436155056,
    "ppl_mean": 18.668871694838312,
    "n_samples": 303
  }
}