{
  "anneal_fix_lin_06_02": {
    "n": 101,
    "vanilla_median": 18.27744736370966,
    "vanilla_mean": 30.067973333276715,
    "anneal_median": 16.348628992710246,
    "anneal_mean": 20.08480423464457,
    "delta_median_pct": -10.552996447573586,
    "delta_mean_pct": -33.20200197059378,
    "paired_t_stat": 1.8854770736674293,
    "paired_t_p": 0.06226809168678086,
    "wilcoxon_W": 1713.0,
    "wilcoxon_p": 0.003479739855121235,
    "bootstrap_ci": [
      0.1478567822885104,
      2.0633125022090653
    ],
    "cohens_d": 0.18761198095873916,
    "bonferroni_t_p": 0.18680427506034258,
    "bonferroni_w_p": 0.010439219565363705,
    "significance": "*",
    "win_rate": 0.6039603960396039
  },
  "anneal_fix_cos_08_02": {
    "n": 101,
    "vanilla_median": 18.27744736370966,
    "vanilla_mean": 30.067973333276715,
    "anneal_median": 15.57064566888498,
    "anneal_mean": 19.010631054175313,
    "delta_median_pct": -14.80951711123022,
    "delta_mean_pct": -36.77448478665525,
    "paired_t_stat": 1.99288222562776,
    "paired_t_p": 0.048999255557229345,
    "wilcoxon_W": 1499.0,
    "wilcoxon_p": 0.00026553582484636516,
    "bootstrap_ci": [
      0.4560558441104945,
      2.6296524834197594
    ],
    "cohens_d": 0.19829919302080762,
    "bonferroni_t_p": 0.14699776667168804,
    "bonferroni_w_p": 0.0007966074745390955,
    "significance": "***",
    "win_rate": 0.6336633663366337
  },
  "anneal_fix_lin_08_03": {
    "n": 101,
    "vanilla_median": 18.27744736370966,
    "vanilla_mean": 30.067973333276715,
    "anneal_median": 15.438621547264816,
    "anneal_mean": 18.66887169483831,
    "delta_median_pct": -15.531850591354479,
    "delta_mean_pct": -37.911107317043,
    "paired_t_stat": 2.0716815436880025,
    "paired_t_p": 0.04086915715512157,
    "wilcoxon_W": 1526.0,
    "wilcoxon_p": 0.0003775125574754471,
    "bootstrap_ci": [
      0.8640681915658668,
      2.8861253450763424
    ],
    "cohens_d": 0.20614001822412029,
    "bonferroni_t_p": 0.12260747146536471,
    "bonferroni_w_p": 0.0011325376724263413,
    "significance": "**",
    "win_rate": 0.6534653465346535
  }
}