{
  "features.0.weight": {
    "r_t_mean": 1.1424385939342937e-09,
    "r_t_std": 5.24456987650221e-09,
    "r_t_min": 0.0,
    "r_t_max": 6.399937570596256e-08,
    "delta_hat_mean": -0.00021152915130317551,
    "delta_hat_std": 0.010912428687373977,
    "lambda_t_mean": 0.0005,
    "lambda_t_std": 0.0,
    "n_records": 1950
  },
  "features.2.weight": {
    "r_t_mean": 5.411893854620208e-09,
    "r_t_std": 2.475877763263014e-08,
    "r_t_min": 0.0,
    "r_t_max": 3.1072052661751743e-07,
    "delta_hat_mean": -3.372731180009262e-05,
    "delta_hat_std": 0.0028090863778647396,
    "lambda_t_mean": 0.0005,
    "lambda_t_std": 0.0,
    "n_records": 1950
  },
  "features.5.weight": {
    "r_t_mean": 4.300295440535196e-09,
    "r_t_std": 1.9931432703185435e-08,
    "r_t_min": 0.0,
    "r_t_max": 2.6136741529301973e-07,
    "delta_hat_mean": -2.0544433346358003e-05,
    "delta_hat_std": 0.0018780228606166014,
    "lambda_t_mean": 0.0005,
    "lambda_t_std": 0.0,
    "n_records": 1950
  },
  "features.7.weight": {
    "r_t_mean": 5.946720336857733e-09,
    "r_t_std": 2.7421369840829506e-08,
    "r_t_min": 0.0,
    "r_t_max": 3.4596215778385874e-07,
    "delta_hat_mean": -1.859991830773737e-05,
    "delta_hat_std": 0.0013826742409885726,
    "lambda_t_mean": 0.0005,
    "lambda_t_std": 0.0,
    "n_records": 1950
  },
  "features.10.weight": {
    "r_t_mean": 4.72128107608854e-09,
    "r_t_std": 2.1361764391421304e-08,
    "r_t_min": 0.0,
    "r_t_max": 2.766532322512319e-07,
    "delta_hat_mean": -1.2864220207095018e-05,
    "delta_hat_std": 0.0009756652586496503,
    "lambda_t_mean": 0.0005,
    "lambda_t_std": 0.0,
    "n_records": 1950
  },
  "features.12.weight": {
    "r_t_mean": 8.512266925463989e-09,
    "r_t_std": 3.730531538148332e-08,
    "r_t_min": 0.0,
    "r_t_max": 4.93142486299189e-07,
    "delta_hat_mean": 1.3102332440713581e-06,
    "delta_hat_std": 0.0008131858076130934,
    "lambda_t_mean": 0.0005,
    "lambda_t_std": 0.0,
    "n_records": 1950
  },
  "features.14.weight": {
    "r_t_mean": 1.4658299443639542e-08,
    "r_t_std": 6.059601409920353e-08,
    "r_t_min": 0.0,
    "r_t_max": 7.6753326921408e-07,
    "delta_hat_mean": 1.0830384786398548e-05,
    "delta_hat_std": 0.0007995664532629613,
    "lambda_t_mean": 0.0005,
    "lambda_t_std": 0.0,
    "n_records": 1950
  },
  "features.17.weight": {
    "r_t_mean": 2.345488261890434e-08,
    "r_t_std": 9.136689484417892e-08,
    "r_t_min": 0.0,
    "r_t_max": 1.1314885432010299e-06,
    "delta_hat_mean": -5.955274791092098e-08,
    "delta_hat_std": 0.0006041930085877675,
    "lambda_t_mean": 0.0005,
    "lambda_t_std": 0.0,
    "n_records": 1950
  },
  "features.19.weight": {
    "r_t_mean": 8.960581864903152e-08,
    "r_t_std": 3.3094197327860325e-07,
    "r_t_min": 0.0,
    "r_t_max": 4.085486106672458e-06,
    "delta_hat_mean": 6.754465178532999e-08,
    "delta_hat_std": 0.00048526604973097426,
    "lambda_t_mean": 0.0005,
    "lambda_t_std": 0.0,
    "n_records": 1950
  },
  "features.21.weight": {
    "r_t_mean": 1.9836889241985629e-07,
    "r_t_std": 7.056616712712559e-07,
    "r_t_min": 0.0,
    "r_t_max": 8.79192952693648e-06,
    "delta_hat_mean": 3.1445350832771695e-06,
    "delta_hat_std": 0.0007185930471315326,
    "lambda_t_mean": 0.0005,
    "lambda_t_std": 0.0,
    "n_records": 1950
  },
  "features.24.weight": {
    "r_t_mean": 6.356520945684583e-07,
    "r_t_std": 2.1671927652389557e-06,
    "r_t_min": 0.0,
    "r_t_max": 2.5758823724109965e-05,
    "delta_hat_mean": 1.802811423349573e-06,
    "delta_hat_std": 0.0005858071261156246,
    "lambda_t_mean": 0.0005,
    "lambda_t_std": 0.0,
    "n_records": 1950
  },
  "features.26.weight": {
    "r_t_mean": 2.204042925816092e-06,
    "r_t_std": 7.101570738201215e-06,
    "r_t_min": 0.0,
    "r_t_max": 8.197352350660972e-05,
    "delta_hat_mean": 7.177645139714391e-06,
    "delta_hat_std": 0.0005590241401345615,
    "lambda_t_mean": 0.0005,
    "lambda_t_std": 0.0,
    "n_records": 1950
  },
  "features.28.weight": {
    "r_t_mean": 7.695142436964357e-06,
    "r_t_std": 2.3428928859544903e-05,
    "r_t_min": 0.0,
    "r_t_max": 0.00026431931135647327,
    "delta_hat_mean": 6.625674481203812e-06,
    "delta_hat_std": 0.0009092890898981412,
    "lambda_t_mean": 0.0005,
    "lambda_t_std": 0.0,
    "n_records": 1950
  },
  "classifier.0.weight": {
    "r_t_mean": 1.6880045205078255e-05,
    "r_t_std": 4.291829478710289e-05,
    "r_t_min": 0.0,
    "r_t_max": 0.0003540040767553269,
    "delta_hat_mean": 3.3225705420643585e-05,
    "delta_hat_std": 0.0020582858589644863,
    "lambda_t_mean": 0.0005,
    "lambda_t_std": 0.0,
    "n_records": 1950
  },
  "classifier.3.weight": {
    "r_t_mean": 0.00013368301486266253,
    "r_t_std": 0.0003142697195592274,
    "r_t_min": 0.0,
    "r_t_max": 0.0023428627066055157,
    "delta_hat_mean": 6.781222379546447e-05,
    "delta_hat_std": 0.002811448965431802,
    "lambda_t_mean": 0.0005,
    "lambda_t_std": 0.0,
    "n_records": 1950
  },
  "classifier.6.weight": {
    "r_t_mean": 0.0005356987800479151,
    "r_t_std": 0.0015127933006944003,
    "r_t_min": 0.0,
    "r_t_max": 0.011682832810175911,
    "delta_hat_mean": 0.00030397040604815954,
    "delta_hat_std": 0.003963906288902083,
    "lambda_t_mean": 0.0005,
    "lambda_t_std": 0.0,
    "n_records": 1950
  }
}