{
  "task": "task_6a",
  "mode": "pilot",
  "steps": 64,
  "model": "Dream-v0-Instruct-7B",
  "n_samples": 16,
  "seed": 42,
  "temperature": 0.4,
  "methods": [
    "vanilla",
    "remdm_conf",
    "dta",
    "dta_remdm"
  ],
  "results": {
    "vanilla": {
      "accuracy": 0.0625,
      "correct": 1,
      "total": 16,
      "avg_time_s": 1.8665659427642822,
      "total_time_s": 29.865055084228516,
      "distinct_2_mean": 0.8780289478807428,
      "rep_3_mean": 0.06260040143937409
    },
    "remdm_conf": {
      "accuracy": 0.0625,
      "correct": 1,
      "total": 16,
      "avg_time_s": 3.282345414161682,
      "total_time_s": 52.517526626586914,
      "distinct_2_mean": 0.9216447125825602,
      "rep_3_mean": 0.021743421052631585
    },
    "dta": {
      "accuracy": 0.0625,
      "correct": 1,
      "total": 16,
      "avg_time_s": 7.709700360894203,
      "total_time_s": 123.35520577430725,
      "distinct_2_mean": 0.8493332070502575,
      "rep_3_mean": 0.08070881305223218,
      "lora_norm_max": 0.11599977314472198,
      "lora_norm_mean": 0.08082633605226874
    },
    "dta_remdm": {
      "accuracy": 0.0,
      "correct": 0,
      "total": 16,
      "avg_time_s": 9.141268640756607,
      "total_time_s": 146.2602982521057,
      "distinct_2_mean": 0.9841145833333333,
      "rep_3_mean": 0.008333333333333331,
      "lora_norm_max": 0.07289156317710876,
      "lora_norm_mean": 0.053873676573857665
    }
  },
  "wall_seconds": 356.934958,
  "timestamp": "2026-03-09T03:23:56.426004"
}