{
  "task": "task_6a",
  "mode": "pilot",
  "steps": 512,
  "model": "Dream-v0-Instruct-7B",
  "n_samples": 16,
  "seed": 42,
  "temperature": 0.4,
  "methods": [
    "vanilla",
    "remdm_conf",
    "dta",
    "dta_remdm"
  ],
  "results": {
    "vanilla": {
      "accuracy": 0.0625,
      "correct": 1,
      "total": 16,
      "avg_time_s": 14.681283935904503,
      "total_time_s": 234.90054297447205,
      "distinct_2_mean": 0.8841293889881178,
      "rep_3_mean": 0.0526328998985249
    },
    "remdm_conf": {
      "accuracy": 0.0625,
      "correct": 1,
      "total": 16,
      "avg_time_s": 23.77728183567524,
      "total_time_s": 380.43650937080383,
      "distinct_2_mean": 0.8427690299892343,
      "rep_3_mean": 0.07716088106346605
    },
    "dta": {
      "accuracy": 0.0,
      "correct": 0,
      "total": 16,
      "avg_time_s": 60.9261898547411,
      "total_time_s": 974.8190376758575,
      "distinct_2_mean": 0.8192748547228119,
      "rep_3_mean": 0.10786980529717674,
      "lora_norm_max": 0.17156019806861877,
      "lora_norm_mean": 0.1338037340901792
    },
    "dta_remdm": {
      "accuracy": 0.125,
      "correct": 2,
      "total": 16,
      "avg_time_s": 57.59487244486809,
      "total_time_s": 921.5179591178894,
      "distinct_2_mean": 0.931861839157706,
      "rep_3_mean": 0.025854408749145595,
      "lora_norm_max": 0.3295879065990448,
      "lora_norm_mean": 0.16411565034650266
    }
  },
  "wall_seconds": 2516.27621,
  "timestamp": "2026-03-09T03:59:55.781045"
}