{
  "conv1.weight": {
    "r_t_mean": 0.028960296357934685,
    "r_t_std": 0.013600355258103143,
    "r_t_min": 0.011492917460590031,
    "r_t_max": 0.19050055155718582,
    "delta_hat_mean": -1.3775977857611894e-06,
    "delta_hat_std": 6.494168344241377e-05,
    "lambda_t_mean": 0.003523221541690187,
    "lambda_t_std": 0.0011795885203173553,
    "n_records": 780
  },
  "layer1.0.conv1.weight": {
    "r_t_mean": 0.026148036729500085,
    "r_t_std": 0.01772111306402655,
    "r_t_min": 0.009119540118002218,
    "r_t_max": 0.39402612538692344,
    "delta_hat_mean": 1.2353236794940342e-06,
    "delta_hat_std": 4.653445613271206e-05,
    "lambda_t_mean": 0.003060887589893756,
    "lambda_t_std": 0.000763094399881048,
    "n_records": 780
  },
  "layer1.0.conv2.weight": {
    "r_t_mean": 0.02529245426615347,
    "r_t_std": 0.015991621076985228,
    "r_t_min": 0.010386840958077967,
    "r_t_max": 0.3470094813447977,
    "delta_hat_mean": 2.6442644319667163e-07,
    "delta_hat_std": 1.8069377535746883e-05,
    "lambda_t_mean": 0.002919991662988835,
    "lambda_t_std": 0.0007463307731161393,
    "n_records": 780
  },
  "layer1.1.conv1.weight": {
    "r_t_mean": 0.02643336447438811,
    "r_t_std": 0.014726908593430914,
    "r_t_min": 0.008653204506938962,
    "r_t_max": 0.26926566152912706,
    "delta_hat_mean": 4.2264968474267855e-07,
    "delta_hat_std": 1.277631841423975e-05,
    "lambda_t_mean": 0.003032632460755112,
    "lambda_t_std": 0.0008689094520607722,
    "n_records": 780
  },
  "layer1.1.conv2.weight": {
    "r_t_mean": 0.026042637481623214,
    "r_t_std": 0.01454035995028014,
    "r_t_min": 0.011047318007977994,
    "r_t_max": 0.27043904606911057,
    "delta_hat_mean": 2.7661795635835756e-07,
    "delta_hat_std": 1.665850189072823e-05,
    "lambda_t_mean": 0.0029638160044387096,
    "lambda_t_std": 0.0007169593349300903,
    "n_records": 780
  },
  "layer1.2.conv1.weight": {
    "r_t_mean": 0.025344990141585044,
    "r_t_std": 0.013056917922781795,
    "r_t_min": 0.008205171997282507,
    "r_t_max": 0.21326190360300176,
    "delta_hat_mean": -6.960273162048836e-07,
    "delta_hat_std": 1.2354926350660604e-05,
    "lambda_t_mean": 0.0028603344281905017,
    "lambda_t_std": 0.0005874286274719955,
    "n_records": 780
  },
  "layer1.2.conv2.weight": {
    "r_t_mean": 0.024814511305737842,
    "r_t_std": 0.011885372042238664,
    "r_t_min": 0.009790468741984049,
    "r_t_max": 0.16894135171193905,
    "delta_hat_mean": 7.542798282719113e-08,
    "delta_hat_std": 1.2670790000713026e-05,
    "lambda_t_mean": 0.002830090986266247,
    "lambda_t_std": 0.0005954768874753372,
    "n_records": 780
  },
  "layer2.0.conv1.weight": {
    "r_t_mean": 0.024733548029586373,
    "r_t_std": 0.010769035756454593,
    "r_t_min": 0.011998614032407788,
    "r_t_max": 0.13634032270751684,
    "delta_hat_mean": -6.077877784123509e-07,
    "delta_hat_std": 1.0122946890557153e-05,
    "lambda_t_mean": 0.002811948898487554,
    "lambda_t_std": 0.0005306668752842541,
    "n_records": 780
  },
  "layer2.0.conv2.weight": {
    "r_t_mean": 0.024318903229715447,
    "r_t_std": 0.011168184640334613,
    "r_t_min": 0.01200200350464094,
    "r_t_max": 0.1541548619942666,
    "delta_hat_mean": -1.6206685386303358e-08,
    "delta_hat_std": 6.253058056113273e-06,
    "lambda_t_mean": 0.0027081939307995557,
    "lambda_t_std": 0.0004942564196602738,
    "n_records": 780
  },
  "layer2.0.shortcut.0.weight": {
    "r_t_mean": 0.025279629273396824,
    "r_t_std": 0.01073970124007204,
    "r_t_min": 0.011656802789602813,
    "r_t_max": 0.06655197103643039,
    "delta_hat_mean": 3.158109519628665e-07,
    "delta_hat_std": 2.5191373973380895e-05,
    "lambda_t_mean": 0.002943015552682894,
    "lambda_t_std": 0.0006106021008762639,
    "n_records": 780
  },
  "layer2.1.conv1.weight": {
    "r_t_mean": 0.02537146028623403,
    "r_t_std": 0.012467400100333904,
    "r_t_min": 0.007786973289491647,
    "r_t_max": 0.13847041816610398,
    "delta_hat_mean": 6.749719759125146e-08,
    "delta_hat_std": 5.065136332707042e-06,
    "lambda_t_mean": 0.002778585552402142,
    "lambda_t_std": 0.0005593217731264782,
    "n_records": 780
  },
  "layer2.1.conv2.weight": {
    "r_t_mean": 0.025110658134274707,
    "r_t_std": 0.012161248948984767,
    "r_t_min": 0.011529178170309278,
    "r_t_max": 0.12194059007238858,
    "delta_hat_mean": -3.275667995141272e-08,
    "delta_hat_std": 4.141919926512438e-06,
    "lambda_t_mean": 0.002729920541246059,
    "lambda_t_std": 0.0004980148672971917,
    "n_records": 780
  },
  "layer2.2.conv1.weight": {
    "r_t_mean": 0.02525824063852952,
    "r_t_std": 0.011960848596796502,
    "r_t_min": 0.009794488519089845,
    "r_t_max": 0.10794382683258161,
    "delta_hat_mean": -2.415841721895089e-07,
    "delta_hat_std": 5.127000322041353e-06,
    "lambda_t_mean": 0.0027923503936632408,
    "lambda_t_std": 0.0005556728893740217,
    "n_records": 780
  },
  "layer2.2.conv2.weight": {
    "r_t_mean": 0.024919673036488406,
    "r_t_std": 0.011531603384783031,
    "r_t_min": 0.01162620500924329,
    "r_t_max": 0.09726173690309695,
    "delta_hat_mean": 1.1342181216968438e-07,
    "delta_hat_std": 4.411173388510181e-06,
    "lambda_t_mean": 0.0027332854373933843,
    "lambda_t_std": 0.0004963594441303251,
    "n_records": 780
  },
  "layer3.0.conv1.weight": {
    "r_t_mean": 0.02414284580548007,
    "r_t_std": 0.010383547254824916,
    "r_t_min": 0.01220868853449104,
    "r_t_max": 0.0737933035971865,
    "delta_hat_mean": -1.9796711493749232e-08,
    "delta_hat_std": 3.1771732571257456e-06,
    "lambda_t_mean": 0.0026764391304191226,
    "lambda_t_std": 0.0004344130531642393,
    "n_records": 780
  },
  "layer3.0.conv2.weight": {
    "r_t_mean": 0.024332216781525678,
    "r_t_std": 0.010982824560845914,
    "r_t_min": 0.012104290039178919,
    "r_t_max": 0.1007517111419519,
    "delta_hat_mean": -8.256975118793337e-08,
    "delta_hat_std": 2.8867837827427965e-06,
    "lambda_t_mean": 0.002626520312879608,
    "lambda_t_std": 0.0003812049352659114,
    "n_records": 780
  },
  "layer3.0.shortcut.0.weight": {
    "r_t_mean": 0.023586290238759147,
    "r_t_std": 0.009365611171450919,
    "r_t_min": 0.012443657382698843,
    "r_t_max": 0.049972540548924624,
    "delta_hat_mean": -3.4808949724908535e-08,
    "delta_hat_std": 9.205571096179284e-06,
    "lambda_t_mean": 0.0026758233147873363,
    "lambda_t_std": 0.00043796754830462733,
    "n_records": 780
  },
  "layer3.1.conv1.weight": {
    "r_t_mean": 0.025111856405581324,
    "r_t_std": 0.011940124024677336,
    "r_t_min": 0.012188590521809813,
    "r_t_max": 0.09008822315283153,
    "delta_hat_mean": 9.572557350209146e-08,
    "delta_hat_std": 2.799178679491958e-06,
    "lambda_t_mean": 0.0026840578702576642,
    "lambda_t_std": 0.00041578606397347,
    "n_records": 780
  },
  "layer3.1.conv2.weight": {
    "r_t_mean": 0.02497201701885654,
    "r_t_std": 0.011793346031449747,
    "r_t_min": 0.01123689730380977,
    "r_t_max": 0.09175923888795869,
    "delta_hat_mean": 1.335274988614245e-07,
    "delta_hat_std": 1.9698136785986135e-06,
    "lambda_t_mean": 0.0026587695593397118,
    "lambda_t_std": 0.000405256317022889,
    "n_records": 780
  },
  "layer3.2.conv1.weight": {
    "r_t_mean": 0.02455411379766419,
    "r_t_std": 0.011101761844928233,
    "r_t_min": 0.011588204976561779,
    "r_t_max": 0.08740634906391978,
    "delta_hat_mean": -6.213623685139074e-08,
    "delta_hat_std": 2.437982080500979e-06,
    "lambda_t_mean": 0.0026338318256768543,
    "lambda_t_std": 0.0004077791280693138,
    "n_records": 780
  },
  "layer3.2.conv2.weight": {
    "r_t_mean": 0.02365561304223818,
    "r_t_std": 0.009707135480159432,
    "r_t_min": 0.010864253577677858,
    "r_t_max": 0.08873684561949648,
    "delta_hat_mean": -8.484115351982438e-08,
    "delta_hat_std": 2.3247996626478743e-06,
    "lambda_t_mean": 0.00262264970699729,
    "lambda_t_std": 0.0003872032580578561,
    "n_records": 780
  },