{
  "task_id": "task_B1_pairwise_eda",
  "timestamp": "2026-04-14T00:29:51.181539",
  "mode": "PILOT",
  "elapsed_sec": 26.08453631401062,
  "config": {
    "model": "gpt2-small",
    "sae_release": "gpt2-small-res-jb",
    "layer": 6,
    "d_sae": 24576,
    "d_in": 768,
    "seed": 42,
    "n_pilot_words": 100,
    "absorption_rate_threshold": 0.1,
    "label_method": "activation_proxy",
    "note": "Activation-based proxy labels (split feature non-firing = absorption event)."
  },
  "l6_letter_features": {
    "n_features": 63,
    "threshold": 0.29000000000000004,
    "n_absorbed_proxy": 47,
    "n_non_absorbed_proxy": 16
  },
  "word_level_results": {
    "n_words_processed": 78,
    "n_absorption_events": 62,
    "n_non_absorption_events": 16,
    "absorption_fraction": 0.7948717948717948
  },
  "metrics_primary_letter_vs_nonletter": {
    "label_method": "letter_features_vs_nonletter_features",
    "n_letter": 63,
    "n_nonletter": 500,
    "EDA_child": {
      "auroc": 0.46895238095238095,
      "auprc": 0.11041927328371982,
      "cohens_d": -0.09782999742278185,
      "wilcoxon_p": 0.42176416921674464,
      "pos_mean": 0.6200134754180908,
      "neg_mean": 0.6271865367889404,
      "n_pos": 63,
      "n_neg": 500,
      "null_auroc_mean": 0.5002342857142856,
      "null_auroc_std": 0.036361547161359205,
      "z_above_null": -0.8603015713294978,
      "passes_null_2sd": false
    },
    "cos_enc_c_dec_p_max": {
      "auroc": 0.597968253968254,
      "auprc": 0.13913048791127605,
      "cohens_d": 0.10303964264743579,
      "wilcoxon_p": 0.011217891530099455,
      "pos_mean": 0.08730677515268326,
      "neg_mean": 0.08324479311704636,
      "n_pos": 63,
      "n_neg": 500,
      "null_auroc_mean": 0.5008984126984126,
      "null_auroc_std": 0.03833228484549861,
      "z_above_null": 2.5323253319711014,
      "passes_null_2sd": true
    },
    "cos_enc_p_dec_c_max": {
      "auroc": 0.7296190476190476,
      "auprc": 0.22924319527448137,
      "cohens_d": 0.551594834875315,
      "wilcoxon_p": 2.7802331840064e-09,
      "pos_mean": 0.08001495897769928,
      "neg_mean": 0.05195237696170807,
      "n_pos": 63,
      "n_neg": 500,
      "null_auroc_mean": 0.5010939682539682,
      "null_auroc_std": 0.03583729881413744,
      "z_above_null": 6.376736616866962,
      "passes_null_2sd": true
    },
    "cos_enc_c_dec_p_mean": {
      "auroc": 0.681142857142857,
      "auprc": 0.24600068904059877,
      "cohens_d": 0.517106355361595,
      "wilcoxon_p": 2.744091386686164e-06,
      "pos_mean": -0.028311464935541153,
      "neg_mean": -0.031492218375205994,
      "n_pos": 63,
      "n_neg": 500,
      "null_auroc_mean": 0.502895873015873,
      "null_auroc_std": 0.03850833158566748,
      "z_above_null": 4.628788900982592,
      "passes_null_2sd": true
    },
    "note": "Primary comparison: letter features (potential absorption targets) vs. non-letter features. This is the correct scientific comparison for EDA as an absorption indicator."
  },
  "metrics_within_letter_proxy_labels": {
    "label_method": "activation_proxy",
    "n_pos": 47,
    "n_neg": 16,
    "EDA_child": {
      "auroc": 0.5252659574468086,
      "auprc": 0.7606231072895054,
      "cohens_d": -0.027288259186941187,
      "wilcoxon_p": 0.7701937687070504,
      "pos_mean": 0.6194950342178345,
      "neg_mean": 0.6215363144874573,
      "n_pos": 47,
      "n_neg": 16,
      "null_auroc_mean": 0.5024468085106383,
      "null_auroc_std": 0.0784046252048205,
      "z_above_null": 0.2910433659509884,
      "passes_null_2sd": false
    },
    "cos_enc_c_dec_p_max": {
      "auroc": 0.3736702127659574,
      "auprc": 0.6853691861783101,
      "cohens_d": -0.31797109031677945,
      "wilcoxon_p": 0.13564988430563293,
      "pos_mean": 0.08513826131820679,
      "neg_mean": 0.09367671608924866,
      "n_pos": 47,
      "n_neg": 16,
      "null_auroc_mean": 0.4985372340425531,
      "null_auroc_std": 0.08338889944260557,
      "z_above_null": -1.4974056155817514,
      "passes_null_2sd": false
    },
    "cos_enc_p_dec_c_max": {
      "auroc": 0.7659574468085107,
      "auprc": 0.9014515521676991,
      "cohens_d": 1.0614804471340786,
      "wilcoxon_p": 0.001631729531338599,
      "pos_mean": 0.09001058340072632,
      "neg_mean": 0.05065280199050903,
      "n_pos": 47,
      "n_neg": 16,
      "null_auroc_mean": 0.5104122340425532,
      "null_auroc_std": 0.08366043428508561,
      "z_above_null": 3.054552422589923,
      "passes_null_2sd": true
    },
    "cos_enc_c_dec_p_mean": {
      "auroc": 0.8218085106382979,
      "auprc": 0.9442315020058323,
      "cohens_d": 1.0270710044568978,
      "wilcoxon_p": 0.00013708510921590323,
      "pos_mean": -0.026706302538514137,
      "neg_mean": -0.033026620745658875,
      "n_pos": 47,
      "n_neg": 16,
      "null_auroc_mean": 0.5096941489361702,
      "null_auroc_std": 0.08741210400514944,
      "z_above_null": 3.5706076355016547,
      "passes_null_2sd": true
    },
    "note": "Within-letter-feature comparison using activation-based proxy labels. n_pos is high because most split features don't fire (common in few-shot prompting). Less reliable than primary analysis."
  },
  "l10_comparison": {
    "l10_eda_auroc": 0.255712890625,
    "l10_eda_auprc": 0.10800303530967864,
    "l10_eda_cohens_d": -0.8901867192238585,
    "l10_eda_wilcoxon_p": 6.769594896792757e-10,
    "note": "L10 EDA should be ~0.337 per prior pilot (EDA fails at L10)."
  },
  "pass_criteria": {
    "eda_auroc_primary_ge_060": false,
    "eda_auroc_primary_value": 0.46895238095238095,
    "eda_auroc_within_letter": 0.5252659574468086,
    "n_pos_ge_10": true,
    "n_pos_value": 47,
    "overall_go_nogo": "GO",
    "cross_directional_auroc": {
      "cos_enc_c_dec_p": 0.597968253968254,
      "cos_enc_p_dec_c": 0.7296190476190476
    },
    "notes": [
      "PRIMARY ANALYSIS: EDA of letter features vs. non-letter features.",
      "EDA AUROC (letter vs. non-letter): 0.4690 (target >= 0.60).",
      "cos(enc_p,dec_c) AUROC (letter vs. non-letter): 0.7296.",
      "cos(enc_c,dec_p) AUROC (letter vs. non-letter): 0.5980.",
      "Within-letter analysis uses activation-based proxy labels (less reliable).",
      "PILOT mode: For full experiment, use sae-spelling IG ablation for exact Chanin labels.",
      "Exact Chanin n_pos=67 expected (first-letter task); proxy labels give n_pos=47."
    ]
  },
  "per_feature_sample": [
    {
      "feature_idx": 205,
      "is_absorbed_proxy": true,
      "absorption_rate": 1.0,
      "eda": 0.42440658807754517,
      "max_cos_enc_c_dec_p": 0.05872845649719238,
      "max_cos_enc_p_dec_c": 0.0730147734284401,
      "mean_cos_enc_c_dec_p": -0.024498645216226578,
      "mean_cos_enc_p_dec_c": -0.029792286455631256,
      "best_parent_feat_id": 3507
    },
    {
      "feature_idx": 302,
      "is_absorbed_proxy": true,
      "absorption_rate": 0.3333333333333333,
      "eda": 0.561808168888092,
      "max_cos_enc_c_dec_p": 0.07543744146823883,
      "max_cos_enc_p_dec_c": 0.08356845378875732,
      "mean_cos_enc_c_dec_p": -0.022252991795539856,
      "mean_cos_enc_p_dec_c": -0.03750823438167572,
      "best_parent_feat_id": 13241
    },
    {
      "feature_idx": 368,
      "is_absorbed_proxy": true,
      "absorption_rate": 1.0,
      "eda": 0.628801167011261,
      "max_cos_enc_c_dec_p": 0.08695867657661438,
      "max_cos_enc_p_dec_c": 0.09266316890716553,
      "mean_cos_enc_c_dec_p": -0.024490058422088623,
      "mean_cos_enc_p_dec_c": -0.009604383260011673,
      "best_parent_feat_id": 11737
    },
    {
      "feature_idx": 545,
      "is_absorbed_proxy": true,
      "absorption_rate": 0.6666666666666666,
      "eda": 0.5755701661109924,
      "max_cos_enc_c_dec_p": 0.07414211332798004,
      "max_cos_enc_p_dec_c": 0.03355030342936516,
      "mean_cos_enc_c_dec_p": -0.0232352614402771,
      "mean_cos_enc_p_dec_c": -0.03130125254392624,
      "best_parent_feat_id": 22254
    },
    {
      "feature_idx": 738,