{
  "task_id": "task_C1_probe_training",
  "timestamp": "2026-04-13T22:00:54.828649",
  "mode": "PILOT",
  "config": {
    "model": "gpt2-small",
    "layer": 6,
    "d_model": 768,
    "seed": 42,
    "test_size": 0.2,
    "probe_type": "logistic_regression",
    "f1_gate": 0.8,
    "shuffle_f1_gate": 0.6
  },
  "hierarchies": {
    "first_letter": {
      "type": "first_letter_spelling_binary_ova",
      "description": "Per-letter binary probes: predict whether word starts with letter X",
      "n_examples": 2300,
      "n_classes": 24,
      "metrics": {
        "f1": 0.8201993101761714,
        "mean_f1_per_letter": 0.8201993101761714,
        "pct_letters_passing_0.80": 0.7083333333333334,
        "n_letters_tested": 24,
        "n_letters_passing": 17,
        "passing_letters": [
          "a",
          "b",
          "d",
          "e",
          "g",
          "h",
          "i",
          "j",
          "k",
          "m",
          "n",
          "o",
          "q",
          "r",
          "s",
          "w",
          "y"
        ],
        "f1_per_letter": {
          "a": 0.8571428571428571,
          "b": 0.8205128205128205,
          "c": 0.7142857142857143,
          "d": 0.8444444444444444,
          "e": 0.95,
          "f": 0.6046511627906976,
          "g": 0.8205128205128205,
          "h": 0.8,
          "i": 0.95,
          "j": 0.9047619047619048,
          "k": 0.9302325581395349,
          "l": 0.6829268292682927,
          "m": 0.8947368421052632,
          "n": 0.8181818181818182,
          "o": 0.8717948717948718,
          "p": 0.65,
          "q": 0.9090909090909091,
          "r": 0.8372093023255814,
          "s": 0.8,
          "t": 0.7659574468085106,
          "u": 0.7692307692307693,
          "v": 0.7906976744186046,
          "w": 0.8095238095238095,
          "y": 0.8888888888888888
        },
        "n_train": 3680,
        "n_test": 920,
        "n_classes": 24,
        "class_labels": [
          "a",
          "b",
          "c",
          "d",
          "e",
          "f",
          "g",
          "h",
          "i",
          "j",
          "k",
          "l",
          "m",
          "n",
          "o",
          "p",
          "q",
          "r",
          "s",
          "t",
          "u",
          "v",
          "w",
          "y"
        ],
        "probe_type": "binary_per_letter",
        "note": "Per-letter binary probes (starts-with-X vs not). Mean F1 reported as aggregate.",
        "per_letter_details": {
          "a": {
            "f1": 0.8571428571428571,
            "n_pos": 100,
            "n_neg": 100,
            "passes": true
          },
          "b": {
            "f1": 0.8205128205128205,
            "n_pos": 100,
            "n_neg": 100,
            "passes": true
          },
          "c": {
            "f1": 0.7142857142857143,
            "n_pos": 100,
            "n_neg": 100,
            "passes": false
          },
          "d": {
            "f1": 0.8444444444444444,
            "n_pos": 100,
            "n_neg": 100,
            "passes": true
          },
          "e": {
            "f1": 0.95,
            "n_pos": 100,
            "n_neg": 100,
            "passes": true
          },
          "f": {
            "f1": 0.6046511627906976,
            "n_pos": 100,
            "n_neg": 100,
            "passes": false
          },
          "g": {
            "f1": 0.8205128205128205,
            "n_pos": 100,
            "n_neg": 100,
            "passes": true
          },
          "h": {
            "f1": 0.8,
            "n_pos": 100,
            "n_neg": 100,
            "passes": true
          },
          "i": {
            "f1": 0.95,
            "n_pos": 100,
            "n_neg": 100,
            "passes": true
          },
          "j": {
            "f1": 0.9047619047619048,
            "n_pos": 100,
            "n_neg": 100,
            "passes": true
          },
          "k": {
            "f1": 0.9302325581395349,
            "n_pos": 100,
            "n_neg": 100,
            "passes": true
          },
          "l": {
            "f1": 0.6829268292682927,
            "n_pos": 100,
            "n_neg": 100,
            "passes": false
          },
          "m": {
            "f1": 0.8947368421052632,
            "n_pos": 100,
            "n_neg": 100,
            "passes": true
          },
          "n": {
            "f1": 0.8181818181818182,
            "n_pos": 100,
            "n_neg": 100,
            "passes": true
          },
          "o": {
            "f1": 0.8717948717948718,
            "n_pos": 100,
            "n_neg": 100,
            "passes": true
          },
          "p": {
            "f1": 0.65,
            "n_pos": 100,
            "n_neg": 100,
            "passes": false
          },
          "q": {
            "f1": 0.9090909090909091,
            "n_pos": 57,
            "n_neg": 57,
            "passes": true
          },
          "r": {
            "f1": 0.8372093023255814,
            "n_pos": 100,
            "n_neg": 100,
            "passes": true
          },
          "s": {
            "f1": 0.8,
            "n_pos": 100,
            "n_neg": 100,
            "passes": true
          },
          "t": {
            "f1": 0.7659574468085106,
            "n_pos": 100,
            "n_neg": 100,
            "passes": false
          },
          "u": {
            "f1": 0.7692307692307693,
            "n_pos": 100,
            "n_neg": 100,
            "passes": false
          },
          "v": {
            "f1": 0.7906976744186046,
            "n_pos": 100,
            "n_neg": 100,
            "passes": false
          },
          "w": {
            "f1": 0.8095238095238095,
            "n_pos": 100,
            "n_neg": 100,
            "passes": true
          },
          "y": {
            "f1": 0.8888888888888888,
            "n_pos": 43,
            "n_neg": 43,
            "passes": true
          }
        }
      },
      "shuffled_control": {
        "mean_f1": 0.5225551892661527,
        "max_f1": 0.6,
        "passes_control": true,
        "f1_values": [
          0.6,
          0.4489795918367347,
          0.5405405405405406,
          0.46511627906976744,
          0.5581395348837209
        ]
      },
      "passes_f1_gate": true,
      "passes_shuffle_gate": true,
      "probe_weights_shape": [
        24,
        768
      ]
    },
    "city_continent": {
      "type": "city_to_continent",
      "description": "Predict continent from city name residual stream activation",
      "dataset": "RAVEL hij/ravel",
      "n_examples": 154,
      "n_classes": 5,
      "class_distribution": {
        "Asia": 19,
        "Africa": 10,
        "North America": 74,
        "Europe": 36,
        "Oceania": 15
      },
      "metrics": {
        "f1": 0.48044871794871796,
        "precision": 0.47294117647058825,
        "recall": 0.4947619047619048,
        "confusion_matrix": [
          [
            0,
            1,
            0,
            1,
            0
          ],
          [
            1,
            3,
            0,
            0,
            0
          ],
          [
            0,
            0,
            6,
            0,
            1
          ],
          [
            1,
            1,
            0,
            13,
            0
          ],
          [
            0,
            0,
            0,
            3,
            0
          ]
        ],
        "n_train": 123,
        "n_test": 31,
        "n_classes": 5,
        "class_labels": [
          "Africa",
          "Asia",
          "Europe",
          "North America",
          "Oceania"
        ]
      },
      "shuffled_control": {
        "mean_f1": 0.20720407201543103,
        "max_f1": 0.3142857142857142,
        "passes_control": true,