{
  "task_id": "full_sparsity_sweep",
  "status": "success",
  "timestamp": "2026-05-01T12:37:35.094921",
  "config": {
    "n_samples": 1000,
    "seed": 42,
    "layer": 6,
    "hook_name": "blocks.6.hook_resid_pre",
    "model": "gpt2-small",
    "sae_release": "gpt2-small-res-jb",
    "sae_id": "blocks.6.hook_resid_pre",
    "full_lambdas": [
      1e-05,
      2e-05,
      5e-05,
      0.0001,
      0.0002,
      0.0005,
      0.001,
      0.002,
      0.005,
      0.01,
      0.02,
      0.05
    ]
  },
  "lambda_values": [
    1e-05,
    2e-05,
    5e-05,
    0.0001,
    0.0002,
    0.0005,
    0.001,
    0.002,
    0.005,
    0.01,
    0.02,
    0.05
  ],
  "absorption_rates": [
    0.08854166666666667,
    0.0885009765625,
    0.08829752604166667,
    0.08760579427083333,
    0.08671061197916667,
    0.08394368489583333,
    0.0792236328125,
    0.071533203125,
    0.055704752604166664,
    0.041300455729166664,
    0.026896158854166668,
    0.013671875
  ],
  "susceptibility_chi": [
    4.069010416667129,
    6.103515624999999,
    11.18977864583339,
    10.579427083333332,
    9.1552734375,
    9.35872395833334,
    8.273654513888886,
    5.879720052083334,
    3.779093424479167,
    1.9205729166666665,
    0.6907145182291666,
    0.4408094618055556
  ],
  "critical_lambda": 5e-05,
  "max_susceptibility": 11.18977864583339,
  "all_results": [
    {
      "absorption_rate": 0.08854166666666667,
      "n_absorbed": 2176,
      "susceptibility_proxy": 2.381658379861468,
      "absorption_intensity": 336.175537109375,
      "mean_activation_magnitude": 0.013677815906703472,
      "weight_norm_mean": 1.0000430345535278,
      "lambda": 1e-05,
      "susceptibility_chi": 4.069010416667129
    },
    {
      "absorption_rate": 0.0885009765625,
      "n_absorbed": 2175,
      "susceptibility_proxy": 2.381658379861468,
      "absorption_intensity": 336.175537109375,
      "mean_activation_magnitude": 0.013677815906703472,
      "weight_norm_mean": 1.0000430345535278,
      "lambda": 2e-05,
      "susceptibility_chi": 6.103515624999999
    },
    {
      "absorption_rate": 0.08829752604166667,
      "n_absorbed": 2170,
      "susceptibility_proxy": 2.381658379861468,
      "absorption_intensity": 336.1753845214844,
      "mean_activation_magnitude": 0.013677815906703472,
      "weight_norm_mean": 1.0000430345535278,
      "lambda": 5e-05,
      "susceptibility_chi": 11.18977864583339
    },
    {
      "absorption_rate": 0.08760579427083333,
      "n_absorbed": 2153,
      "susceptibility_proxy": 2.381658379861468,
      "absorption_intensity": 336.17413330078125,
      "mean_activation_magnitude": 0.013677815906703472,
      "weight_norm_mean": 1.0000430345535278,
      "lambda": 0.0001,
      "susceptibility_chi": 10.579427083333332
    },
    {
      "absorption_rate": 0.08671061197916667,
      "n_absorbed": 2131,
      "susceptibility_proxy": 2.381658379861468,
      "absorption_intensity": 336.1708984375,
      "mean_activation_magnitude": 0.013677815906703472,
      "weight_norm_mean": 1.0000430345535278,
      "lambda": 0.0002,
      "susceptibility_chi": 9.1552734375
    },
    {
      "absorption_rate": 0.08394368489583333,
      "n_absorbed": 2063,
      "susceptibility_proxy": 2.381658379861468,
      "absorption_intensity": 336.14727783203125,
      "mean_activation_magnitude": 0.013677815906703472,
      "weight_norm_mean": 1.0000430345535278,
      "lambda": 0.0005,
      "susceptibility_chi": 9.35872395833334
    },
    {
      "absorption_rate": 0.0792236328125,
      "n_absorbed": 1947,
      "susceptibility_proxy": 2.381658379861468,
      "absorption_intensity": 336.061767578125,
      "mean_activation_magnitude": 0.013677815906703472,
      "weight_norm_mean": 1.0000430345535278,
      "lambda": 0.001,
      "susceptibility_chi": 8.273654513888886
    },
    {
      "absorption_rate": 0.071533203125,
      "n_absorbed": 1758,
      "susceptibility_proxy": 2.381658379861468,
      "absorption_intensity": 335.775390625,
      "mean_activation_magnitude": 0.013677815906703472,
      "weight_norm_mean": 1.0000430345535278,
      "lambda": 0.002,
      "susceptibility_chi": 5.879720052083334
    },
    {
      "absorption_rate": 0.055704752604166664,
      "n_absorbed": 1369,
      "susceptibility_proxy": 2.381658379861468,
      "absorption_intensity": 334.4747314453125,
      "mean_activation_magnitude": 0.013677815906703472,
      "weight_norm_mean": 1.0000430345535278,
      "lambda": 0.005,
      "susceptibility_chi": 3.779093424479167
    },
    {
      "absorption_rate": 0.041300455729166664,
      "n_absorbed": 1015,
      "susceptibility_proxy": 2.381658379861468,
      "absorption_intensity": 331.90032958984375,
      "mean_activation_magnitude": 0.013677815906703472,
      "weight_norm_mean": 1.0000430345535278,
      "lambda": 0.01,
      "susceptibility_chi": 1.9205729166666665
    },
    {
      "absorption_rate": 0.026896158854166668,
      "n_absorbed": 661,
      "susceptibility_proxy": 2.381658379861468,
      "absorption_intensity": 326.8044128417969,
      "mean_activation_magnitude": 0.013677815906703472,
      "weight_norm_mean": 1.0000430345535278,
      "lambda": 0.02,
      "susceptibility_chi": 0.6907145182291666
    },
    {
      "absorption_rate": 0.013671875,
      "n_absorbed": 336,
      "susceptibility_proxy": 2.381658379861468,
      "absorption_intensity": 316.78466796875,
      "mean_activation_magnitude": 0.013677815906703472,
      "weight_norm_mean": 1.0000430345535278,
      "lambda": 0.05,
      "susceptibility_chi": 0.4408094618055556
    }
  ],
  "pilot_reference": {
    "peak_lambda": 0.0005,
    "susceptibility_peak": 1.38,
    "note": "Pilot identified \u03bb_c \u2248 5e-4"
  },
  "phase_transition_analysis": {
    "peak_detected": true,
    "chi_ratio": 1.879574342860936,
    "transition_sharpness": "gradual"
  },
  "gpu": {
    "id": 0,
    "name": "NVIDIA RTX PRO 6000 Blackwell Server Edition"
  }
}