{
  "conv1.weight": {
    "r_t_mean": 0.0049367423441792,
    "r_t_std": 0.017271582818758666,
    "r_t_min": 0.0019204716360856791,
    "r_t_max": 0.4812584853467943,
    "delta_hat_mean": -4.651770154014739e-06,
    "delta_hat_std": 4.917225402476188e-05,
    "lambda_t_mean": 5.535170907657949e-05,
    "lambda_t_std": 2.4756690912871705e-06,
    "n_records": 780
  },
  "layer1.0.conv1.weight": {
    "r_t_mean": 0.005003432679758987,
    "r_t_std": 0.01848676161650172,
    "r_t_min": 0.002608386846907832,
    "r_t_max": 0.5190088428510622,
    "delta_hat_mean": -4.0653145245415594e-06,
    "delta_hat_std": 1.7602135582843413e-05,
    "lambda_t_mean": 5.531355085960577e-05,
    "lambda_t_std": 1.3814988273244328e-06,
    "n_records": 780
  },
  "layer1.0.conv2.weight": {
    "r_t_mean": 0.004917749777904557,
    "r_t_std": 0.015271095491924513,
    "r_t_min": 0.0026685653303839033,
    "r_t_max": 0.4284733719205635,
    "delta_hat_mean": -5.094497640359764e-06,
    "delta_hat_std": 1.3409720581746612e-05,
    "lambda_t_mean": 5.533029136010152e-05,
    "lambda_t_std": 1.1563077329215817e-06,
    "n_records": 780
  },
  "layer1.1.conv1.weight": {
    "r_t_mean": 0.005123392494031293,
    "r_t_std": 0.010398387570791959,
    "r_t_min": 0.002950557458400267,
    "r_t_max": 0.29317286662644065,
    "delta_hat_mean": -4.740214299407223e-06,
    "delta_hat_std": 1.64785832271043e-05,
    "lambda_t_mean": 5.530198027238231e-05,
    "lambda_t_std": 1.344029855309013e-06,
    "n_records": 780
  },
  "layer1.1.conv2.weight": {
    "r_t_mean": 0.0050066615930538325,
    "r_t_std": 0.00976767315513156,
    "r_t_min": 0.00300566474695607,
    "r_t_max": 0.2752827792615508,
    "delta_hat_mean": -4.228755752390721e-06,
    "delta_hat_std": 1.7390042821505373e-05,
    "lambda_t_mean": 5.5281177820028635e-05,
    "lambda_t_std": 1.2364377486141417e-06,
    "n_records": 780
  },
  "layer1.2.conv1.weight": {
    "r_t_mean": 0.0050395898848572575,
    "r_t_std": 0.00918209810769601,
    "r_t_min": 0.0028885290964105223,
    "r_t_max": 0.2586577403175424,
    "delta_hat_mean": -4.8477809178584295e-06,
    "delta_hat_std": 1.3489517438374802e-05,
    "lambda_t_mean": 5.529521031317638e-05,
    "lambda_t_std": 1.318290597875527e-06,
    "n_records": 780
  },
  "layer1.2.conv2.weight": {
    "r_t_mean": 0.004800048722521983,
    "r_t_std": 0.007462921379432164,
    "r_t_min": 0.002766957043096877,
    "r_t_max": 0.2098989697580967,
    "delta_hat_mean": -5.468420011413609e-06,
    "delta_hat_std": 1.2619283408602697e-05,
    "lambda_t_mean": 5.5211631167794886e-05,
    "lambda_t_std": 1.2444015938211494e-06,
    "n_records": 780
  },
  "layer2.0.conv1.weight": {
    "r_t_mean": 0.00478692637291071,
    "r_t_std": 0.005496150504223475,
    "r_t_min": 0.0025492069059373785,
    "r_t_max": 0.14930457419197318,
    "delta_hat_mean": -4.244801360842897e-06,
    "delta_hat_std": 1.1999334978406424e-05,
    "lambda_t_mean": 5.530422665203185e-05,
    "lambda_t_std": 8.524391584726853e-07,
    "n_records": 780
  },
  "layer2.0.conv2.weight": {
    "r_t_mean": 0.0047273871774070626,
    "r_t_std": 0.006495348123809182,
    "r_t_min": 0.002585575810713815,
    "r_t_max": 0.1778560879122136,
    "delta_hat_mean": -4.304389307902713e-06,
    "delta_hat_std": 7.63812092590757e-06,
    "lambda_t_mean": 5.529665646489785e-05,
    "lambda_t_std": 5.414285739050868e-07,
    "n_records": 780
  },
  "layer2.0.shortcut.0.weight": {
    "r_t_mean": 0.004262559492736035,
    "r_t_std": 0.002606051745810828,
    "r_t_min": 0.002370183834621895,
    "r_t_max": 0.04056809887667047,
    "delta_hat_mean": -4.729093364816915e-06,
    "delta_hat_std": 2.7776810032033714e-05,
    "lambda_t_mean": 5.537448047978105e-05,
    "lambda_t_std": 1.9863889829308564e-06,
    "n_records": 780
  },
  "layer2.1.conv1.weight": {
    "r_t_mean": 0.0050276603705122,
    "r_t_std": 0.005995307422032343,
    "r_t_min": 0.002704780042877428,
    "r_t_max": 0.16391688480645852,
    "delta_hat_mean": -4.533124248684573e-06,
    "delta_hat_std": 5.583675375357745e-06,
    "lambda_t_mean": 5.5329875859251864e-05,
    "lambda_t_std": 5.584562472185429e-07,
    "n_records": 780
  },
  "layer2.1.conv2.weight": {
    "r_t_mean": 0.004984708593035333,
    "r_t_std": 0.0052601054105227375,
    "r_t_min": 0.0027800666598319906,
    "r_t_max": 0.1427927798335886,
    "delta_hat_mean": -5.040278765879072e-06,
    "delta_hat_std": 5.5525319298734425e-06,
    "lambda_t_mean": 5.531056590522073e-05,
    "lambda_t_std": 5.575016942960731e-07,
    "n_records": 780
  },
  "layer2.2.conv1.weight": {
    "r_t_mean": 0.0051552481822253965,
    "r_t_std": 0.004520222426069204,
    "r_t_min": 0.0026650921280952744,
    "r_t_max": 0.12010381050575711,
    "delta_hat_mean": -4.5850921548743e-06,
    "delta_hat_std": 5.361926614581069e-06,
    "lambda_t_mean": 5.530701168678004e-05,
    "lambda_t_std": 5.431039423024378e-07,
    "n_records": 780
  },
  "layer2.2.conv2.weight": {
    "r_t_mean": 0.004981186235026812,
    "r_t_std": 0.004098094451716563,
    "r_t_min": 0.0030088094159518163,
    "r_t_max": 0.10962727682058165,
    "delta_hat_mean": -4.782509280480222e-06,
    "delta_hat_std": 5.6074768474163545e-06,
    "lambda_t_mean": 5.530568831741909e-05,
    "lambda_t_std": 5.228617907513786e-07,
    "n_records": 780
  },
  "layer3.0.conv1.weight": {
    "r_t_mean": 0.004796314127291813,
    "r_t_std": 0.003483020939416141,
    "r_t_min": 0.0026220272883709156,
    "r_t_max": 0.0824635455910903,
    "delta_hat_mean": -4.778527714654465e-06,
    "delta_hat_std": 4.949088145535378e-06,
    "lambda_t_mean": 5.5318535923176416e-05,
    "lambda_t_std": 3.8880181188983436e-07,
    "n_records": 780
  },
  "layer3.0.conv2.weight": {
    "r_t_mean": 0.005064973062809501,
    "r_t_std": 0.004392110548785464,
    "r_t_min": 0.00292092391114418,
    "r_t_max": 0.11170617841073387,
    "delta_hat_mean": -4.9634126742164455e-06,
    "delta_hat_std": 4.3344708266372005e-06,
    "lambda_t_mean": 5.5290909668082195e-05,
    "lambda_t_std": 2.794732592301636e-07,
    "n_records": 780
  },
  "layer3.0.shortcut.0.weight": {
    "r_t_mean": 0.0039590314203743395,
    "r_t_std": 0.0023192952215530874,
    "r_t_min": 0.0022460396883244643,
    "r_t_max": 0.025467570067509566,
    "delta_hat_mean": -4.590977534611704e-06,
    "delta_hat_std": 9.950799277132269e-06,
    "lambda_t_mean": 5.529305556600165e-05,
    "lambda_t_std": 9.931849799440639e-07,
    "n_records": 780
  },
  "layer3.1.conv1.weight": {
    "r_t_mean": 0.00522025817116149,
    "r_t_std": 0.004170133388033093,
    "r_t_min": 0.0030742149920165818,
    "r_t_max": 0.10400824874777395,
    "delta_hat_mean": -4.7422129906089405e-06,
    "delta_hat_std": 4.059897570818625e-06,
    "lambda_t_mean": 5.528715927424542e-05,
    "lambda_t_std": 3.395932317269354e-07,
    "n_records": 780
  },
  "layer3.1.conv2.weight": {
    "r_t_mean": 0.005234582851105602,
    "r_t_std": 0.004252236745777638,
    "r_t_min": 0.0032420508520024692,
    "r_t_max": 0.11104709428178763,
    "delta_hat_mean": -4.818569686495294e-06,
    "delta_hat_std": 3.848554803559162e-06,
    "lambda_t_mean": 5.529649491738992e-05,
    "lambda_t_std": 3.1518529307752456e-07,
    "n_records": 780
  },
  "layer3.2.conv1.weight": {
    "r_t_mean": 0.005217866085479897,
    "r_t_std": 0.004217533818113151,
    "r_t_min": 0.003218257222567172,
    "r_t_max": 0.10508164020338313,
    "delta_hat_mean": -4.799746321216284e-06,
    "delta_hat_std": 3.895589834089766e-06,
    "lambda_t_mean": 5.527144587900296e-05,
    "lambda_t_std": 3.440821652013743e-07,
    "n_records": 780
  },
  "layer3.2.conv2.weight": {
    "r_t_mean": 0.005058768439046941,
    "r_t_std": 0.004043465485363217,
    "r_t_min": 0.0031342262964357674,
    "r_t_max": 0.10419196771622816,
    "delta_hat_mean": -4.749215512980584e-06,
    "delta_hat_std": 3.754669907613421e-06,
    "lambda_t_mean": 5.5280973864556644e-05,
    "lambda_t_std": 3.590690574379238e-07,