{
  "features.0.weight": {
    "r_t_mean": 3.090283661724451e-09,
    "r_t_std": 5.8056639490398125e-09,
    "r_t_min": 2.2794706770913146e-10,
    "r_t_max": 6.476752015177369e-08,
    "delta_hat_mean": 0.001420085553609869,
    "delta_hat_std": 0.027117713209117066,
    "lambda_t_mean": 0.0,
    "lambda_t_std": 0.0,
    "n_records": 1950
  },
  "features.2.weight": {
    "r_t_mean": 1.4667236373988117e-08,
    "r_t_std": 2.7474753694439184e-08,
    "r_t_min": 1.0145804104033841e-09,
    "r_t_max": 3.116601168165006e-07,
    "delta_hat_mean": 0.000348786820311197,
    "delta_hat_std": 0.0069461136302259195,
    "lambda_t_mean": 5.122428332999662e-11,
    "lambda_t_std": 4.9456111700889086e-12,
    "n_records": 1950
  },
  "features.5.weight": {
    "r_t_mean": 1.1579144487770386e-08,
    "r_t_std": 2.209878427493227e-08,
    "r_t_min": 7.852721881565773e-10,
    "r_t_max": 2.6250264522365036e-07,
    "delta_hat_mean": 0.0002278869881861458,
    "delta_hat_std": 0.004529602072141478,
    "lambda_t_mean": 0.0,
    "lambda_t_std": 0.0,
    "n_records": 1950
  },
  "features.7.weight": {
    "r_t_mean": 1.6165452454398062e-08,
    "r_t_std": 3.0465766660355e-08,
    "r_t_min": 1.0589586537503172e-09,
    "r_t_max": 3.4594487823509034e-07,
    "delta_hat_mean": 0.00016189599705815756,
    "delta_hat_std": 0.0032138497052179743,
    "lambda_t_mean": 5.429765297793724e-13,
    "lambda_t_std": 4.420354777147476e-12,
    "n_records": 1950
  },
  "features.10.weight": {
    "r_t_mean": 1.2727773922134356e-08,
    "r_t_std": 2.384803779916405e-08,
    "r_t_min": 1.0789086007587975e-09,
    "r_t_max": 2.766393872761704e-07,
    "delta_hat_mean": 0.00011065382892586337,
    "delta_hat_std": 0.002128486663295767,
    "lambda_t_mean": 0.0,
    "lambda_t_std": 0.0,
    "n_records": 1950
  },
  "features.12.weight": {
    "r_t_mean": 2.164452241894977e-08,
    "r_t_std": 4.107855932487974e-08,
    "r_t_min": 1.893161608519891e-09,
    "r_t_max": 4.996354334617469e-07,
    "delta_hat_mean": 4.948660145799248e-05,
    "delta_hat_std": 0.0014587265453565317,
    "lambda_t_mean": 6.361262095177452e-13,
    "lambda_t_std": 5.7000307202241616e-12,
    "n_records": 1950
  },
  "features.14.weight": {
    "r_t_mean": 3.474132090109212e-08,
    "r_t_std": 6.536439232393362e-08,
    "r_t_min": 3.2439702759778234e-09,
    "r_t_max": 7.759844295278507e-07,
    "delta_hat_mean": 2.9269187320160665e-05,
    "delta_hat_std": 0.0013109951687323353,
    "lambda_t_mean": 0.0,
    "lambda_t_std": 0.0,
    "n_records": 1950
  },
  "features.17.weight": {
    "r_t_mean": 5.112940185337338e-08,
    "r_t_std": 9.681428482271166e-08,
    "r_t_min": 4.828924784021484e-09,
    "r_t_max": 1.1314319675556783e-06,
    "delta_hat_mean": 2.176363815199996e-05,
    "delta_hat_std": 0.0008062894201471286,
    "lambda_t_mean": 1.0499944578084664e-11,
    "lambda_t_std": 1.652601281151946e-11,
    "n_records": 1950
  },
  "features.19.weight": {
    "r_t_mean": 1.8215773983526598e-07,
    "r_t_std": 3.4488497540556414e-07,
    "r_t_min": 1.6568351236733267e-08,
    "r_t_max": 4.132039762143083e-06,
    "delta_hat_mean": -7.133617819841348e-07,
    "delta_hat_std": 0.0006124137204207784,
    "lambda_t_mean": 0.0,
    "lambda_t_std": 0.0,
    "n_records": 1950
  },
  "features.21.weight": {
    "r_t_mean": 3.8316866014950133e-07,
    "r_t_std": 7.252859635756186e-07,
    "r_t_min": 3.415715355597511e-08,
    "r_t_max": 8.791489881618121e-06,
    "delta_hat_mean": -4.69766426426132e-06,
    "delta_hat_std": 0.0008677726683743498,
    "lambda_t_mean": 3.6987074353276746e-11,
    "lambda_t_std": 1.279921806675923e-11,
    "n_records": 1950
  },
  "features.24.weight": {
    "r_t_mean": 1.1613571147136425e-06,
    "r_t_std": 2.199899641734053e-06,
    "r_t_min": 1.0016564983631855e-07,
    "r_t_max": 2.5933498345260963e-05,
    "delta_hat_mean": -3.883258686400017e-06,
    "delta_hat_std": 0.0008091090623931441,
    "lambda_t_mean": 0.0,
    "lambda_t_std": 0.0,
    "n_records": 1950
  },
  "features.26.weight": {
    "r_t_mean": 3.7194477610571644e-06,
    "r_t_std": 7.080495174829705e-06,
    "r_t_min": 3.1916295446873763e-07,
    "r_t_max": 8.240898663580305e-05,
    "delta_hat_mean": -2.153625801074901e-05,
    "delta_hat_std": 0.0007313484426025612,
    "lambda_t_mean": 7.486810097212054e-14,
    "lambda_t_std": 2.3371558945316893e-12,
    "n_records": 1950
  },
  "features.28.weight": {
    "r_t_mean": 1.2139670612570576e-05,
    "r_t_std": 2.3161248781488656e-05,
    "r_t_min": 1.0824887048679416e-06,
    "r_t_max": 0.00026547097996105644,
    "delta_hat_mean": -2.623461849449809e-05,
    "delta_hat_std": 0.001218178614468191,
    "lambda_t_mean": 7.490308850090122e-14,
    "lambda_t_std": 3.3076308289467535e-12,
    "n_records": 1950
  },
  "classifier.0.weight": {
    "r_t_mean": 2.7719862364501853e-05,
    "r_t_std": 4.381179829767096e-05,
    "r_t_min": 2.703430156573266e-06,
    "r_t_max": 0.00035813382858776866,
    "delta_hat_mean": -4.2555546044870705e-05,
    "delta_hat_std": 0.0026875672137110134,
    "lambda_t_mean": 6.740595433931393e-13,
    "lambda_t_std": 2.133264707384757e-11,
    "n_records": 1950
  },
  "classifier.3.weight": {
    "r_t_mean": 0.00022086064522505855,
    "r_t_std": 0.0003228802620168418,
    "r_t_min": 2.339033727651712e-05,
    "r_t_max": 0.0023427455237991905,
    "delta_hat_mean": 2.1293792597659305e-06,
    "delta_hat_std": 0.002923815748572551,
    "lambda_t_mean": 2.563057082498187e-07,
    "lambda_t_std": 3.250820406697101e-08,
    "n_records": 1950
  },
  "classifier.6.weight": {
    "r_t_mean": 0.0007950106759231775,
    "r_t_std": 0.001626728510451699,
    "r_t_min": 7.534951563226961e-06,
    "r_t_max": 0.011688950798299869,
    "delta_hat_mean": 0.0003180392746456052,
    "delta_hat_std": 0.00471587263096826,
    "lambda_t_mean": 3.456233608432573e-06,
    "lambda_t_std": 5.301678177585857e-07,
    "n_records": 1950
  }
}