{
  "conv1.weight": {
    "r_t_mean": 0.015778162336719748,
    "r_t_std": 0.007958701652285684,
    "r_t_min": 0.006370829079364265,
    "r_t_max": 0.4812751498758097,
    "delta_hat_mean": -1.2738383102183768e-06,
    "delta_hat_std": 5.575749478850123e-05,
    "lambda_t_mean": 0.0005816754584063828,
    "lambda_t_std": 6.501220170293655e-05,
    "n_records": 7800
  },
  "layer1.0.conv1.weight": {
    "r_t_mean": 0.015476108292858781,
    "r_t_std": 0.006986833731775527,
    "r_t_min": 0.007869169717208177,
    "r_t_max": 0.5190265442655931,
    "delta_hat_mean": -5.897533846833982e-08,
    "delta_hat_std": 1.3385991049161252e-05,
    "lambda_t_mean": 0.0005542325309453349,
    "lambda_t_std": 4.375954572241594e-05,
    "n_records": 7800
  },
  "layer1.0.conv2.weight": {
    "r_t_mean": 0.015462565591417345,
    "r_t_std": 0.006265063548708945,
    "r_t_min": 0.008431296717153248,
    "r_t_max": 0.42848783475481467,
    "delta_hat_mean": -1.1766353401477546e-07,
    "delta_hat_std": 1.1740936521774923e-05,
    "lambda_t_mean": 0.0005483824640670381,
    "lambda_t_std": 3.829799792411624e-05,
    "n_records": 7800
  },
  "layer1.1.conv1.weight": {
    "r_t_mean": 0.01615912584886958,
    "r_t_std": 0.005071077381251187,
    "r_t_min": 0.008114050486183216,
    "r_t_max": 0.29318285605967587,
    "delta_hat_mean": -1.5188652800946514e-07,
    "delta_hat_std": 1.0036250950072214e-05,
    "lambda_t_mean": 0.0005524367509578064,
    "lambda_t_std": 4.157098468416219e-05,
    "n_records": 7800
  },
  "layer1.1.conv2.weight": {
    "r_t_mean": 0.015923053246227798,
    "r_t_std": 0.004876930317512153,
    "r_t_min": 0.008510241981235183,
    "r_t_max": 0.2752919738113606,
    "delta_hat_mean": 1.7198647721983207e-07,
    "delta_hat_std": 1.079095390889016e-05,
    "lambda_t_mean": 0.0005494791583080426,
    "lambda_t_std": 3.925032260986978e-05,
    "n_records": 7800
  },
  "layer1.2.conv1.weight": {
    "r_t_mean": 0.01615890499189389,
    "r_t_std": 0.004887563482693983,
    "r_t_min": 0.007776511311709928,
    "r_t_max": 0.25866648355189337,
    "delta_hat_mean": -2.912741480606188e-07,
    "delta_hat_std": 8.62981913471919e-06,
    "lambda_t_mean": 0.0005490692687832682,
    "lambda_t_std": 3.926859960150242e-05,
    "n_records": 7800
  },
  "layer1.2.conv2.weight": {
    "r_t_mean": 0.015816429343169774,
    "r_t_std": 0.004550164925307304,
    "r_t_min": 0.008759607734507005,
    "r_t_max": 0.2099061136822812,
    "delta_hat_mean": 3.340039479899231e-08,
    "delta_hat_std": 1.086207632558953e-05,
    "lambda_t_mean": 0.0005482576728219331,
    "lambda_t_std": 3.8398767154340596e-05,
    "n_records": 7800
  },
  "layer2.0.conv1.weight": {
    "r_t_mean": 0.01564683945439249,
    "r_t_std": 0.004210802128008709,
    "r_t_min": 0.008599726970535565,
    "r_t_max": 0.1493096810871661,
    "delta_hat_mean": -1.2918173076817774e-08,
    "delta_hat_std": 9.28839116213418e-06,
    "lambda_t_mean": 0.0005465014929539813,
    "lambda_t_std": 3.7147829643858816e-05,
    "n_records": 7800
  },
  "layer2.0.conv2.weight": {
    "r_t_mean": 0.015603325417882891,
    "r_t_std": 0.004545115038547242,
    "r_t_min": 0.008709646237384398,
    "r_t_max": 0.17786216738774682,
    "delta_hat_mean": 4.5191711167694513e-08,
    "delta_hat_std": 4.903752113949823e-06,
    "lambda_t_mean": 0.000542173901341617,
    "lambda_t_std": 3.459887667996816e-05,
    "n_records": 7800
  },
  "layer2.0.shortcut.0.weight": {
    "r_t_mean": 0.01474640046635179,
    "r_t_std": 0.0039417685510062615,
    "r_t_min": 0.008017838172996396,
    "r_t_max": 0.06094891593648508,
    "delta_hat_mean": 1.4936205992446329e-07,
    "delta_hat_std": 2.7259622004781673e-05,
    "lambda_t_mean": 0.0005473413660717717,
    "lambda_t_std": 3.73275807961468e-05,
    "n_records": 7800
  },
  "layer2.1.conv1.weight": {
    "r_t_mean": 0.01605669689463617,
    "r_t_std": 0.004783833514908209,
    "r_t_min": 0.009086848222871358,
    "r_t_max": 0.16392249116725782,
    "delta_hat_mean": -1.528940049094051e-08,
    "delta_hat_std": 4.093473581148472e-06,
    "lambda_t_mean": 0.0005442554302225441,
    "lambda_t_std": 3.606071792607251e-05,
    "n_records": 7800
  },
  "layer2.1.conv2.weight": {
    "r_t_mean": 0.015801951694997894,
    "r_t_std": 0.004498556036939239,
    "r_t_min": 0.008612810145621333,
    "r_t_max": 0.1427976393889528,
    "delta_hat_mean": -6.115068770637602e-08,
    "delta_hat_std": 3.907671046792316e-06,
    "lambda_t_mean": 0.0005412474723078004,
    "lambda_t_std": 3.413163919827382e-05,
    "n_records": 7800
  },
  "layer2.2.conv1.weight": {
    "r_t_mean": 0.01611734331517627,
    "r_t_std": 0.004445639198657736,
    "r_t_min": 0.008860898546548167,
    "r_t_max": 0.12010794784081062,
    "delta_hat_mean": -2.6126710665002165e-08,
    "delta_hat_std": 3.762852585223158e-06,
    "lambda_t_mean": 0.0005437500781506095,
    "lambda_t_std": 3.567189908467801e-05,
    "n_records": 7800
  },
  "layer2.2.conv2.weight": {
    "r_t_mean": 0.01570652992150021,
    "r_t_std": 0.004019583431479915,
    "r_t_min": 0.008599404476658789,
    "r_t_max": 0.10963100988814509,
    "delta_hat_mean": 8.111549366227827e-09,
    "delta_hat_std": 4.0352932764648744e-06,
    "lambda_t_mean": 0.0005410315753728241,
    "lambda_t_std": 3.402983293494186e-05,
    "n_records": 7800
  },
  "layer3.0.conv1.weight": {
    "r_t_mean": 0.01548086898294211,
    "r_t_std": 0.004102538056139194,
    "r_t_min": 0.008742857514780563,
    "r_t_max": 0.08246637120474248,
    "delta_hat_mean": -5.6847022197201525e-08,
    "delta_hat_std": 3.570867244816625e-06,
    "lambda_t_mean": 0.0005401296566918154,
    "lambda_t_std": 3.307534582673903e-05,
    "n_records": 7800
  },
  "layer3.0.conv2.weight": {
    "r_t_mean": 0.015967053217129,
    "r_t_std": 0.004503657299947351,
    "r_t_min": 0.008899786377581376,
    "r_t_max": 0.1117099949635886,
    "delta_hat_mean": 6.11608880506632e-10,
    "delta_hat_std": 2.0897774834277953e-06,
    "lambda_t_mean": 0.0005392674357547848,
    "lambda_t_std": 3.269498499589111e-05,
    "n_records": 7800
  },
  "layer3.0.shortcut.0.weight": {
    "r_t_mean": 0.014123185259480567,
    "r_t_std": 0.0035124482315803643,
    "r_t_min": 0.007450942147773042,
    "r_t_max": 0.056402057907547015,
    "delta_hat_mean": 5.0618775063034904e-08,
    "delta_hat_std": 8.32865882238758e-06,
    "lambda_t_mean": 0.0005404879499435289,
    "lambda_t_std": 3.284342315026271e-05,
    "n_records": 7800
  },
  "layer3.1.conv1.weight": {
    "r_t_mean": 0.015993900911364246,
    "r_t_std": 0.004725863944955489,
    "r_t_min": 0.0086364868243381,
    "r_t_max": 0.10401180263363909,
    "delta_hat_mean": 1.5689875733797798e-08,
    "delta_hat_std": 1.989353447419369e-06,
    "lambda_t_mean": 0.0005391461689711486,
    "lambda_t_std": 3.2836902004103376e-05,
    "n_records": 7800
  },
  "layer3.1.conv2.weight": {
    "r_t_mean": 0.016006002222632522,
    "r_t_std": 0.004364780898436608,
    "r_t_min": 0.009260295310114162,
    "r_t_max": 0.11105088673760102,
    "delta_hat_mean": 2.8277570744943814e-09,
    "delta_hat_std": 1.5858736271496217e-06,
    "lambda_t_mean": 0.0005387806370591489,
    "lambda_t_std": 3.21635897429958e-05,
    "n_records": 7800
  },
  "layer3.2.conv1.weight": {
    "r_t_mean": 0.016156589468458975,
    "r_t_std": 0.004253368352647782,
    "r_t_min": 0.00943353681806909,
    "r_t_max": 0.10508522475316463,
    "delta_hat_mean": 7.03986093528771e-09,
    "delta_hat_std": 1.927450748951133e-06,
    "lambda_t_mean": 0.0005386497162767657,
    "lambda_t_std": 3.2061115650458174e-05,
    "n_records": 7800
  },
  "layer3.2.conv2.weight": {
    "r_t_mean": 0.01556653451831245,
    "r_t_std": 0.0038765822723336707,
    "r_t_min": 0.00892738532203312,
    "r_t_max": 0.10419551169174969,
    "delta_hat_mean": 5.105050991998636e-10,
    "delta_hat_std": 1.6529563874491915e-06,
    "lambda_t_mean": 0.000538252492940561,
    "lambda_t_std": 3.113011901488441e-05,
    "n_records": 7800
  },