{
  "task_id": "held_out_validation",
  "timestamp": "2026-05-01T17:06:24.022558",
  "model": "gpt2-small",
  "sae": "blocks.8.hook_resid_pre",
  "seeds": [
    42,
    123,
    456
  ],
  "n_samples": 100,
  "h_mech": {
    "aggregate": {
      "condition_A": {
        "mean": 34.38844405363003,
        "std": 7.926568051303505
      },
      "condition_B": {
        "mean": 218.51980344951153,
        "std": 47.30223656821801
      },
      "condition_C": {
        "mean": 34.38844405363003,
        "std": 7.926568051303505
      },
      "condition_D": {
        "mean": 218.51980344951153,
        "std": 47.30223656821801
      }
    },
    "encoder_driven_check": true,
    "b_vs_d_delta": 0.0,
    "c_vs_a_delta": 0.0
  },
  "h_safe": {
    "aggregate": {
      "safety_mean": 233.1301239013672,
      "non_safety_mean": 221.69725189208984,
      "u_statistic": 63.0,
      "p_value": 0.3447042220069576
    }
  },
  "cross_model_notes": "GPT-2 Small vs Gemma 2B comparison"
}