{
  "method": "tcr",
  "n_seeds": 3,
  "seeds": [
    42,
    123,
    456
  ],
  "n_prompts": 101,
  "n_total_samples": 298,
  "ppl_median": 15.769468217248537,
  "ppl_mean": 23.79464725252946,
  "ppl_std": 26.965012005033095,
  "ppl_prompt_mean_median": 17.78551577479495,
  "ppl_prompt_mean_mean": 23.902382532289824,
  "diversity_mean": 0.9666839827485513,
  "diversity_std": 0.05449337456592686,
  "distinct2_mean": 0.9666839827485513,
  "n_degenerate": 0,
  "degenerate_pct": 0.0,
  "avg_gen_time": 3.495211649255784,
  "total_time_min": 17.65081882874171,
  "avg_text_len": 45.37623762376238,
  "n_short": 38,
  "per_seed_ppl_medians": {
    "42": 16.40363690992527,
    "123": 14.929424930509068,
    "456": 16.090541595044037
  },
  "prompt_mean_ppls": [
    18.237980803714407,
    14.968500215092718,
    14.02543185137881,
    12.465804152405726,
    48.199279910661865,
    12.794054026228773,
    15.687529310868984,
    10.044468536089985,
    15.441060111112321,
    9.784030547557753,
    13.225780686243835,
    17.076240113242218,
    38.59545897526918,
    19.746292657501158,
    17.409771541536404,
    10.993251038708841,
    10.906905813622807,
    13.750053582042465,
    64.41938995765676,
    22.391263409656208,
    35.15096096020755,
    11.907328324336348,
    14.114115268729831,
    12.620796317604766,
    11.92120351248601,
    15.577840249375969,
    18.78931326975262,
    35.180115923731684,
    18.619553441158047,
    23.23767375196299,
    22.855621163962685,
    14.179414551880738,
    13.659047256967336,
    27.765226436406763,
    130.66312310112139,
    47.37478295870537,
    51.877292076225785,
    67.25207177597082,
    12.016408485762868,
    10.121408546249363,
    33.28313268613159,
    20.510053870331166,
    21.241208115633384,
    14.33540011733171,
    14.507421721202284,
    11.103221080477418,
    21.724683269220034,
    29.402977390468966,
    23.846688864254087,
    51.341254444182056,
    20.00579356077265,
    25.729637201965186,
    11.689725188912268,
    14.49493830839686,
    22.745611185287032,
    11.469294116714982,
    33.17503485960879,
    16.647145886100542,
    12.278552299967027,
    15.237942625842308,
    10.619203296246885,
    21.723000216307884,
    15.920873156055634,
    26.35612161263317,
    11.755538505731963,
    25.422335189243014,
    26.54402596409329,
    26.789937561041114,
    29.647966646454375,
    13.236414933466827,
    23.70828462014856,
    30.473090104818425,
    17.631077302001806,
    22.367974735220713,
    15.408437857172244,
    71.97725113477419,
    16.502785753263883,
    17.225467687954048,
    32.00938587248564,
    18.812609702662808,
    85.3956516623907,
    8.540712030982379,
    18.741375971737025,
    10.317195064477295,
    14.202144641662336,
    11.00107195212131,
    35.189006658292094,
    29.4121589625392,
    95.08826050334204,
    13.257803000716157,
    10.542598685752536,
    27.906427809824297,
    13.100163770645262,
    15.208950964957381,
    11.471365320307392,
    28.78960431319257,
    21.04313174197875,
    15.958520497217897,
    19.42133710331697,
    17.820296073256262,
    17.78551577479495
  ],
  "sample_texts": [
    "Machine learning is a subset of artificial intelligence that enables computers to learn from data and make decisions without being explicitly programmed. It involves using algorithms to analyze data and and identify patterns based on the data.",
    "The theory of general relativity, proposed by Albert Einstein, states that gravity is the curvature of space and time caused by mass and energy. The massive object, like Earth, curves space around it which is experienced as gravitational force.",
    "Photosynthesis is a process of light, where the light energy is converted into chemical energy by plants. This process is done by combining carbon dioxide from the air and water from the soil into oxygen and a sugar molecule.",
    "The main differences between DNA and RNA are their structure, function, and their roles within the cell. DNA is double-stranded and forms a double helix, while RNA is typically single-stranded and can take on more complex structures. DNA serves as the genetic information of the cell, while RNA translates this information to produce proteins.",
    "Black holes form when a sufficiently massive star collapses due to gravity, causing an extreme density that warps spacetime to create a region from which nothing, including light, can escape. The critical density is determined by the mass of the original star."
  ],
  "vs_baseline": {
    "baseline_ppl_median": 16.228630756732965,
    "ppl_change_pct": -2.829336290702958,
    "mean_diff": -6.1655908009869,
    "paired_ttest": {
      "t_stat": -1.1459933431998555,
      "p_value": 0.2545328651007136
    },
    "wilcoxon": {
      "w_stat": 2575.0,
      "p_value": 0.9986485291360482
    },
    "bootstrap_95ci": {
      "low": -17.817174733770916,
      "high": 2.2862038544596195
    },
    "n_paired": 101,
    "n_improved": 52,
    "n_worsened": 49,
    "significant_p005": false
  }
}