{
  "method": "entropy",
  "n_seeds": 3,
  "seeds": [
    42,
    123,
    456
  ],
  "n_prompts": 101,
  "n_total_samples": 299,
  "ppl_median": 16.153676098265958,
  "ppl_mean": 41.80409235674003,
  "ppl_std": 320.7062057267897,
  "ppl_prompt_mean_median": 18.807024885927298,
  "ppl_prompt_mean_mean": 41.94227470723449,
  "diversity_mean": 0.9669456679401133,
  "diversity_std": 0.05304379590369384,
  "distinct2_mean": 0.9669456679401133,
  "n_degenerate": 0,
  "degenerate_pct": 0.0,
  "avg_gen_time": 4.649476357419105,
  "total_time_min": 23.47985560496648,
  "avg_text_len": 45.396039603960396,
  "n_short": 43,
  "per_seed_ppl_medians": {
    "42": 15.904131223174577,
    "123": 14.643513138551054,
    "456": 17.344431161897635
  },
  "prompt_mean_ppls": [
    25.381306676566336,
    12.509980462410546,
    12.559419257363174,
    13.255868086134498,
    71.0245079084696,
    11.58491722487416,
    17.892193900402056,
    25.65018394577707,
    18.807024885927298,
    8.801909087656059,
    7.547309200120194,
    16.94792803957187,
    25.024720337685054,
    20.173753530663525,
    17.57904883055621,
    12.30332286779914,
    11.818753674500796,
    15.282730808730387,
    49.20086619419174,
    27.214507795942314,
    33.697126769237705,
    13.218025485753898,
    14.966891126471983,
    13.499989650761407,
    15.43548124909728,
    18.195859301796755,
    13.838176748514892,
    23.86063957837962,
    15.904992442427428,
    24.919514788060155,
    23.743436616711396,
    11.916822656032659,
    13.586629692733451,
    60.14860755751888,
    92.15340661055411,
    37.34329169121586,
    34.417229117336596,
    1871.049481004665,
    21.151170965873128,
    10.277526844495943,
    33.66426787676807,
    15.228128356420441,
    22.43015694427585,
    63.9137748831075,
    43.991847012632945,
    11.470605738418556,
    22.057148808990508,
    20.916147634740938,
    22.049674446610634,
    138.79222737659495,
    24.581608736051706,
    32.090667596179145,
    11.392920193219323,
    13.982320165934647,
    22.42395200283929,
    10.357775140764362,
    20.763942002105754,
    19.768149849547985,
    13.565775015671258,
    14.424368148265472,
    10.38346998396443,
    20.664222400183153,
    16.400488806511447,
    31.47406111183345,
    14.134459199712474,
    15.493287443105274,
    20.18110764352777,
    29.43505380826888,
    23.69352354740946,
    14.84718988475482,
    24.404785127132282,
    25.12245518952267,
    20.169801701528417,
    22.312051221545016,
    17.628705546382424,
    51.305808333952875,
    21.68645084437074,
    14.878782256086504,
    28.8681851059926,
    19.27371516283458,
    19.74716052302297,
    8.335686269636865,
    17.945570081202884,
    8.706304843740412,
    15.689745932774008,
    10.297125105264866,
    21.30725465335135,
    39.89815942406513,
    73.19206364526555,
    12.640599034496965,
    10.160814160591924,
    15.059761380774939,
    12.682218818013295,
    16.25821970412409,
    13.000221419792704,
    31.885976579392338,
    25.299842044916275,
    17.81340140611001,
    18.135942650792746,
    26.080879078505347,
    17.925183814110255
  ],
  "sample_texts": [
    "Machine learning is a subset of artificial intelligence that enables computers to learn from data and make decisions without being explicitly programmed. It involves training algorithms to learn from data, identify patterns, and make predictions.",
    "The theory of general relativity, proposed by Albert Einstein, describes gravitation as the curvature of space and time caused by mass and energy. This curvature causes other objects with mass to move along it which is what we call gravitation.",
    "Photosynthesis is a process where plants, algae, and bacteria transform sunlight into chemical energy in cells. This energy is used to convert carbon dioxide from the air and water into sugars, such as glucose and oxygen.",
    "The main differences between DNA and RNA are their composition, structure and roles they play in the cell. DNA is double-stranded and forms a double helix, while RNA is typically single-stranded and can form a more complex structure. DNA stores and carries genetic information in the cell, while RNA translates that information to produce proteins.",
    "Black holes form when a sufficiently massive object collapses in on itself, creating an intense gravitational field that forms an event horizon, a region from which nothing, including light, can escape. This collapse is often associated with the death of a massive star."
  ],
  "vs_baseline": {
    "baseline_ppl_median": 16.228630756732965,
    "ppl_change_pct": -0.46186680558931187,
    "mean_diff": 11.874301373957774,
    "paired_ttest": {
      "t_stat": 0.630928587721229,
      "p_value": 0.5295266106558725
    },
    "wilcoxon": {
      "w_stat": 2375.0,
      "p_value": 0.4969977429820923
    },
    "bootstrap_95ci": {
      "low": -14.200839545370718,
      "high": 52.148585026659134
    },
    "n_paired": 101,
    "n_improved": 56,
    "n_worsened": 45,
    "significant_p005": false
  }
}