{
  "method": "vanilla",
  "n_seeds": 3,
  "seeds": [
    42,
    123,
    456
  ],
  "n_prompts": 101,
  "n_total_samples": 300,
  "ppl_median": 16.228630756732965,
  "ppl_mean": 30.08905992554782,
  "ppl_std": 97.10210724860511,
  "ppl_prompt_mean_median": 18.27744736370966,
  "ppl_prompt_mean_mean": 30.067973333276715,
  "diversity_mean": 0.9674348154530957,
  "diversity_std": 0.05352373219889587,
  "distinct2_mean": 0.9674348154530957,
  "n_degenerate": 0,
  "degenerate_pct": 0.0,
  "avg_gen_time": 2.4397921672355225,
  "total_time_min": 12.320950444539388,
  "avg_text_len": 45.60726072607261,
  "n_short": 41,
  "per_seed_ppl_medians": {
    "42": 16.60667821188958,
    "123": 15.370253256544657,
    "456": 16.711841250899752
  },
  "prompt_mean_ppls": [
    20.66582594642067,
    12.786100410678664,
    12.986730719506525,
    12.96641768993107,
    61.564008934416044,
    11.975232299242625,
    21.471296605254185,
    28.50618583950188,
    17.788849871157147,
    10.13230309175829,
    7.777404744372418,
    18.57742910715628,
    28.196937421333367,
    22.04371430340807,
    17.040247099792364,
    12.423906010699339,
    11.345613540030767,
    16.379117105035977,
    33.83849008928845,
    27.129843867528404,
    26.307541482839145,
    13.501053933122092,
    14.782818648855644,
    15.530905634883334,
    13.998213330892389,
    22.23689451112006,
    15.847643916192872,
    24.233679122220916,
    23.558678850403567,
    26.509114395010936,
    24.205323756306125,
    13.973182238359671,
    13.474357085707604,
    21.561908170177798,
    74.0022619856071,
    47.96921565883647,
    374.04568096261664,
    45.81542425641698,
    18.27744736370966,
    10.270746942711584,
    20.565926232561647,
    19.249718314505625,
    26.70018017278005,
    436.41193181768443,
    16.523678892907142,
    11.682918611167155,
    20.78438868468869,
    18.109769298294662,
    23.81796411296087,
    103.54782930167846,
    17.726287827183867,
    49.90264198236846,
    12.073750416949876,
    13.186086535920227,
    17.152179866266525,
    14.164977217907653,
    24.934410525965465,
    26.50784729006374,
    13.962508687971246,
    12.79366823559335,
    14.615102505730553,
    21.521685239712124,
    18.653434223537428,
    27.290708798191474,
    14.873667651641176,
    15.615042123576073,
    19.660139610659606,
    21.997738788903817,
    27.000213553289484,
    14.039116498848108,
    22.89547836444812,
    28.64269725243472,
    21.375045728129265,
    22.101857503251406,
    17.00361922384882,
    59.59923362010238,
    18.240084149042247,
    14.42840322933614,
    37.02757067362806,
    20.846600299834346,
    22.1873958368827,
    8.223681851887635,
    18.063830004278845,
    9.105293447025067,
    14.210189391134053,
    12.165998727278689,
    30.731519094552212,
    29.31122558171229,
    91.13256681421949,
    12.752339497576093,
    10.550871286717843,
    16.347156183227955,
    12.34354637211745,
    18.75034454533147,
    11.760469307757353,
    26.59460855613163,
    26.462474136446854,
    16.237621641530712,
    16.002700825433823,
    15.549974846298591,
    15.457648707340224
  ],
  "sample_texts": [
    "Machine learning is a subset of artificial intelligence that enables computers to learn from data and make decisions without being explicitly programmed. It involves training algorithms to analyze data, recognize underlying patterns, and make predictions based on those patterns.",
    "The theory of general relativity, proposed by Albert Einstein, describes gravitation as the curvature of space and time caused by mass and energy. This curvature causes other objects with mass to move towards it which is the force of gravitation.",
    "Photosynthesis is a process where plants, algae and other bacteria convert sunlight into chemical energy in plants. This energy is used to convert carbon dioxide from the air and water into sugars, like glucose, and oxygen.",
    "The main differences between DNA and RNA are their composition, structure and roles they play in the cell. DNA is double-stranded and forms a double helix, while RNA is typically single-stranded and can form a more complex structure. DNA stores and carries genetic information in the cell, while RNA translates the information to produce proteins.",
    "Black holes form when a sufficiently massive object collapses in on itself, creating an intense gravitational field that is strong enough to create a region from which nothing, including light, can escape. This collapse is often caused by the collapse of a massive star."
  ]
}