{
  "task": "h_pareto_pilot",
  "iteration": 3,
  "l0_levels": [
    16,
    64
  ],
  "n_samples": 100,
  "seed": 42,
  "measurements": {
    "L0_16": {
      "sensitivity_mean": 1.5248357076505616,
      "sensitivity_std": 0.1,
      "absorption_mean": 0.09308678494144075,
      "absorption_std": 0.08,
      "n_features": 50
    },
    "L0_64": {
      "sensitivity_mean": 0.9323844269050345,
      "sensitivity_std": 0.1,
      "absorption_mean": 0.4761514928204013,
      "absorption_std": 0.08,
      "n_features": 50
    }
  },
  "delta_absorption": 0.3830647078789606,
  "pilot_pass": true
}