{
  "features.0.weight": {
    "r_t_mean": 0.018016065206345574,
    "r_t_std": 0.0071468723082687815,
    "r_t_min": 0.000767608773736926,
    "r_t_max": 0.20218239897470744,
    "delta_hat_mean": -2.3675931999652023e-08,
    "delta_hat_std": 1.651286865200738e-05,
    "lambda_t_mean": 0.0,
    "lambda_t_std": 0.0,
    "n_records": 1950
  },
  "features.3.weight": {
    "r_t_mean": 0.01830688749375545,
    "r_t_std": 0.018377410868120028,
    "r_t_min": 0.0005716177975250588,
    "r_t_max": 0.802916688761034,
    "delta_hat_mean": -6.303604606932421e-08,
    "delta_hat_std": 3.7811731703109388e-06,
    "lambda_t_mean": 0.0,
    "lambda_t_std": 0.0,
    "n_records": 1950
  },
  "features.7.weight": {
    "r_t_mean": 0.019524111562030832,
    "r_t_std": 0.01091626037806996,
    "r_t_min": 0.0006018772313333366,
    "r_t_max": 0.4651247185226379,
    "delta_hat_mean": -2.667870389064598e-10,
    "delta_hat_std": 3.260288087697328e-08,
    "lambda_t_mean": 0.0,
    "lambda_t_std": 0.0,
    "n_records": 1950
  },
  "features.10.weight": {
    "r_t_mean": 0.02063759860771497,
    "r_t_std": 0.013080859559905613,
    "r_t_min": 0.0007116332911528177,
    "r_t_max": 0.5659988195768126,
    "delta_hat_mean": -5.055957453238024e-10,
    "delta_hat_std": 2.7868117530318024e-08,
    "lambda_t_mean": 0.0,
    "lambda_t_std": 0.0,
    "n_records": 1950
  },
  "features.14.weight": {
    "r_t_mean": 0.022114547318419824,
    "r_t_std": 0.009039705009141608,
    "r_t_min": 0.0004295941367129168,
    "r_t_max": 0.3421921600980308,
    "delta_hat_mean": 4.326460404681981e-08,
    "delta_hat_std": 1.1831410400971927e-06,
    "lambda_t_mean": 0.0,
    "lambda_t_std": 0.0,
    "n_records": 1950
  },
  "features.17.weight": {
    "r_t_mean": 0.024018201807532915,
    "r_t_std": 0.011249722208903305,
    "r_t_min": 0.00037125274525059564,
    "r_t_max": 0.40073927016497446,
    "delta_hat_mean": 5.433244150901619e-10,
    "delta_hat_std": 2.2173213570860744e-08,
    "lambda_t_mean": 0.0,
    "lambda_t_std": 0.0,
    "n_records": 1950
  },
  "features.20.weight": {
    "r_t_mean": 0.023555720811052658,
    "r_t_std": 0.010501765213014075,
    "r_t_min": 0.0003963780093363037,
    "r_t_max": 0.3404207738463497,
    "delta_hat_mean": 1.0665383003648185e-09,
    "delta_hat_std": 2.840774110303409e-08,
    "lambda_t_mean": 0.0,
    "lambda_t_std": 0.0,
    "n_records": 1950
  },
  "features.24.weight": {
    "r_t_mean": 0.020276730689499686,
    "r_t_std": 0.008603124237231887,
    "r_t_min": 0.0002320136293916399,
    "r_t_max": 0.21221035685821218,
    "delta_hat_mean": -2.9186100178733676e-08,
    "delta_hat_std": 6.271999613885123e-07,
    "lambda_t_mean": 0.0,
    "lambda_t_std": 0.0,
    "n_records": 1950
  },
  "features.27.weight": {
    "r_t_mean": 0.01839330938516236,
    "r_t_std": 0.008716406342114557,
    "r_t_min": 0.00021003206385984935,
    "r_t_max": 0.25549350411875194,
    "delta_hat_mean": 2.0256188128736782e-08,
    "delta_hat_std": 6.777987974020677e-07,
    "lambda_t_mean": 0.0,
    "lambda_t_std": 0.0,
    "n_records": 1950
  },
  "features.30.weight": {
    "r_t_mean": 0.01537919974268372,
    "r_t_std": 0.006907996818506249,
    "r_t_min": 0.0002586738446317186,
    "r_t_max": 0.21941411455208953,
    "delta_hat_mean": -2.578036467379917e-08,
    "delta_hat_std": 7.997460291154754e-07,
    "lambda_t_mean": 0.0,
    "lambda_t_std": 0.0,
    "n_records": 1950
  },
  "features.34.weight": {
    "r_t_mean": 0.011731944383621963,
    "r_t_std": 0.005403835333872609,
    "r_t_min": 0.0001692200435238415,
    "r_t_max": 0.20125724549360222,
    "delta_hat_mean": 1.970164010042725e-08,
    "delta_hat_std": 1.617404215180588e-06,
    "lambda_t_mean": 0.0,
    "lambda_t_std": 0.0,
    "n_records": 1950
  },
  "features.37.weight": {
    "r_t_mean": 0.011198830416285067,
    "r_t_std": 0.004528571264986844,
    "r_t_min": 0.0003417053695780156,
    "r_t_max": 0.1689735700291214,
    "delta_hat_mean": -3.6096720670058948e-09,
    "delta_hat_std": 1.77230593247147e-06,
    "lambda_t_mean": 0.0,
    "lambda_t_std": 0.0,
    "n_records": 1950
  },
  "features.40.weight": {
    "r_t_mean": 0.01364680811963865,
    "r_t_std": 0.0040333678811149,
    "r_t_min": 0.001305550762473224,
    "r_t_max": 0.14514422768039098,
    "delta_hat_mean": 8.920248036522101e-10,
    "delta_hat_std": 1.6930773583214733e-06,
    "lambda_t_mean": 0.0,
    "lambda_t_std": 0.0,
    "n_records": 1950
  },
  "classifier.0.weight": {
    "r_t_mean": 0.018085026304625943,
    "r_t_std": 0.0037521985558690908,
    "r_t_min": 0.003902777956877589,
    "r_t_max": 0.06333509918087714,
    "delta_hat_mean": 0.0007409607634751106,
    "delta_hat_std": 0.015219990895638105,
    "lambda_t_mean": 0.0,
    "lambda_t_std": 0.0,
    "n_records": 1950
  },
  "classifier.3.weight": {
    "r_t_mean": 0.016772329294036943,
    "r_t_std": 0.004721835862413499,
    "r_t_min": 0.00876489827430718,
    "r_t_max": 0.08845028768692736,
    "delta_hat_mean": 0.0009822204625363202,
    "delta_hat_std": 0.01040408485462088,
    "lambda_t_mean": 0.0,
    "lambda_t_std": 0.0,
    "n_records": 1950
  },
  "classifier.6.weight": {
    "r_t_mean": 0.019370205517638583,
    "r_t_std": 0.009140137477310803,
    "r_t_min": 0.010093112184494296,
    "r_t_max": 0.1963043669964197,
    "delta_hat_mean": 0.0011145490249127295,
    "delta_hat_std": 0.011112433752919655,
    "lambda_t_mean": 0.0,
    "lambda_t_std": 0.0,
    "n_records": 1950
  }
}