{
  "task_id": "train_lewm_noreg",
  "mode": "FULL",
  "seeds_completed": [
    42,
    7,
    13
  ],
  "seeds_remaining": [],
  "results_so_far": [
    {
      "seed": 42,
      "n_epochs": 200,
      "initial_loss": 0.00349167,
      "final_loss": 0.01715602,
      "loss_decrease_pct": -391.34,
      "loss_history": [
        0.00349167,
        0.0116168,
        0.03103562,
        0.00032238,
        1.303e-05,
        1.612e-05,
        2.665e-05,
        0.00169881,
        0.0315432,
        0.01773948,
        0.0111418,
        0.02344367,
        0.06025306,
        0.04090086,
        0.02163446,
        0.0322504,
        0.05011038,
        0.04063977,
        0.04977899,
        0.04761955,
        0.0480762,
        0.05333181,
        0.06673694,
        0.06524089,
        0.06683214,
        0.0620811,
        0.05688087,
        0.05355287,
        0.0590534,
        0.05627276,
        0.04993167,
        0.05203002,
        0.03806196,
        0.05781233,
        0.04853225,
        0.04671235,
        0.05709293,
        0.05625561,
        0.0303314,
        0.05502061,
        0.05540294,
        0.04684759,
        0.03586929,
        0.04021851,
        0.04442817,
        0.04894287,
        0.04440212,
        0.04584464,
        0.03335335,
        0.04425478,
        0.03156826,
        0.04396774,
        0.04154776,
        0.04451715,
        0.0416753,
        0.04400239,
        0.04251061,
        0.03636421,
        0.0436261,
        0.04387433,
        0.03419207,
        0.04104436,
        0.03572003,
        0.03102313,
        0.03227786,
        0.03838543,
        0.01442857,
        0.02583266,
        0.03625271,
        0.03277091,
        0.0355293,
        0.03423966,
        0.03279846,
        0.01740403,
        0.03207218,
        0.03282405,
        0.02581448,
        0.03227616,
        0.0330657,
        0.03191111,
        0.02948119,
        0.02218162,
        0.02233853,
        0.03015058,
        0.03164482,
        0.02444358,
        0.03292587,
        0.03021413,
        0.03207067,
        0.02797567,
        0.02583082,
        0.0341273,
        0.03100901,
        0.03470306,
        0.02135915,
        0.0333685,
        0.0302382,
        0.02568897,
        0.02594623,
        0.02614506,
        0.02465948,
        0.03068531,
        0.02715418,
        0.01409791,
        0.02457795,
        0.02826145,
        0.02152804,
        0.02388827,
        0.02456465,
        0.02274303,
        0.01214463,
        0.01991955,
        0.02410192,
        0.02267632,
        0.02309028,
        0.02005995,
        0.02441992,
        0.02137442,
        0.02666265,
        0.0273347,
        0.02513069,
        0.02698181,
        0.02130103,
        0.02505154,
        0.02512947,
        0.02202365,
        0.02176793,
        0.02210114,
        0.02503867,
        0.02035768,
        0.01978488,
        0.01821105,
        0.02136689,
        0.01940176,
        0.02085262,
        0.02628973,
        0.02188541,
        0.02667318,
        0.02014001,
        0.02115651,
        0.02204453,
        0.01990754,
        0.02026166,
        0.02018587,
        0.0206443,
        0.01724798,
        0.01718501,
        0.0196929,
        0.01884498,
        0.01919531,
        0.01826241,
        0.01700053,
        0.02243254,
        0.01723887,
        0.02303808,
        0.02138405,
        0.01706652,
        0.01686198,
        0.02011778,
        0.01744846,
        0.01590735,
        0.01579841,
        0.02183838,
        0.01861205,
        0.01696563,
        0.0167741,
        0.01691862,
        0.0172709,
        0.01737239,
        0.01766964,
        0.01782019,
        0.02034889,
        0.02084652,
        0.01834629,
        0.01812798,
        0.01741327,
        0.01712807,
        0.01661203,
        0.01609392,
        0.01584149,
        0.0155422,
        0.01533016,
        0.01538187,
        0.01542049,
        0.01530176,
        0.01563538,
        0.01541488,
        0.01582756,
        0.01631126,
        0.01574066,
        0.01547216,
        0.01592005,
        0.01697704,
        0.01757757,
        0.01778087,
        0.01784759,
        0.01761903,
        0.01736074,
        0.01720767,
        0.01715602
      ],
      "epoch_variance_snapshots": {
        "1": {
          "mean_per_dim_variance": 0.00010875,
          "min_per_dim_variance": 8.17e-06,
          "std_per_dim_variance": 0.00011244,
          "collapsed": false,
          "n_collapsed_dims": 2,
          "total_dims": 192,
          "mean_abs_embedding_mean": 0.80145723
        },
        "10": {
          "mean_per_dim_variance": 0.18699564,
          "min_per_dim_variance": 0.00500174,
          "std_per_dim_variance": 0.17179179,
          "collapsed": false,
          "n_collapsed_dims": 0,
          "total_dims": 192,
          "mean_abs_embedding_mean": 0.74750423
        },
        "50": {
          "mean_per_dim_variance": 0.36411098,
          "min_per_dim_variance": 0.0978562,
          "std_per_dim_variance": 0.18856123,
          "collapsed": false,
          "n_collapsed_dims": 0,
          "total_dims": 192,
          "mean_abs_embedding_mean": 0.81336027
        },
        "100": {
          "mean_per_dim_variance": 0.2755605,
          "min_per_dim_variance": 0.06373084,
          "std_per_dim_variance": 0.1358036,
          "collapsed": false,
          "n_collapsed_dims": 0,
          "total_dims": 192,
          "mean_abs_embedding_mean": 0.96676952
        },
        "200": {
          "mean_per_dim_variance": 0.34225693,
          "min_per_dim_variance": 0.09927718,
          "std_per_dim_variance": 0.16989315,
          "collapsed": false,
          "n_collapsed_dims": 0,
          "total_dims": 192,
          "mean_abs_embedding_mean": 0.94818425
        }
      },
      "collapse_verdict": "NO_COLLAPSE",
      "train_time_min": 53.4,
      "checkpoint_path": "/home/qhxie/AutoResearch-SibylSystem/workspaces/lewm-generalization/current/exp/results/full/lewm_noreg/seed42_epoch200.pt"
    },
    {
      "seed": 7,
      "n_epochs": 200,
      "initial_loss": 0.00552752,
      "final_loss": 0.01779095,
      "loss_decrease_pct": -221.86,