{
  "conv1.weight": {
    "r_t_mean": Infinity,
    "r_t_std": NaN,
    "r_t_min": 4.7503438775031834e-05,
    "r_t_max": Infinity,
    "delta_hat_mean": NaN,
    "delta_hat_std": NaN,
    "lambda_t_mean": 0.0,
    "lambda_t_std": 0.0,
    "n_records": 1126
  },
  "layer1.0.conv1.weight": {
    "r_t_mean": Infinity,
    "r_t_std": NaN,
    "r_t_min": 0.00022585325851110308,
    "r_t_max": Infinity,
    "delta_hat_mean": NaN,
    "delta_hat_std": NaN,
    "lambda_t_mean": 0.0,
    "lambda_t_std": 0.0,
    "n_records": 1126
  },
  "layer1.0.conv2.weight": {
    "r_t_mean": 0.0028559303934193934,
    "r_t_std": 0.013198774791235756,
    "r_t_min": 0.00011040005854241546,
    "r_t_max": 0.4442573547461542,
    "delta_hat_mean": -1.3499721229713313e-06,
    "delta_hat_std": 2.36837951588099e-05,
    "lambda_t_mean": 0.0,
    "lambda_t_std": 0.0,
    "n_records": 1126
  },
  "layer1.0.conv3.weight": {
    "r_t_mean": 0.0022637369272314185,
    "r_t_std": 0.007442492238187656,
    "r_t_min": 6.587893227199628e-05,
    "r_t_max": 0.25043992498354917,
    "delta_hat_mean": -8.275228337083068e-07,
    "delta_hat_std": 1.3041352279792074e-05,
    "lambda_t_mean": 0.0,
    "lambda_t_std": 0.0,
    "n_records": 1126
  },
  "layer1.0.downsample.0.weight": {
    "r_t_mean": 0.0030630715743444115,
    "r_t_std": 0.007784596812593765,
    "r_t_min": 4.9151630532308864e-05,
    "r_t_max": 0.2605350792150781,
    "delta_hat_mean": -6.075499443895259e-08,
    "delta_hat_std": 1.8331452479150137e-05,
    "lambda_t_mean": 0.0,
    "lambda_t_std": 0.0,
    "n_records": 1126
  },
  "layer1.1.conv1.weight": {
    "r_t_mean": 0.001617908156988274,
    "r_t_std": 0.0019049470987487665,
    "r_t_min": 2.729638437071328e-05,
    "r_t_max": 0.05983015781590058,
    "delta_hat_mean": -7.383570922453817e-07,
    "delta_hat_std": 1.6117273820345245e-05,
    "lambda_t_mean": 0.0,
    "lambda_t_std": 0.0,
    "n_records": 1126
  },
  "layer1.1.conv2.weight": {
    "r_t_mean": 0.002573518362562891,
    "r_t_std": 0.009199582009994677,
    "r_t_min": 6.353282520875535e-05,
    "r_t_max": 0.3098175590839858,
    "delta_hat_mean": -2.5784556726122063e-07,
    "delta_hat_std": 1.1235418450047368e-05,
    "lambda_t_mean": 0.0,
    "lambda_t_std": 0.0,
    "n_records": 1126
  },
  "layer1.1.conv3.weight": {
    "r_t_mean": Infinity,
    "r_t_std": NaN,
    "r_t_min": 7.168036967343037e-05,
    "r_t_max": Infinity,
    "delta_hat_mean": NaN,
    "delta_hat_std": NaN,
    "lambda_t_mean": 0.0,
    "lambda_t_std": 0.0,
    "n_records": 1126
  },
  "layer1.2.conv1.weight": {
    "r_t_mean": Infinity,
    "r_t_std": NaN,
    "r_t_min": 9.783882993463325e-05,
    "r_t_max": Infinity,
    "delta_hat_mean": NaN,
    "delta_hat_std": NaN,
    "lambda_t_mean": 0.0,
    "lambda_t_std": 0.0,
    "n_records": 1126
  },
  "layer1.2.conv2.weight": {
    "r_t_mean": 0.0026003420416042225,
    "r_t_std": 0.006228399273948032,
    "r_t_min": 0.00013301422732345987,
    "r_t_max": 0.2102000108636206,
    "delta_hat_mean": 1.907655213429521e-07,
    "delta_hat_std": 6.926907721138228e-06,
    "lambda_t_mean": 0.0,
    "lambda_t_std": 0.0,
    "n_records": 1126
  },
  "layer1.2.conv3.weight": {
    "r_t_mean": 0.0022579944584304153,
    "r_t_std": 0.003571331783984809,
    "r_t_min": 0.00013754713292541307,
    "r_t_max": 0.12055292564640792,
    "delta_hat_mean": -1.3665455067929643e-07,
    "delta_hat_std": 6.861755566935753e-06,
    "lambda_t_mean": 0.0,
    "lambda_t_std": 0.0,
    "n_records": 1126
  },
  "layer2.0.conv1.weight": {
    "r_t_mean": 0.00222303833071778,
    "r_t_std": 0.0014969385292329877,
    "r_t_min": 6.9473295527701e-05,
    "r_t_max": 0.04882630372583662,
    "delta_hat_mean": 1.0728744781375521e-07,
    "delta_hat_std": 6.953252794621581e-06,
    "lambda_t_mean": 0.0,
    "lambda_t_std": 0.0,
    "n_records": 1126
  },
  "layer2.0.conv2.weight": {
    "r_t_mean": 0.0027160166135096232,
    "r_t_std": 0.004867587526014283,
    "r_t_min": 3.268007360716689e-05,
    "r_t_max": 0.16459282309861648,
    "delta_hat_mean": 2.046416549770276e-08,
    "delta_hat_std": 4.1494822436893695e-06,
    "lambda_t_mean": 0.0,
    "lambda_t_std": 0.0,
    "n_records": 1126
  },
  "layer2.0.conv3.weight": {
    "r_t_mean": 0.002482183299486134,
    "r_t_std": 0.002693296092913917,
    "r_t_min": 6.963193349985726e-05,
    "r_t_max": 0.09058276166397237,
    "delta_hat_mean": -7.760520865355173e-09,
    "delta_hat_std": 2.8219971963508748e-06,
    "lambda_t_mean": 0.0,
    "lambda_t_std": 0.0,
    "n_records": 1126
  },
  "layer2.0.downsample.0.weight": {
    "r_t_mean": 0.0024470974545579304,
    "r_t_std": 0.0020749386784531592,
    "r_t_min": 4.551577829247642e-05,
    "r_t_max": 0.06536887877967375,
    "delta_hat_mean": -1.6887378213793682e-10,
    "delta_hat_std": 4.093263634822847e-06,
    "lambda_t_mean": 0.0,
    "lambda_t_std": 0.0,
    "n_records": 1126
  },
  "layer2.1.conv1.weight": {
    "r_t_mean": 0.001515050084880611,
    "r_t_std": 0.0007005784105942065,
    "r_t_min": 5.0547106318908276e-05,
    "r_t_max": 0.022825406110886674,
    "delta_hat_mean": -1.6628080965822146e-08,
    "delta_hat_std": 4.441961778883567e-06,
    "lambda_t_mean": 0.0,
    "lambda_t_std": 0.0,
    "n_records": 1126
  },
  "layer2.1.conv2.weight": {
    "r_t_mean": 0.002723171630484662,
    "r_t_std": 0.0034839492596874314,
    "r_t_min": 8.120587842956675e-05,
    "r_t_max": 0.11492454007659925,
    "delta_hat_mean": -1.3048183804400664e-09,
    "delta_hat_std": 3.7478539270181e-06,
    "lambda_t_mean": 0.0,
    "lambda_t_std": 0.0,
    "n_records": 1126
  },
  "layer2.1.conv3.weight": {
    "r_t_mean": 0.0024955135739306907,
    "r_t_std": 0.001972508362959597,
    "r_t_min": 9.923964477534838e-05,
    "r_t_max": 0.0631650885665381,
    "delta_hat_mean": 5.4190008763383686e-08,
    "delta_hat_std": 2.4358114088958656e-06,
    "lambda_t_mean": 0.0,
    "lambda_t_std": 0.0,
    "n_records": 1126
  },
  "layer2.2.conv1.weight": {
    "r_t_mean": 0.00172433143723118,
    "r_t_std": 0.0005398687276278493,
    "r_t_min": 4.9715373617679615e-05,
    "r_t_max": 0.01575766183513665,
    "delta_hat_mean": -9.508316874664351e-08,
    "delta_hat_std": 2.58486901837246e-06,
    "lambda_t_mean": 0.0,
    "lambda_t_std": 0.0,
    "n_records": 1126
  },
  "layer2.2.conv2.weight": {
    "r_t_mean": 0.002802178456769285,
    "r_t_std": 0.0025345400830481877,
    "r_t_min": 9.160764782220174e-05,
    "r_t_max": 0.0814926107692593,
    "delta_hat_mean": 4.3697583027848056e-08,
    "delta_hat_std": 3.1138830967203562e-06,
    "lambda_t_mean": 0.0,
    "lambda_t_std": 0.0,
    "n_records": 1126
  },
  "layer2.2.conv3.weight": {
    "r_t_mean": 0.002520334277946003,
    "r_t_std": 0.0014993273902213652,
    "r_t_min": 6.478936262744732e-05,
    "r_t_max": 0.04601184856692932,
    "delta_hat_mean": 3.627227730725463e-08,
    "delta_hat_std": 2.2399250115746654e-06,
    "lambda_t_mean": 0.0,
    "lambda_t_std": 0.0,
    "n_records": 1126
  },
  "layer2.3.conv1.weight": {
    "r_t_mean": 0.0017459939038385588,
    "r_t_std": 0.0004127970411189364,
    "r_t_min": 6.611256753970408e-05,
    "r_t_max": 0.012440040094575283,
    "delta_hat_mean": -3.640384908559375e-08,
    "delta_hat_std": 2.2738463401507233e-06,
    "lambda_t_mean": 0.0,
    "lambda_t_std": 0.0,
    "n_records": 1126
  },
  "layer2.3.conv2.weight": {
    "r_t_mean": 0.0028428909262023885,
    "r_t_std": 0.001897517381443119,
    "r_t_min": 0.00012874360509692825,
    "r_t_max": 0.06061139490303343,
    "delta_hat_mean": -1.3002856680660856e-07,
    "delta_hat_std": 2.5823014006376954e-06,
    "lambda_t_mean": 0.0,
    "lambda_t_std": 0.0,
    "n_records": 1126
  },
  "layer2.3.conv3.weight": {
    "r_t_mean": 0.0025631611960753777,
    "r_t_std": 0.0011113780339563478,
    "r_t_min": 0.0001337762496547627,
    "r_t_max": 0.03326215586232763,
    "delta_hat_mean": -3.8430680709582045e-08,
    "delta_hat_std": 2.1289394808168952e-06,
    "lambda_t_mean": 0.0,