{
  "conv1.weight": {
    "r_t_mean": 0.05240515412931508,
    "r_t_std": 0.030951463609651977,
    "r_t_min": 0.02030653380822182,
    "r_t_max": 0.48125133671618003,
    "delta_hat_mean": -2.1826990031276053e-06,
    "delta_hat_std": 3.851321169548844e-05,
    "lambda_t_mean": 2.8495479606339903e-05,
    "lambda_t_std": 5.880830508171247e-07,
    "n_records": 780
  },
  "layer1.0.conv1.weight": {
    "r_t_mean": 0.05142277656867481,
    "r_t_std": 0.02832724809736619,
    "r_t_min": 0.02571591108495755,
    "r_t_max": 0.5190009156151484,
    "delta_hat_mean": -3.8261995569096794e-07,
    "delta_hat_std": 9.102892889487775e-06,
    "lambda_t_mean": 2.822009489073411e-05,
    "lambda_t_std": 3.951144125664493e-07,
    "n_records": 780
  },
  "layer1.0.conv2.weight": {
    "r_t_mean": 0.051425012028125806,
    "r_t_std": 0.026249797090050184,
    "r_t_min": 0.027305210746408508,
    "r_t_max": 0.4284666258714395,
    "delta_hat_mean": -4.5585792111825256e-07,
    "delta_hat_std": 8.778390641190847e-06,
    "lambda_t_mean": 2.8183286542149537e-05,
    "lambda_t_std": 3.7572527708173784e-07,
    "n_records": 780
  },
  "layer1.1.conv1.weight": {
    "r_t_mean": 0.0531700155177729,
    "r_t_std": 0.019430819949676787,
    "r_t_min": 0.029910281659836065,
    "r_t_max": 0.2931683234648461,
    "delta_hat_mean": -6.486645451567541e-07,
    "delta_hat_std": 7.984491420742171e-06,
    "lambda_t_mean": 2.819024085766299e-05,
    "lambda_t_std": 3.860430048643145e-07,
    "n_records": 780
  },
  "layer1.1.conv2.weight": {
    "r_t_mean": 0.050880477857326696,
    "r_t_std": 0.02043242285617421,
    "r_t_min": 0.02716437410706374,
    "r_t_max": 0.2752783808515159,
    "delta_hat_mean": -3.65539105089806e-07,
    "delta_hat_std": 6.971288587201237e-06,
    "lambda_t_mean": 2.8175061014980683e-05,
    "lambda_t_std": 3.576137205552774e-07,
    "n_records": 780
  },
  "layer1.2.conv1.weight": {
    "r_t_mean": 0.05431964555714235,
    "r_t_std": 0.018828035253499385,
    "r_t_min": 0.029736087122518465,
    "r_t_max": 0.2586536887752113,
    "delta_hat_mean": -4.0556056199729337e-07,
    "delta_hat_std": 7.912063781622068e-06,
    "lambda_t_mean": 2.821092109412095e-05,
    "lambda_t_std": 3.9713942307227467e-07,
    "n_records": 780
  },
  "layer1.2.conv2.weight": {
    "r_t_mean": 0.05117058802221326,
    "r_t_std": 0.018140674926638456,
    "r_t_min": 0.02862546635545295,
    "r_t_max": 0.20989572466047404,
    "delta_hat_mean": 2.1433562767816154e-07,
    "delta_hat_std": 7.1968762776435975e-06,
    "lambda_t_mean": 2.8142576838712385e-05,
    "lambda_t_std": 3.3330594157373327e-07,
    "n_records": 780
  },
  "layer2.0.conv1.weight": {
    "r_t_mean": 0.051986514857306834,
    "r_t_std": 0.018961428461015544,
    "r_t_min": 0.028020860514470898,
    "r_t_max": 0.17411267149822418,
    "delta_hat_mean": -1.1040676586105428e-07,
    "delta_hat_std": 7.814809871378429e-06,
    "lambda_t_mean": 2.814452672074574e-05,
    "lambda_t_std": 3.1989910738599296e-07,
    "n_records": 780
  },
  "layer2.0.conv2.weight": {
    "r_t_mean": 0.053625152996335745,
    "r_t_std": 0.021581373643045063,
    "r_t_min": 0.029277672030282125,
    "r_t_max": 0.18381632306545242,
    "delta_hat_mean": 2.5602613791139635e-08,
    "delta_hat_std": 4.6699421036828855e-06,
    "lambda_t_mean": 2.8104216574165547e-05,
    "lambda_t_std": 2.899051353909314e-07,
    "n_records": 780
  },
  "layer2.0.shortcut.0.weight": {
    "r_t_mean": 0.0407377632986959,
    "r_t_std": 0.01107586004261811,
    "r_t_min": 0.021843444204161785,
    "r_t_max": 0.09144042222992795,
    "delta_hat_mean": 8.152570120300559e-08,
    "delta_hat_std": 1.7350361852521157e-05,
    "lambda_t_mean": 2.8146139044906805e-05,
    "lambda_t_std": 3.271755524763103e-07,
    "n_records": 780
  },
  "layer2.1.conv1.weight": {
    "r_t_mean": 0.055144233096995246,
    "r_t_std": 0.021577088949331767,
    "r_t_min": 0.030557480365959365,
    "r_t_max": 0.20437831504057904,
    "delta_hat_mean": -4.1543499331207445e-08,
    "delta_hat_std": 3.070624170330084e-06,
    "lambda_t_mean": 2.8115692712688576e-05,
    "lambda_t_std": 3.255827409662074e-07,
    "n_records": 780
  },
  "layer2.1.conv2.weight": {
    "r_t_mean": 0.0535223691257983,
    "r_t_std": 0.018671509884825594,
    "r_t_min": 0.03147945829837727,
    "r_t_max": 0.17087764788828358,
    "delta_hat_mean": 1.1937021336522618e-07,
    "delta_hat_std": 3.3349033268790182e-06,
    "lambda_t_mean": 2.8089670625886873e-05,
    "lambda_t_std": 2.851331775727356e-07,
    "n_records": 780
  },
  "layer2.2.conv1.weight": {
    "r_t_mean": 0.056301193654452596,
    "r_t_std": 0.016571559398123145,
    "r_t_min": 0.03484104198832392,
    "r_t_max": 0.14674783937640476,
    "delta_hat_mean": -1.6657228281602716e-07,
    "delta_hat_std": 3.452190994259459e-06,
    "lambda_t_mean": 2.8107239964718943e-05,
    "lambda_t_std": 2.879364271367541e-07,
    "n_records": 780
  },
  "layer2.2.conv2.weight": {
    "r_t_mean": 0.05350504253069579,
    "r_t_std": 0.015926222618098253,
    "r_t_min": 0.03257568115114773,
    "r_t_max": 0.1522019363150726,
    "delta_hat_mean": -1.7844062845398878e-07,
    "delta_hat_std": 3.28015675917193e-06,
    "lambda_t_mean": 2.8080004120659772e-05,
    "lambda_t_std": 2.7326770466621306e-07,
    "n_records": 780
  },
  "layer3.0.conv1.weight": {
    "r_t_mean": 0.05376453095850203,
    "r_t_std": 0.01548726259002222,
    "r_t_min": 0.03348967812129875,
    "r_t_max": 0.12731695626109704,
    "delta_hat_mean": -1.897465906135601e-07,
    "delta_hat_std": 3.3524322980107297e-06,
    "lambda_t_mean": 2.8062394516009515e-05,
    "lambda_t_std": 2.6226301343610136e-07,
    "n_records": 780
  },
  "layer3.0.conv2.weight": {
    "r_t_mean": 0.059615972705817616,
    "r_t_std": 0.016837698580211884,
    "r_t_min": 0.03796268633204763,
    "r_t_max": 0.16134351312057593,
    "delta_hat_mean": -1.3927967721343704e-07,
    "delta_hat_std": 1.8896952874433322e-06,
    "lambda_t_mean": 2.804940869144398e-05,
    "lambda_t_std": 2.5901939760923865e-07,
    "n_records": 780
  },
  "layer3.0.shortcut.0.weight": {
    "r_t_mean": 0.03935445737695061,
    "r_t_std": 0.009048967844521643,
    "r_t_min": 0.0241303056675117,
    "r_t_max": 0.07036821038845789,
    "delta_hat_mean": -3.197891302567731e-07,
    "delta_hat_std": 7.356220856675853e-06,
    "lambda_t_mean": 2.806400675499338e-05,
    "lambda_t_std": 2.647693997346429e-07,
    "n_records": 780
  },
  "layer3.1.conv1.weight": {
    "r_t_mean": 0.05952653951425278,
    "r_t_std": 0.017559056943958533,
    "r_t_min": 0.03817434445267238,
    "r_t_max": 0.14479254265258532,
    "delta_hat_mean": -2.96045162395248e-08,
    "delta_hat_std": 1.8453328069355504e-06,
    "lambda_t_mean": 2.806035031439601e-05,
    "lambda_t_std": 2.592549664510989e-07,
    "n_records": 780
  },
  "layer3.1.conv2.weight": {
    "r_t_mean": 0.05862540871388015,
    "r_t_std": 0.014298896316613218,
    "r_t_min": 0.03969372197330178,
    "r_t_max": 0.11892984728361786,
    "delta_hat_mean": 1.4027380912477277e-07,
    "delta_hat_std": 1.6305631880175757e-06,
    "lambda_t_mean": 2.8045563617353384e-05,
    "lambda_t_std": 2.4661699623190775e-07,
    "n_records": 780
  },
  "layer3.2.conv1.weight": {
    "r_t_mean": 0.05988648934343142,
    "r_t_std": 0.0124746483051328,
    "r_t_min": 0.04096351924217002,
    "r_t_max": 0.10789748724695795,
    "delta_hat_mean": 8.018248533142734e-08,
    "delta_hat_std": 1.6261143457562863e-06,
    "lambda_t_mean": 2.8047617206215164e-05,
    "lambda_t_std": 2.5039256465851914e-07,
    "n_records": 780
  },
  "layer3.2.conv2.weight": {
    "r_t_mean": 0.05303339065174585,
    "r_t_std": 0.012863680329332664,
    "r_t_min": 0.03583604694411609,
    "r_t_max": 0.10419035689795869,
    "delta_hat_mean": -1.1602977581956426e-07,
    "delta_hat_std": 1.5753171456382504e-06,
    "lambda_t_mean": 2.8033194220102743e-05,
    "lambda_t_std": 2.4008137710119977e-07,
    "n_records": 780
  },