{
  "tau_0.9_tdraft_4": {
    "123": {
      "gsm8k": {
        "n_samples": 1319,
        "correct": 361,
        "exact_match": 0.27369219105382864,
        "avg_tps": 111.19796741078497,
        "tps_std": 83.22140571240895,
        "avg_accept_rate": 0.6542433647260274,
        "avg_kv_hit_rate_refine": 0.835742503359256,
        "speedup": 3.585527598451777,
        "accuracy_retention": 0.3842911977728568,
        "qas": 1.3778866954566682
      },
      "math500": {
        "n_samples": 500,
        "correct": 35,
        "exact_match": 0.07,
        "avg_tps": 188.54183892395375,
        "tps_std": 155.19288729726688,
        "avg_accept_rate": 0.6374092487373737,
        "avg_kv_hit_rate_refine": 0.8232753561000631,
        "speedup": 2.379947727546405,
        "accuracy_retention": 0.6323396567299007,
        "qas": 1.5049353290718008
      },
      "humaneval": {
        "n_samples": 164,
        "passed": 0,
        "pass_at_1": 0.0,
        "avg_tps": 130.7934410483191,
        "tps_std": 123.32994176509106,
        "avg_accept_rate": 0.49832589285714285,
        "avg_kv_hit_rate_refine": 0.7636525408821817,
        "speedup": 1.3346405682539526,
        "accuracy_retention": 1.0,
        "qas": 1.3346405682539526
      },
      "mbpp": {
        "n_samples": 257,
        "passed": 0,
        "pass_at_1": 0.0,
        "avg_tps": 200.28538815598253,
        "tps_std": 156.72790414397716,
        "avg_accept_rate": 0.5972102608267716,
        "avg_kv_hit_rate_refine": 0.8106047863096703,
        "speedup": 1.0454072226362183,
        "accuracy_retention": 1.0,
        "qas": 1.0454072226362183
      }
    }
  }
}