{
  "tau_0.9_tdraft_8": {
    "456": {
      "gsm8k": {
        "n_samples": 1319,
        "correct": 428,
        "exact_match": 0.3244882486732373,
        "avg_tps": 135.66217468151083,
        "tps_std": 90.96627341931556,
        "avg_accept_rate": 0.7431804128614916,
        "avg_kv_hit_rate_refine": 0.8766789777456716,
        "speedup": 4.374364772241022,
        "accuracy_retention": 0.4556139408498136,
        "qas": 1.9930215725953295
      },
      "math500": {
        "n_samples": 500,
        "correct": 43,
        "exact_match": 0.086,
        "avg_tps": 202.81482246055944,
        "tps_std": 134.58769149593167,
        "avg_accept_rate": 0.7167416351010101,
        "avg_kv_hit_rate_refine": 0.8620447640467171,
        "speedup": 2.560114394675142,
        "accuracy_retention": 0.7768744354110206,
        "qas": 1.9888874249508777
      },
      "humaneval": {
        "n_samples": 164,
        "passed": 0,
        "pass_at_1": 0.0,
        "avg_tps": 169.55795172318307,
        "tps_std": 144.41809976206295,
        "avg_accept_rate": 0.5886548913043478,
        "avg_kv_hit_rate_refine": 0.8037507430366848,
        "speedup": 1.730200835959378,
        "accuracy_retention": 1.0,
        "qas": 1.730200835959378
      },
      "mbpp": {
        "n_samples": 257,
        "passed": 0,
        "pass_at_1": 0.0,
        "avg_tps": 313.2125666288616,
        "tps_std": 206.70988035538616,
        "avg_accept_rate": 0.6994955708661418,
        "avg_kv_hit_rate_refine": 0.8552642581969734,
        "speedup": 1.6348405761843852,
        "accuracy_retention": 1.0,
        "qas": 1.6348405761843852
      }
    }
  }
}