{
  "tau_0.9_tdraft_16": {
    "123": {
      "gsm8k": {
        "n_samples": 1319,
        "correct": 598,
        "exact_match": 0.4533737680060652,
        "avg_tps": 140.71027461004348,
        "tps_std": 51.763969603575774,
        "avg_accept_rate": 0.8813023211567732,
        "avg_kv_hit_rate_refine": 0.9403085926352026,
        "speedup": 4.537138445492003,
        "accuracy_retention": 0.6365820949256742,
        "qas": 2.8882610965991162
      },
      "math500": {
        "n_samples": 500,
        "correct": 49,
        "exact_match": 0.098,
        "avg_tps": 183.70224741549382,
        "tps_std": 107.07060482190347,
        "avg_accept_rate": 0.7214409722222223,
        "avg_kv_hit_rate_refine": 0.8636699021464647,
        "speedup": 2.31885797219795,
        "accuracy_retention": 0.8852755194218609,
        "qas": 2.0528281958030634
      },
      "humaneval": {
        "n_samples": 164,
        "passed": 0,
        "pass_at_1": 0.0,
        "avg_tps": 190.88194567178382,
        "tps_std": 87.64581108217959,
        "avg_accept_rate": 0.812791149068323,
        "avg_kv_hit_rate_refine": 0.9072633352338898,
        "speedup": 1.947794831291991,
        "accuracy_retention": 1.0,
        "qas": 1.947794831291991
      },
      "mbpp": {
        "n_samples": 257,
        "passed": 0,
        "pass_at_1": 0.0,
        "avg_tps": 259.6573614996391,
        "tps_std": 113.19834770890884,
        "avg_accept_rate": 0.8000276820866141,
        "avg_kv_hit_rate_refine": 0.9026895357867865,
        "speedup": 1.3553044663996276,
        "accuracy_retention": 1.0,
        "qas": 1.3553044663996276
      }
    }
  }
}