{
  "tau_0.9_tdraft_8": {
    "123": {
      "gsm8k": {
        "n_samples": 1319,
        "correct": 428,
        "exact_match": 0.3244882486732373,
        "avg_tps": 117.94165711467319,
        "tps_std": 87.21823125680679,
        "avg_accept_rate": 0.7423896499238964,
        "avg_kv_hit_rate_refine": 0.8763018046339898,
        "speedup": 3.8029747884652623,
        "accuracy_retention": 0.4556139408498136,
        "qas": 1.7326883303251444
      },
      "math500": {
        "n_samples": 500,
        "correct": 43,
        "exact_match": 0.086,
        "avg_tps": 200.37115720062295,
        "tps_std": 136.04572868158616,
        "avg_accept_rate": 0.7131549873737374,
        "avg_kv_hit_rate_refine": 0.8602565572719382,
        "speedup": 2.5292682142439875,
        "accuracy_retention": 0.7768744354110206,
        "qas": 1.9649238159438382
      },
      "humaneval": {
        "n_samples": 164,
        "passed": 0,
        "pass_at_1": 0.0,
        "avg_tps": 168.05275905228223,
        "tps_std": 142.9137651461006,
        "avg_accept_rate": 0.5869565217391305,
        "avg_kv_hit_rate_refine": 0.8030342433763586,
        "speedup": 1.7148415703454345,
        "accuracy_retention": 1.0,
        "qas": 1.7148415703454345
      },
      "mbpp": {
        "n_samples": 257,
        "passed": 0,
        "pass_at_1": 0.0,
        "avg_tps": 315.50877367182557,
        "tps_std": 207.8326221419205,
        "avg_accept_rate": 0.6996954970472441,
        "avg_kv_hit_rate_refine": 0.8553875299889272,
        "speedup": 1.6468258310723412,
        "accuracy_retention": 1.0,
        "qas": 1.6468258310723412
      }
    }
  }
}