{
  "tau_0.9_tdraft_32": {
    "456": {
      "gsm8k": {
        "n_samples": 1319,
        "correct": 707,
        "exact_match": 0.5360121304018196,
        "avg_tps": 98.97352376093555,
        "tps_std": 12.219082038978446,
        "avg_accept_rate": 0.9516802226027398,
        "avg_kv_hit_rate_refine": 0.97315920941543,
        "speedup": 3.1913560042864457,
        "accuracy_retention": 0.7526146172449025,
        "qas": 2.401861177658265
      },
      "math500": {
        "n_samples": 500,
        "correct": 64,
        "exact_match": 0.128,
        "avg_tps": 145.68876947252417,
        "tps_std": 59.97992783022121,
        "avg_accept_rate": 0.7927951388888889,
        "avg_kv_hit_rate_refine": 0.8982373786695076,
        "speedup": 1.839017046900748,
        "accuracy_retention": 1.156278229448961,
        "qas": 2.126415374916854
      },
      "humaneval": {
        "n_samples": 164,
        "passed": 0,
        "pass_at_1": 0.0,
        "avg_tps": 143.12081295331555,
        "tps_std": 33.34597698871577,
        "avg_accept_rate": 0.8900912267080745,
        "avg_kv_hit_rate_refine": 0.9429632151348991,
        "speedup": 1.4604313610681288,
        "accuracy_retention": 1.0,
        "qas": 1.4604313610681288
      },
      "mbpp": {
        "n_samples": 257,
        "passed": 0,
        "pass_at_1": 0.0,
        "avg_tps": 198.17295933604265,
        "tps_std": 36.112264986391466,
        "avg_accept_rate": 0.9143700787401575,
        "avg_kv_hit_rate_refine": 0.9551893819974163,
        "speedup": 1.0343812143687046,
        "accuracy_retention": 1.0,
        "qas": 1.0343812143687046
      }
    }
  }
}