{
  "tau_0.7_tdraft_16": {
    "123": {
      "gsm8k": {
        "n_samples": 1319,
        "correct": 582,
        "exact_match": 0.44124336618650495,
        "avg_tps": 160.42747848550482,
        "tps_std": 48.97653852312435,
        "avg_accept_rate": 0.9142973506468798,
        "avg_kv_hit_rate_refine": 0.9560231944741724,
        "speedup": 5.172910666027305,
        "accuracy_retention": 0.6195497980714756,
        "qas": 3.204875758578999
      },
      "math500": {
        "n_samples": 500,
        "correct": 41,
        "exact_match": 0.082,
        "avg_tps": 213.8160257986048,
        "tps_std": 126.7151654631299,
        "avg_accept_rate": 0.7576744002525253,
        "avg_kv_hit_rate_refine": 0.8810749709004103,
        "speedup": 2.698981656361379,
        "accuracy_retention": 0.7407407407407407,
        "qas": 1.9992456713787992
      },
      "humaneval": {
        "n_samples": 164,
        "passed": 0,
        "pass_at_1": 0.0,
        "avg_tps": 225.682404510008,
        "tps_std": 92.30935333649047,
        "avg_accept_rate": 0.8612917313664596,
        "avg_kv_hit_rate_refine": 0.9304908136403338,
        "speedup": 2.302905177705977,
        "accuracy_retention": 1.0,
        "qas": 2.302905177705977
      },
      "mbpp": {
        "n_samples": 257,
        "passed": 0,
        "pass_at_1": 0.0,
        "avg_tps": 297.9349290286053,
        "tps_std": 121.39142319914544,
        "avg_accept_rate": 0.8463644192913385,
        "avg_kv_hit_rate_refine": 0.9248467392808809,
        "speedup": 1.5550976012266309,
        "accuracy_retention": 1.0,
        "qas": 1.5550976012266309
      }
    },
    "456": {
      "gsm8k": {
        "n_samples": 1319,
        "correct": 582,
        "exact_match": 0.44124336618650495,
        "avg_tps": 160.41468363541037,
        "tps_std": 49.014663971780365,
        "avg_accept_rate": 0.9143092418188736,
        "avg_kv_hit_rate_refine": 0.9560261672671708,
        "speedup": 5.172498101938231,
        "accuracy_retention": 0.6195497980714756,
        "qas": 3.204620154580922
      },
      "math500": {
        "n_samples": 500,
        "correct": 41,
        "exact_match": 0.082,
        "avg_tps": 214.1009672332613,
        "tps_std": 126.78365802736403,
        "avg_accept_rate": 0.7579032512626263,
        "avg_kv_hit_rate_refine": 0.8811753398240215,
        "speedup": 2.7025784480536887,
        "accuracy_retention": 0.7407407407407407,
        "qas": 2.001909961521251
      },
      "humaneval": {
        "n_samples": 164,
        "passed": 0,
        "pass_at_1": 0.0,
        "avg_tps": 226.21040938547446,
        "tps_std": 92.22859878487365,
        "avg_accept_rate": 0.8625048524844721,
        "avg_kv_hit_rate_refine": 0.9312675902562112,
        "speedup": 2.308293037535837,
        "accuracy_retention": 1.0,
        "qas": 2.308293037535837
      },
      "mbpp": {
        "n_samples": 257,
        "passed": 0,
        "pass_at_1": 0.0,
        "avg_tps": 297.19593847520247,
        "tps_std": 121.89338310196834,
        "avg_accept_rate": 0.8452725147637795,
        "avg_kv_hit_rate_refine": 0.9244276632474163,
        "speedup": 1.5512403749501658,
        "accuracy_retention": 1.0,
        "qas": 1.5512403749501658
      }
    }
  },
  "tau_0.8_tdraft_16": {
    "123": {
      "gsm8k": {
        "n_samples": 1319,
        "correct": 586,
        "exact_match": 0.444275966641395,
        "avg_tps": 153.466394540973,
        "tps_std": 50.12314413910105,
        "avg_accept_rate": 0.9023586139649924,
        "avg_kv_hit_rate_refine": 0.9503312713297898,
        "speedup": 4.948453698157966,
        "accuracy_retention": 0.6238078722850252,
        "qas": 3.086884372548885
      },
      "math500": {
        "n_samples": 500,
        "correct": 45,
        "exact_match": 0.09,
        "avg_tps": 201.4473725118248,
        "tps_std": 119.26086390295437,
        "avg_accept_rate": 0.7432844065656565,
        "avg_kv_hit_rate_refine": 0.8742206612018624,
        "speedup": 2.5428531893289,
        "accuracy_retention": 0.8130081300813007,
        "qas": 2.067360316527561
      },
      "humaneval": {
        "n_samples": 164,
        "passed": 0,
        "pass_at_1": 0.0,
        "avg_tps": 212.08557643871856,
        "tps_std": 90.16555671141099,
        "avg_accept_rate": 0.843458850931677,
        "avg_kv_hit_rate_refine": 0.922030052042896,
        "speedup": 2.164160618360581,
        "accuracy_retention": 1.0,
        "qas": 2.164160618360581
      },
      "mbpp": {
        "n_samples": 257,
        "passed": 0,
        "pass_at_1": 0.0,
        "avg_tps": 282.854677419025,
        "tps_std": 117.96177240490458,
        "avg_accept_rate": 0.8296013779527559,
        "avg_kv_hit_rate_refine": 0.9165070300965797,
        "speedup": 1.4763848998310156,
        "accuracy_retention": 1.0,
        "qas": 1.4763848998310156
      }
    },
    "456": {
      "gsm8k": {
        "n_samples": 1319,
        "correct": 586,
        "exact_match": 0.444275966641395,
        "avg_tps": 90.57486345416217,
        "tps_std": 42.680026590749925,
        "avg_accept_rate": 0.9023675323439878,
        "avg_kv_hit_rate_refine": 0.9503459494952198,
        "speedup": 2.9205450441480076,
        "accuracy_retention": 0.6238078722850252,
        "qas": 1.8218589899025437
      },
      "math500": {
        "n_samples": 500,
        "correct": 45,
        "exact_match": 0.09,
        "avg_tps": 201.76908565806804,
        "tps_std": 119.35496408179293,
        "avg_accept_rate": 0.7433909406565656,
        "avg_kv_hit_rate_refine": 0.8742807715830176,
        "speedup": 2.546914147234547,
        "accuracy_retention": 0.8130081300813007,
        "qas": 2.0706619083207696
      },
      "humaneval": {
        "n_samples": 164,
        "passed": 0,
        "pass_at_1": 0.0,
        "avg_tps": 212.6309721317319,
        "tps_std": 90.11737494040622,
        "avg_accept_rate": 0.8446962344720497,
        "avg_kv_hit_rate_refine": 0.922801521253882,
        "speedup": 2.1697259373231557,
        "accuracy_retention": 1.0,
        "qas": 2.1697259373231557
      },
      "mbpp": {
        "n_samples": 257,
        "passed": 0,
        "pass_at_1": 0.0,
        "avg_tps": 236.56516037446778,
        "tps_std": 120.12599193980468,
        "avg_accept_rate": 0.8286632627952756,
        "avg_kv_hit_rate_refine": 0.9161648487481545,
        "speedup": 1.2347726888941142,
        "accuracy_retention": 1.0,
        "qas": 1.2347726888941142
      }
    }
  }
}