{
  "tau_0.9_tdraft_32": {
    "123": {
      "gsm8k": {
        "n_samples": 1319,
        "correct": 707,
        "exact_match": 0.5360121304018196,
        "avg_tps": 75.49942346036973,
        "tps_std": 27.32399759044164,
        "avg_accept_rate": 0.951787243150685,
        "avg_kv_hit_rate_refine": 0.9731994350206906,
        "speedup": 2.4344443768861357,
        "accuracy_retention": 0.7526146172449025,
        "qas": 1.8321984229141643
      },
      "math500": {
        "n_samples": 500,
        "correct": 64,
        "exact_match": 0.128,
        "avg_tps": 74.93500865668675,
        "tps_std": 31.00176269286098,
        "avg_accept_rate": 0.7925820707070707,
        "avg_kv_hit_rate_refine": 0.8981148151436238,
        "speedup": 0.9458982928350658,
        "accuracy_retention": 1.156278229448961,
        "qas": 1.0937216032781247
      },
      "humaneval": {
        "n_samples": 164,
        "passed": 0,
        "pass_at_1": 0.0,
        "avg_tps": 71.26706664301527,
        "tps_std": 16.045713026211956,
        "avg_accept_rate": 0.8909646739130435,
        "avg_kv_hit_rate_refine": 0.943373401712927,
        "speedup": 0.7272223863816495,
        "accuracy_retention": 1.0,
        "qas": 0.7272223863816495
      },
      "mbpp": {
        "n_samples": 257,
        "passed": 0,
        "pass_at_1": 0.0,
        "avg_tps": 95.1465785902296,
        "tps_std": 17.718454055247925,
        "avg_accept_rate": 0.91333968996063,
        "avg_kv_hit_rate_refine": 0.9546818770761565,
        "speedup": 0.496625946521299,
        "accuracy_retention": 1.0,
        "qas": 0.496625946521299
      }
    }
  }
}