{
  "tau_0.9_tdraft_16": {
    "456": {
      "gsm8k": {
        "n_samples": 1319,
        "correct": 598,
        "exact_match": 0.4533737680060652,
        "avg_tps": 141.45253560633722,
        "tps_std": 52.376196677276255,
        "avg_accept_rate": 0.8812607020547946,
        "avg_kv_hit_rate_refine": 0.9403068739892504,
        "speedup": 4.5610723118156,
        "accuracy_retention": 0.6365820949256742,
        "qas": 2.9034969673630626
      },
      "math500": {
        "n_samples": 500,
        "correct": 49,
        "exact_match": 0.098,
        "avg_tps": 184.09911443800348,
        "tps_std": 107.03427555992502,
        "avg_accept_rate": 0.7215198863636364,
        "avg_kv_hit_rate_refine": 0.8637543649384469,
        "speedup": 2.3238675911438063,
        "accuracy_retention": 0.8852755194218609,
        "qas": 2.0572630888174617
      },
      "humaneval": {
        "n_samples": 164,
        "passed": 0,
        "pass_at_1": 0.0,
        "avg_tps": 191.15221815410578,
        "tps_std": 86.87491101218554,
        "avg_accept_rate": 0.8144167313664596,
        "avg_kv_hit_rate_refine": 0.9081599075601708,
        "speedup": 1.950552741906609,
        "accuracy_retention": 1.0,
        "qas": 1.950552741906609
      },
      "mbpp": {
        "n_samples": 257,
        "passed": 0,
        "pass_at_1": 0.0,
        "avg_tps": 258.6995152981398,
        "tps_std": 113.33459201966687,
        "avg_accept_rate": 0.7992125984251969,
        "avg_kv_hit_rate_refine": 0.9024004598302166,
        "speedup": 1.3503049037932822,
        "accuracy_retention": 1.0,
        "qas": 1.3503049037932822
      }
    }
  }
}