{
  "features.0.weight": {
    "r_t_mean": 0.015580070672511813,
    "r_t_std": 0.010456993172004509,
    "r_t_min": 0.0015529057920234347,
    "r_t_max": 0.25606083037369515,
    "delta_hat_mean": 3.847418902749083e-07,
    "delta_hat_std": 1.869093992159183e-05,
    "lambda_t_mean": 0.0005644593939700684,
    "lambda_t_std": 5.804821401438177e-05,
    "n_records": 1950
  },
  "features.3.weight": {
    "r_t_mean": 0.01605456860485043,
    "r_t_std": 0.02033603665535451,
    "r_t_min": 0.001994255743377013,
    "r_t_max": 0.8270349611456688,
    "delta_hat_mean": 5.2379739091753444e-08,
    "delta_hat_std": 3.986276089624409e-06,
    "lambda_t_mean": 0.0005580580521010787,
    "lambda_t_std": 5.560161896949746e-05,
    "n_records": 1950
  },
  "features.7.weight": {
    "r_t_mean": 0.017520413516767946,
    "r_t_std": 0.01331181099534455,
    "r_t_min": 0.002545475578123013,
    "r_t_max": 0.4841270852718258,
    "delta_hat_mean": -1.3514944340469865e-10,
    "delta_hat_std": 3.0016961384798155e-08,
    "lambda_t_mean": 0.0005568715919518425,
    "lambda_t_std": 5.590511178490451e-05,
    "n_records": 1950
  },
  "features.10.weight": {
    "r_t_mean": 0.018699295580306703,
    "r_t_std": 0.014710069072210282,
    "r_t_min": 0.003114918275512391,
    "r_t_max": 0.5725026398500889,
    "delta_hat_mean": 9.51509223509083e-10,
    "delta_hat_std": 2.2983785582669303e-08,
    "lambda_t_mean": 0.00055514552473129,
    "lambda_t_std": 5.4771188271766525e-05,
    "n_records": 1950
  },
  "features.14.weight": {
    "r_t_mean": 0.019472901566343213,
    "r_t_std": 0.010362762995849964,
    "r_t_min": 0.0031559757518138678,
    "r_t_max": 0.34592552975818847,
    "delta_hat_mean": -2.8464171890163197e-08,
    "delta_hat_std": 1.2922133257210034e-06,
    "lambda_t_mean": 0.0005534649709579779,
    "lambda_t_std": 5.441351160038186e-05,
    "n_records": 1950
  },
  "features.17.weight": {
    "r_t_mean": 0.019829052026550022,
    "r_t_std": 0.011373292049866337,
    "r_t_min": 0.003207718833841636,
    "r_t_max": 0.40929988370225573,
    "delta_hat_mean": 3.792705425539533e-11,
    "delta_hat_std": 1.860360103906064e-08,
    "lambda_t_mean": 0.0005524813870303347,
    "lambda_t_std": 5.223095870273652e-05,
    "n_records": 1950
  },
  "features.20.weight": {
    "r_t_mean": 0.018186185089547956,
    "r_t_std": 0.009750125551866896,
    "r_t_min": 0.0025172393814829304,
    "r_t_max": 0.34290107054741276,
    "delta_hat_mean": 7.972473668275508e-10,
    "delta_hat_std": 2.5459157122025135e-08,
    "lambda_t_mean": 0.0005510739728396671,
    "lambda_t_std": 5.008633143384051e-05,
    "n_records": 1950
  },
  "features.24.weight": {
    "r_t_mean": 0.013781745206547083,
    "r_t_std": 0.0066453078732803695,
    "r_t_min": 0.001750086909076524,
    "r_t_max": 0.21340179862228134,
    "delta_hat_mean": 1.596196942496219e-08,
    "delta_hat_std": 9.369199485365039e-07,
    "lambda_t_mean": 0.000551077137431553,
    "lambda_t_std": 4.979365732864164e-05,
    "n_records": 1950
  },
  "features.27.weight": {
    "r_t_mean": 0.011372728573176245,
    "r_t_std": 0.006832401752002204,
    "r_t_min": 0.0012406582602371412,
    "r_t_max": 0.2541675343738269,
    "delta_hat_mean": 3.288632106743168e-08,
    "delta_hat_std": 1.1464483574623446e-06,
    "lambda_t_mean": 0.0005532250617386025,
    "lambda_t_std": 5.044999280672345e-05,
    "n_records": 1950
  },
  "features.30.weight": {
    "r_t_mean": 0.01023878310118949,
    "r_t_std": 0.005881794340285027,
    "r_t_min": 0.0011220766991965146,
    "r_t_max": 0.2167810180780735,
    "delta_hat_mean": 4.536736354266165e-08,
    "delta_hat_std": 1.0328699052415284e-06,
    "lambda_t_mean": 0.0005539503483542182,
    "lambda_t_std": 4.984821955126551e-05,
    "n_records": 1950
  },
  "features.34.weight": {
    "r_t_mean": 0.00908533002074258,
    "r_t_std": 0.005471245220192975,
    "r_t_min": 0.0010064195225551664,
    "r_t_max": 0.20007623919431336,
    "delta_hat_mean": 5.856310196897323e-09,
    "delta_hat_std": 2.0552960953353577e-06,
    "lambda_t_mean": 0.0005582818406710932,
    "lambda_t_std": 5.2215375826026496e-05,
    "n_records": 1950
  },
  "features.37.weight": {
    "r_t_mean": 0.008908177474217325,
    "r_t_std": 0.004880557773565971,
    "r_t_min": 0.0009142680192675846,
    "r_t_max": 0.1700577905845455,
    "delta_hat_mean": 5.596416165040625e-08,
    "delta_hat_std": 2.4101602992941406e-06,
    "lambda_t_mean": 0.0005583396731178357,
    "lambda_t_std": 5.0197627192846684e-05,
    "n_records": 1950
  },
  "features.40.weight": {
    "r_t_mean": 0.009528315457981726,
    "r_t_std": 0.004987713885649289,
    "r_t_min": 0.000870271299999914,
    "r_t_max": 0.1456929114725323,
    "delta_hat_mean": 7.807931736285692e-08,
    "delta_hat_std": 4.204701434604908e-06,
    "lambda_t_mean": 0.0005558570192149433,
    "lambda_t_std": 4.776505782377867e-05,
    "n_records": 1950
  },
  "classifier.0.weight": {
    "r_t_mean": 0.009478111514840178,
    "r_t_std": 0.007943038275743849,
    "r_t_min": 0.0007254372162712036,
    "r_t_max": 0.21539700308254822,
    "delta_hat_mean": -0.003407704787950467,
    "delta_hat_std": 0.01758718539630009,
    "lambda_t_mean": 0.0005595598732074392,
    "lambda_t_std": 6.583358764746105e-05,
    "n_records": 1950
  },
  "classifier.3.weight": {
    "r_t_mean": 0.011762318508829205,
    "r_t_std": 0.006641958111159236,
    "r_t_min": 0.0011718560471497721,
    "r_t_max": 0.09488649960385408,
    "delta_hat_mean": -0.002228457452912759,
    "delta_hat_std": 0.012628764634212666,
    "lambda_t_mean": 0.0005499333583697407,
    "lambda_t_std": 4.694627191396025e-05,
    "n_records": 1950
  },
  "classifier.6.weight": {
    "r_t_mean": 0.02062614197730174,
    "r_t_std": 0.02115972240717134,
    "r_t_min": 0.0018145877375312024,
    "r_t_max": 0.549642349017249,
    "delta_hat_mean": -0.009051835568627958,
    "delta_hat_std": 0.04762556628747413,
    "lambda_t_mean": 0.0005493291657767552,
    "lambda_t_std": 4.262531656793931e-05,
    "n_records": 1950
  }
}