{
  "conv1.weight": {
    "r_t_mean": 0.04019444990153302,
    "r_t_std": 0.02704502974995013,
    "r_t_min": 0.018558910580134223,
    "r_t_max": 0.48125390033859683,
    "delta_hat_mean": -3.7619300184424457e-06,
    "delta_hat_std": 3.9507523577748255e-05,
    "lambda_t_mean": 0.00022371642968129678,
    "lambda_t_std": 8.185841876330344e-06,
    "n_records": 780
  },
  "layer1.0.conv1.weight": {
    "r_t_mean": 0.03927427447301326,
    "r_t_std": 0.024315474558596492,
    "r_t_min": 0.02224287963319519,
    "r_t_max": 0.5190037932823796,
    "delta_hat_mean": -1.2092941999182945e-06,
    "delta_hat_std": 9.58531326721203e-06,
    "lambda_t_mean": 0.00022347000080785834,
    "lambda_t_std": 4.23937308920612e-06,
    "n_records": 780
  },
  "layer1.0.conv2.weight": {
    "r_t_mean": 0.03890559167898327,
    "r_t_std": 0.02147593439232712,
    "r_t_min": 0.02322954855685214,
    "r_t_max": 0.4284690949889561,
    "delta_hat_mean": -2.394610084488491e-06,
    "delta_hat_std": 9.159523505299535e-06,
    "lambda_t_mean": 0.00022358438762520795,
    "lambda_t_std": 4.372344279525427e-06,
    "n_records": 780
  },
  "layer1.1.conv1.weight": {
    "r_t_mean": 0.04091592189961301,
    "r_t_std": 0.016852233457326598,
    "r_t_min": 0.02535416948706371,
    "r_t_max": 0.2931699782425011,
    "delta_hat_mean": -1.8239216012889578e-06,
    "delta_hat_std": 8.17549252032038e-06,
    "lambda_t_mean": 0.00022365550611644984,
    "lambda_t_std": 3.968473883725133e-06,
    "n_records": 780
  },
  "layer1.1.conv2.weight": {
    "r_t_mean": 0.03979760300631774,
    "r_t_std": 0.01682764595652282,
    "r_t_min": 0.02484335840205278,
    "r_t_max": 0.27527996993827913,
    "delta_hat_mean": -1.6847440333068475e-06,
    "delta_hat_std": 7.362019320075058e-06,
    "lambda_t_mean": 0.0002235269453117939,
    "lambda_t_std": 4.264256364775874e-06,
    "n_records": 780
  },
  "layer1.2.conv1.weight": {
    "r_t_mean": 0.04082559681694964,
    "r_t_std": 0.015115698917963093,
    "r_t_min": 0.02490686571260599,
    "r_t_max": 0.2586551547791636,
    "delta_hat_mean": -2.010145235977813e-06,
    "delta_hat_std": 8.244020702497624e-06,
    "lambda_t_mean": 0.0002235058085655031,
    "lambda_t_std": 4.15893536545368e-06,
    "n_records": 780
  },
  "layer1.2.conv2.weight": {
    "r_t_mean": 0.038888595521115545,
    "r_t_std": 0.014211212918481368,
    "r_t_min": 0.02536795697160191,
    "r_t_max": 0.2098969007245296,
    "delta_hat_mean": -2.3839671552958397e-06,
    "delta_hat_std": 7.192833260343251e-06,
    "lambda_t_mean": 0.00022352968072835005,
    "lambda_t_std": 4.07804361930478e-06,
    "n_records": 780
  },
  "layer2.0.conv1.weight": {
    "r_t_mean": 0.03986202534329437,
    "r_t_std": 0.0147149682899507,
    "r_t_min": 0.0248680001443552,
    "r_t_max": 0.1493031197604238,
    "delta_hat_mean": -1.4836592378054995e-06,
    "delta_hat_std": 7.751990667189825e-06,
    "lambda_t_mean": 0.000223404352688715,
    "lambda_t_std": 2.667381159435367e-06,
    "n_records": 780
  },
  "layer2.0.conv2.weight": {
    "r_t_mean": 0.04075837688524061,
    "r_t_std": 0.016892713401119884,
    "r_t_min": 0.02508065560094448,
    "r_t_max": 0.17785435285916493,
    "delta_hat_mean": -1.945266277145695e-06,
    "delta_hat_std": 4.596271812435721e-06,
    "lambda_t_mean": 0.00022350841991813642,
    "lambda_t_std": 1.958080847245888e-06,
    "n_records": 780
  },
  "layer2.0.shortcut.0.weight": {
    "r_t_mean": 0.03277309742584181,
    "r_t_std": 0.00950681279918949,
    "r_t_min": 0.02003848342396656,
    "r_t_max": 0.07676336055055992,
    "delta_hat_mean": -2.320368567737683e-06,
    "delta_hat_std": 1.705385289672431e-05,
    "lambda_t_mean": 0.00022336021234655934,
    "lambda_t_std": 7.732361157419232e-06,
    "n_records": 780
  },
  "layer2.1.conv1.weight": {
    "r_t_mean": 0.04209082062673886,
    "r_t_std": 0.016085396110639565,
    "r_t_min": 0.026217499540723492,
    "r_t_max": 0.16391529161578075,
    "delta_hat_mean": -1.9406983801704933e-06,
    "delta_hat_std": 3.876113231935638e-06,
    "lambda_t_mean": 0.00022343357105729012,
    "lambda_t_std": 2.0095076305617674e-06,
    "n_records": 780
  },
  "layer2.1.conv2.weight": {
    "r_t_mean": 0.04090551780778855,
    "r_t_std": 0.014468993589805036,
    "r_t_min": 0.026922293892294735,
    "r_t_max": 0.14279137509869608,
    "delta_hat_mean": -1.969071911229064e-06,
    "delta_hat_std": 3.7178820164730497e-06,
    "lambda_t_mean": 0.00022347814470114827,
    "lambda_t_std": 2.0639092903420356e-06,
    "n_records": 780
  },
  "layer2.2.conv1.weight": {
    "r_t_mean": 0.04380280175028995,
    "r_t_std": 0.013171413737783532,
    "r_t_min": 0.028767957179336827,
    "r_t_max": 0.12010265595149715,
    "delta_hat_mean": -2.043886635862171e-06,
    "delta_hat_std": 3.396098736052475e-06,
    "lambda_t_mean": 0.00022356729202301372,
    "lambda_t_std": 2.1601897333141353e-06,
    "n_records": 780
  },
  "layer2.2.conv2.weight": {
    "r_t_mean": 0.04158012473764243,
    "r_t_std": 0.011884463129229571,
    "r_t_min": 0.02750354287245131,
    "r_t_max": 0.10962619771565675,
    "delta_hat_mean": -1.966934034432673e-06,
    "delta_hat_std": 3.62146235891713e-06,
    "lambda_t_mean": 0.00022337861577646775,
    "lambda_t_std": 1.890998862132341e-06,
    "n_records": 780
  },
  "layer3.0.conv1.weight": {
    "r_t_mean": 0.040932770558485,
    "r_t_std": 0.012438005799088195,
    "r_t_min": 0.026918645843876106,
    "r_t_max": 0.10220851727292578,
    "delta_hat_mean": -1.693528109929054e-06,
    "delta_hat_std": 3.187633378580446e-06,
    "lambda_t_mean": 0.00022338315385923903,
    "lambda_t_std": 1.5114654696927542e-06,
    "n_records": 780
  },
  "layer3.0.conv2.weight": {
    "r_t_mean": 0.044524773142181555,
    "r_t_std": 0.014106853825315138,
    "r_t_min": 0.030169064476986206,
    "r_t_max": 0.112653687652739,
    "delta_hat_mean": -1.7913514799838542e-06,
    "delta_hat_std": 2.2969573391348584e-06,
    "lambda_t_mean": 0.00022352114855903402,
    "lambda_t_std": 1.0368313673429727e-06,
    "n_records": 780
  },
  "layer3.0.shortcut.0.weight": {
    "r_t_mean": 0.031482922807676186,
    "r_t_std": 0.008152625966724248,
    "r_t_min": 0.020439087370756254,
    "r_t_max": 0.061705932529323465,
    "delta_hat_mean": -1.663963278910949e-06,
    "delta_hat_std": 7.477837260578357e-06,
    "lambda_t_mean": 0.00022357729832648608,
    "lambda_t_std": 3.866046198227062e-06,
    "n_records": 780
  },
  "layer3.1.conv1.weight": {
    "r_t_mean": 0.04440991469345373,
    "r_t_std": 0.014865257211879531,
    "r_t_min": 0.029293448360234526,
    "r_t_max": 0.11782941104399267,
    "delta_hat_mean": -1.7882626144371798e-06,
    "delta_hat_std": 2.1919536828771664e-06,
    "lambda_t_mean": 0.00022342939051629487,
    "lambda_t_std": 1.093653873246772e-06,
    "n_records": 780
  },
  "layer3.1.conv2.weight": {
    "r_t_mean": 0.04476839468583055,
    "r_t_std": 0.012295737922468804,
    "r_t_min": 0.0308779403664608,
    "r_t_max": 0.11104600256222248,
    "delta_hat_mean": -1.9430153387846352e-06,
    "delta_hat_std": 2.160428741273396e-06,
    "lambda_t_mean": 0.0002234542884005893,
    "lambda_t_std": 1.1300829249139088e-06,
    "n_records": 780
  },
  "layer3.2.conv1.weight": {
    "r_t_mean": 0.045350563982923156,
    "r_t_std": 0.011042965337023718,
    "r_t_min": 0.031002091186537153,
    "r_t_max": 0.10508061145027232,
    "delta_hat_mean": -1.9002869971479629e-06,
    "delta_hat_std": 2.2414241176931618e-06,
    "lambda_t_mean": 0.0002234069172740644,
    "lambda_t_std": 1.2010546318112827e-06,
    "n_records": 780
  },
  "layer3.2.conv2.weight": {
    "r_t_mean": 0.04115117589427602,
    "r_t_std": 0.011155438293143702,
    "r_t_min": 0.02752014413968368,
    "r_t_max": 0.10419093678679792,
    "delta_hat_mean": -1.783395046960317e-06,
    "delta_hat_std": 2.101489485244832e-06,
    "lambda_t_mean": 0.0002233419685298564,
    "lambda_t_std": 1.436656111364309e-06,
    "n_records": 780
  },