{
  "conv1.weight": {
    "r_t_mean": 0.01473937987817852,
    "r_t_std": 0.007305232521598911,
    "r_t_min": 0.006629287912130267,
    "r_t_max": 0.344348152682272,
    "delta_hat_mean": -1.3330064785591137e-06,
    "delta_hat_std": 4.87114109630186e-05,
    "lambda_t_mean": 0.0004972113305756841,
    "lambda_t_std": 0.00010564518987064463,
    "n_records": 7800
  },
  "layer1.0.conv1.weight": {
    "r_t_mean": 0.015061624798759646,
    "r_t_std": 0.0062834837950297455,
    "r_t_min": 0.008206265882628311,
    "r_t_max": 0.35133505400336495,
    "delta_hat_mean": -2.5402344645001152e-08,
    "delta_hat_std": 1.2634440427200203e-05,
    "lambda_t_mean": 0.0004986156935601978,
    "lambda_t_std": 7.364484845985789e-05,
    "n_records": 7800
  },
  "layer1.0.conv2.weight": {
    "r_t_mean": 0.01496343525719876,
    "r_t_std": 0.005699739243638423,
    "r_t_min": 0.008227486275981253,
    "r_t_max": 0.32864251814584855,
    "delta_hat_mean": 1.1523423736678686e-07,
    "delta_hat_std": 1.4876903256696719e-05,
    "lambda_t_mean": 0.0004982304053975647,
    "lambda_t_std": 6.539072079073368e-05,
    "n_records": 7800
  },
  "layer1.1.conv1.weight": {
    "r_t_mean": 0.015364725704915197,
    "r_t_std": 0.004996931392666689,
    "r_t_min": 0.0076864956155314095,
    "r_t_max": 0.2808333608946079,
    "delta_hat_mean": -6.694959003024537e-08,
    "delta_hat_std": 8.76207883396605e-06,
    "lambda_t_mean": 0.0004983405415132101,
    "lambda_t_std": 7.362450105888947e-05,
    "n_records": 7800
  },
  "layer1.1.conv2.weight": {
    "r_t_mean": 0.015215087880851422,
    "r_t_std": 0.00498198297511223,
    "r_t_min": 0.007839022893518604,
    "r_t_max": 0.23395535655121724,
    "delta_hat_mean": 2.4689243222986726e-08,
    "delta_hat_std": 9.295858286274324e-06,
    "lambda_t_mean": 0.0004991325680654623,
    "lambda_t_std": 6.860262551590932e-05,
    "n_records": 7800
  },
  "layer1.2.conv1.weight": {
    "r_t_mean": 0.015175736830493527,
    "r_t_std": 0.004580977649643221,
    "r_t_min": 0.008339732028119586,
    "r_t_max": 0.24478989319409028,
    "delta_hat_mean": -1.5250910715926589e-09,
    "delta_hat_std": 8.825532547615841e-06,
    "lambda_t_mean": 0.0004983422223872237,
    "lambda_t_std": 6.88150864720598e-05,
    "n_records": 7800
  },
  "layer1.2.conv2.weight": {
    "r_t_mean": 0.015072036293228787,
    "r_t_std": 0.004520534601746179,
    "r_t_min": 0.008157050948409511,
    "r_t_max": 0.22360022530612678,
    "delta_hat_mean": 1.5274534120731568e-07,
    "delta_hat_std": 9.224028676634911e-06,
    "lambda_t_mean": 0.0004986271384325973,
    "lambda_t_std": 6.572713587492674e-05,
    "n_records": 7800
  },
  "layer2.0.conv1.weight": {
    "r_t_mean": 0.015105677695433197,
    "r_t_std": 0.004167139777951749,
    "r_t_min": 0.008227116025501698,
    "r_t_max": 0.16447902249227164,
    "delta_hat_mean": -9.083570894685699e-08,
    "delta_hat_std": 8.771348193029354e-06,
    "lambda_t_mean": 0.0004982381394429497,
    "lambda_t_std": 6.451710307245538e-05,
    "n_records": 7800
  },
  "layer2.0.conv2.weight": {
    "r_t_mean": 0.015010236444036769,
    "r_t_std": 0.004511211699194765,
    "r_t_min": 0.008380067886040073,
    "r_t_max": 0.16764270458767683,
    "delta_hat_mean": 2.925441130730011e-08,
    "delta_hat_std": 5.428894690437897e-06,
    "lambda_t_mean": 0.0004985352812214096,
    "lambda_t_std": 5.8851198454696533e-05,
    "n_records": 7800
  },
  "layer2.0.shortcut.0.weight": {
    "r_t_mean": 0.014226077513856673,
    "r_t_std": 0.003796336202345789,
    "r_t_min": 0.007848451386482184,
    "r_t_max": 0.05716138946897331,
    "delta_hat_mean": 3.684411123026885e-08,
    "delta_hat_std": 2.4369308454283454e-05,
    "lambda_t_mean": 0.0004989251049231061,
    "lambda_t_std": 6.3555116838152e-05,
    "n_records": 7800
  },
  "layer2.1.conv1.weight": {
    "r_t_mean": 0.015525672280448039,
    "r_t_std": 0.00449443901495777,
    "r_t_min": 0.008596878960905803,
    "r_t_max": 0.16336424361831384,
    "delta_hat_mean": -3.1473877227426194e-08,
    "delta_hat_std": 3.7279166913613485e-06,
    "lambda_t_mean": 0.0004990456673835135,
    "lambda_t_std": 6.0690613333264476e-05,
    "n_records": 7800
  },
  "layer2.1.conv2.weight": {
    "r_t_mean": 0.015389877060267485,
    "r_t_std": 0.004275488709509896,
    "r_t_min": 0.008306363042598575,
    "r_t_max": 0.1324902186199749,
    "delta_hat_mean": 2.6719135229108373e-08,
    "delta_hat_std": 3.529748570398157e-06,
    "lambda_t_mean": 0.0004988139343544301,
    "lambda_t_std": 5.718371468297852e-05,
    "n_records": 7800
  },
  "layer2.2.conv1.weight": {
    "r_t_mean": 0.015512172734964167,
    "r_t_std": 0.004475186608026079,
    "r_t_min": 0.008747326461560928,
    "r_t_max": 0.12661706050671745,
    "delta_hat_mean": -1.4743868481979462e-08,
    "delta_hat_std": 3.753489551853551e-06,
    "lambda_t_mean": 0.0004989376786927259,
    "lambda_t_std": 6.0085206437904136e-05,
    "n_records": 7800
  },
  "layer2.2.conv2.weight": {
    "r_t_mean": 0.015208852702142105,
    "r_t_std": 0.0042189326578629584,
    "r_t_min": 0.008372133943485013,
    "r_t_max": 0.11284424580027858,
    "delta_hat_mean": -6.16176908242051e-08,
    "delta_hat_std": 3.961858833791539e-06,
    "lambda_t_mean": 0.000499197575459884,
    "lambda_t_std": 5.6812542265848745e-05,
    "n_records": 7800
  },
  "layer3.0.conv1.weight": {
    "r_t_mean": 0.014926016352841786,
    "r_t_std": 0.004148561728397496,
    "r_t_min": 0.008470862129834231,
    "r_t_max": 0.08782516010569373,
    "delta_hat_mean": 4.924677705367953e-08,
    "delta_hat_std": 3.4048037600017835e-06,
    "lambda_t_mean": 0.0004992136675059671,
    "lambda_t_std": 5.5234192713358e-05,
    "n_records": 7800
  },
  "layer3.0.conv2.weight": {
    "r_t_mean": 0.015397682828419459,
    "r_t_std": 0.0045150105149560525,
    "r_t_min": 0.008845406028395383,
    "r_t_max": 0.10971112657588067,
    "delta_hat_mean": -4.9263478681219554e-08,
    "delta_hat_std": 2.177145614029078e-06,
    "lambda_t_mean": 0.0004993392196836512,
    "lambda_t_std": 5.374656967256103e-05,
    "n_records": 7800
  },
  "layer3.0.shortcut.0.weight": {
    "r_t_mean": 0.013588572927265605,
    "r_t_std": 0.003410454554276229,
    "r_t_min": 0.008001721992525376,
    "r_t_max": 0.045587411616195964,
    "delta_hat_mean": -4.445967413808251e-08,
    "delta_hat_std": 8.479267181924723e-06,
    "lambda_t_mean": 0.0004994756070206622,
    "lambda_t_std": 5.437834639555142e-05,
    "n_records": 7800
  },
  "layer3.1.conv1.weight": {
    "r_t_mean": 0.015576719137472566,
    "r_t_std": 0.004573488050770688,
    "r_t_min": 0.008721436119513003,
    "r_t_max": 0.0988521483557643,
    "delta_hat_mean": 1.7938546338920792e-08,
    "delta_hat_std": 2.0122601358729146e-06,
    "lambda_t_mean": 0.0004994582991549216,
    "lambda_t_std": 5.427139563364389e-05,
    "n_records": 7800
  },
  "layer3.1.conv2.weight": {
    "r_t_mean": 0.015623633984311117,
    "r_t_std": 0.00422762189442311,
    "r_t_min": 0.009017559504174148,
    "r_t_max": 0.0935347390901999,
    "delta_hat_mean": -3.399155476776302e-08,
    "delta_hat_std": 1.6058482024286813e-06,
    "lambda_t_mean": 0.0004992631436144918,
    "lambda_t_std": 5.338192215171261e-05,
    "n_records": 7800
  },
  "layer3.2.conv1.weight": {
    "r_t_mean": 0.015644492566602164,
    "r_t_std": 0.004245833866883937,
    "r_t_min": 0.008996254213651037,
    "r_t_max": 0.0952190787622709,
    "delta_hat_mean": -1.3487156583765957e-08,
    "delta_hat_std": 1.8901038268389068e-06,
    "lambda_t_mean": 0.0004993955989905138,
    "lambda_t_std": 5.2885247727374624e-05,
    "n_records": 7800
  },
  "layer3.2.conv2.weight": {
    "r_t_mean": 0.015132056637214748,
    "r_t_std": 0.003995508535936091,
    "r_t_min": 0.009055830877739826,
    "r_t_max": 0.11417624595241592,
    "delta_hat_mean": -1.1271279057579058e-08,
    "delta_hat_std": 1.6146157021181172e-06,
    "lambda_t_mean": 0.0004994321120378433,
    "lambda_t_std": 5.235480565182859e-05,