{
  "conv1.weight": {
    "r_t_mean": 0.011000108116778618,
    "r_t_std": 0.006850934555871248,
    "r_t_min": 0.003931761590583623,
    "r_t_max": 0.2109720780603781,
    "delta_hat_mean": -8.486025690847198e-06,
    "delta_hat_std": 4.5858697810701624e-05,
    "lambda_t_mean": 0.00025017791682711014,
    "lambda_t_std": 8.68701345284377e-06,
    "n_records": 7800
  },
  "layer1.0.conv1.weight": {
    "r_t_mean": 0.011035792653166083,
    "r_t_std": 0.00641845805886252,
    "r_t_min": 0.004970270350099425,
    "r_t_max": 0.3937967191645351,
    "delta_hat_mean": -7.313099383219872e-06,
    "delta_hat_std": 1.604101570993194e-05,
    "lambda_t_mean": 0.00025002996709293284,
    "lambda_t_std": 5.1191669470811946e-06,
    "n_records": 7800
  },
  "layer1.0.conv2.weight": {
    "r_t_mean": 0.01102181248869526,
    "r_t_std": 0.0059453823876052195,
    "r_t_min": 0.004527118810517573,
    "r_t_max": 0.34680736169692344,
    "delta_hat_mean": -7.265201238314847e-06,
    "delta_hat_std": 1.0431569283446112e-05,
    "lambda_t_mean": 0.0002499769101196375,
    "lambda_t_std": 4.863705733423372e-06,
    "n_records": 7800
  },
  "layer1.1.conv1.weight": {
    "r_t_mean": 0.011525359726139375,
    "r_t_std": 0.00490452393055294,
    "r_t_min": 0.004977367348092342,
    "r_t_max": 0.26910873091876986,
    "delta_hat_mean": -7.436495244444068e-06,
    "delta_hat_std": 9.303483697581805e-06,
    "lambda_t_mean": 0.0002499691198002069,
    "lambda_t_std": 4.874278829548017e-06,
    "n_records": 7800
  },
  "layer1.1.conv2.weight": {
    "r_t_mean": 0.011368256147936632,
    "r_t_std": 0.0049600224442825835,
    "r_t_min": 0.005062566710401972,
    "r_t_max": 0.27028171883257107,
    "delta_hat_mean": -7.709749126361645e-06,
    "delta_hat_std": 9.364489713570057e-06,
    "lambda_t_mean": 0.0002499985836942991,
    "lambda_t_std": 4.570594809385175e-06,
    "n_records": 7800
  },
  "layer1.2.conv1.weight": {
    "r_t_mean": 0.01175258317139378,
    "r_t_std": 0.0046454852883720445,
    "r_t_min": 0.0053100448151461,
    "r_t_max": 0.2131377283902293,
    "delta_hat_mean": -7.242727275825072e-06,
    "delta_hat_std": 8.557554198526613e-06,
    "lambda_t_mean": 0.00024998342046943993,
    "lambda_t_std": 4.667876478199111e-06,
    "n_records": 7800
  },
  "layer1.2.conv2.weight": {
    "r_t_mean": 0.011241750987746933,
    "r_t_std": 0.0042971778372777976,
    "r_t_min": 0.005431228438085844,
    "r_t_max": 0.16884303652815064,
    "delta_hat_mean": -7.524286853759555e-06,
    "delta_hat_std": 9.265336903355337e-06,
    "lambda_t_mean": 0.00024996244234152333,
    "lambda_t_std": 5.027275571401414e-06,
    "n_records": 7800
  },
  "layer2.0.conv1.weight": {
    "r_t_mean": 0.011128653152509766,
    "r_t_std": 0.004567110164060329,
    "r_t_min": 0.00522495569917132,
    "r_t_max": 0.13626096714360933,
    "delta_hat_mean": -7.350015105118053e-06,
    "delta_hat_std": 9.420307542381323e-06,
    "lambda_t_mean": 0.0002500540893391157,
    "lambda_t_std": 3.4261820130269697e-06,
    "n_records": 7800
  },
  "layer2.0.conv2.weight": {
    "r_t_mean": 0.011309135377076202,
    "r_t_std": 0.004961980924543378,
    "r_t_min": 0.00523133800102655,
    "r_t_max": 0.15406510309377322,
    "delta_hat_mean": -7.649454305151547e-06,
    "delta_hat_std": 7.0087429704544435e-06,
    "lambda_t_mean": 0.0002499891030998566,
    "lambda_t_std": 2.253776476917032e-06,
    "n_records": 7800
  },
  "layer2.0.shortcut.0.weight": {
    "r_t_mean": 0.010306200228960873,
    "r_t_std": 0.004020122958152245,
    "r_t_min": 0.004445158718960353,
    "r_t_max": 0.0579210949313304,
    "delta_hat_mean": -6.986627248845713e-06,
    "delta_hat_std": 2.2074783680377935e-05,
    "lambda_t_mean": 0.00025014197716346153,
    "lambda_t_std": 8.851781744345881e-06,
    "n_records": 7800
  },
  "layer2.1.conv1.weight": {
    "r_t_mean": 0.011638060069125876,
    "r_t_std": 0.004386382783605866,
    "r_t_min": 0.005777176619911298,
    "r_t_max": 0.13838982513124906,
    "delta_hat_mean": -7.72523737511564e-06,
    "delta_hat_std": 6.432033724259758e-06,
    "lambda_t_mean": 0.00025003658869709723,
    "lambda_t_std": 2.3463601078539823e-06,
    "n_records": 7800
  },
  "layer2.1.conv2.weight": {
    "r_t_mean": 0.011536224850085989,
    "r_t_std": 0.004296896893939758,
    "r_t_min": 0.00572913697811544,
    "r_t_max": 0.1218696281879,
    "delta_hat_mean": -7.797325245537325e-06,
    "delta_hat_std": 6.353442996032578e-06,
    "lambda_t_mean": 0.0002499654539445272,
    "lambda_t_std": 2.26239122169525e-06,
    "n_records": 7800
  },
  "layer2.2.conv1.weight": {
    "r_t_mean": 0.011721436322305932,
    "r_t_std": 0.004656121041354181,
    "r_t_min": 0.005654278409830945,
    "r_t_max": 0.10788101846333266,
    "delta_hat_mean": -7.641728103513035e-06,
    "delta_hat_std": 6.445950474469625e-06,
    "lambda_t_mean": 0.0002500205561786126,
    "lambda_t_std": 2.255062382635376e-06,
    "n_records": 7800
  },
  "layer2.2.conv2.weight": {
    "r_t_mean": 0.011460913213121154,
    "r_t_std": 0.004122704261102993,
    "r_t_min": 0.0054227657410891505,
    "r_t_max": 0.09720509491922294,
    "delta_hat_mean": -7.763039284889932e-06,
    "delta_hat_std": 6.710117213956935e-06,
    "lambda_t_mean": 0.00024995852653223735,
    "lambda_t_std": 2.320969895073235e-06,
    "n_records": 7800
  },
  "layer3.0.conv1.weight": {
    "r_t_mean": 0.011235965891317961,
    "r_t_std": 0.004357554453847797,
    "r_t_min": 0.005192104918519187,
    "r_t_max": 0.07375033910492146,
    "delta_hat_mean": -7.718349476423618e-06,
    "delta_hat_std": 6.502620626908926e-06,
    "lambda_t_mean": 0.00025000416193443994,
    "lambda_t_std": 1.6862192093463106e-06,
    "n_records": 7800
  },
  "layer3.0.conv2.weight": {
    "r_t_mean": 0.011755282211962034,
    "r_t_std": 0.00465030213918778,
    "r_t_min": 0.005398981269808808,
    "r_t_max": 0.10069305229767377,
    "delta_hat_mean": -7.728335722258576e-06,
    "delta_hat_std": 5.842131255075397e-06,
    "lambda_t_mean": 0.00025001982756532153,
    "lambda_t_std": 1.1698650297062075e-06,
    "n_records": 7800
  },
  "layer3.0.shortcut.0.weight": {
    "r_t_mean": 0.009743372246276239,
    "r_t_std": 0.003548976565828417,
    "r_t_min": 0.004379256557376365,
    "r_t_max": 0.045725215542983075,
    "delta_hat_mean": -7.658061956683988e-06,
    "delta_hat_std": 9.97519692689796e-06,
    "lambda_t_mean": 0.00025004745092147435,
    "lambda_t_std": 4.304203079552312e-06,
    "n_records": 7800
  },
  "layer3.1.conv1.weight": {
    "r_t_mean": 0.011895705205662603,
    "r_t_std": 0.004697418280497258,
    "r_t_min": 0.005623086019398489,
    "r_t_max": 0.0900357725208574,
    "delta_hat_mean": -7.635783220682582e-06,
    "delta_hat_std": 5.715703795472023e-06,
    "lambda_t_mean": 0.00024996771116478323,
    "lambda_t_std": 1.257843252995108e-06,
    "n_records": 7800
  },
  "layer3.1.conv2.weight": {
    "r_t_mean": 0.011928489832402378,
    "r_t_std": 0.004316187081516695,
    "r_t_min": 0.0056996810512633745,
    "r_t_max": 0.09170581353374536,
    "delta_hat_mean": -7.6384300440018e-06,
    "delta_hat_std": 5.618482207979796e-06,
    "lambda_t_mean": 0.00024999241230388487,
    "lambda_t_std": 1.2501191803532382e-06,
    "n_records": 7800
  },
  "layer3.2.conv1.weight": {
    "r_t_mean": 0.012115981872499935,
    "r_t_std": 0.004210581039461752,
    "r_t_min": 0.005870270088395221,
    "r_t_max": 0.08735544686556972,
    "delta_hat_mean": -7.65702182718463e-06,
    "delta_hat_std": 5.720092244413697e-06,
    "lambda_t_mean": 0.0002499878665136221,
    "lambda_t_std": 1.3164188509068908e-06,
    "n_records": 7800
  },
  "layer3.2.conv2.weight": {
    "r_t_mean": 0.011729831132290397,
    "r_t_std": 0.0042111991091576305,
    "r_t_min": 0.0052973909325892184,
    "r_t_max": 0.14927194955769502,
    "delta_hat_mean": -7.658527118177585e-06,
    "delta_hat_std": 5.653223603778316e-06,
    "lambda_t_mean": 0.00024997005005868584,
    "lambda_t_std": 1.463636856008083e-06,