{
  "conv1.weight": {
    "r_t_mean": 0.06965955446946097,
    "r_t_std": 0.041415731865919875,
    "r_t_min": 0.03327307570451051,
    "r_t_max": 0.481251731117851,
    "delta_hat_mean": 2.1864711302354267e-07,
    "delta_hat_std": 3.518827180144363e-05,
    "lambda_t_mean": 0.00011826111575161921,
    "lambda_t_std": 1.8116435681251226e-05,
    "n_records": 780
  },
  "layer1.0.conv1.weight": {
    "r_t_mean": 0.06724729256015986,
    "r_t_std": 0.033006359663573355,
    "r_t_min": 0.03590091677329791,
    "r_t_max": 0.5190013499779687,
    "delta_hat_mean": 5.151461373874537e-07,
    "delta_hat_std": 8.70763406921344e-06,
    "lambda_t_mean": 0.00010969902206169733,
    "lambda_t_std": 1.1680155782442352e-05,
    "n_records": 780
  },
  "layer1.0.conv2.weight": {
    "r_t_mean": 0.06553263851734584,
    "r_t_std": 0.028645242608014973,
    "r_t_min": 0.038758306328105695,
    "r_t_max": 0.42846697860077104,
    "delta_hat_mean": -4.630785369961142e-07,
    "delta_hat_std": 8.230817441873716e-06,
    "lambda_t_mean": 0.00010741325206738782,
    "lambda_t_std": 9.681697975283714e-06,
    "n_records": 780
  },
  "layer1.1.conv1.weight": {
    "r_t_mean": 0.06732273300495235,
    "r_t_std": 0.023862258265709327,
    "r_t_min": 0.04104851760765349,
    "r_t_max": 0.2931685942453659,
    "delta_hat_mean": -5.0033962729189e-08,
    "delta_hat_std": 6.433245910769343e-06,
    "lambda_t_mean": 0.00010749963612139771,
    "lambda_t_std": 9.854276807800745e-06,
    "n_records": 780
  },
  "layer1.1.conv2.weight": {
    "r_t_mean": 0.06514804400271959,
    "r_t_std": 0.023358139024894354,
    "r_t_min": 0.04078562363423036,
    "r_t_max": 0.2752786078627874,
    "delta_hat_mean": 1.0067524127574319e-07,
    "delta_hat_std": 6.22424390456928e-06,
    "lambda_t_mean": 0.00010692121358084863,
    "lambda_t_std": 9.182417394662093e-06,
    "n_records": 780
  },
  "layer1.2.conv1.weight": {
    "r_t_mean": 0.07094577756267267,
    "r_t_std": 0.020901159319683282,
    "r_t_min": 0.04468743643876006,
    "r_t_max": 0.25865392866563,
    "delta_hat_mean": -5.548342824723544e-08,
    "delta_hat_std": 6.783390450926152e-06,
    "lambda_t_mean": 0.00010842300957858756,
    "lambda_t_std": 1.0225484559913839e-05,
    "n_records": 780
  },
  "layer1.2.conv2.weight": {
    "r_t_mean": 0.06572668841994146,
    "r_t_std": 0.020866495004591566,
    "r_t_min": 0.03952374224389115,
    "r_t_max": 0.20989589889135438,
    "delta_hat_mean": 3.271912622137253e-07,
    "delta_hat_std": 7.400721958522391e-06,
    "lambda_t_mean": 0.00010689881382047044,
    "lambda_t_std": 9.436467890628439e-06,
    "n_records": 780
  },
  "layer2.0.conv1.weight": {
    "r_t_mean": 0.06567522524720341,
    "r_t_std": 0.02157800150020245,
    "r_t_min": 0.04072823397706484,
    "r_t_max": 0.16430270659034255,
    "delta_hat_mean": 7.941432872956766e-08,
    "delta_hat_std": 6.895275494909714e-06,
    "lambda_t_mean": 0.00010681423703496724,
    "lambda_t_std": 9.12635028818703e-06,
    "n_records": 780
  },
  "layer2.0.conv2.weight": {
    "r_t_mean": 0.06901332404144983,
    "r_t_std": 0.025324857567303485,
    "r_t_min": 0.04241989298978731,
    "r_t_max": 0.1938071177059552,
    "delta_hat_mean": 1.725696747848305e-07,
    "delta_hat_std": 3.7247955439577528e-06,
    "lambda_t_mean": 0.00010574681092853415,
    "lambda_t_std": 8.074152542586531e-06,
    "n_records": 780
  },
  "layer2.0.shortcut.0.weight": {
    "r_t_mean": 0.052706622148920974,
    "r_t_std": 0.011942445714610573,
    "r_t_min": 0.0228186697890352,
    "r_t_max": 0.10540530263314841,
    "delta_hat_mean": -5.109272692576789e-08,
    "delta_hat_std": 1.4493904916049637e-05,
    "lambda_t_mean": 0.00010718801180743116,
    "lambda_t_std": 8.867322580429904e-06,
    "n_records": 780
  },
  "layer2.1.conv1.weight": {
    "r_t_mean": 0.07182127673274774,
    "r_t_std": 0.024533524096939804,
    "r_t_min": 0.04630282275053932,
    "r_t_max": 0.1907288619667614,
    "delta_hat_mean": -1.0531177555276982e-07,
    "delta_hat_std": 2.985810576217099e-06,
    "lambda_t_mean": 0.00010634449251684383,
    "lambda_t_std": 8.18171163154612e-06,
    "n_records": 780
  },
  "layer2.1.conv2.weight": {
    "r_t_mean": 0.06965487576001039,
    "r_t_std": 0.021225722780378712,
    "r_t_min": 0.04369220120328889,
    "r_t_max": 0.17196621113749166,
    "delta_hat_mean": 3.012240621337912e-08,
    "delta_hat_std": 3.409318762281176e-06,
    "lambda_t_mean": 0.00010536348580167245,
    "lambda_t_std": 7.70474937585796e-06,
    "n_records": 780
  },
  "layer2.2.conv1.weight": {
    "r_t_mean": 0.07343172624065354,
    "r_t_std": 0.01999514625209744,
    "r_t_min": 0.04606855744132997,
    "r_t_max": 0.1822123259762358,
    "delta_hat_mean": -1.7124035464938094e-07,
    "delta_hat_std": 2.7462711570033493e-06,
    "lambda_t_mean": 0.00010604678494499027,
    "lambda_t_std": 7.936016500063046e-06,
    "n_records": 780
  },
  "layer2.2.conv2.weight": {
    "r_t_mean": 0.06898033394491493,
    "r_t_std": 0.018500073387120335,
    "r_t_min": 0.04410955174901348,
    "r_t_max": 0.16846447559219072,
    "delta_hat_mean": -1.8221709911190265e-07,
    "delta_hat_std": 3.2048588344713696e-06,
    "lambda_t_mean": 0.00010550971115798256,
    "lambda_t_std": 7.688664765266004e-06,
    "n_records": 780
  },
  "layer3.0.conv1.weight": {
    "r_t_mean": 0.06880551373709143,
    "r_t_std": 0.01741771315177464,
    "r_t_min": 0.04503511787496221,
    "r_t_max": 0.14972063064718558,
    "delta_hat_mean": 1.3635099138539702e-07,
    "delta_hat_std": 2.9613067638604876e-06,
    "lambda_t_mean": 0.00010507425595062336,
    "lambda_t_std": 7.501943797157988e-06,
    "n_records": 780
  },
  "layer3.0.conv2.weight": {
    "r_t_mean": 0.07664634182280554,
    "r_t_std": 0.018552308223603074,
    "r_t_min": 0.05022207855415611,
    "r_t_max": 0.15224412860610376,
    "delta_hat_mean": 3.747996692844168e-08,
    "delta_hat_std": 1.7535762815637092e-06,
    "lambda_t_mean": 0.00010463958280136354,
    "lambda_t_std": 7.446105798856486e-06,
    "n_records": 780
  },
  "layer3.0.shortcut.0.weight": {
    "r_t_mean": 0.04912940630567644,
    "r_t_std": 0.008009856482769974,
    "r_t_min": 0.02546721175771045,
    "r_t_max": 0.07816164536105955,
    "delta_hat_mean": -1.300370317818096e-07,
    "delta_hat_std": 7.0463084456516655e-06,
    "lambda_t_mean": 0.00010504648349863406,
    "lambda_t_std": 7.627063357216556e-06,
    "n_records": 780
  },
  "layer3.1.conv1.weight": {
    "r_t_mean": 0.07666928577161691,
    "r_t_std": 0.019064225330001846,
    "r_t_min": 0.04923641563102773,
    "r_t_max": 0.15393632390344766,
    "delta_hat_mean": -4.9110615934972896e-08,
    "delta_hat_std": 1.7209069798162743e-06,
    "lambda_t_mean": 0.00010473677004025061,
    "lambda_t_std": 7.249504158778407e-06,
    "n_records": 780
  },
  "layer3.1.conv2.weight": {
    "r_t_mean": 0.07448931568713876,
    "r_t_std": 0.015526171610294848,
    "r_t_min": 0.0512362386512173,
    "r_t_max": 0.13623680258528126,
    "delta_hat_mean": -4.2760286057427695e-08,
    "delta_hat_std": 1.6201674946805556e-06,
    "lambda_t_mean": 0.00010438431240163132,
    "lambda_t_std": 6.77092943975387e-06,
    "n_records": 780
  },
  "layer3.2.conv1.weight": {
    "r_t_mean": 0.07594740924334709,
    "r_t_std": 0.013032657904464954,
    "r_t_min": 0.05188910846320314,
    "r_t_max": 0.12896643213843278,
    "delta_hat_mean": -2.7972542547229405e-09,
    "delta_hat_std": 1.482743474143644e-06,
    "lambda_t_mean": 0.00010453011921376813,
    "lambda_t_std": 6.8557447557163325e-06,
    "n_records": 780
  },
  "layer3.2.conv2.weight": {
    "r_t_mean": 0.06689031897786785,
    "r_t_std": 0.013590010640781722,
    "r_t_min": 0.04452987137477073,
    "r_t_max": 0.1201904205483163,
    "delta_hat_mean": -1.539596174344054e-07,
    "delta_hat_std": 1.5152158558861533e-06,
    "lambda_t_mean": 0.00010417201748449854,
    "lambda_t_std": 6.5608658625423046e-06,
    "n_records": 780
  },