{
  "conv1.weight": {
    "r_t_mean": 0.015178650128433297,
    "r_t_std": 0.007853307903612789,
    "r_t_min": 0.006679992633525165,
    "r_t_max": 0.4812751498758097,
    "delta_hat_mean": -1.3014835503380415e-06,
    "delta_hat_std": 5.0252214963636084e-05,
    "lambda_t_mean": 0.00053659014230768,
    "lambda_t_std": 2.8398727858393062e-05,
    "n_records": 7800
  },
  "layer1.0.conv1.weight": {
    "r_t_mean": 0.01518808664823995,
    "r_t_std": 0.006878082759174144,
    "r_t_min": 0.007710934583425871,
    "r_t_max": 0.5190265442655931,
    "delta_hat_mean": -1.9234137759997594e-07,
    "delta_hat_std": 1.4505435312586954e-05,
    "lambda_t_mean": 0.000525221884099058,
    "lambda_t_std": 2.019307627788254e-05,
    "n_records": 7800
  },
  "layer1.0.conv2.weight": {
    "r_t_mean": 0.01516214081922877,
    "r_t_std": 0.0062307038667249615,
    "r_t_min": 0.008257100484624405,
    "r_t_max": 0.42848783475481467,
    "delta_hat_mean": 5.33654759840396e-08,
    "delta_hat_std": 1.183470961122198e-05,
    "lambda_t_mean": 0.0005230412852907816,
    "lambda_t_std": 1.809011481620554e-05,
    "n_records": 7800
  },
  "layer1.1.conv1.weight": {
    "r_t_mean": 0.015443784762598119,
    "r_t_std": 0.004974365579211518,
    "r_t_min": 0.008255294498644735,
    "r_t_max": 0.29318285605967587,
    "delta_hat_mean": 2.304230837172435e-07,
    "delta_hat_std": 1.121183199056165e-05,
    "lambda_t_mean": 0.0005240628161889872,
    "lambda_t_std": 1.9295172721763637e-05,
    "n_records": 7800
  },
  "layer1.1.conv2.weight": {
    "r_t_mean": 0.015247298076939917,
    "r_t_std": 0.004862353178683847,
    "r_t_min": 0.00781639999398259,
    "r_t_max": 0.2752919738113606,
    "delta_hat_mean": 3.845080943149091e-08,
    "delta_hat_std": 9.510993810618537e-06,
    "lambda_t_mean": 0.0005236461325816004,
    "lambda_t_std": 1.8883194234654367e-05,
    "n_records": 7800
  },
  "layer1.2.conv1.weight": {
    "r_t_mean": 0.016038508817532614,
    "r_t_std": 0.004479279320689216,
    "r_t_min": 0.008078919677730976,
    "r_t_max": 0.25866648355189337,
    "delta_hat_mean": 7.33308794396945e-08,
    "delta_hat_std": 9.610285834204233e-06,
    "lambda_t_mean": 0.0005237332709979448,
    "lambda_t_std": 1.9001682645743162e-05,
    "n_records": 7800
  },
  "layer1.2.conv2.weight": {
    "r_t_mean": 0.015551853976078259,
    "r_t_std": 0.0042795449060927205,
    "r_t_min": 0.007336040137154431,
    "r_t_max": 0.2099061136822812,
    "delta_hat_mean": 2.0980454204452042e-07,
    "delta_hat_std": 9.018249666967387e-06,
    "lambda_t_mean": 0.000522928926550614,
    "lambda_t_std": 1.8296962276061872e-05,
    "n_records": 7800
  },
  "layer2.0.conv1.weight": {
    "r_t_mean": 0.015205418630302812,
    "r_t_std": 0.004398771551739045,
    "r_t_min": 0.008157192013792856,
    "r_t_max": 0.1493096810871661,
    "delta_hat_mean": 1.0284048278277392e-08,
    "delta_hat_std": 9.142260191786761e-06,
    "lambda_t_mean": 0.0005219221732912924,
    "lambda_t_std": 1.7539810122304942e-05,
    "n_records": 7800
  },
  "layer2.0.conv2.weight": {
    "r_t_mean": 0.015133222545341359,
    "r_t_std": 0.004813154741200584,
    "r_t_min": 0.008553005850930695,
    "r_t_max": 0.17786216738774682,
    "delta_hat_mean": 7.233963645286438e-08,
    "delta_hat_std": 5.6094662470476e-06,
    "lambda_t_mean": 0.0005198016513184578,
    "lambda_t_std": 1.6086563487688843e-05,
    "n_records": 7800
  },
  "layer2.0.shortcut.0.weight": {
    "r_t_mean": 0.014616031848817825,
    "r_t_std": 0.0038008789546861276,
    "r_t_min": 0.007807751687027201,
    "r_t_max": 0.05216229188050113,
    "delta_hat_mean": -4.773532745869296e-07,
    "delta_hat_std": 1.993386520031947e-05,
    "lambda_t_mean": 0.0005225121286212759,
    "lambda_t_std": 1.773750847758451e-05,
    "n_records": 7800
  },
  "layer2.1.conv1.weight": {
    "r_t_mean": 0.01560833569376731,
    "r_t_std": 0.004721168383488985,
    "r_t_min": 0.008572389711660796,
    "r_t_max": 0.16392249116725782,
    "delta_hat_mean": -2.5050693040278407e-08,
    "delta_hat_std": 3.652304969108459e-06,
    "lambda_t_mean": 0.0005209449164407966,
    "lambda_t_std": 1.6974033280745663e-05,
    "n_records": 7800
  },
  "layer2.1.conv2.weight": {
    "r_t_mean": 0.0154459051014353,
    "r_t_std": 0.004451923403491576,
    "r_t_min": 0.008893421223599082,
    "r_t_max": 0.1427976393889528,
    "delta_hat_mean": -2.9300396886882242e-08,
    "delta_hat_std": 3.7649271109454904e-06,
    "lambda_t_mean": 0.0005197552803913695,
    "lambda_t_std": 1.580979898092459e-05,
    "n_records": 7800
  },
  "layer2.2.conv1.weight": {
    "r_t_mean": 0.01588031629644917,
    "r_t_std": 0.004300025830291619,
    "r_t_min": 0.008641045269171487,
    "r_t_max": 0.12010794784081062,
    "delta_hat_mean": 9.207072120153191e-09,
    "delta_hat_std": 3.403274497621971e-06,
    "lambda_t_mean": 0.0005204666679930559,
    "lambda_t_std": 1.6653767822149318e-05,
    "n_records": 7800
  },
  "layer2.2.conv2.weight": {
    "r_t_mean": 0.015559733741775165,
    "r_t_std": 0.0039956729008340875,
    "r_t_min": 0.0086308355163425,
    "r_t_max": 0.10963100988814509,
    "delta_hat_mean": -1.2927293800040037e-08,
    "delta_hat_std": 3.8615319219968e-06,
    "lambda_t_mean": 0.0005196906197069178,
    "lambda_t_std": 1.5832300934840964e-05,
    "n_records": 7800
  },
  "layer3.0.conv1.weight": {
    "r_t_mean": 0.015126202945736205,
    "r_t_std": 0.004105564004149553,
    "r_t_min": 0.008963885858270172,
    "r_t_max": 0.08246637120474248,
    "delta_hat_mean": 1.65319707226054e-08,
    "delta_hat_std": 3.195548205801719e-06,
    "lambda_t_mean": 0.0005189591521827001,
    "lambda_t_std": 1.548035125062161e-05,
    "n_records": 7800
  },
  "layer3.0.conv2.weight": {
    "r_t_mean": 0.015598760019024846,
    "r_t_std": 0.004410463675522006,
    "r_t_min": 0.009109125658153883,
    "r_t_max": 0.1117099949635886,
    "delta_hat_mean": -1.6916810491261723e-08,
    "delta_hat_std": 2.153839213035428e-06,
    "lambda_t_mean": 0.0005185489045637304,
    "lambda_t_std": 1.5190854878351745e-05,
    "n_records": 7800
  },
  "layer3.0.shortcut.0.weight": {
    "r_t_mean": 0.01375187948651631,
    "r_t_std": 0.003447875846092183,
    "r_t_min": 0.00784867305450377,
    "r_t_max": 0.05002898136325137,
    "delta_hat_mean": 1.362826807358705e-07,
    "delta_hat_std": 8.483971230274544e-06,
    "lambda_t_mean": 0.0005190515166387501,
    "lambda_t_std": 1.529784970851381e-05,
    "n_records": 7800
  },
  "layer3.1.conv1.weight": {
    "r_t_mean": 0.01583735887475354,
    "r_t_std": 0.0044015309336008215,
    "r_t_min": 0.008915948019723981,
    "r_t_max": 0.10401180263363909,
    "delta_hat_mean": -1.0971599862974753e-08,
    "delta_hat_std": 2.021907281435744e-06,
    "lambda_t_mean": 0.0005188684342475952,
    "lambda_t_std": 1.538207106738613e-05,
    "n_records": 7800
  },
  "layer3.1.conv2.weight": {
    "r_t_mean": 0.01588595934726119,
    "r_t_std": 0.00415124500232019,
    "r_t_min": 0.009238146851954645,
    "r_t_max": 0.11105088673760102,
    "delta_hat_mean": -3.4938949918844466e-08,
    "delta_hat_std": 1.5649785000978346e-06,
    "lambda_t_mean": 0.0005185106797113005,
    "lambda_t_std": 1.5006121782762169e-05,
    "n_records": 7800
  },
  "layer3.2.conv1.weight": {
    "r_t_mean": 0.015740592693443994,
    "r_t_std": 0.004352999660705318,
    "r_t_min": 0.009149252805162001,
    "r_t_max": 0.10508522475316463,
    "delta_hat_mean": 1.2071475070459718e-08,
    "delta_hat_std": 1.8886055236347513e-06,
    "lambda_t_mean": 0.0005181076974734801,
    "lambda_t_std": 1.466489090303426e-05,
    "n_records": 7800
  },
  "layer3.2.conv2.weight": {
    "r_t_mean": 0.015230004664587361,
    "r_t_std": 0.0040100457039768675,
    "r_t_min": 0.008808571352073158,
    "r_t_max": 0.10419551169174969,
    "delta_hat_mean": 2.3069760285560496e-08,
    "delta_hat_std": 1.6836010017946645e-06,
    "lambda_t_mean": 0.0005179307527958884,
    "lambda_t_std": 1.4526733962136381e-05,
    "n_records": 7800
  },