{
  "variant": "PD_control",
  "method": "UDWDC_v2_PD_control",
  "K_p": 0.5,
  "K_i": 0.0,
  "K_d": 0.3,
  "is_baseline": false,
  "seed": 456,
  "epochs": 200,
  "best_test_acc": 70.04,
  "final_test_acc": 69.87,
  "final_train_acc": 99.71554487179488,
  "generalization_gap": 29.84554487179487,
  "total_wd_budget": 0.23715101168008554,
  "v2_cumulative_wd_budget": 300209.1055662322,
  "csi": 0.2392765279690764,
  "nan_inf_detected": false,
  "elapsed_sec": 728.9065036773682
}