{
  "task_id": "compute_fair",
  "mode": "PILOT",
  "verdict": "NO-GO",
  "model": "Dream-v0-Instruct-7B",
  "benchmark": "Countdown-16",
  "seed": 42,
  "n_samples": 16,
  "timestamp": "2026-03-10T13:29:34.822415",
  "elapsed_total_s": 858.3847773075104,
  "elapsed_total_min": 14.3,
  "configs": {
    "base_steps": 128,
    "gen_len": 256,
    "temperature": 0.4,
    "bsd": {
      "k_frac": 0.75,
      "alpha_schedule": "linear(0.1->0.8)",
      "tau_schedule": "linear(1.0->0.3)"
    },
    "acfg": {
      "w": 1.5,
      "remask_pct": 0.1
    },
    "remdm_conf": {
      "remask_pct": 0.1
    },
    "dmi": {
      "alpha": 0.3,
      "soft_tau": 0.5
    },
    "bsd_acfg_combo": {
      "bsd_k_frac": 0.75,
      "bsd_alpha_schedule": "linear(0.1->0.8)",
      "acfg_w": 1.5,
      "acfg_remask_pct": 0.1
    }
  },
  "results": {
    "vanilla_1x": {
      "accuracy": 0.0625,
      "n_correct": 1,
      "n_samples": 16,
      "distinct_1": 0.22981366459627328,
      "distinct_2": 0.6445396145610278,
      "distinct_3": 0.8647450110864745,
      "rep_2": 0.1599499970748531,
      "rep_3": 0.0950373981829574,
      "avg_length_words": 30.1875,
      "std_length_words": 12.047918648048716,
      "avg_length_chars": 100.75,
      "std_length_chars": 46.82080200082011,
      "min_length_words": 13,
      "max_length_words": 55,
      "avg_gen_time_s": 3.693525016307831,
      "flops_ratio": 1.0,
      "steps": 128
    },
    "vanilla_1.1x": {
      "accuracy": 0.125,
      "n_correct": 2,
      "n_samples": 16,
      "distinct_1": 0.26666666666666666,
      "distinct_2": 0.697286012526096,
      "distinct_3": 0.9006479481641468,
      "rep_2": 0.1156995723068772,
      "rep_3": 0.06611867086495668,
      "avg_length_words": 30.9375,
      "std_length_words": 7.773904665610455,
      "avg_length_chars": 105.625,
      "std_length_chars": 28.26631166247199,
      "min_length_words": 20,
      "max_length_words": 45,
      "avg_gen_time_s": 4.02732540667057,
      "flops_ratio": 1.1,
      "steps": 140
    },
    "vanilla_1.5x": {
      "accuracy": 0.0625,
      "n_correct": 1,
      "n_samples": 16,
      "distinct_1": 0.21071428571428572,
      "distinct_2": 0.6544117647058824,
      "distinct_3": 0.8958333333333334,
      "rep_2": 0.132453085987284,
      "rep_3": 0.0510027253448306,
      "avg_length_words": 35.0,
      "std_length_words": 17.790446874657196,
      "avg_length_chars": 114.125,
      "std_length_chars": 64.54153217115318,
      "min_length_words": 18,
      "max_length_words": 86,
      "avg_gen_time_s": 5.519695937633514,
      "flops_ratio": 1.5,
      "steps": 192
    },
    "vanilla_2.0x": {
      "accuracy": 0.125,
      "n_correct": 2,
      "n_samples": 16,
      "distinct_1": 0.24685138539042822,
      "distinct_2": 0.6963350785340314,
      "distinct_3": 0.8937329700272479,
      "rep_2": 0.07217417023921385,
      "rep_3": 0.03244982937423169,
      "avg_length_words": 24.8125,
      "std_length_words": 12.738812493713848,
      "avg_length_chars": 83.8125,
      "std_length_chars": 47.286650798613344,
      "min_length_words": 0,
      "max_length_words": 45,
      "avg_gen_time_s": 7.355364352464676,
      "flops_ratio": 2.0,
      "steps": 256
    },
    "vanilla_2.1x": {
      "accuracy": 0.0625,
      "n_correct": 1,
      "n_samples": 16,
      "distinct_1": 0.19769673704414586,
      "distinct_2": 0.6356435643564357,
      "distinct_3": 0.8650306748466258,
      "rep_2": 0.14068448134361167,
      "rep_3": 0.07665315996132281,
      "avg_length_words": 32.5625,
      "std_length_words": 16.81505556785347,
      "avg_length_chars": 100.875,
      "std_length_chars": 48.46761160816572,
      "min_length_words": 9,
      "max_length_words": 73,
      "avg_gen_time_s": 7.697264641523361,
      "flops_ratio": 2.1,
      "steps": 268
    },
    "bsd": {
      "accuracy": 0.0625,
      "n_correct": 1,
      "n_samples": 16,
      "distinct_1": 0.24242424242424243,
      "distinct_2": 0.696113074204947,
      "distinct_3": 0.9033457249070632,
      "rep_2": 0.07720702820632694,
      "rep_3": 0.03462226430976431,
      "avg_length_words": 18.5625,
      "std_length_words": 10.43413119286891,
      "avg_length_chars": 55.125,
      "std_length_chars": 29.632910336313575,
      "min_length_words": 0,
      "max_length_words": 34,
      "avg_gen_time_s": 3.764281749725342,
      "flops_ratio": 1.1,
      "method": "BSD"
    },
    "acfg": {
      "accuracy": 0.0,
      "n_correct": 0,
      "n_samples": 16,
      "distinct_1": 0.3132969034608379,
      "distinct_2": 0.7303370786516854,
      "distinct_3": 0.8959537572254336,
      "rep_2": 0.12002155876136855,
      "rep_3": 0.0605024344190273,
      "avg_length_words": 34.3125,
      "std_length_words": 19.022088312012432,
      "avg_length_chars": 137.375,
      "std_length_chars": 91.40560363019327,
      "min_length_words": 0,
      "max_length_words": 91,
      "avg_gen_time_s": 7.446511909365654,
      "flops_ratio": 2.0,
      "method": "A-CFG w=1.5"
    },
    "remdm_conf": {
      "accuracy": 0.0,
      "n_correct": 0,
      "n_samples": 16,
      "distinct_1": 0.2400990099009901,
      "distinct_2": 0.7371134020618557,
      "distinct_3": 0.9193548387096774,
      "rep_2": 0.0591909983768248,
      "rep_3": 0.025603756708407872,
      "avg_length_words": 25.25,
      "std_length_words": 9.290452088031023,
      "avg_length_chars": 84.75,
      "std_length_chars": 33.84431266845288,
      "min_length_words": 5,
      "max_length_words": 45,
      "avg_gen_time_s": 3.7647284865379333,
      "flops_ratio": 1.5,
      "method": "ReMDM-conf"
    },
    "bsd_acfg_combo": {
      "accuracy": 0.0625,
      "n_correct": 1,
      "n_samples": 16,
      "distinct_1": 0.3119266055045872,
      "distinct_2": 0.7060702875399361,
      "distinct_3": 0.882943143812709,
      "rep_2": 0.07961925854096817,
      "rep_3": 0.04194711538461539,
      "avg_length_words": 20.4375,
      "std_length_words": 17.43906802985756,
      "avg_length_chars": 75.4375,
      "std_length_chars": 65.37771863372107,
      "min_length_words": 0,
      "max_length_words": 54,
      "avg_gen_time_s": 6.520672589540482,
      "flops_ratio": 2.1,
      "method": "BSD+ACFG"
    },
    "dmi": {
      "accuracy": 0.0,
      "n_correct": 0,
      "n_samples": 16,
      "distinct_1": 0.22413793103448276,
      "distinct_2": 0.33,
      "distinct_3": 0.4418604651162791,
      "rep_2": 0.015625,
      "rep_3": 0.0,
      "avg_length_words": 7.25,
      "std_length_words": 3.43693177121688,
      "avg_length_chars": 35.3125,
      "std_length_chars": 14.982150838581221,
      "min_length_words": 1,
      "max_length_words": 17,
      "avg_gen_time_s": 3.8458003848791122,
      "flops_ratio": 1.05,
      "method": "DMI alpha=0.3"
    }
  },
  "compute_fair_comparisons": [
    {
      "method": "BSD (~1.1x)",
      "method_accuracy": 0.0625,
      "fair_baseline": "vanilla_1.1x",
      "fair_baseline_accuracy": 0.125,
      "delta_pp": -6.2,
      "flops_budget": 1.1,
      "method_wins": 0,
      "baseline_wins": 1,
      "method_outperforms": false
    },
    {
      "method": "ReMDM-conf (~1.5x)",
      "method_accuracy": 0.0,
      "fair_baseline": "vanilla_1.5x",
      "fair_baseline_accuracy": 0.0625,
      "delta_pp": -6.2,
      "flops_budget": 1.5,
      "method_wins": 0,
      "baseline_wins": 1,
      "method_outperforms": false
    },
    {
      "method": "A-CFG (~2.0x)",
      "method_accuracy": 0.0,
      "fair_baseline": "vanilla_2.0x",
      "fair_baseline_accuracy": 0.125,
      "delta_pp": -12.5,
      "flops_budget": 2.0,
      "method_wins": 0,
      "baseline_wins": 2,
      "method_outperforms": false
    },
    {
      "method": "BSD+ACFG (~2.1x)",
      "method_accuracy": 0.0625,
      "fair_baseline": "vanilla_2.1x",
      "fair_baseline_accuracy": 0.0625,
      "delta_pp": 0.0,
      "flops_budget": 2.1,
      "method_wins": 1,
      "baseline_wins": 1,