{
  "method": "anneal",
  "n_seeds": 3,
  "seeds": [
    42,
    123,
    456
  ],
  "n_prompts": 101,
  "n_total_samples": 294,
  "ppl_median": 17.549924227091715,
  "ppl_mean": 26.951622262891107,
  "ppl_std": 38.57674766856986,
  "ppl_prompt_mean_median": 19.0027647682302,
  "ppl_prompt_mean_mean": 27.266698750313648,
  "diversity_mean": 0.971414986590199,
  "diversity_std": 0.06318217853533994,
  "distinct2_mean": 0.971414986590199,
  "n_degenerate": 0,
  "degenerate_pct": 0.0,
  "avg_gen_time": 2.430490995791092,
  "total_time_min": 12.273979528745015,
  "avg_text_len": 32.93069306930693,
  "n_short": 58,
  "per_seed_ppl_medians": {
    "42": 18.388194065091497,
    "123": 18.250220987755377,
    "456": 16.315892537971095
  },
  "prompt_mean_ppls": [
    20.722844954955203,
    9.3229043751951,
    10.815017383903792,
    16.482865758568042,
    22.925944974755456,
    12.142437866350269,
    15.707051260458735,
    17.548440541650503,
    19.56804652052705,
    10.345757207919421,
    9.137291027212829,
    12.790382276673126,
    20.316916860064353,
    22.470146556800213,
    58.08414074454094,
    13.710089935439717,
    11.052657859512726,
    14.677993939564416,
    18.500970682322837,
    19.56768839158389,
    24.27426780432576,
    29.610171731244936,
    10.036017651615957,
    13.574627298269073,
    11.613957182290116,
    21.557884474647896,
    18.23953464836048,
    47.84197648272242,
    28.026421742011806,
    113.07032988052943,
    31.34367287158865,
    14.605354418911348,
    30.440357422685384,
    26.941700028597477,
    131.57908694770887,
    44.235443799508154,
    37.46122298598741,
    23.40464248238648,
    21.151352537988764,
    11.54155053489644,
    21.667308463276196,
    15.549203216903132,
    171.41707153504325,
    18.136641261611,
    20.468123953254864,
    15.115752640655922,
    28.98708772066078,
    18.37174380036736,
    20.34096375358386,
    131.2239904032687,
    17.327771051064584,
    29.487097630449725,
    21.536323607715584,
    12.300264255213685,
    66.2940962114265,
    14.120491516941092,
    14.451821516788803,
    22.611237115175317,
    14.056174896850337,
    17.269810152011566,
    10.44167843091303,
    20.09383567323695,
    17.2612557311923,
    26.64863566411751,
    12.105542736763828,
    16.638712847234547,
    29.891869369259187,
    105.63810609576855,
    34.923084320538,
    23.9792027735335,
    31.267583082284315,
    25.42891333041858,
    20.81689979243993,
    18.589776847383032,
    13.458578313769749,
    28.74523281141182,
    24.85845032603592,
    21.747633587180967,
    19.0027647682302,
    64.65072432665629,
    18.727247947095012,
    14.639454038662182,
    31.210307685323055,
    9.892045026290765,
    16.579412095457457,
    13.382361171429356,
    22.35742303927283,
    25.33729218645151,
    15.22334073339126,
    17.672187414442934,
    7.381075590821773,
    12.346884633815662,
    9.940504255930547,
    18.808131642495514,
    14.686694663192698,
    34.53485713079635,
    27.0443968877251,
    14.675425426197203,
    13.589595364999525,
    94.41739127499471,
    18.129927997986893
  ],
  "sample_texts": [
    "Machine learning is a subset of artificial intelligence that focuses on the development of algorithms that can learn from data to perform specific tasks.",
    "The theory of general relativity is a fundamental theory of gravity and gravitation, proposed by Albert Einstein in 1915. It posits that gravity is not a force but a result of the curvature of spacetime caused by massive objects. The more massive the object, the greater its gravitational pull, and thus the greater the curvature of the space around it. General relativity also predicts the existence of gravitational waves, the bending of light around massive objects, gravitational lensing, and the existence of black holes.",
    "Photosynthesis is a process used by plants, algae, and bacteria to convert sunlight into chemical energy. The process begins when chlorophyll in the plant absorbs sunlight, which is combined with water molecules and carbon dioxide to produce glucose and oxygen. The glucose serves as the energy source and the oxygen is released into the atmosphere as the byproduct.",
    "RNA has a sugar called ribose and contains uracil, while DNA contains thymine. DNA is double-stranded and forms a double helix, while RNA is single-stranded and forms various shapes. DNA is primarily responsible for the storage and transmission of the genetic information, while RNA is involved in protein synthesis.",
    "Black holes form when a massive star exhausts its own fuel, causing the remaining core to collapse under its own gravity. As the core becomes so small and dense, its gravitational pull becomes so strong that not even light can escape, hence the black hole."
  ],
  "vs_baseline": {
    "baseline_ppl_median": 16.228630756732965,
    "ppl_change_pct": 8.14174338035616,
    "mean_diff": -2.801274582963073,
    "paired_ttest": {
      "t_stat": -0.474628139975849,
      "p_value": 0.6360869157259385
    },
    "wilcoxon": {
      "w_stat": 2404.0,
      "p_value": 0.5612541392250523
    },
    "bootstrap_95ci": {
      "low": -16.10679653088768,
      "high": 7.043066755954149
    },
    "n_paired": 101,
    "n_improved": 48,
    "n_worsened": 53,
    "significant_p005": false
  }
}