{
  "features.0.weight": {
    "r_t_mean": 0.019586920690639647,
    "r_t_std": 0.007638329330290121,
    "r_t_min": 0.004940957738091913,
    "r_t_max": 0.20218239897470744,
    "delta_hat_mean": -3.814216218859046e-07,
    "delta_hat_std": 1.7120716064418886e-05,
    "lambda_t_mean": 0.00033557086401307895,
    "lambda_t_std": 7.807788898171091e-05,
    "n_records": 1950
  },
  "features.3.weight": {
    "r_t_mean": 0.0201300946047137,
    "r_t_std": 0.018508617037841433,
    "r_t_min": 0.002967859854492308,
    "r_t_max": 0.802916688761034,
    "delta_hat_mean": 4.358304079120036e-08,
    "delta_hat_std": 3.864424090485481e-06,
    "lambda_t_mean": 0.00036002042783513257,
    "lambda_t_std": 6.533084254269662e-05,
    "n_records": 1950
  },
  "features.7.weight": {
    "r_t_mean": 0.02125269316039498,
    "r_t_std": 0.01123255972390303,
    "r_t_min": 0.0021036215907152744,
    "r_t_max": 0.4651247185226379,
    "delta_hat_mean": -1.0615206265038314e-09,
    "delta_hat_std": 2.8974932458802018e-08,
    "lambda_t_mean": 0.0003351235882831482,
    "lambda_t_std": 8.467937577238727e-05,
    "n_records": 1950
  },
  "features.10.weight": {
    "r_t_mean": 0.022599977491443997,
    "r_t_std": 0.013354798367119825,
    "r_t_min": 0.0015957890664699966,
    "r_t_max": 0.5659988195768126,
    "delta_hat_mean": -1.0173812305221023e-09,
    "delta_hat_std": 2.3983099158067865e-08,
    "lambda_t_mean": 0.0003452063078807357,
    "lambda_t_std": 8.554413149646738e-05,
    "n_records": 1950
  },
  "features.14.weight": {
    "r_t_mean": 0.02432733673415131,
    "r_t_std": 0.009712962252604054,
    "r_t_min": 0.001474611069148149,
    "r_t_max": 0.3421921600980308,
    "delta_hat_mean": -6.4019005712079586e-09,
    "delta_hat_std": 1.13326906644142e-06,
    "lambda_t_mean": 0.0003058282966699703,
    "lambda_t_std": 9.997339980150916e-05,
    "n_records": 1950
  },
  "features.17.weight": {
    "r_t_mean": 0.026491247185687735,
    "r_t_std": 0.012378673824879722,
    "r_t_min": 0.001436061299670628,
    "r_t_max": 0.40073927016497446,
    "delta_hat_mean": 1.3432546416160014e-09,
    "delta_hat_std": 2.2541755014767337e-08,
    "lambda_t_mean": 0.00029457564223658926,
    "lambda_t_std": 9.835542701852131e-05,
    "n_records": 1950
  },
  "features.20.weight": {
    "r_t_mean": 0.025923066656130807,
    "r_t_std": 0.011841046683777038,
    "r_t_min": 0.0018238962297784465,
    "r_t_max": 0.3404207738463497,
    "delta_hat_mean": 2.3007098102582427e-09,
    "delta_hat_std": 3.017814991688358e-08,
    "lambda_t_mean": 0.00027066900423831615,
    "lambda_t_std": 9.385624720258259e-05,
    "n_records": 1950
  },
  "features.24.weight": {
    "r_t_mean": 0.021467167843291456,
    "r_t_std": 0.00930492226505407,
    "r_t_min": 0.0011435169522519442,
    "r_t_max": 0.21221035685821218,
    "delta_hat_mean": 1.8737668470272876e-08,
    "delta_hat_std": 6.362584208261381e-07,
    "lambda_t_mean": 0.00019418822365012544,
    "lambda_t_std": 7.857884852353615e-05,
    "n_records": 1950
  },
  "features.27.weight": {
    "r_t_mean": 0.01906302480264966,
    "r_t_std": 0.008870100394297285,
    "r_t_min": 0.0008978033474882233,
    "r_t_max": 0.25549350411875194,
    "delta_hat_mean": -7.2609609427502595e-09,
    "delta_hat_std": 7.271041341497959e-07,
    "lambda_t_mean": 0.00016877418594155442,
    "lambda_t_std": 6.561473190405728e-05,
    "n_records": 1950
  },
  "features.30.weight": {
    "r_t_mean": 0.01573685527360831,
    "r_t_std": 0.006824652809388142,
    "r_t_min": 0.0007424812365007787,
    "r_t_max": 0.21941411455208953,
    "delta_hat_mean": 3.428574106848008e-08,
    "delta_hat_std": 8.648425156380259e-07,
    "lambda_t_mean": 0.00013418274030931862,
    "lambda_t_std": 5.188803226733632e-05,
    "n_records": 1950
  },
  "features.34.weight": {
    "r_t_mean": 0.012487306260295409,
    "r_t_std": 0.00536298450879334,
    "r_t_min": 0.0004507010010600988,
    "r_t_max": 0.20125724549360222,
    "delta_hat_mean": 2.0905054240560598e-08,
    "delta_hat_std": 1.863939485559573e-06,
    "lambda_t_mean": 0.00010812564207947505,
    "lambda_t_std": 3.944889549330734e-05,
    "n_records": 1950
  },
  "features.37.weight": {
    "r_t_mean": 0.012121703021413101,
    "r_t_std": 0.004423350306546785,
    "r_t_min": 0.0012257299355034708,
    "r_t_max": 0.1689735700291214,
    "delta_hat_mean": -8.786095033889533e-08,
    "delta_hat_std": 2.210386715947615e-06,
    "lambda_t_mean": 0.00011553054382383721,
    "lambda_t_std": 4.063176474256832e-05,
    "n_records": 1950
  },
  "features.40.weight": {
    "r_t_mean": 0.01448963961763588,
    "r_t_std": 0.004015874129705816,
    "r_t_min": 0.004007056396202621,
    "r_t_max": 0.14514422768039098,
    "delta_hat_mean": 1.069840447303186e-08,
    "delta_hat_std": 2.2692724490990596e-06,
    "lambda_t_mean": 0.0001765151236970236,
    "lambda_t_std": 5.772758868031973e-05,
    "n_records": 1950
  },
  "classifier.0.weight": {
    "r_t_mean": 0.017838774075106246,
    "r_t_std": 0.005102543209690896,
    "r_t_min": 0.009364798965128884,
    "r_t_max": 0.08835343099407489,
    "delta_hat_mean": 0.0001541083646467693,
    "delta_hat_std": 0.01492251562488403,
    "lambda_t_mean": 0.00018473707951431349,
    "lambda_t_std": 5.903469942968556e-05,
    "n_records": 1950
  },
  "classifier.3.weight": {
    "r_t_mean": 0.017929123867803133,
    "r_t_std": 0.004231583774571221,
    "r_t_min": 0.010835220035107321,
    "r_t_max": 0.09993187045184652,
    "delta_hat_mean": 0.00039494145765169936,
    "delta_hat_std": 0.010905581446801744,
    "lambda_t_mean": 0.000228059013451722,
    "lambda_t_std": 5.733291457193702e-05,
    "n_records": 1950
  },
  "classifier.6.weight": {
    "r_t_mean": 0.02150778083449199,
    "r_t_std": 0.008173706972875651,
    "r_t_min": 0.013632194445114492,
    "r_t_max": 0.2042268657103359,
    "delta_hat_mean": 0.0007239213290337104,
    "delta_hat_std": 0.012483962588811428,
    "lambda_t_mean": 0.0003749749023267975,
    "lambda_t_std": 4.6710403433080845e-05,
    "n_records": 1950
  }
}