{
  "conv1.weight": {
    "r_t_mean": 0.014717129076183128,
    "r_t_std": 0.007778780494513272,
    "r_t_min": 0.006295261982516318,
    "r_t_max": 0.4812751498758097,
    "delta_hat_mean": -9.48298109374283e-07,
    "delta_hat_std": 5.042879520845897e-05,
    "lambda_t_mean": 0.0005,
    "lambda_t_std": 0.0,
    "n_records": 7800
  },
  "layer1.0.conv1.weight": {
    "r_t_mean": 0.014769249426292416,
    "r_t_std": 0.006926174796336411,
    "r_t_min": 0.007825120730925521,
    "r_t_max": 0.5190265442655931,
    "delta_hat_mean": -2.5424055977989013e-08,
    "delta_hat_std": 1.1254821513562913e-05,
    "lambda_t_mean": 0.0005,
    "lambda_t_std": 0.0,
    "n_records": 7800
  },
  "layer1.0.conv2.weight": {
    "r_t_mean": 0.01488399828609412,
    "r_t_std": 0.006190636693902091,
    "r_t_min": 0.008417683032447484,
    "r_t_max": 0.42848783475481467,
    "delta_hat_mean": 8.141892177010303e-08,
    "delta_hat_std": 1.418734893392395e-05,
    "lambda_t_mean": 0.0005,
    "lambda_t_std": 0.0,
    "n_records": 7800
  },
  "layer1.1.conv1.weight": {
    "r_t_mean": 0.015185841792301227,
    "r_t_std": 0.0050029868602690705,
    "r_t_min": 0.008373446432475961,
    "r_t_max": 0.29318285605967587,
    "delta_hat_mean": 7.09005458197731e-08,
    "delta_hat_std": 1.0361093212831645e-05,
    "lambda_t_mean": 0.0005,
    "lambda_t_std": 0.0,
    "n_records": 7800
  },
  "layer1.1.conv2.weight": {
    "r_t_mean": 0.015044038593688887,
    "r_t_std": 0.004775245133656719,
    "r_t_min": 0.008293179095525408,
    "r_t_max": 0.2752919738113606,
    "delta_hat_mean": 4.246858710351886e-08,
    "delta_hat_std": 8.868527065952649e-06,
    "lambda_t_mean": 0.0005,
    "lambda_t_std": 0.0,
    "n_records": 7800
  },
  "layer1.2.conv1.weight": {
    "r_t_mean": 0.015327744179510603,
    "r_t_std": 0.004674973197772582,
    "r_t_min": 0.008293836273320705,
    "r_t_max": 0.25866648355189337,
    "delta_hat_mean": 9.124759622123349e-08,
    "delta_hat_std": 1.0185638083464872e-05,
    "lambda_t_mean": 0.0005,
    "lambda_t_std": 0.0,
    "n_records": 7800
  },
  "layer1.2.conv2.weight": {
    "r_t_mean": 0.014978613485428121,
    "r_t_std": 0.00435243792127965,
    "r_t_min": 0.008101384428473888,
    "r_t_max": 0.2099061136822812,
    "delta_hat_mean": 2.0968642831169654e-07,
    "delta_hat_std": 8.227970976492483e-06,
    "lambda_t_mean": 0.0005,
    "lambda_t_std": 0.0,
    "n_records": 7800
  },
  "layer2.0.conv1.weight": {
    "r_t_mean": 0.014916169986924036,
    "r_t_std": 0.00428234854538476,
    "r_t_min": 0.008656721020352405,
    "r_t_max": 0.1493096810871661,
    "delta_hat_mean": 8.039028686045987e-08,
    "delta_hat_std": 9.247665270870983e-06,
    "lambda_t_mean": 0.0005,
    "lambda_t_std": 0.0,
    "n_records": 7800
  },
  "layer2.0.conv2.weight": {
    "r_t_mean": 0.014856473796456195,
    "r_t_std": 0.004700465876604426,
    "r_t_min": 0.008743275397205338,
    "r_t_max": 0.17786216738774682,
    "delta_hat_mean": 1.2829106754323857e-07,
    "delta_hat_std": 5.3927501104438155e-06,
    "lambda_t_mean": 0.0005,
    "lambda_t_std": 0.0,
    "n_records": 7800
  },
  "layer2.0.shortcut.0.weight": {
    "r_t_mean": 0.014152343733642806,
    "r_t_std": 0.0036939057153470576,
    "r_t_min": 0.007677048520734887,
    "r_t_max": 0.051262080436592514,
    "delta_hat_mean": 3.3957756642071347e-07,
    "delta_hat_std": 2.0888238271769042e-05,
    "lambda_t_mean": 0.0005,
    "lambda_t_std": 0.0,
    "n_records": 7800
  },
  "layer2.1.conv1.weight": {
    "r_t_mean": 0.015330678039855203,
    "r_t_std": 0.004543677227549617,
    "r_t_min": 0.008792855999112103,
    "r_t_max": 0.16392249116725782,
    "delta_hat_mean": 6.561270661480777e-08,
    "delta_hat_std": 4.07709231810021e-06,
    "lambda_t_mean": 0.0005,
    "lambda_t_std": 0.0,
    "n_records": 7800
  },
  "layer2.1.conv2.weight": {
    "r_t_mean": 0.015184212725282082,
    "r_t_std": 0.0042776154060628286,
    "r_t_min": 0.009001285353936234,
    "r_t_max": 0.1427976393889528,
    "delta_hat_mean": -1.0530001283291184e-08,
    "delta_hat_std": 3.735294776703432e-06,
    "lambda_t_mean": 0.0005,
    "lambda_t_std": 0.0,
    "n_records": 7800
  },
  "layer2.2.conv1.weight": {
    "r_t_mean": 0.015574114071722206,
    "r_t_std": 0.004135534640454732,
    "r_t_min": 0.008778342612235927,
    "r_t_max": 0.12010794784081062,
    "delta_hat_mean": 3.5838679645001535e-08,
    "delta_hat_std": 3.608354893739139e-06,
    "lambda_t_mean": 0.0005,
    "lambda_t_std": 0.0,
    "n_records": 7800
  },
  "layer2.2.conv2.weight": {
    "r_t_mean": 0.01521703054462295,
    "r_t_std": 0.0038893846517536073,
    "r_t_min": 0.008950684908024501,
    "r_t_max": 0.10963100988814509,
    "delta_hat_mean": 3.258915393680657e-08,
    "delta_hat_std": 3.953854361295684e-06,
    "lambda_t_mean": 0.0005,
    "lambda_t_std": 0.0,
    "n_records": 7800
  },
  "layer3.0.conv1.weight": {
    "r_t_mean": 0.01487530346849365,
    "r_t_std": 0.004110466025741559,
    "r_t_min": 0.008916308229943992,
    "r_t_max": 0.08246637120474248,
    "delta_hat_mean": 3.189115465883601e-08,
    "delta_hat_std": 3.313262733544901e-06,
    "lambda_t_mean": 0.0005,
    "lambda_t_std": 0.0,
    "n_records": 7800
  },
  "layer3.0.conv2.weight": {
    "r_t_mean": 0.015372915573785057,
    "r_t_std": 0.004485030033110002,
    "r_t_min": 0.009252209859114105,
    "r_t_max": 0.1117099949635886,
    "delta_hat_mean": -9.310576180296049e-09,
    "delta_hat_std": 1.98912844268631e-06,
    "lambda_t_mean": 0.0005,
    "lambda_t_std": 0.0,
    "n_records": 7800
  },
  "layer3.0.shortcut.0.weight": {
    "r_t_mean": 0.013494183696439609,
    "r_t_std": 0.0033471802402125586,
    "r_t_min": 0.008037633461224476,
    "r_t_max": 0.04365854280274382,
    "delta_hat_mean": 4.799499200593743e-08,
    "delta_hat_std": 8.597720910977208e-06,
    "lambda_t_mean": 0.0005,
    "lambda_t_std": 0.0,
    "n_records": 7800
  },
  "layer3.1.conv1.weight": {
    "r_t_mean": 0.015530894778769564,
    "r_t_std": 0.00449923248318124,
    "r_t_min": 0.009023963938360623,
    "r_t_max": 0.10401180263363909,
    "delta_hat_mean": 3.5805266565219905e-08,
    "delta_hat_std": 1.97828255162599e-06,
    "lambda_t_mean": 0.0005,
    "lambda_t_std": 0.0,
    "n_records": 7800
  },
  "layer3.1.conv2.weight": {
    "r_t_mean": 0.015571462046423352,
    "r_t_std": 0.004193278439512043,
    "r_t_min": 0.009099561367622553,
    "r_t_max": 0.11105088673760102,
    "delta_hat_mean": -3.7061909848533323e-09,
    "delta_hat_std": 1.561480026272934e-06,
    "lambda_t_mean": 0.0005,
    "lambda_t_std": 0.0,
    "n_records": 7800
  },
  "layer3.2.conv1.weight": {
    "r_t_mean": 0.015604885190153019,
    "r_t_std": 0.0041536002699970155,
    "r_t_min": 0.009127419726509902,
    "r_t_max": 0.10508522475316463,
    "delta_hat_mean": 3.175083129623404e-08,
    "delta_hat_std": 1.8621411770579859e-06,
    "lambda_t_mean": 0.0005,
    "lambda_t_std": 0.0,
    "n_records": 7800
  },
  "layer3.2.conv2.weight": {
    "r_t_mean": 0.015094100131637487,
    "r_t_std": 0.0038491116016728666,
    "r_t_min": 0.009094591232709323,
    "r_t_max": 0.10419551169174969,
    "delta_hat_mean": 3.96135729128165e-09,
    "delta_hat_std": 1.6643437833703137e-06,
    "lambda_t_mean": 0.0005,
    "lambda_t_std": 0.0,
    "n_records": 7800
  },
  "fc.weight": {
    "r_t_mean": 0.011628634128453724,
    "r_t_std": 0.005817225638886306,
    "r_t_min": 0.005693016368988185,
    "r_t_max": 0.1504446360458542,
    "delta_hat_mean": -0.002986615126781701,
    "delta_hat_std": 0.005580645840832656,
    "lambda_t_mean": 0.0005,
    "lambda_t_std": 0.0,
    "n_records": 7800
  }
}