{
  "conv1.weight": {
    "r_t_mean": Infinity,
    "r_t_std": NaN,
    "r_t_min": 8.150015512442859e-05,
    "r_t_max": Infinity,
    "delta_hat_mean": NaN,
    "delta_hat_std": NaN,
    "lambda_t_mean": 0.0001,
    "lambda_t_std": 0.0,
    "n_records": 1126
  },
  "layer1.0.conv1.weight": {
    "r_t_mean": 0.0052989382088035174,
    "r_t_std": 0.005925508754416242,
    "r_t_min": 0.0002770776733253673,
    "r_t_max": 0.19415435485258598,
    "delta_hat_mean": -7.684545942178189e-07,
    "delta_hat_std": 6.407123946839234e-05,
    "lambda_t_mean": 0.0001,
    "lambda_t_std": 0.0,
    "n_records": 1126
  },
  "layer1.0.conv2.weight": {
    "r_t_mean": 0.005400694281079792,
    "r_t_std": 0.013186647390961941,
    "r_t_min": 0.00013370121957409652,
    "r_t_max": 0.4442617999741339,
    "delta_hat_mean": -2.01326129430496e-06,
    "delta_hat_std": 2.167312638787676e-05,
    "lambda_t_mean": 0.0001,
    "lambda_t_std": 0.0,
    "n_records": 1126
  },
  "layer1.0.conv3.weight": {
    "r_t_mean": 0.00501970699877617,
    "r_t_std": 0.0074041507118174,
    "r_t_min": 0.00010538107483110014,
    "r_t_max": 0.25044243725888554,
    "delta_hat_mean": 2.307863703656248e-08,
    "delta_hat_std": 1.7833682548958918e-05,
    "lambda_t_mean": 0.0001,
    "lambda_t_std": 0.0,
    "n_records": 1126
  },
  "layer1.0.downsample.0.weight": {
    "r_t_mean": 0.0054818702214190955,
    "r_t_std": 0.007698000845887544,
    "r_t_min": 0.00014543244101273588,
    "r_t_max": 0.2605376919266889,
    "delta_hat_mean": 3.356267271114109e-07,
    "delta_hat_std": 1.8311439621051983e-05,
    "lambda_t_mean": 0.0001,
    "lambda_t_std": 0.0,
    "n_records": 1126
  },
  "layer1.1.conv1.weight": {
    "r_t_mean": 0.0042374465134137704,
    "r_t_std": 0.0020215302635435838,
    "r_t_min": 9.696215768102968e-05,
    "r_t_max": 0.05983075959795325,
    "delta_hat_mean": 1.3587573078356946e-06,
    "delta_hat_std": 1.9794222196844593e-05,
    "lambda_t_mean": 0.0001,
    "lambda_t_std": 0.0,
    "n_records": 1126
  },
  "layer1.1.conv2.weight": {
    "r_t_mean": 0.004963442751810006,
    "r_t_std": 0.009121101247764876,
    "r_t_min": 9.067856087947873e-05,
    "r_t_max": 0.30982064747721916,
    "delta_hat_mean": -5.122674516754463e-07,
    "delta_hat_std": 1.3182281645768534e-05,
    "lambda_t_mean": 0.0001,
    "lambda_t_std": 0.0,
    "n_records": 1126
  },
  "layer1.1.conv3.weight": {
    "r_t_mean": 0.004329484652334149,
    "r_t_std": 0.005203061080603646,
    "r_t_min": 0.00010032853062133793,
    "r_t_max": 0.17655679855054976,
    "delta_hat_mean": -1.1594987637408218e-07,
    "delta_hat_std": 7.2712023770916045e-06,
    "lambda_t_mean": 0.0001,
    "lambda_t_std": 0.0,
    "n_records": 1126
  },
  "layer1.2.conv1.weight": {
    "r_t_mean": 0.004004591406227237,
    "r_t_std": 0.0016809395886877479,
    "r_t_min": 0.00010661384974407867,
    "r_t_max": 0.04507751763738082,
    "delta_hat_mean": -7.022437193919616e-07,
    "delta_hat_std": 1.917321600541078e-05,
    "lambda_t_mean": 0.0001,
    "lambda_t_std": 0.0,
    "n_records": 1126
  },
  "layer1.2.conv2.weight": {
    "r_t_mean": 0.004828826258847444,
    "r_t_std": 0.006177721876791607,
    "r_t_min": 0.00015288862273931831,
    "r_t_max": 0.21020210626180252,
    "delta_hat_mean": -2.5147574877859724e-07,
    "delta_hat_std": 1.0650080894335411e-05,
    "lambda_t_mean": 0.0001,
    "lambda_t_std": 0.0,
    "n_records": 1126
  },
  "layer1.2.conv3.weight": {
    "r_t_mean": 0.004120574884371337,
    "r_t_std": 0.0036034375151842183,
    "r_t_min": 8.993914668917289e-05,
    "r_t_max": 0.12055414009773116,
    "delta_hat_mean": -4.1129244885923183e-08,
    "delta_hat_std": 6.809667651276337e-06,
    "lambda_t_mean": 0.0001,
    "lambda_t_std": 0.0,
    "n_records": 1126
  },
  "layer2.0.conv1.weight": {
    "r_t_mean": 0.004524641651007472,
    "r_t_std": 0.0015086288792343912,
    "r_t_min": 8.305852502184503e-05,
    "r_t_max": 0.048826789533609416,
    "delta_hat_mean": 3.3877299604931254e-07,
    "delta_hat_std": 1.118838974974873e-05,
    "lambda_t_mean": 0.0001,
    "lambda_t_std": 0.0,
    "n_records": 1126
  },
  "layer2.0.conv2.weight": {
    "r_t_mean": 0.004704646562418006,
    "r_t_std": 0.004796639753546497,
    "r_t_min": 7.086748758792025e-05,
    "r_t_max": 0.16459446540126782,
    "delta_hat_mean": 5.8085231297831096e-08,
    "delta_hat_std": 3.0390605597101313e-06,
    "lambda_t_mean": 0.0001,
    "lambda_t_std": 0.0,
    "n_records": 1126
  },
  "layer2.0.conv3.weight": {
    "r_t_mean": 0.004467981866681823,
    "r_t_std": 0.0026212570269330653,
    "r_t_min": 8.835408497506896e-05,
    "r_t_max": 0.09058366520466242,
    "delta_hat_mean": 1.292716569664947e-07,
    "delta_hat_std": 2.7112200319015394e-06,
    "lambda_t_mean": 0.0001,
    "lambda_t_std": 0.0,
    "n_records": 1126
  },
  "layer2.0.downsample.0.weight": {
    "r_t_mean": 0.004573074253771656,
    "r_t_std": 0.001873306447987087,
    "r_t_min": 9.593552859033369e-05,
    "r_t_max": 0.0653695308921727,
    "delta_hat_mean": -1.0814412927901268e-07,
    "delta_hat_std": 3.029300937436923e-06,
    "lambda_t_mean": 0.0001,
    "lambda_t_std": 0.0,
    "n_records": 1126
  },
  "layer2.1.conv1.weight": {
    "r_t_mean": 0.0036357711558253664,
    "r_t_std": 0.0011797217383698393,
    "r_t_min": 4.6300783339758694e-05,
    "r_t_max": 0.02282563428136669,
    "delta_hat_mean": -1.4275950098006236e-08,
    "delta_hat_std": 4.6635429721860626e-06,
    "lambda_t_mean": 0.0001,
    "lambda_t_std": 0.0,
    "n_records": 1126
  },
  "layer2.1.conv2.weight": {
    "r_t_mean": 0.004840861172927752,
    "r_t_std": 0.0033495629475329505,
    "r_t_min": 5.9818810480304935e-05,
    "r_t_max": 0.11492569374308274,
    "delta_hat_mean": 1.5692194020635803e-07,
    "delta_hat_std": 4.507206398510692e-06,
    "lambda_t_mean": 0.0001,
    "lambda_t_std": 0.0,
    "n_records": 1126
  },
  "layer2.1.conv3.weight": {
    "r_t_mean": 0.004780696413867622,
    "r_t_std": 0.0018357483290021772,
    "r_t_min": 8.568858387928433e-05,
    "r_t_max": 0.06316571853869755,
    "delta_hat_mean": 8.470832416758289e-08,
    "delta_hat_std": 2.5089511954222435e-06,
    "lambda_t_mean": 0.0001,
    "lambda_t_std": 0.0,
    "n_records": 1126
  },
  "layer2.2.conv1.weight": {
    "r_t_mean": 0.003946498836464635,
    "r_t_std": 0.000983884534740275,
    "r_t_min": 3.921022282943954e-05,
    "r_t_max": 0.015757820645750792,
    "delta_hat_mean": -1.2322907809228398e-08,
    "delta_hat_std": 4.6484656473358e-06,
    "lambda_t_mean": 0.0001,
    "lambda_t_std": 0.0,
    "n_records": 1126
  },
  "layer2.2.conv2.weight": {
    "r_t_mean": 0.00504812408179873,
    "r_t_std": 0.002397669848445685,
    "r_t_min": 7.794443375579578e-05,
    "r_t_max": 0.08149342940784374,
    "delta_hat_mean": 9.64828689115732e-09,
    "delta_hat_std": 4.874207409252009e-06,
    "lambda_t_mean": 0.0001,
    "lambda_t_std": 0.0,
    "n_records": 1126
  },
  "layer2.2.conv3.weight": {
    "r_t_mean": 0.0049226332120312416,
    "r_t_std": 0.0013738282096184091,
    "r_t_min": 9.356347085349738e-05,
    "r_t_max": 0.046012310916139554,
    "delta_hat_mean": 8.729168529266127e-08,
    "delta_hat_std": 2.4575389567296406e-06,
    "lambda_t_mean": 0.0001,
    "lambda_t_std": 0.0,
    "n_records": 1126
  },
  "layer2.3.conv1.weight": {
    "r_t_mean": 0.004179916783059676,
    "r_t_std": 0.0007235553242239501,
    "r_t_min": 5.420927115437039e-05,
    "r_t_max": 0.012440164691201041,
    "delta_hat_mean": 2.488006280030193e-08,
    "delta_hat_std": 2.59149506982234e-06,
    "lambda_t_mean": 0.0001,
    "lambda_t_std": 0.0,
    "n_records": 1126
  },
  "layer2.3.conv2.weight": {
    "r_t_mean": 0.0051151940309431855,
    "r_t_std": 0.0019246466828100098,
    "r_t_min": 0.0001243082555636164,
    "r_t_max": 0.06061200241846232,
    "delta_hat_mean": 3.3658135010307904e-08,
    "delta_hat_std": 2.5735424697776785e-06,
    "lambda_t_mean": 0.0001,
    "lambda_t_std": 0.0,
    "n_records": 1126
  },