{
  "task_id": "analysis_h1",
  "n_problems": 50,
  "k_values": [
    1,
    2,
    4,
    8,
    16
  ],
  "overall_accuracy": {
    "k=1": "0.680",
    "k=2": "0.780",
    "k=4": "0.860",
    "k=8": "0.840",
    "k=16": "0.820"
  },
  "overall_fits": {
    "exponential": {
      "model": "exponential",
      "params": {
        "p_inf": 0.8351877907702321,
        "k0": 0.6131419160267896
      },
      "aic": -36.4326242887251,
      "aicc": -30.4326242887251,
      "bic": -37.2137484638569,
      "rss": 0.0015382852679124272,
      "r2": 0.9242969848468293,
      "n": 5,
      "n_params": 2
    },
    "power_law": {
      "model": "power_law",
      "params": {
        "a": -0.16296211757636164,
        "b": -1.8668806813903316,
        "c": 0.8408338283764458
      },
      "aic": -34.06587601466919,
      "aicc": -10.065876014669193,
      "bic": -35.23756227736689,
      "rss": 0.0016553591402879893,
      "r2": 0.9185354753795281,
      "n": 5,
      "n_params": 3
    },
    "logarithmic": {
      "model": "logarithmic",
      "params": {
        "a": 0.049051631658859216,
        "b": 0.7279999994091373
      },
      "aic": -27.73498643233968,
      "aicc": -21.73498643233968,
      "bic": -28.516110607471482,
      "rss": 0.008760000000000006,
      "r2": 0.5688976377952749,
      "n": 5,
      "n_params": 2
    }
  },
  "overall_best_aic": "exponential",
  "overall_best_aicc": "exponential",
  "overall_best_bic": "exponential",
  "per_problem": {
    "valid_fits": 50,
    "best_aicc_counts": {
      "exponential": 8,
      "power_law": 20,
      "logarithmic": 22
    },
    "best_bic_counts": {
      "exponential": 4,
      "power_law": 24,
      "logarithmic": 22
    },
    "best_r2_counts": {
      "exponential": 26,
      "power_law": 22,
      "logarithmic": 2
    },
    "r2_statistics": {
      "exponential": {
        "mean": 0.07701699766822352,
        "median": 0.0,
        "std": 0.2077965581047491,
        "min": -3.3104630148272918e-12,
        "max": 0.8580302887188511
      },
      "power_law": {
        "mean": 0.2196704591855152,
        "median": 0.0,
        "std": 0.30700609921128225,
        "min": 0.0,
        "max": 0.9975865030213212
      },
      "logarithmic": {
        "mean": 0.16373093826934,
        "median": 0.0,
        "std": 0.2623248604945838,
        "min": 0.0,
        "max": 0.8804347826086957
      }
    }
  },
  "h1_status": "CONFIRMED",
  "h1_pass": true,
  "threshold_r2": 0.85,
  "overall_r2_exponential": 0.9242969848468293,
  "recommendation": "GO"
}