{
  "conv1.weight": {
    "r_t_mean": 0.026518995262259145,
    "r_t_std": 0.012427600720811541,
    "r_t_min": 0.009121441572572397,
    "r_t_max": 0.19052434925246634,
    "delta_hat_mean": -2.9051297241121343e-07,
    "delta_hat_std": 5.36695347096924e-05,
    "lambda_t_mean": 0.0028032210990719063,
    "lambda_t_std": 4.339591371453838e-19,
    "n_records": 780
  },
  "layer1.0.conv1.weight": {
    "r_t_mean": 0.025848956142512137,
    "r_t_std": 0.017053826577217615,
    "r_t_min": 0.009634780223610176,
    "r_t_max": 0.3940753386167059,
    "delta_hat_mean": 2.4687075114644293e-08,
    "delta_hat_std": 1.8283149972045495e-05,
    "lambda_t_mean": 0.0028032210990719063,
    "lambda_t_std": 4.339591371453838e-19,
    "n_records": 780
  },
  "layer1.0.conv2.weight": {
    "r_t_mean": 0.025677622617001516,
    "r_t_std": 0.015627887727154403,
    "r_t_min": 0.010860120298960208,
    "r_t_max": 0.3470528565338284,
    "delta_hat_mean": 1.5316040228905937e-07,
    "delta_hat_std": 1.370066579898713e-05,
    "lambda_t_mean": 0.0028032210990719063,
    "lambda_t_std": 4.339591371453838e-19,
    "n_records": 780
  },
  "layer1.1.conv1.weight": {
    "r_t_mean": 0.02640306235542453,
    "r_t_std": 0.014181716971600183,
    "r_t_min": 0.010128089067766024,
    "r_t_max": 0.26929929156390087,
    "delta_hat_mean": -3.223384775734982e-08,
    "delta_hat_std": 1.3060052287588742e-05,
    "lambda_t_mean": 0.0028032210990719063,
    "lambda_t_std": 4.339591371453838e-19,
    "n_records": 780
  },
  "layer1.1.conv2.weight": {
    "r_t_mean": 0.026040666877140642,
    "r_t_std": 0.014122874818599241,
    "r_t_min": 0.009383519142553589,
    "r_t_max": 0.2704728449963426,
    "delta_hat_mean": -7.843829703051533e-07,
    "delta_hat_std": 1.2552574813615549e-05,
    "lambda_t_mean": 0.0028032210990719063,
    "lambda_t_std": 4.339591371453838e-19,
    "n_records": 780
  },
  "layer1.2.conv1.weight": {
    "r_t_mean": 0.026581677153070908,
    "r_t_std": 0.01365973536952383,
    "r_t_min": 0.0058931281216587665,
    "r_t_max": 0.21328853140402412,
    "delta_hat_mean": 2.0916759868992968e-07,
    "delta_hat_std": 9.196974274196246e-06,
    "lambda_t_mean": 0.0028032210990719063,
    "lambda_t_std": 4.339591371453838e-19,
    "n_records": 780
  },
  "layer1.2.conv2.weight": {
    "r_t_mean": 0.02589924701506823,
    "r_t_std": 0.012463667433375968,
    "r_t_min": 0.008227688458320528,
    "r_t_max": 0.1689624587669793,
    "delta_hat_mean": 1.9950466531453842e-07,
    "delta_hat_std": 1.123626627895018e-05,
    "lambda_t_mean": 0.0028032210990719063,
    "lambda_t_std": 4.339591371453838e-19,
    "n_records": 780
  },
  "layer2.0.conv1.weight": {
    "r_t_mean": 0.0261243018086647,
    "r_t_std": 0.011276706565938563,
    "r_t_min": 0.008544423801511904,
    "r_t_max": 0.13635735868030135,
    "delta_hat_mean": 2.539090328975901e-07,
    "delta_hat_std": 1.0331132080926472e-05,
    "lambda_t_mean": 0.0028032210990719063,
    "lambda_t_std": 4.339591371453838e-19,
    "n_records": 780
  },
  "layer2.0.conv2.weight": {
    "r_t_mean": 0.026206163311187854,
    "r_t_std": 0.011870572232148326,
    "r_t_min": 0.008947804635455232,
    "r_t_max": 0.15417413154204174,
    "delta_hat_mean": -1.9145808226111008e-07,
    "delta_hat_std": 5.989824967664073e-06,
    "lambda_t_mean": 0.0028032210990719063,
    "lambda_t_std": 4.339591371453838e-19,
    "n_records": 780
  },
  "layer2.0.shortcut.0.weight": {
    "r_t_mean": 0.02572909142934114,
    "r_t_std": 0.010119474083787045,
    "r_t_min": 0.010716497744505416,
    "r_t_max": 0.0568752798867306,
    "delta_hat_mean": 6.714592802616369e-07,
    "delta_hat_std": 3.148226195044173e-05,
    "lambda_t_mean": 0.0028032210990719063,
    "lambda_t_std": 4.339591371453838e-19,
    "n_records": 780
  },
  "layer2.1.conv1.weight": {
    "r_t_mean": 0.027010626750288293,
    "r_t_std": 0.013555408601154896,
    "r_t_min": 0.008292092145883978,
    "r_t_max": 0.13848772049634234,
    "delta_hat_mean": -1.6232397166558117e-07,
    "delta_hat_std": 6.126199537975712e-06,
    "lambda_t_mean": 0.0028032210990719063,
    "lambda_t_std": 4.339591371453838e-19,
    "n_records": 780
  },
  "layer2.1.conv2.weight": {
    "r_t_mean": 0.026762900685154672,
    "r_t_std": 0.0127919483549895,
    "r_t_min": 0.011777655841255785,
    "r_t_max": 0.12195582929101473,
    "delta_hat_mean": -2.595031906055968e-08,
    "delta_hat_std": 5.516887083289467e-06,
    "lambda_t_mean": 0.0028032210990719063,
    "lambda_t_std": 4.339591371453838e-19,
    "n_records": 780
  },
  "layer2.2.conv1.weight": {
    "r_t_mean": 0.026515645696973532,
    "r_t_std": 0.012140584957022369,
    "r_t_min": 0.008049644072087993,
    "r_t_max": 0.10795731829929232,
    "delta_hat_mean": 3.065803021901212e-07,
    "delta_hat_std": 4.920693737792611e-06,
    "lambda_t_mean": 0.0028032210990719063,
    "lambda_t_std": 4.339591371453838e-19,
    "n_records": 780
  },
  "layer2.2.conv2.weight": {
    "r_t_mean": 0.02612983626140294,
    "r_t_std": 0.01160532168495524,
    "r_t_min": 0.00899250602557117,
    "r_t_max": 0.09727389011473818,
    "delta_hat_mean": 4.391730170052227e-07,
    "delta_hat_std": 4.360870130242414e-06,
    "lambda_t_mean": 0.0028032210990719063,
    "lambda_t_std": 4.339591371453838e-19,
    "n_records": 780
  },
  "layer3.0.conv1.weight": {
    "r_t_mean": 0.025863951735146117,
    "r_t_std": 0.010843934113582192,
    "r_t_min": 0.009536324916942868,
    "r_t_max": 0.07380251950151112,
    "delta_hat_mean": -6.469453830768238e-08,
    "delta_hat_std": 3.600755185534526e-06,
    "lambda_t_mean": 0.0028032210990719063,
    "lambda_t_std": 4.339591371453838e-19,
    "n_records": 780
  },
  "layer3.0.conv2.weight": {
    "r_t_mean": 0.02615510654241505,
    "r_t_std": 0.011467904260238358,
    "r_t_min": 0.011766302464753806,
    "r_t_max": 0.1007642942370652,
    "delta_hat_mean": 1.069405952928234e-07,
    "delta_hat_std": 2.4392526777851676e-06,
    "lambda_t_mean": 0.0028032210990719063,
    "lambda_t_std": 4.339591371453838e-19,
    "n_records": 780
  },
  "layer3.0.shortcut.0.weight": {
    "r_t_mean": 0.025170113160293776,
    "r_t_std": 0.009727225826920441,
    "r_t_min": 0.012405032247260764,
    "r_t_max": 0.05876184149107934,
    "delta_hat_mean": 1.1154212788510858e-07,
    "delta_hat_std": 8.853753372915811e-06,
    "lambda_t_mean": 0.0028032210990719063,
    "lambda_t_std": 4.339591371453838e-19,
    "n_records": 780
  },
  "layer3.1.conv1.weight": {
    "r_t_mean": 0.026566307429719868,
    "r_t_std": 0.011977471555265065,
    "r_t_min": 0.009368766458168075,
    "r_t_max": 0.09009946787005307,
    "delta_hat_mean": 1.8918961464326492e-07,
    "delta_hat_std": 2.5387079726798037e-06,
    "lambda_t_mean": 0.0028032210990719063,
    "lambda_t_std": 4.339591371453838e-19,
    "n_records": 780
  },
  "layer3.1.conv2.weight": {
    "r_t_mean": 0.0263402718136913,
    "r_t_std": 0.011708820889393342,
    "r_t_min": 0.010986155564863875,
    "r_t_max": 0.09177070003405374,
    "delta_hat_mean": 2.6812788700425472e-08,
    "delta_hat_std": 2.095633156594284e-06,
    "lambda_t_mean": 0.0028032210990719063,
    "lambda_t_std": 4.339591371453838e-19,
    "n_records": 780
  },
  "layer3.2.conv1.weight": {
    "r_t_mean": 0.0265674376169828,
    "r_t_std": 0.011793903596770013,
    "r_t_min": 0.010771549126268192,
    "r_t_max": 0.08741726824872631,
    "delta_hat_mean": -1.1076797432035112e-07,
    "delta_hat_std": 2.738785465180858e-06,
    "lambda_t_mean": 0.0028032210990719063,
    "lambda_t_std": 4.339591371453838e-19,
    "n_records": 780
  },
  "layer3.2.conv2.weight": {
    "r_t_mean": 0.025500566244351867,
    "r_t_std": 0.010187463260631123,
    "r_t_min": 0.010139170976433668,
    "r_t_max": 0.08874793683171622,
    "delta_hat_mean": -7.087601631748332e-08,
    "delta_hat_std": 2.187031111383319e-06,
    "lambda_t_mean": 0.0028032210990719063,
    "lambda_t_std": 4.339591371453838e-19,
    "n_records": 780
  },