{
  "features.0.weight": {
    "r_t_mean": 3.081170566190299e-09,
    "r_t_std": 5.659202851862617e-09,
    "r_t_min": 2.7949968350048255e-10,
    "r_t_max": 7.0572750286155e-08,
    "delta_hat_mean": -0.0008814610863341025,
    "delta_hat_std": 0.020557296591586366,
    "lambda_t_mean": 0.0,
    "lambda_t_std": 0.0,
    "n_records": 1950
  },
  "features.2.weight": {
    "r_t_mean": 1.4378852509755462e-08,
    "r_t_std": 2.669612258228632e-08,
    "r_t_min": 1.422699982098925e-09,
    "r_t_max": 3.402764347990701e-07,
    "delta_hat_mean": -0.00025755165018404697,
    "delta_hat_std": 0.005411477439027872,
    "lambda_t_mean": 0.0,
    "lambda_t_std": 0.0,
    "n_records": 1950
  },
  "features.5.weight": {
    "r_t_mean": 1.0915965003176635e-08,
    "r_t_std": 2.028532252904749e-08,
    "r_t_min": 1.0040941469879532e-09,
    "r_t_max": 2.5893114579733035e-07,
    "delta_hat_mean": -0.0001643144586980783,
    "delta_hat_std": 0.003624681866323735,
    "lambda_t_mean": 0.0,
    "lambda_t_std": 0.0,
    "n_records": 1950
  },
  "features.7.weight": {
    "r_t_mean": 1.5525913368408965e-08,
    "r_t_std": 2.8836583088848407e-08,
    "r_t_min": 1.3665292231214226e-09,
    "r_t_max": 3.506262692293599e-07,
    "delta_hat_mean": -0.0001331456192845228,
    "delta_hat_std": 0.0026227302241764103,
    "lambda_t_mean": 0.0,
    "lambda_t_std": 0.0,
    "n_records": 1950
  },
  "features.10.weight": {
    "r_t_mean": 1.2469145693596835e-08,
    "r_t_std": 2.318917217398385e-08,
    "r_t_min": 1.2022268160235052e-09,
    "r_t_max": 2.971852158995589e-07,
    "delta_hat_mean": -7.582677599429005e-05,
    "delta_hat_std": 0.0017506550938889936,
    "lambda_t_mean": 0.0,
    "lambda_t_std": 0.0,
    "n_records": 1950
  },
  "features.12.weight": {
    "r_t_mean": 1.9928357987743066e-08,
    "r_t_std": 3.677984064205763e-08,
    "r_t_min": 2.0378431811606582e-09,
    "r_t_max": 4.499603718579887e-07,
    "delta_hat_mean": -6.372496338711606e-05,
    "delta_hat_std": 0.0013562755476170323,
    "lambda_t_mean": 0.0,
    "lambda_t_std": 0.0,
    "n_records": 1950
  },
  "features.14.weight": {
    "r_t_mean": 3.120002075299072e-08,
    "r_t_std": 5.833771778915965e-08,
    "r_t_min": 3.449006209391797e-09,
    "r_t_max": 7.174778864212648e-07,
    "delta_hat_mean": -4.504070390153058e-05,
    "delta_hat_std": 0.0014390832294751425,
    "lambda_t_mean": 0.0,
    "lambda_t_std": 0.0,
    "n_records": 1950
  },
  "features.17.weight": {
    "r_t_mean": 4.78975788473941e-08,
    "r_t_std": 8.950158673481389e-08,
    "r_t_min": 5.019974281535206e-09,
    "r_t_max": 1.1125289199831746e-06,
    "delta_hat_mean": 1.0512204760580528e-05,
    "delta_hat_std": 0.0009682662645063399,
    "lambda_t_mean": 0.0,
    "lambda_t_std": 0.0,
    "n_records": 1950
  },
  "features.19.weight": {
    "r_t_mean": 1.6166090622732242e-07,
    "r_t_std": 3.024800764812851e-07,
    "r_t_min": 1.6430925834665557e-08,
    "r_t_max": 3.6092510199021598e-06,
    "delta_hat_mean": -9.30303175245775e-07,
    "delta_hat_std": 0.0007101919971243295,
    "lambda_t_mean": 0.0,
    "lambda_t_std": 0.0,
    "n_records": 1950
  },
  "features.21.weight": {
    "r_t_mean": 3.4686396804816464e-07,
    "r_t_std": 6.553779104608859e-07,
    "r_t_min": 3.431852082783103e-08,
    "r_t_max": 8.075603795302617e-06,
    "delta_hat_mean": 2.1783180490906954e-05,
    "delta_hat_std": 0.0007318476841026822,
    "lambda_t_mean": 0.0,
    "lambda_t_std": 0.0,
    "n_records": 1950
  },
  "features.24.weight": {
    "r_t_mean": 9.885665899871483e-07,
    "r_t_std": 1.861017069812381e-06,
    "r_t_min": 1.0091397723521424e-07,
    "r_t_max": 2.2907951455528198e-05,
    "delta_hat_mean": 1.2507032632631019e-05,
    "delta_hat_std": 0.0006097988307021111,
    "lambda_t_mean": 0.0,
    "lambda_t_std": 0.0,
    "n_records": 1950
  },
  "features.26.weight": {
    "r_t_mean": 3.3978139277642475e-06,
    "r_t_std": 6.447208224723203e-06,
    "r_t_min": 3.555319774777836e-07,
    "r_t_max": 7.738872169158851e-05,
    "delta_hat_mean": 5.0465848303888494e-06,
    "delta_hat_std": 0.0007691241917760669,
    "lambda_t_mean": 0.0,
    "lambda_t_std": 0.0,
    "n_records": 1950
  },
  "features.28.weight": {
    "r_t_mean": 1.2512256494543146e-05,
    "r_t_std": 2.3868954940526596e-05,
    "r_t_min": 1.280277467219886e-06,
    "r_t_max": 0.0002867520156798932,
    "delta_hat_mean": -3.107265440022298e-07,
    "delta_hat_std": 0.001135015402067149,
    "lambda_t_mean": 0.0,
    "lambda_t_std": 0.0,
    "n_records": 1950
  },
  "classifier.0.weight": {
    "r_t_mean": 2.5462726382220853e-05,
    "r_t_std": 3.948742114952296e-05,
    "r_t_min": 2.8284999834646507e-06,
    "r_t_max": 0.00037183681738308543,
    "delta_hat_mean": 2.774136942907017e-06,
    "delta_hat_std": 0.0026281931018576118,
    "lambda_t_mean": 0.0,
    "lambda_t_std": 0.0,
    "n_records": 1950
  },
  "classifier.3.weight": {
    "r_t_mean": 0.0001983058885436182,
    "r_t_std": 0.0002686718630897305,
    "r_t_min": 2.2482057955195153e-05,
    "r_t_max": 0.002125553590127358,
    "delta_hat_mean": -2.122931573234009e-05,
    "delta_hat_std": 0.0032939063329326702,
    "lambda_t_mean": 0.0,
    "lambda_t_std": 0.0,
    "n_records": 1950
  },
  "classifier.6.weight": {
    "r_t_mean": 0.0007395627546005338,
    "r_t_std": 0.0015022251328021708,
    "r_t_min": 7.145276591457492e-06,
    "r_t_max": 0.012855132042035722,
    "delta_hat_mean": 0.00010008296366625776,
    "delta_hat_std": 0.0044708785985701485,
    "lambda_t_mean": 0.0,
    "lambda_t_std": 0.0,
    "n_records": 1950
  }
}