{
  "task_id": "p3_random_baseline",
  "timestamp": "2026-04-29T01:21:40.875897",
  "config": {
    "model": "gpt2",
    "sae_id": "gpt2-small-res-jb",
    "layer": 8,
    "dataset_samples": 1000,
    "features_analyzed": 504,
    "n_clusters": 50,
    "seed": 42
  },
  "ground_truth": {
    "n_absorption_pairs": 7,
    "absorption_pairs": [
      [
        12413,
        24189
      ],
      [
        24189,
        24189
      ],
      [
        22971,
        24189
      ],
      [
        11513,
        12413
      ],
      [
        11513,
        22971
      ],
      [
        12413,
        22971
      ],
      [
        11513,
        24189
      ]
    ]
  },
  "uad_results": {
    "precision": 0.00024067388688327315,
    "recall": 0.14285714285714285,
    "f1": 0.00048053820278712154,
    "true_positives": 1,
    "false_positives": 4154,
    "false_negatives": 6,
    "detected_pairs": 4155,
    "ground_truth_pairs": 7
  },
  "baselines": {
    "analytical_global_random": {
      "mean_f1": 0.0001102626591882312,
      "std_f1": 4.0657581468206416e-20,
      "mean_precision": 5.522421029379281e-05,
      "mean_recall": 0.032779513395815585,
      "n_trials": 100,
      "baseline_type": "global_random",
      "n_all_pairs": 126756,
      "n_detected": 4155,
      "n_gt_pairs": 7
    },
    "empirical_global_random": {
      "mean_f1": 0.00011532916866890915,
      "std_f1": 0.00020522975976994352,
      "mean_precision": 5.7761732851985556e-05,
      "mean_recall": 0.03428571428571428,
      "mean_tp": 0.24,
      "n_trials": 100,
      "baseline_type": "empirical_global_random"
    },
    "same_cluster_random": {
      "mean_f1": 0.00048053820278712154,
      "std_f1": 0.0,
      "mean_precision": 0.00024067388688327318,
      "mean_recall": 0.1428571428571428,
      "mean_tp": 1.0,
      "n_trials": 100,
      "baseline_type": "same_cluster_random",
      "n_cluster_pairs": 4155
    },
    "frequency_weighted_random": {
      "mean_f1": 0.0,
      "std_f1": 0.0,
      "mean_precision": 0.0,
      "mean_recall": 0.0,
      "mean_tp": 0.0,
      "n_trials": 100,
      "baseline_type": "frequency_weighted_random"
    }
  },
  "comparisons": {
    "uad_vs_global_random": {
      "uad_f1": 0.00048053820278712154,
      "global_random_f1": 0.0001102626591882312,
      "f1_difference": 0.00037027554359889034,
      "uad_better": true
    },
    "uad_vs_empirical_global": {
      "uad_f1": 0.00048053820278712154,
      "empirical_global_f1": 0.00011532916866890915,
      "f1_difference": 0.0003652090341182124,
      "uad_better": true
    },
    "uad_vs_same_cluster": {
      "uad_f1": 0.00048053820278712154,
      "same_cluster_f1": 0.00048053820278712154,
      "f1_difference": 0.0,
      "uad_better": false
    },
    "uad_vs_frequency_weighted": {
      "uad_f1": 0.00048053820278712154,
      "freq_weighted_f1": 0.0,
      "f1_difference": 0.00048053820278712154,
      "uad_better": true
    }
  },
  "pass_criteria": {
    "global_random_f1_lt_0.05": true,
    "uad_minus_global_ge_0.3": false,
    "all_pass": false
  },
  "runtime_seconds": 151.33866333961487
}