{
  "conv1.weight": {
    "r_t_mean": 0.01744922451410307,
    "r_t_std": 0.015012584018532596,
    "r_t_min": 0.0038514825613617334,
    "r_t_max": 0.3976654327973974,
    "delta_hat_mean": -3.7949419062435834e-06,
    "delta_hat_std": 4.8060998210274236e-05,
    "lambda_t_mean": 0.0005950233838024352,
    "lambda_t_std": 7.678488715535383e-05,
    "n_records": 1950
  },
  "layer1.0.conv1.weight": {
    "r_t_mean": 0.01625507637770366,
    "r_t_std": 0.012611082925688797,
    "r_t_min": 0.005269397108432965,
    "r_t_max": 0.4875949694779707,
    "delta_hat_mean": 5.331405855548756e-08,
    "delta_hat_std": 1.442801143505821e-05,
    "lambda_t_mean": 0.0005740282052434295,
    "lambda_t_std": 5.71399261566795e-05,
    "n_records": 1950
  },
  "layer1.0.conv2.weight": {
    "r_t_mean": 0.016384631763354474,
    "r_t_std": 0.011082645472571841,
    "r_t_min": 0.004436253942878356,
    "r_t_max": 0.3887544787470612,
    "delta_hat_mean": 1.2293399086852712e-07,
    "delta_hat_std": 1.0496603304965702e-05,
    "lambda_t_mean": 0.0005722001907313915,
    "lambda_t_std": 5.937228097343621e-05,
    "n_records": 1950
  },
  "layer1.1.conv1.weight": {
    "r_t_mean": 0.01736905703258504,
    "r_t_std": 0.008417288743506035,
    "r_t_min": 0.005199506576857517,
    "r_t_max": 0.2770598691740061,
    "delta_hat_mean": 2.7867519381623687e-08,
    "delta_hat_std": 8.896853462896727e-06,
    "lambda_t_mean": 0.0005729579391659666,
    "lambda_t_std": 5.929584826352616e-05,
    "n_records": 1950
  },
  "layer1.1.conv2.weight": {
    "r_t_mean": 0.017048174383901372,
    "r_t_std": 0.008288381908328778,
    "r_t_min": 0.005146145449011921,
    "r_t_max": 0.26261789499507726,
    "delta_hat_mean": 3.832459844804594e-09,
    "delta_hat_std": 8.661841376116513e-06,
    "lambda_t_mean": 0.0005688022724508485,
    "lambda_t_std": 5.455132997355093e-05,
    "n_records": 1950
  },
  "layer1.2.conv1.weight": {
    "r_t_mean": 0.017678336233713416,
    "r_t_std": 0.007701590461383001,
    "r_t_min": 0.005086177121812334,
    "r_t_max": 0.23429482311879085,
    "delta_hat_mean": -6.962736261010095e-08,
    "delta_hat_std": 8.918854052344914e-06,
    "lambda_t_mean": 0.0005717481334580161,
    "lambda_t_std": 5.7700211323906494e-05,
    "n_records": 1950
  },
  "layer1.2.conv2.weight": {
    "r_t_mean": 0.016876165562060556,
    "r_t_std": 0.00769603834064927,
    "r_t_min": 0.0044968455091332574,
    "r_t_max": 0.189398588754468,
    "delta_hat_mean": 7.360323581284689e-08,
    "delta_hat_std": 8.51096468752652e-06,
    "lambda_t_mean": 0.0005683399441605644,
    "lambda_t_std": 5.628888439497209e-05,
    "n_records": 1950
  },
  "layer2.0.conv1.weight": {
    "r_t_mean": 0.01698867900750425,
    "r_t_std": 0.007207696965853756,
    "r_t_min": 0.004810014972273948,
    "r_t_max": 0.14666268940305785,
    "delta_hat_mean": -1.918319123742999e-07,
    "delta_hat_std": 9.766558791473812e-06,
    "lambda_t_mean": 0.0005663640664813752,
    "lambda_t_std": 5.4202271612374824e-05,
    "n_records": 1950
  },
  "layer2.0.conv2.weight": {
    "r_t_mean": 0.017545532337584564,
    "r_t_std": 0.008359446560814854,
    "r_t_min": 0.005138181964432044,
    "r_t_max": 0.1801026466505386,
    "delta_hat_mean": -7.818849308449671e-08,
    "delta_hat_std": 5.3865234998361865e-06,
    "lambda_t_mean": 0.0005657359857978417,
    "lambda_t_std": 5.316708594139671e-05,
    "n_records": 1950
  },
  "layer2.0.shortcut.0.weight": {
    "r_t_mean": 0.015219234241266933,
    "r_t_std": 0.004940293659510722,
    "r_t_min": 0.004615729913874134,
    "r_t_max": 0.04554911596449853,
    "delta_hat_mean": -5.191304874646727e-08,
    "delta_hat_std": 1.9266532572477744e-05,
    "lambda_t_mean": 0.000567572787012752,
    "lambda_t_std": 5.4811164850780746e-05,
    "n_records": 1950
  },
  "layer2.1.conv1.weight": {
    "r_t_mean": 0.01792216751117687,
    "r_t_std": 0.00797233692373243,
    "r_t_min": 0.005241991370571757,
    "r_t_max": 0.1616532346407033,
    "delta_hat_mean": 2.202860883329162e-07,
    "delta_hat_std": 3.951470989838195e-06,
    "lambda_t_mean": 0.0005667121874203372,
    "lambda_t_std": 5.410650767309564e-05,
    "n_records": 1950
  },
  "layer2.1.conv2.weight": {
    "r_t_mean": 0.017861838839467414,
    "r_t_std": 0.007300226856146819,
    "r_t_min": 0.005602173708721718,
    "r_t_max": 0.13667074659314252,
    "delta_hat_mean": -9.50778827561549e-08,
    "delta_hat_std": 4.3466354795701045e-06,
    "lambda_t_mean": 0.0005643022928711754,
    "lambda_t_std": 5.1993545955635825e-05,
    "n_records": 1950
  },
  "layer2.2.conv1.weight": {
    "r_t_mean": 0.018897802119652442,
    "r_t_std": 0.006526647572141819,
    "r_t_min": 0.006259149931147351,
    "r_t_max": 0.12362912613489882,
    "delta_hat_mean": -4.4926242330653385e-08,
    "delta_hat_std": 3.9263065183896505e-06,
    "lambda_t_mean": 0.0005666971637300573,
    "lambda_t_std": 5.349839486813775e-05,
    "n_records": 1950
  },
  "layer2.2.conv2.weight": {
    "r_t_mean": 0.018087238895352766,
    "r_t_std": 0.006738576810279934,
    "r_t_min": 0.0059819127887212635,
    "r_t_max": 0.13724908790159152,
    "delta_hat_mean": -8.302772289071643e-08,
    "delta_hat_std": 4.1025216373932695e-06,
    "lambda_t_mean": 0.0005652846614826923,
    "lambda_t_std": 5.286433767969464e-05,
    "n_records": 1950
  },
  "layer3.0.conv1.weight": {
    "r_t_mean": 0.018216953878159046,
    "r_t_std": 0.006294274181173369,
    "r_t_min": 0.005714315673339454,
    "r_t_max": 0.11366783471047358,
    "delta_hat_mean": 2.0073712597570063e-09,
    "delta_hat_std": 3.514316272618732e-06,
    "lambda_t_mean": 0.0005637407245995097,
    "lambda_t_std": 5.184785420629304e-05,
    "n_records": 1950
  },
  "layer3.0.conv2.weight": {
    "r_t_mean": 0.019496858381612553,
    "r_t_std": 0.007355388027131551,
    "r_t_min": 0.0062993618257633265,
    "r_t_max": 0.162453208133352,
    "delta_hat_mean": -4.642078887529558e-08,
    "delta_hat_std": 2.695795478553366e-06,
    "lambda_t_mean": 0.0005634892589267851,
    "lambda_t_std": 5.173730403963907e-05,
    "n_records": 1950
  },
  "layer3.0.shortcut.0.weight": {
    "r_t_mean": 0.01462162280032431,
    "r_t_std": 0.0050922224717368045,
    "r_t_min": 0.004196950455495194,
    "r_t_max": 0.06574093727440557,
    "delta_hat_mean": -2.3255090578043445e-07,
    "delta_hat_std": 8.668070684921543e-06,
    "lambda_t_mean": 0.0005648237803717441,
    "lambda_t_std": 5.2219483367870865e-05,
    "n_records": 1950
  },
  "layer3.1.conv1.weight": {
    "r_t_mean": 0.020513191139460922,
    "r_t_std": 0.006349581878676944,
    "r_t_min": 0.007252140602884778,
    "r_t_max": 0.14888657661825014,
    "delta_hat_mean": -3.3717575283063414e-08,
    "delta_hat_std": 2.2178426564536403e-06,
    "lambda_t_mean": 0.0005651815196583899,
    "lambda_t_std": 5.2521431941621306e-05,
    "n_records": 1950
  },
  "layer3.1.conv2.weight": {
    "r_t_mean": 0.020285788114392137,
    "r_t_std": 0.006645732922209616,
    "r_t_min": 0.007066550069053965,
    "r_t_max": 0.18040785522972436,
    "delta_hat_mean": 8.48877762797506e-09,
    "delta_hat_std": 2.184344460376363e-06,
    "lambda_t_mean": 0.0005660723635370972,
    "lambda_t_std": 5.372673982780439e-05,
    "n_records": 1950
  },
  "layer3.2.conv1.weight": {
    "r_t_mean": 0.019866076838576188,
    "r_t_std": 0.006238022876631901,
    "r_t_min": 0.007199057193723369,
    "r_t_max": 0.14750012335498233,
    "delta_hat_mean": -8.958743561956103e-08,
    "delta_hat_std": 3.0298154455894775e-06,
    "lambda_t_mean": 0.0005658031388644984,
    "lambda_t_std": 5.2679110377555845e-05,
    "n_records": 1950
  },
  "layer3.2.conv2.weight": {
    "r_t_mean": 0.016955965603763466,
    "r_t_std": 0.006536021961890479,
    "r_t_min": 0.005381029037464065,
    "r_t_max": 0.16253926227978902,
    "delta_hat_mean": -4.292891451998871e-08,
    "delta_hat_std": 3.315540070902731e-06,
    "lambda_t_mean": 0.000567637929583938,
    "lambda_t_std": 5.466776051392587e-05,
    "n_records": 1950
  },