{
  "task_id": "ablation_l1_sparsity",
  "timestamp": "2026-04-26T16:13:43.472464",
  "mode": "PILOT",
  "config": {
    "model": "gpt2-small",
    "layer": 8,
    "d_sae": 24576,
    "n_train_tokens": 500000,
    "n_epochs": 2,
    "batch_size": 64,
    "seq_len": 128,
    "learning_rate": 0.0001,
    "n_eval_tokens": 50000,
    "device": "cuda:0",
    "seed": 42
  },
  "l1_sweep": [
    1e-05,
    5e-05,
    0.0001,
    0.0005,
    0.001
  ],
  "results": [
    {
      "l1_coefficient": 1e-05,
      "train_time_seconds": 3.5590879917144775,
      "evaluation": {
        "l0": 12324.2373046875,
        "l0_normalized": 0.5014744997024536,
        "reconstruction_mse": 1388.1748706335309,
        "dead_feature_ratio": 0.0,
        "mean_absorption": 0.6861109943277802,
        "mean_gini_absorption": 0.3962023227072848,
        "mean_chanin_absorption": 0.9760196659482758,
        "mean_uas": 5.1507678240307175,
        "n_features_analyzed": 200,
        "n_eval_tokens": 11136
      }
    },
    {
      "l1_coefficient": 5e-05,
      "train_time_seconds": 3.300637722015381,
      "evaluation": {
        "l0": 12314.3271484375,
        "l0_normalized": 0.5010712544123331,
        "reconstruction_mse": 1339.9591990503773,
        "dead_feature_ratio": 0.0,
        "mean_absorption": 0.6918919771692377,
        "mean_gini_absorption": 0.41155739183847545,
        "mean_chanin_absorption": 0.9722265625,
        "mean_uas": 5.268199323280993,
        "n_features_analyzed": 200,
        "n_eval_tokens": 11136
      }
    },
    {
      "l1_coefficient": 0.0001,
      "train_time_seconds": 3.2036585807800293,
      "evaluation": {
        "l0": 12299.0771484375,
        "l0_normalized": 0.5004507303237915,
        "reconstruction_mse": 1552.7587483723958,
        "dead_feature_ratio": 0.0,
        "mean_absorption": 0.6898416883753452,
        "mean_gini_absorption": 0.40624093781390896,
        "mean_chanin_absorption": 0.9734424389367817,
        "mean_uas": 5.2194538785783,
        "n_features_analyzed": 200,
        "n_eval_tokens": 11136
      }
    },
    {
      "l1_coefficient": 0.0005,
      "train_time_seconds": 3.2457332611083984,
      "evaluation": {
        "l0": 12239.8017578125,
        "l0_normalized": 0.4980388085047404,
        "reconstruction_mse": 1427.9276796538254,
        "dead_feature_ratio": 0.0,
        "mean_absorption": 0.6899474290837274,
        "mean_gini_absorption": 0.4029457741157307,
        "mean_chanin_absorption": 0.9769490840517241,
        "mean_uas": 5.300993519026767,
        "n_features_analyzed": 200,
        "n_eval_tokens": 11136
      }
    },
    {
      "l1_coefficient": 0.001,
      "train_time_seconds": 3.0321054458618164,
      "evaluation": {
        "l0": 12238.8076171875,
        "l0_normalized": 0.49799835681915283,
        "reconstruction_mse": 1463.7330378389906,
        "dead_feature_ratio": 0.0,
        "mean_absorption": 0.6887243829527634,
        "mean_gini_absorption": 0.4041037587216188,
        "mean_chanin_absorption": 0.9733450071839082,
        "mean_uas": 5.198809688504744,
        "n_features_analyzed": 200,
        "n_eval_tokens": 11136
      }
    }
  ],
  "pareto_analysis": [
    {
      "l1": 1e-05,
      "absorption": 0.6861109943277802,
      "mse": 1388.1748706335309,
      "l0": 0.5014744997024536,
      "l0_raw": 12324.2373046875,
      "dead_ratio": 0.0,
      "uas": 5.1507678240307175,
      "gini_abs": 0.3962023227072848,
      "chanin_abs": 0.9760196659482758,
      "train_time": 3.5590879917144775,
      "pareto_status": "Pareto"
    },
    {
      "l1": 5e-05,
      "absorption": 0.6918919771692377,
      "mse": 1339.9591990503773,
      "l0": 0.5010712544123331,
      "l0_raw": 12314.3271484375,
      "dead_ratio": 0.0,
      "uas": 5.268199323280993,
      "gini_abs": 0.41155739183847545,
      "chanin_abs": 0.9722265625,
      "train_time": 3.300637722015381,
      "pareto_status": "Pareto"
    },
    {
      "l1": 0.0001,
      "absorption": 0.6898416883753452,
      "mse": 1552.7587483723958,
      "l0": 0.5004507303237915,
      "l0_raw": 12299.0771484375,
      "dead_ratio": 0.0,
      "uas": 5.2194538785783,
      "gini_abs": 0.40624093781390896,
      "chanin_abs": 0.9734424389367817,
      "train_time": 3.2036585807800293,
      "pareto_status": "Dominated"
    },
    {
      "l1": 0.0005,
      "absorption": 0.6899474290837274,
      "mse": 1427.9276796538254,
      "l0": 0.4980388085047404,
      "l0_raw": 12239.8017578125,
      "dead_ratio": 0.0,
      "uas": 5.300993519026767,
      "gini_abs": 0.4029457741157307,
      "chanin_abs": 0.9769490840517241,
      "train_time": 3.2457332611083984,
      "pareto_status": "Dominated"
    },
    {
      "l1": 0.001,
      "absorption": 0.6887243829527634,
      "mse": 1463.7330378389906,
      "l0": 0.49799835681915283,
      "l0_raw": 12238.8076171875,
      "dead_ratio": 0.0,
      "uas": 5.198809688504744,
      "gini_abs": 0.4041037587216188,
      "chanin_abs": 0.9733450071839082,
      "train_time": 3.0321054458618164,
      "pareto_status": "Dominated"
    }
  ],
  "summary": {
    "n_trained": 5,
    "n_failed": 0,
    "n_pareto": 2,
    "key_findings": {
      "best_reconstruction": "L1=5e-05, MSE=1339.9592",
      "sparsest": "L1=5e-05, L0=0.501071"
    }
  }
}