{
  "task_id": "C1B_lv_detector_validation",
  "timestamp": "2026-04-14T17:46:49.391829",
  "mode": "PILOT",
  "model": "gpt2-small",
  "sae_release": "gpt2-small-res-jb",
  "sae_id": "blocks.8.hook_resid_pre",
  "d_sae": 24576,
  "calib_letters": [
    "A",
    "B",
    "C",
    "D",
    "E"
  ],
  "test_letters": [
    "F",
    "G",
    "H"
  ],
  "go_no_go": "NO_GO",
  "absorption_by_letter": {
    "A": {
      "absorption_rate": 0.04,
      "n_absorbed": 2,
      "n_total": 50
    },
    "B": {
      "absorption_rate": 0.16,
      "n_absorbed": 8,
      "n_total": 50
    },
    "C": {
      "absorption_rate": 0.04,
      "n_absorbed": 2,
      "n_total": 50
    },
    "D": {
      "absorption_rate": 0.06,
      "n_absorbed": 3,
      "n_total": 50
    },
    "E": {
      "absorption_rate": 0.14,
      "n_absorbed": 7,
      "n_total": 50
    },
    "F": {
      "absorption_rate": 0.1,
      "n_absorbed": 5,
      "n_total": 50
    },
    "G": {
      "absorption_rate": 0.1,
      "n_absorbed": 5,
      "n_total": 50
    },
    "H": {
      "absorption_rate": 0.12,
      "n_absorbed": 6,
      "n_total": 50
    }
  },
  "n_pairs_total": 400,
  "n_pairs_calib": 250,
  "n_pairs_test": 150,
  "n_positives_calib": 22,
  "n_positives_test": 16,
  "calibration": {
    "tau_results": {
      "0.5": {
        "precision": 0.09032258064516129,
        "recall": 0.6363636363636364,
        "f1": 0.15819209039548024
      },
      "0.75": {
        "precision": 0.07633587786259542,
        "recall": 0.45454545454545453,
        "f1": 0.13071895424836602
      },
      "1.0": {
        "precision": 0.07317073170731707,
        "recall": 0.13636363636363635,
        "f1": 0.09523809523809523
      },
      "1.25": {
        "precision": 0.0625,
        "recall": 0.045454545454545456,
        "f1": 0.05263157894736842
      },
      "1.5": {
        "precision": 0.3333333333333333,
        "recall": 0.045454545454545456,
        "f1": 0.08
      }
    },
    "best_tau": 0.5,
    "best_calib_f1": 0.15819209039548024
  },
  "test_evaluation": {
    "tau": 0.5,
    "precision": 0.10891089108910891,
    "recall": 0.6875,
    "f1": 0.18803418803418803,
    "roc_auc": 0.4932369402985075,
    "tau_results": {
      "0.5": {
        "precision": 0.10891089108910891,
        "recall": 0.6875,
        "f1": 0.18803418803418803
      },
      "0.75": {
        "precision": 0.10989010989010989,
        "recall": 0.625,
        "f1": 0.18691588785046728
      },
      "1.0": {
        "precision": 0.09090909090909091,
        "recall": 0.1875,
        "f1": 0.12244897959183673
      },
      "1.25": {
        "precision": 0.09090909090909091,
        "recall": 0.0625,
        "f1": 0.07407407407407407
      },
      "1.5": {
        "precision": 0.125,
        "recall": 0.0625,
        "f1": 0.08333333333333333
      }
    }
  },
  "lv_sharpness": {
    "sigmoid_converged": true,
    "sigmoid_params": {
      "k": 0.5753568667096978,
      "x0": 4.999999999999999
    },
    "linear_params": {
      "a": 0.006539241189635281,
      "b": 0.09050070461614138
    },
    "aic_sigmoid": -67.39550837952149,
    "aic_linear": -68.17622973815631,
    "winner": "linear",
    "bin_data": {
      "bin_centers": [
        0.05,
        0.15000000000000002,
        0.25,
        0.35000000000000003,
        0.45,
        0.55,
        0.6500000000000001,
        0.75,
        0.8500000000000001,
        0.95,
        1.05,
        1.1500000000000001,
        1.25,
        1.35,
        1.4500000000000002,
        1.55,
        1.6500000000000001,
        1.75,
        1.85,
        1.9500000000000002,
        2.05,
        2.1500000000000004,
        2.25,
        2.3500000000000005,
        2.45,
        2.55,
        2.6500000000000004,
        2.75,
        2.8500000000000005,
        2.95
      ],
      "bin_rates": [
        0.09219858156028368,
        null,
        null,
        null,
        0.0,
        0.1111111111111111,
        0.2,
        0.12903225806451613,
        0.08333333333333333,
        0.08955223880597014,
        0.1111111111111111,
        0.0,
        0.14285714285714285,
        0.0,
        0.0,
        0.3333333333333333,
        0.16666666666666666,
        null,
        0.0,
        null,
        null,
        null,
        null,
        null,
        null,
        null,
        null,
        null,
        null,
        null
      ],
      "bin_counts": [
        141,
        0,
        0,
        1,
        2,
        9,
        15,
        31,
        60,
        67,
        27,
        15,
        7,
        9,
        5,
        3,
        6,
        0,
        2,
        0,
        0,
        0,
        0,
        0,
        0,
        0,
        0,
        0,
        0,
        0
      ]
    }
  },
  "pass_criteria": {
    "pass_f1_gt_035": false,
    "pass_sigmoid_converged": true,
    "pass_aic_finite": true,
    "test_f1": 0.18803418803418803,
    "aic_sigmoid": -67.39550837952149,
    "aic_linear": -68.17622973815631
  },
  "runtime_seconds": 139.275136
}