{
  "task_id": "C1D_width_paradox",
  "timestamp": "2026-04-14T18:10:25.018942",
  "mode": "PILOT",
  "model": "gpt2-small",
  "sae_release": "gpt2-small-res-jb-feature-splitting",
  "layer": 8,
  "letters": [
    "A",
    "B",
    "C",
    "D",
    "E"
  ],
  "widths_tested": [
    24576,
    49152
  ],
  "width_labels": [
    "24k",
    "49k"
  ],
  "wider_label": "49k",
  "results_by_width": {
    "24k": {
      "width": 24576,
      "d_sae": 24576,
      "sae_id": "blocks.8.hook_resid_pre_24576",
      "das_k1": {
        "A": {
          "das_k1": 0.05,
          "n_absorbed": 2,
          "n_total": 40
        },
        "B": {
          "das_k1": 0.05,
          "n_absorbed": 2,
          "n_total": 40
        },
        "C": {
          "das_k1": 0.05,
          "n_absorbed": 2,
          "n_total": 40
        },
        "D": {
          "das_k1": 0.025,
          "n_absorbed": 1,
          "n_total": 40
        },
        "E": {
          "das_k1": 0.075,
          "n_absorbed": 3,
          "n_total": 40
        }
      },
      "das_k3": {
        "A": {
          "das_k3": 0.011662197258074714,
          "parent_id": 16957,
          "child_ids": [
            23885,
            24196,
            18770
          ],
          "child_activation_rate": 0.022222222222222223
        },
        "B": {
          "das_k3": 0.07067693442243583,
          "parent_id": 11752,
          "child_ids": [
            4965,
            3386,
            10671
          ],
          "child_activation_rate": 0.07777777777777778
        },
        "C": {
          "das_k3": 0.012300351951285315,
          "parent_id": 11797,
          "child_ids": [
            1158,
            16334,
            5555
          ],
          "child_activation_rate": 0.03333333333333333
        },
        "D": {
          "das_k3": 0.04554076730728873,
          "parent_id": 6576,
          "child_ids": [
            19502,
            20447,
            8477
          ],
          "child_activation_rate": 0.05555555555555555
        },
        "E": {
          "das_k3": 0.020476637666887898,
          "parent_id": 10757,
          "child_ids": [
            1803,
            16701,
            23239
          ],
          "child_activation_rate": 0.03888888888888889
        }
      },
      "n_word_act_samples": {
        "A": 40,
        "B": 40,
        "C": 40,
        "D": 40,
        "E": 40
      }
    },
    "49k": {
      "width": 49152,
      "d_sae": 49152,
      "sae_id": "blocks.8.hook_resid_pre_49152",
      "das_k1": {
        "A": {
          "das_k1": 0.1,
          "n_absorbed": 4,
          "n_total": 40
        },
        "B": {
          "das_k1": 0.075,
          "n_absorbed": 3,
          "n_total": 40
        },
        "C": {
          "das_k1": 0.075,
          "n_absorbed": 3,
          "n_total": 40
        },
        "D": {
          "das_k1": 0.025,
          "n_absorbed": 1,
          "n_total": 40
        },
        "E": {
          "das_k1": 0.05,
          "n_absorbed": 2,
          "n_total": 40
        }
      },
      "das_k3": {
        "A": {
          "das_k3": 0.01761244733028189,
          "parent_id": 7559,
          "child_ids": [
            34372,
            15128,
            13318
          ],
          "child_activation_rate": 0.05
        },
        "B": {
          "das_k3": 0.054397204465260085,
          "parent_id": 30728,
          "child_ids": [
            36499,
            28083,
            21483
          ],
          "child_activation_rate": 0.10555555555555556
        },
        "C": {
          "das_k3": 0.022034246871193153,
          "parent_id": 29368,
          "child_ids": [
            42405,
            35948,
            34786
          ],
          "child_activation_rate": 0.03888888888888889
        },
        "D": {
          "das_k3": 0.010770857594389338,
          "parent_id": 29988,
          "child_ids": [
            14805,
            42254,
            3144
          ],
          "child_activation_rate": 0.022222222222222223
        },
        "E": {
          "das_k3": 0.0652584638232887,
          "parent_id": 7478,
          "child_ids": [
            8458,
            525,
            14861
          ],
          "child_activation_rate": 0.09444444444444444
        }
      },
      "n_word_act_samples": {
        "A": 40,
        "B": 40,
        "C": 40,
        "D": 40,
        "E": 40
      }
    }
  },
  "summary": {
    "both_computable": {
      "A": true,
      "B": true,
      "C": true,
      "D": true,
      "E": true
    },
    "das_k3_ge_das_k1_at_wider": {
      "A": false,
      "B": false,
      "C": false,
      "D": false,
      "E": true
    },
    "n_both_computable": 5,
    "n_das3_ge_das1_wider": 1
  },
  "pass_criteria": {
    "pass_computable_all_5": true,
    "pass_das3_ge_das1_at_least_3": false,
    "n_computable": 5,
    "n_das3_ge_das1": 1
  },
  "go_no_go": "PARTIAL",
  "runtime_seconds": 40.317611
}