{
  "features.0.weight": {
    "r_t_mean": 0.01572330637518832,
    "r_t_std": 0.011018759480253874,
    "r_t_min": 0.0007546153229306057,
    "r_t_max": 0.25606083037369515,
    "delta_hat_mean": 3.7511436383843633e-07,
    "delta_hat_std": 1.9492752603341964e-05,
    "lambda_t_mean": 0.0004995636908339868,
    "lambda_t_std": 0.00020057341954337742,
    "n_records": 1950
  },
  "features.3.weight": {
    "r_t_mean": 0.016308541592259668,
    "r_t_std": 0.020249464020206408,
    "r_t_min": 0.0008735222000832806,
    "r_t_max": 0.8270349611456688,
    "delta_hat_mean": 4.5162584162001125e-08,
    "delta_hat_std": 3.8858782324910624e-06,
    "lambda_t_mean": 0.0004949908785681378,
    "lambda_t_std": 0.00018467304639815393,
    "n_records": 1950
  },
  "features.7.weight": {
    "r_t_mean": 0.01774905385881527,
    "r_t_std": 0.012953961313683862,
    "r_t_min": 0.001059483332897109,
    "r_t_max": 0.4841270852718258,
    "delta_hat_mean": -1.0058883170706905e-09,
    "delta_hat_std": 2.895009063197147e-08,
    "lambda_t_mean": 0.0004977503961421265,
    "lambda_t_std": 0.00018286161921304944,
    "n_records": 1950
  },
  "features.10.weight": {
    "r_t_mean": 0.018902849081239997,
    "r_t_std": 0.014380940665748505,
    "r_t_min": 0.0011380926045653304,
    "r_t_max": 0.5725026398500889,
    "delta_hat_mean": -1.0312998684986062e-09,
    "delta_hat_std": 2.3818511905522027e-08,
    "lambda_t_mean": 0.0004980604175922586,
    "lambda_t_std": 0.00017840113371338614,
    "n_records": 1950
  },
  "features.14.weight": {
    "r_t_mean": 0.01956628184432672,
    "r_t_std": 0.009932729215265087,
    "r_t_min": 0.0013767999684394087,
    "r_t_max": 0.34592552975818847,
    "delta_hat_mean": 3.793187262934302e-08,
    "delta_hat_std": 1.3143969943067023e-06,
    "lambda_t_mean": 0.000499156508686611,
    "lambda_t_std": 0.00017472768573713215,
    "n_records": 1950
  },
  "features.17.weight": {
    "r_t_mean": 0.02010320198519545,
    "r_t_std": 0.011173679917143225,
    "r_t_min": 0.0016676374244831821,
    "r_t_max": 0.40929988370225573,
    "delta_hat_mean": 4.876986807918667e-10,
    "delta_hat_std": 1.9956830039023112e-08,
    "lambda_t_mean": 0.0004997115029563063,
    "lambda_t_std": 0.00017297649086021484,
    "n_records": 1950
  },
  "features.20.weight": {
    "r_t_mean": 0.018500808258118694,
    "r_t_std": 0.00969363198777761,
    "r_t_min": 0.001686676204328997,
    "r_t_max": 0.34290107054741276,
    "delta_hat_mean": 4.968633330590033e-10,
    "delta_hat_std": 2.4681028770946625e-08,
    "lambda_t_mean": 0.0004991941125797479,
    "lambda_t_std": 0.00017217009433738648,
    "n_records": 1950
  },
  "features.24.weight": {
    "r_t_mean": 0.013900359063403122,
    "r_t_std": 0.006593789819743982,
    "r_t_min": 0.001359803997383698,
    "r_t_max": 0.21340179862228134,
    "delta_hat_mean": 1.8943112247434178e-08,
    "delta_hat_std": 8.689696036458217e-07,
    "lambda_t_mean": 0.0004978746564150289,
    "lambda_t_std": 0.00017358110801417428,
    "n_records": 1950
  },
  "features.27.weight": {
    "r_t_mean": 0.011273714945781216,
    "r_t_std": 0.0068059668088954195,
    "r_t_min": 0.0010566538357826396,
    "r_t_max": 0.2541675343738269,
    "delta_hat_mean": 3.6716347718504304e-08,
    "delta_hat_std": 1.0765686291797525e-06,
    "lambda_t_mean": 0.0004951955483705268,
    "lambda_t_std": 0.00017720779383686934,
    "n_records": 1950
  },
  "features.30.weight": {
    "r_t_mean": 0.010025878464136832,
    "r_t_std": 0.005981544862125164,
    "r_t_min": 0.000926328811437384,
    "r_t_max": 0.2167810180780735,
    "delta_hat_mean": -2.3585932973927214e-09,
    "delta_hat_std": 9.953282320554948e-07,
    "lambda_t_mean": 0.0004938732512394384,
    "lambda_t_std": 0.00017222880195155884,
    "n_records": 1950
  },
  "features.34.weight": {
    "r_t_mean": 0.008716474186483306,
    "r_t_std": 0.005708212094285985,
    "r_t_min": 0.0007607590211644195,
    "r_t_max": 0.20007623919431336,
    "delta_hat_mean": 2.782422120842872e-08,
    "delta_hat_std": 2.1231069418720667e-06,
    "lambda_t_mean": 0.00049345639525179,
    "lambda_t_std": 0.00017941632946609918,
    "n_records": 1950
  },
  "features.37.weight": {
    "r_t_mean": 0.008610956201175374,
    "r_t_std": 0.004878265797519369,
    "r_t_min": 0.0006428271894726617,
    "r_t_max": 0.1700577905845455,
    "delta_hat_mean": -3.8659443664557375e-08,
    "delta_hat_std": 2.337821145472269e-06,
    "lambda_t_mean": 0.0004931389142941054,
    "lambda_t_std": 0.00017938520715174677,
    "n_records": 1950
  },
  "features.40.weight": {
    "r_t_mean": 0.009260384757778708,
    "r_t_std": 0.00504977249516662,
    "r_t_min": 0.0006152965520710779,
    "r_t_max": 0.1456929114725323,
    "delta_hat_mean": -5.896188785510977e-08,
    "delta_hat_std": 3.3471486252090645e-06,
    "lambda_t_mean": 0.0004919716155954404,
    "lambda_t_std": 0.00017354288117882533,
    "n_records": 1950
  },
  "classifier.0.weight": {
    "r_t_mean": 0.0098558939389742,
    "r_t_std": 0.009503649529218875,
    "r_t_min": 0.0005418240756968769,
    "r_t_max": 0.2100170531906373,
    "delta_hat_mean": -0.0039438877453375635,
    "delta_hat_std": 0.019188032390242537,
    "lambda_t_mean": 0.0004894935128045435,
    "lambda_t_std": 0.0001843646989293986,
    "n_records": 1950
  },
  "classifier.3.weight": {
    "r_t_mean": 0.011755784466952366,
    "r_t_std": 0.007138085820387857,
    "r_t_min": 0.0006829470037421517,
    "r_t_max": 0.09991644352680336,
    "delta_hat_mean": -0.0021183629686446436,
    "delta_hat_std": 0.01293495221586566,
    "lambda_t_mean": 0.0004928130537361063,
    "lambda_t_std": 0.0001625553329416867,
    "n_records": 1950
  },
  "classifier.6.weight": {
    "r_t_mean": 0.02046099687898776,
    "r_t_std": 0.022086985372118773,
    "r_t_min": 0.0011116966791501798,
    "r_t_max": 0.5708830065412688,
    "delta_hat_mean": -0.009090519189533856,
    "delta_hat_std": 0.04776674969327159,
    "lambda_t_mean": 0.0004917336204577535,
    "lambda_t_std": 0.00015573396782456972,
    "n_records": 1950
  }
}