{
  "variant": "PI_control",
  "method": "UDWDC_v2_PI_control",
  "K_p": 0.5,
  "K_i": 0.1,
  "K_d": 0.0,
  "is_baseline": false,
  "seed": 42,
  "epochs": 200,
  "best_test_acc": 68.16,
  "final_test_acc": 67.92,
  "final_train_acc": 99.21474358974359,
  "generalization_gap": 31.29474358974359,
  "total_wd_budget": 0.41706704934718136,
  "v2_cumulative_wd_budget": 592401.767148507,
  "csi": 0.23927646141848358,
  "nan_inf_detected": false,
  "elapsed_sec": 724.7666475772858
}