{
  "features.0.weight": {
    "r_t_mean": 1.0374127870296997e-09,
    "r_t_std": 5.151099248418124e-09,
    "r_t_min": 0.0,
    "r_t_max": 7.057627583642301e-08,
    "delta_hat_mean": -9.69226459553678e-05,
    "delta_hat_std": 0.006784636234596958,
    "lambda_t_mean": 0.0005,
    "lambda_t_std": 0.0,
    "n_records": 1950
  },
  "features.2.weight": {
    "r_t_mean": 4.8812778056664776e-09,
    "r_t_std": 2.437266808019598e-08,
    "r_t_min": 0.0,
    "r_t_max": 3.4029343441696023e-07,
    "delta_hat_mean": -4.409503440010682e-06,
    "delta_hat_std": 0.001977792647221303,
    "lambda_t_mean": 0.0005,
    "lambda_t_std": 0.0,
    "n_records": 1950
  },
  "features.5.weight": {
    "r_t_mean": 3.7095188688612035e-09,
    "r_t_std": 1.8476739690722106e-08,
    "r_t_min": 0.0,
    "r_t_max": 2.589441020151039e-07,
    "delta_hat_mean": 5.505504338249675e-06,
    "delta_hat_std": 0.0013619862316576019,
    "lambda_t_mean": 0.0005,
    "lambda_t_std": 0.0,
    "n_records": 1950
  },
  "features.7.weight": {
    "r_t_mean": 5.306567576453006e-09,
    "r_t_std": 2.6260303502933944e-08,
    "r_t_min": 0.0,
    "r_t_max": 3.506437801840729e-07,
    "delta_hat_mean": 2.1269707095490422e-05,
    "delta_hat_std": 0.0009916116528804675,
    "lambda_t_mean": 0.0005,
    "lambda_t_std": 0.0,
    "n_records": 1950
  },
  "features.10.weight": {
    "r_t_mean": 4.340101114773964e-09,
    "r_t_std": 2.1148098599264137e-08,
    "r_t_min": 0.0,
    "r_t_max": 2.9720010938002844e-07,
    "delta_hat_mean": 2.6457038071818136e-05,
    "delta_hat_std": 0.0007174009176761954,
    "lambda_t_mean": 0.0005,
    "lambda_t_std": 0.0,
    "n_records": 1950
  },
  "features.12.weight": {
    "r_t_mean": 7.273632049135027e-09,
    "r_t_std": 3.396265847452944e-08,
    "r_t_min": 0.0,
    "r_t_max": 4.499828692839081e-07,
    "delta_hat_mean": 2.2920868175537507e-05,
    "delta_hat_std": 0.0006634320648873821,
    "lambda_t_mean": 0.0005,
    "lambda_t_std": 0.0,
    "n_records": 1950
  },
  "features.14.weight": {
    "r_t_mean": 1.227113579548363e-08,
    "r_t_std": 5.4219070925501735e-08,
    "r_t_min": 0.0,
    "r_t_max": 7.175136761614931e-07,
    "delta_hat_mean": 1.887429659207945e-05,
    "delta_hat_std": 0.0006748472439947984,
    "lambda_t_mean": 0.0005,
    "lambda_t_std": 0.0,
    "n_records": 1950
  },
  "features.17.weight": {
    "r_t_mean": 2.0149255009944993e-08,
    "r_t_std": 8.405207270146335e-08,
    "r_t_min": 0.0,
    "r_t_max": 1.11258454544249e-06,
    "delta_hat_mean": 1.9470049763430533e-05,
    "delta_hat_std": 0.000690336144762443,
    "lambda_t_mean": 0.0005,
    "lambda_t_std": 0.0,
    "n_records": 1950
  },
  "features.19.weight": {
    "r_t_mean": 7.274862568724149e-08,
    "r_t_std": 2.8838630444093977e-07,
    "r_t_min": 0.0,
    "r_t_max": 3.60943126074887e-06,
    "delta_hat_mean": 8.772346155092393e-06,
    "delta_hat_std": 0.0005275458623686782,
    "lambda_t_mean": 0.0005,
    "lambda_t_std": 0.0,
    "n_records": 1950
  },
  "features.21.weight": {
    "r_t_mean": 1.6533612239085508e-07,
    "r_t_std": 6.287690760627506e-07,
    "r_t_min": 0.0,
    "r_t_max": 8.07600697743857e-06,
    "delta_hat_mean": 1.1978585561547124e-05,
    "delta_hat_std": 0.0007439723093348225,
    "lambda_t_mean": 0.0005,
    "lambda_t_std": 0.0,
    "n_records": 1950
  },
  "features.24.weight": {
    "r_t_mean": 5.009631547398797e-07,
    "r_t_std": 1.8026577964214282e-06,
    "r_t_min": 0.0,
    "r_t_max": 2.290909693980573e-05,
    "delta_hat_mean": 1.807577891089916e-05,
    "delta_hat_std": 0.0006017556376442786,
    "lambda_t_mean": 0.0005,
    "lambda_t_std": 0.0,
    "n_records": 1950
  },
  "features.26.weight": {
    "r_t_mean": 1.873701034302128e-06,
    "r_t_std": 6.337355192335087e-06,
    "r_t_min": 0.0,
    "r_t_max": 7.739259329294089e-05,
    "delta_hat_mean": 1.8217367667745796e-05,
    "delta_hat_std": 0.0008759854957427591,
    "lambda_t_mean": 0.0005,
    "lambda_t_std": 0.0,
    "n_records": 1950
  },
  "features.28.weight": {
    "r_t_mean": 7.526596464264763e-06,
    "r_t_std": 2.3537742649975938e-05,
    "r_t_min": 0.0,
    "r_t_max": 0.00028676636156777256,
    "delta_hat_mean": -1.5268195880920733e-05,
    "delta_hat_std": 0.0009401329139143013,
    "lambda_t_mean": 0.0005,
    "lambda_t_std": 0.0,
    "n_records": 1950
  },
  "classifier.0.weight": {
    "r_t_mean": 1.5373508347984804e-05,
    "r_t_std": 3.835371761871024e-05,
    "r_t_min": 0.0,
    "r_t_max": 0.0003718554176116674,
    "delta_hat_mean": 1.3809536862586706e-05,
    "delta_hat_std": 0.002091349986242561,
    "lambda_t_mean": 0.0005,
    "lambda_t_std": 0.0,
    "n_records": 1950
  },
  "classifier.3.weight": {
    "r_t_mean": 0.0001266945322750431,
    "r_t_std": 0.0002633476702606389,
    "r_t_min": 0.0,
    "r_t_max": 0.002136227096160971,
    "delta_hat_mean": 4.786786754484988e-05,
    "delta_hat_std": 0.002352460053171413,
    "lambda_t_mean": 0.0005,
    "lambda_t_std": 0.0,
    "n_records": 1950
  },
  "classifier.6.weight": {
    "r_t_mean": 0.0005263880484642039,
    "r_t_std": 0.0014499822420060014,
    "r_t_min": 0.0,
    "r_t_max": 0.012888430387245655,
    "delta_hat_mean": 0.00020251349930157258,
    "delta_hat_std": 0.004625116602628081,
    "lambda_t_mean": 0.0005,
    "lambda_t_std": 0.0,
    "n_records": 1950
  }
}