{
  "features.0.weight": {
    "r_t_mean": 0.017247441391585606,
    "r_t_std": 0.011591453054878027,
    "r_t_min": 0.00012649881024917915,
    "r_t_max": 0.270690669844931,
    "delta_hat_mean": -8.446421041806109e-07,
    "delta_hat_std": 1.713906643697601e-05,
    "lambda_t_mean": 0.0,
    "lambda_t_std": 0.0,
    "n_records": 1950
  },
  "features.3.weight": {
    "r_t_mean": 0.017513855036453405,
    "r_t_std": 0.0214338295948189,
    "r_t_min": 0.00013293141323952968,
    "r_t_max": 0.890246775410264,
    "delta_hat_mean": 2.9696796422065757e-08,
    "delta_hat_std": 4.2154324015066236e-06,
    "lambda_t_mean": 0.0,
    "lambda_t_std": 0.0,
    "n_records": 1950
  },
  "features.7.weight": {
    "r_t_mean": 0.019225439809261346,
    "r_t_std": 0.013402330196352476,
    "r_t_min": 0.00019572231877970221,
    "r_t_max": 0.5119664137548223,
    "delta_hat_mean": -5.875530293280712e-10,
    "delta_hat_std": 3.395748921369225e-08,
    "lambda_t_mean": 0.0,
    "lambda_t_std": 0.0,
    "n_records": 1950
  },
  "features.10.weight": {
    "r_t_mean": 0.02049331230847713,
    "r_t_std": 0.014839509720236147,
    "r_t_min": 0.00023591594533585642,
    "r_t_max": 0.5995477518704196,
    "delta_hat_mean": -9.359446590934556e-10,
    "delta_hat_std": 2.7260689328381722e-08,
    "lambda_t_mean": 0.0,
    "lambda_t_std": 0.0,
    "n_records": 1950
  },
  "features.14.weight": {
    "r_t_mean": 0.022125994748027285,
    "r_t_std": 0.010334203794502646,
    "r_t_min": 0.000197049077634813,
    "r_t_max": 0.36225312772083196,
    "delta_hat_mean": 1.7698480929467654e-08,
    "delta_hat_std": 1.2455900553961937e-06,
    "lambda_t_mean": 0.0,
    "lambda_t_std": 0.0,
    "n_records": 1950
  },
  "features.17.weight": {
    "r_t_mean": 0.023875949807242558,
    "r_t_std": 0.012424911612262812,
    "r_t_min": 0.00020019904636652325,
    "r_t_max": 0.42614034894769853,
    "delta_hat_mean": -7.821284365513779e-10,
    "delta_hat_std": 2.4247168957125743e-08,
    "lambda_t_mean": 0.0,
    "lambda_t_std": 0.0,
    "n_records": 1950
  },
  "features.20.weight": {
    "r_t_mean": 0.023328829299395296,
    "r_t_std": 0.011517279738950005,
    "r_t_min": 0.00019035988927491328,
    "r_t_max": 0.3592168471046637,
    "delta_hat_mean": 5.77549168710687e-11,
    "delta_hat_std": 3.57521571187899e-08,
    "lambda_t_mean": 0.0,
    "lambda_t_std": 0.0,
    "n_records": 1950
  },
  "features.24.weight": {
    "r_t_mean": 0.019768029083292105,
    "r_t_std": 0.00900077110695245,
    "r_t_min": 0.00010064861503761332,
    "r_t_max": 0.22139109830214027,
    "delta_hat_mean": 9.880343297166195e-09,
    "delta_hat_std": 6.472266963588233e-07,
    "lambda_t_mean": 0.0,
    "lambda_t_std": 0.0,
    "n_records": 1950
  },
  "features.27.weight": {
    "r_t_mean": 0.01771539001148258,
    "r_t_std": 0.008803498842820725,
    "r_t_min": 8.347372049140199e-05,
    "r_t_max": 0.2662461448074914,
    "delta_hat_mean": -1.8235566012200422e-09,
    "delta_hat_std": 6.900278576015291e-07,
    "lambda_t_mean": 0.0,
    "lambda_t_std": 0.0,
    "n_records": 1950
  },
  "features.30.weight": {
    "r_t_mean": 0.014824632412582682,
    "r_t_std": 0.00687688364237233,
    "r_t_min": 7.3932034592399e-05,
    "r_t_max": 0.22685068185078916,
    "delta_hat_mean": -5.507727658180186e-09,
    "delta_hat_std": 8.241763719306335e-07,
    "lambda_t_mean": 0.0,
    "lambda_t_std": 0.0,
    "n_records": 1950
  },
  "features.34.weight": {
    "r_t_mean": 0.012024538835634993,
    "r_t_std": 0.0056779709191244945,
    "r_t_min": 8.109355113757125e-05,
    "r_t_max": 0.20947777255324124,
    "delta_hat_mean": -3.020530127829401e-08,
    "delta_hat_std": 1.594163038842344e-06,
    "lambda_t_mean": 0.0,
    "lambda_t_std": 0.0,
    "n_records": 1950
  },
  "features.37.weight": {
    "r_t_mean": 0.011526296793898654,
    "r_t_std": 0.004625410269439424,
    "r_t_min": 0.00026586604801223424,
    "r_t_max": 0.17518091134171723,
    "delta_hat_mean": -3.5362468171940284e-09,
    "delta_hat_std": 2.0290842982850056e-06,
    "lambda_t_mean": 0.0,
    "lambda_t_std": 0.0,
    "n_records": 1950
  },
  "features.40.weight": {
    "r_t_mean": 0.013304715960986119,
    "r_t_std": 0.004232612110948618,
    "r_t_min": 0.0009511737275188628,
    "r_t_max": 0.150737914803322,
    "delta_hat_mean": -3.963121194474674e-08,
    "delta_hat_std": 2.5250760011997328e-06,
    "lambda_t_mean": 0.0,
    "lambda_t_std": 0.0,
    "n_records": 1950
  },
  "classifier.0.weight": {
    "r_t_mean": 0.014456906895880223,
    "r_t_std": 0.007071072682469872,
    "r_t_min": 0.0028613232786296673,
    "r_t_max": 0.13905079200708959,
    "delta_hat_mean": 0.00048194642962092377,
    "delta_hat_std": 0.013443895691927209,
    "lambda_t_mean": 0.0,
    "lambda_t_std": 0.0,
    "n_records": 1950
  },
  "classifier.3.weight": {
    "r_t_mean": 0.01671421055600842,
    "r_t_std": 0.0038975050551591714,
    "r_t_min": 0.0045547545053601,
    "r_t_max": 0.08025381106708811,
    "delta_hat_mean": 0.0010389208302158527,
    "delta_hat_std": 0.0114524550063229,
    "lambda_t_mean": 0.0,
    "lambda_t_std": 0.0,
    "n_records": 1950
  },
  "classifier.6.weight": {
    "r_t_mean": 0.019313539731069133,
    "r_t_std": 0.008246805118744899,
    "r_t_min": 0.010912072582709096,
    "r_t_max": 0.21222053343084524,
    "delta_hat_mean": 0.0011468438300653362,
    "delta_hat_std": 0.011924456805005397,
    "lambda_t_mean": 0.0,
    "lambda_t_std": 0.0,
    "n_records": 1950
  }
}