{
  "variant": "PI_control",
  "method": "UDWDC_v2_PI_control",
  "K_p": 0.5,
  "K_i": 0.1,
  "K_d": 0.0,
  "is_baseline": false,
  "seed": 123,
  "epochs": 200,
  "best_test_acc": 68.51,
  "final_test_acc": 68.26,
  "final_train_acc": 99.44711538461539,
  "generalization_gap": 31.18711538461538,
  "total_wd_budget": 0.3428692866458325,
  "v2_cumulative_wd_budget": 479951.15084396006,
  "csi": 0.2392765006979103,
  "nan_inf_detected": false,
  "elapsed_sec": 735.669469833374
}