{
  "task_id": "full_baseline",
  "model": "LLaDA-8B-Instruct",
  "model_path": "/home/qhxie/AutoResearch-SibylSystem/workspaces/dlm-acceleration/shared/checkpoints/llada-8b-instruct",
  "mode": "baseline",
  "steps": 64,
  "seeds": [
    42,
    123,
    456
  ],
  "batch_size": 8,
  "benchmarks": {
    "gsm8k": {
      "n_total": 1319
    },
    "math500": {
      "n_total": 500
    },
    "humaneval": {
      "n_total": 164
    },
    "mbpp": {
      "n_total": 257
    }
  },
  "aggregated": {
    "gsm8k": {
      "exact_match": {
        "mean": 0.7121556734900176,
        "std": 0.014912427083075015,
        "n_seeds": 3,
        "per_seed": [
          0.733131159969674,
          0.6997725549658832,
          0.7035633055344959
        ]
      },
      "avg_tps": {
        "mean": 33.772545593806875,
        "std": 0.021531273797086938,
        "n_seeds": 3,
        "per_seed": [
          33.74427148950031,
          33.79647166512624,
          33.77689362679406
        ]
      }
    },
    "math500": {
      "exact_match": {
        "mean": 0.11066666666666665,
        "std": 0.006599663291074444,
        "n_seeds": 3,
        "per_seed": [
          0.118,
          0.102,
          0.112
        ]
      },
      "avg_tps": {
        "mean": 79.10786606870568,
        "std": 0.11687065556700016,
        "n_seeds": 3,
        "per_seed": [
          78.94733249124926,
          79.15407624161887,
          79.22218947324892
        ]
      }
    },
    "humaneval": {
      "pass_at_1": {
        "mean": 0.024390243902439022,
        "std": 0.0049786376885836954,
        "n_seeds": 3,
        "per_seed": [
          0.03048780487804878,
          0.024390243902439025,
          0.018292682926829267
        ]
      },
      "avg_tps": {
        "mean": 97.81959047459172,
        "std": 2.1432162110589728,
        "n_seeds": 3,
        "per_seed": [
          99.96553191405869,
          94.89290319216512,
          98.60033631755138
        ]
      }
    },
    "mbpp": {
      "pass_at_1": {
        "mean": 0.0,
        "std": 0.0,
        "n_seeds": 3,
        "per_seed": [
          0.0,
          0.0,
          0.0
        ]
      },
      "avg_tps": {
        "mean": 191.2466386119207,
        "std": 0.6447900344381271,
        "n_seeds": 3,
        "per_seed": [
          192.02700391656487,
          190.44791737360362,
          191.26499454559365
        ]
      }
    }
  },
  "per_seed": {
    "42": {
      "gsm8k": {
        "n_samples": 1319,
        "correct": 967,
        "exact_match": 0.733131159969674,
        "avg_tps": 33.74427148950031,
        "tps_std": 1.2035181828694328,
        "n_warmup": 2
      },
      "math500": {
        "n_samples": 500,
        "correct": 59,
        "exact_match": 0.118,
        "avg_tps": 78.94733249124926,
        "tps_std": 10.45285878444684
      },
      "humaneval": {
        "n_samples": 164,
        "passed": 5,
        "pass_at_1": 0.03048780487804878,
        "avg_tps": 99.96553191405869,
        "tps_std": 19.32969356254106
      },
      "mbpp": {
        "n_samples": 257,
        "passed": 0,
        "pass_at_1": 0.0,
        "avg_tps": 192.02700391656487,
        "tps_std": 14.732769126910075
      }
    },
    "123": {
      "gsm8k": {
        "n_samples": 1319,
        "correct": 923,
        "exact_match": 0.6997725549658832,
        "avg_tps": 33.79647166512624,
        "tps_std": 1.2211065522593472,
        "n_warmup": 2
      },
      "math500": {
        "n_samples": 500,
        "correct": 51,
        "exact_match": 0.102,
        "avg_tps": 79.15407624161887,
        "tps_std": 10.552939691424783
      },
      "humaneval": {
        "n_samples": 164,
        "passed": 4,
        "pass_at_1": 0.024390243902439025,
        "avg_tps": 94.89290319216512,
        "tps_std": 14.795198375386777
      },
      "mbpp": {
        "n_samples": 257,
        "passed": 0,
        "pass_at_1": 0.0,
        "avg_tps": 190.44791737360362,
        "tps_std": 14.812091459582
      }
    },
    "456": {
      "gsm8k": {
        "n_samples": 1319,
        "correct": 928,
        "exact_match": 0.7035633055344959,
        "avg_tps": 33.77689362679406,
        "tps_std": 1.1806493930501587,
        "n_warmup": 2
      },
      "math500": {
        "n_samples": 500,
        "correct": 56,
        "exact_match": 0.112,
        "avg_tps": 79.22218947324892,
        "tps_std": 10.541805059533646
      },
      "humaneval": {
        "n_samples": 164,
        "passed": 3,
        "pass_at_1": 0.018292682926829267,
        "avg_tps": 98.60033631755138,
        "tps_std": 16.446630343629348
      },
      "mbpp": {
        "n_samples": 257,
        "passed": 0,
        "pass_at_1": 0.0,
        "avg_tps": 191.26499454559365,
        "tps_std": 14.793727988543697
      }
    }
  },
  "vram": {
    "after_load": {
      "gpu_name": "NVIDIA RTX PRO 6000 Blackwell Server Edition",
      "vram_total_mb": 97250,
      "vram_used_mb": 15288,
      "vram_reserved_mb": 15290
    },
    "final": {
      "gpu_name": "NVIDIA RTX PRO 6000 Blackwell Server Edition",
      "vram_total_mb": 97250,
      "vram_used_mb": 15335,
      "vram_reserved_mb": 65866
    }
  },
  "timestamp": "2026-04-16T02:19:24.659497"
}