{
  "seed": 456,
  "gsm8k": {
    "n_samples": 1319,
    "correct": 928,
    "exact_match": 0.7035633055344959,
    "avg_tps": 33.77689362679406,
    "tps_std": 1.1806493930501587,
    "n_warmup": 2
  },
  "math500": {
    "n_samples": 500,
    "correct": 56,
    "exact_match": 0.112,
    "avg_tps": 79.22218947324892,
    "tps_std": 10.541805059533646
  },
  "humaneval": {
    "n_samples": 164,
    "passed": 3,
    "pass_at_1": 0.018292682926829267,
    "avg_tps": 98.60033631755138,
    "tps_std": 16.446630343629348
  },
  "mbpp": {
    "n_samples": 257,
    "passed": 0,
    "pass_at_1": 0.0,
    "avg_tps": 191.26499454559365,
    "tps_std": 14.793727988543697
  }
}