{
  "seed": 123,
  "gsm8k": {
    "n_samples": 1319,
    "correct": 923,
    "exact_match": 0.6997725549658832,
    "avg_tps": 33.79647166512624,
    "tps_std": 1.2211065522593472,
    "n_warmup": 2
  },
  "math500": {
    "n_samples": 500,
    "correct": 51,
    "exact_match": 0.102,
    "avg_tps": 79.15407624161887,
    "tps_std": 10.552939691424783
  },
  "humaneval": {
    "n_samples": 164,
    "passed": 4,
    "pass_at_1": 0.024390243902439025,
    "avg_tps": 94.89290319216512,
    "tps_std": 14.795198375386777
  },
  "mbpp": {
    "n_samples": 257,
    "passed": 0,
    "pass_at_1": 0.0,
    "avg_tps": 190.44791737360362,
    "tps_std": 14.812091459582
  }
}