{
  "seed": 42,
  "gsm8k": {
    "n_samples": 1319,
    "correct": 967,
    "exact_match": 0.733131159969674,
    "avg_tps": 33.74427148950031,
    "tps_std": 1.2035181828694328,
    "n_warmup": 2
  },
  "math500": {
    "n_samples": 500,
    "correct": 59,
    "exact_match": 0.118,
    "avg_tps": 78.94733249124926,
    "tps_std": 10.45285878444684
  },
  "humaneval": {
    "n_samples": 164,
    "passed": 5,
    "pass_at_1": 0.03048780487804878,
    "avg_tps": 99.96553191405869,
    "tps_std": 19.32969356254106
  },
  "mbpp": {
    "n_samples": 257,
    "passed": 0,
    "pass_at_1": 0.0,
    "avg_tps": 192.02700391656487,
    "tps_std": 14.732769126910075
  }
}