{
  "features.0.weight": {
    "r_t_mean": 0.021119808855492177,
    "r_t_std": 0.010176656373060384,
    "r_t_min": 0.001321181624670212,
    "r_t_max": 0.2516955082127892,
    "delta_hat_mean": 1.038020310930075e-07,
    "delta_hat_std": 1.7590324919915398e-05,
    "lambda_t_mean": 0.0005,
    "lambda_t_std": 0.0,
    "n_records": 1950
  },
  "features.3.weight": {
    "r_t_mean": 0.021244697243396,
    "r_t_std": 0.019661692865868746,
    "r_t_min": 0.0009318807940086094,
    "r_t_max": 0.8178312484009298,
    "delta_hat_mean": -2.1042571220719905e-07,
    "delta_hat_std": 3.972992867155358e-06,
    "lambda_t_mean": 0.0005,
    "lambda_t_std": 0.0,
    "n_records": 1950
  },
  "features.7.weight": {
    "r_t_mean": 0.022785830696517233,
    "r_t_std": 0.012543442986471368,
    "r_t_min": 0.0009288226360764256,
    "r_t_max": 0.46510378906051264,
    "delta_hat_mean": -2.0376147997228443e-09,
    "delta_hat_std": 3.397161795172584e-08,
    "lambda_t_mean": 0.0005,
    "lambda_t_std": 0.0,
    "n_records": 1950
  },
  "features.10.weight": {
    "r_t_mean": 0.024042423313436118,
    "r_t_std": 0.014295986584843103,
    "r_t_min": 0.0007266138315582663,
    "r_t_max": 0.5595200053005672,
    "delta_hat_mean": -1.552008846958884e-09,
    "delta_hat_std": 2.840981335893136e-08,
    "lambda_t_mean": 0.0005,
    "lambda_t_std": 0.0,
    "n_records": 1950
  },
  "features.14.weight": {
    "r_t_mean": 0.0261597410574165,
    "r_t_std": 0.011339126141811942,
    "r_t_min": 0.0006025919743243484,
    "r_t_max": 0.3404994719193539,
    "delta_hat_mean": -2.1797975026703287e-09,
    "delta_hat_std": 1.1986786664289114e-06,
    "lambda_t_mean": 0.0005,
    "lambda_t_std": 0.0,
    "n_records": 1950
  },
  "features.17.weight": {
    "r_t_mean": 0.02855291600605279,
    "r_t_std": 0.013936517630520574,
    "r_t_min": 0.0005571797936761341,
    "r_t_max": 0.4039223214132788,
    "delta_hat_mean": 1.773669338866525e-10,
    "delta_hat_std": 2.6451886169859442e-08,
    "lambda_t_mean": 0.0005,
    "lambda_t_std": 0.0,
    "n_records": 1950
  },
  "features.20.weight": {
    "r_t_mean": 0.028419427623026818,
    "r_t_std": 0.013606266758185383,
    "r_t_min": 0.0006110824545418876,
    "r_t_max": 0.3377486924795548,
    "delta_hat_mean": 1.2210010476405746e-09,
    "delta_hat_std": 3.0243780024973574e-08,
    "lambda_t_mean": 0.0005,
    "lambda_t_std": 0.0,
    "n_records": 1950
  },
  "features.24.weight": {
    "r_t_mean": 0.02515292239523687,
    "r_t_std": 0.011971655843018587,
    "r_t_min": 0.0003008605547784401,
    "r_t_max": 0.21390437036788398,
    "delta_hat_mean": -1.596615604752969e-08,
    "delta_hat_std": 6.482041509780935e-07,
    "lambda_t_mean": 0.0005,
    "lambda_t_std": 0.0,
    "n_records": 1950
  },
  "features.27.weight": {
    "r_t_mean": 0.023224086903382245,
    "r_t_std": 0.011472941026558612,
    "r_t_min": 0.00020679919210796153,
    "r_t_max": 0.2583787793928525,
    "delta_hat_mean": 2.2563019436121887e-08,
    "delta_hat_std": 7.141377630002267e-07,
    "lambda_t_mean": 0.0005,
    "lambda_t_std": 0.0,
    "n_records": 1950
  },
  "features.30.weight": {
    "r_t_mean": 0.020109731640481018,
    "r_t_std": 0.009290599948259717,
    "r_t_min": 0.00017439527530464333,
    "r_t_max": 0.22072177960971992,
    "delta_hat_mean": 3.134966334407158e-08,
    "delta_hat_std": 9.74047580211775e-07,
    "lambda_t_mean": 0.0005,
    "lambda_t_std": 0.0,
    "n_records": 1950
  },
  "features.34.weight": {
    "r_t_mean": 0.016223200333570897,
    "r_t_std": 0.0068438574818575895,
    "r_t_min": 0.00012882840620555275,
    "r_t_max": 0.20364865686469746,
    "delta_hat_mean": 6.240031159209777e-08,
    "delta_hat_std": 2.0469648054153928e-06,
    "lambda_t_mean": 0.0005,
    "lambda_t_std": 0.0,
    "n_records": 1950
  },
  "features.37.weight": {
    "r_t_mean": 0.015612872068554993,
    "r_t_std": 0.005549945336822183,
    "r_t_min": 0.000345526129292567,
    "r_t_max": 0.17337921057458325,
    "delta_hat_mean": -2.0444069729847057e-08,
    "delta_hat_std": 2.4917864124232936e-06,
    "lambda_t_mean": 0.0005,
    "lambda_t_std": 0.0,
    "n_records": 1950
  },
  "features.40.weight": {
    "r_t_mean": 0.01741995439909153,
    "r_t_std": 0.004781635627530432,
    "r_t_min": 0.0013184382072399027,
    "r_t_max": 0.1502410437391961,
    "delta_hat_mean": -7.315193446438971e-08,
    "delta_hat_std": 2.494594533038664e-06,
    "lambda_t_mean": 0.0005,
    "lambda_t_std": 0.0,
    "n_records": 1950
  },
  "classifier.0.weight": {
    "r_t_mean": 0.019935007709725998,
    "r_t_std": 0.00789868807198057,
    "r_t_min": 0.00409333568600294,
    "r_t_max": 0.14064419887804575,
    "delta_hat_mean": -3.245645217621365e-05,
    "delta_hat_std": 0.01540563197681996,
    "lambda_t_mean": 0.0005,
    "lambda_t_std": 0.0,
    "n_records": 1950
  },
  "classifier.3.weight": {
    "r_t_mean": 0.020392984014920637,
    "r_t_std": 0.0038860831462428622,
    "r_t_min": 0.004862218941397352,
    "r_t_max": 0.07985893337711873,
    "delta_hat_mean": 0.000533137436501793,
    "delta_hat_std": 0.011957158877217142,
    "lambda_t_mean": 0.0005,
    "lambda_t_std": 0.0,
    "n_records": 1950
  },
  "classifier.6.weight": {
    "r_t_mean": 0.022705561565870277,
    "r_t_std": 0.007639956426124695,
    "r_t_min": 0.011271380056283292,
    "r_t_max": 0.19933776395195885,
    "delta_hat_mean": 0.0006903122069464492,
    "delta_hat_std": 0.01261360837093956,
    "lambda_t_mean": 0.0005,
    "lambda_t_std": 0.0,
    "n_records": 1950
  }
}