{
  "features.0.weight": {
    "r_t_mean": 1.1623397918175406e-09,
    "r_t_std": 5.250526105031334e-09,
    "r_t_min": 0.0,
    "r_t_max": 6.401374448117822e-08,
    "delta_hat_mean": 7.980136309011863e-05,
    "delta_hat_std": 0.012120247296379196,
    "lambda_t_mean": 0.0005032957769490014,
    "lambda_t_std": 1.1890371909371089e-05,
    "n_records": 1950
  },
  "features.2.weight": {
    "r_t_mean": 5.519846583282797e-09,
    "r_t_std": 2.4696108859008408e-08,
    "r_t_min": 0.0,
    "r_t_max": 3.0956091612733517e-07,
    "delta_hat_mean": 3.346254993621184e-05,
    "delta_hat_std": 0.003001556992966267,
    "lambda_t_mean": 0.0005053383501084621,
    "lambda_t_std": 1.553366689124355e-05,
    "n_records": 1950
  },
  "features.5.weight": {
    "r_t_mean": 4.395886848511104e-09,
    "r_t_std": 1.998173264903844e-08,
    "r_t_min": 0.0,
    "r_t_max": 2.6029293040258036e-07,
    "delta_hat_mean": 2.9058744084293535e-05,
    "delta_hat_std": 0.0019467809501032018,
    "lambda_t_mean": 0.0005053543012004946,
    "lambda_t_std": 1.6286199956834327e-05,
    "n_records": 1950
  },
  "features.7.weight": {
    "r_t_mean": 6.0651584459019405e-09,
    "r_t_std": 2.7407692613885826e-08,
    "r_t_min": 0.0,
    "r_t_max": 3.4596215778385874e-07,
    "delta_hat_mean": 2.9755200996494915e-05,
    "delta_hat_std": 0.00139961053341411,
    "lambda_t_mean": 0.0005068851605758572,
    "lambda_t_std": 2.0025698161713103e-05,
    "n_records": 1950
  },
  "features.10.weight": {
    "r_t_mean": 4.827300554039397e-09,
    "r_t_std": 2.1452007856452915e-08,
    "r_t_min": 0.0,
    "r_t_max": 2.766532322512319e-07,
    "delta_hat_mean": -7.008917431956701e-07,
    "delta_hat_std": 0.0009690333269031943,
    "lambda_t_mean": 0.000507228765268079,
    "lambda_t_std": 2.0561696245025418e-05,
    "n_records": 1950
  },
  "features.12.weight": {
    "r_t_mean": 8.75478289945168e-09,
    "r_t_std": 3.7583974084969573e-08,
    "r_t_min": 0.0,
    "r_t_max": 4.92008785223939e-07,
    "delta_hat_mean": 9.473696915143557e-06,
    "delta_hat_std": 0.0007566382402878182,
    "lambda_t_mean": 0.0005118181785922915,
    "lambda_t_std": 2.8513237064409064e-05,
    "n_records": 1950
  },
  "features.14.weight": {
    "r_t_mean": 1.5021848928958237e-08,
    "r_t_std": 6.078561531189656e-08,
    "r_t_min": 0.0,
    "r_t_max": 7.654221480668285e-07,
    "delta_hat_mean": 1.2498472366305262e-05,
    "delta_hat_std": 0.0007517762078004883,
    "lambda_t_mean": 0.000518070020407233,
    "lambda_t_std": 3.7599450140054446e-05,
    "n_records": 1950
  },
  "features.17.weight": {
    "r_t_mean": 2.4177226743948787e-08,
    "r_t_std": 9.250936816739684e-08,
    "r_t_min": 0.0,
    "r_t_max": 1.1314885432010299e-06,
    "delta_hat_mean": 5.220828746432132e-06,
    "delta_hat_std": 0.0005144854002193738,
    "lambda_t_mean": 0.0005241667255639048,
    "lambda_t_std": 4.398061718817538e-05,
    "n_records": 1950
  },
  "features.19.weight": {
    "r_t_mean": 9.329851134649895e-08,
    "r_t_std": 3.389817976459132e-07,
    "r_t_min": 0.0,
    "r_t_max": 4.080613594948356e-06,
    "delta_hat_mean": -9.227332866211887e-06,
    "delta_hat_std": 0.000499926512725476,
    "lambda_t_mean": 0.000549806862291895,
    "lambda_t_std": 6.503378761392216e-05,
    "n_records": 1950
  },
  "features.21.weight": {
    "r_t_mean": 2.0666009449091978e-07,
    "r_t_std": 7.252241503928698e-07,
    "r_t_min": 0.0,
    "r_t_max": 8.79192952693648e-06,
    "delta_hat_mean": -3.0016645977271903e-06,
    "delta_hat_std": 0.0006658290546697932,
    "lambda_t_mean": 0.0005841472464030047,
    "lambda_t_std": 8.16396941017799e-05,
    "n_records": 1950
  },
  "features.24.weight": {
    "r_t_mean": 6.665108730436902e-07,
    "r_t_std": 2.236015158971289e-06,
    "r_t_min": 0.0,
    "r_t_max": 2.575944568065954e-05,
    "delta_hat_mean": 5.963162029474507e-06,
    "delta_hat_std": 0.0005496680609784368,
    "lambda_t_mean": 0.000690550501446632,
    "lambda_t_std": 0.0001456436483874426,
    "n_records": 1950
  },
  "features.26.weight": {
    "r_t_mean": 2.310583101517009e-06,
    "r_t_std": 7.328248253050006e-06,
    "r_t_min": 0.0,
    "r_t_max": 8.19729430780216e-05,
    "delta_hat_mean": 6.773001368907071e-06,
    "delta_hat_std": 0.0006551231034523759,
    "lambda_t_mean": 0.0008978029390464233,
    "lambda_t_std": 0.0003557766437490025,
    "n_records": 1950
  },
  "features.28.weight": {
    "r_t_mean": 8.120557170751592e-06,
    "r_t_std": 2.4276545902061053e-05,
    "r_t_min": 0.0,
    "r_t_max": 0.0002643382944945933,
    "delta_hat_mean": 2.4292069438977192e-06,
    "delta_hat_std": 0.0010245577718467995,
    "lambda_t_mean": 0.0010216506422570308,
    "lambda_t_std": 0.0005224234399526893,
    "n_records": 1950
  },
  "classifier.0.weight": {
    "r_t_mean": 1.845743321748138e-05,
    "r_t_std": 4.56173885872075e-05,
    "r_t_min": 0.0,
    "r_t_max": 0.00035188345976638083,
    "delta_hat_mean": 1.2143667264217e-05,
    "delta_hat_std": 0.002016528589163766,
    "lambda_t_mean": 0.0010462980982201707,
    "lambda_t_std": 0.0005639540229152235,
    "n_records": 1950
  },
  "classifier.3.weight": {
    "r_t_mean": 0.0001552951467090798,
    "r_t_std": 0.0003451270236639217,
    "r_t_min": 0.0,
    "r_t_max": 0.0023428627066055157,
    "delta_hat_mean": -3.37546335075937e-05,
    "delta_hat_std": 0.0023324371621984952,
    "lambda_t_mean": 0.0010515938295991229,
    "lambda_t_std": 0.0005778861027087586,
    "n_records": 1950
  },
  "classifier.6.weight": {
    "r_t_mean": 0.0005954094279060105,
    "r_t_std": 0.0015991189583867452,
    "r_t_min": 0.0,
    "r_t_max": 0.011679151473045053,
    "delta_hat_mean": 0.00018288851864291735,
    "delta_hat_std": 0.004043337582369935,
    "lambda_t_mean": 0.0010989682476235396,
    "lambda_t_std": 0.0006381020657523507,
    "n_records": 1950
  }
}