{
  "conv1.weight": {
    "r_t_mean": 0.02671456517757018,
    "r_t_std": 0.01958010438659134,
    "r_t_min": 0.008769136196575308,
    "r_t_max": 0.48160369631909705,
    "delta_hat_mean": 7.712826063018733e-07,
    "delta_hat_std": 5.8875249103006385e-05,
    "lambda_t_mean": 0.0028032210990719063,
    "lambda_t_std": 4.339591371453838e-19,
    "n_records": 780
  },
  "layer1.0.conv1.weight": {
    "r_t_mean": 0.025993657228251917,
    "r_t_std": 0.020808838830710823,
    "r_t_min": 0.009239376772756547,
    "r_t_max": 0.5193808806698074,
    "delta_hat_mean": 3.8695160416051084e-07,
    "delta_hat_std": 1.710451841232584e-05,
    "lambda_t_mean": 0.0028032210990719063,
    "lambda_t_std": 4.339591371453838e-19,
    "n_records": 780
  },
  "layer1.0.conv2.weight": {
    "r_t_mean": 0.025917304167384674,
    "r_t_std": 0.017982168282021756,
    "r_t_min": 0.009880545273370829,
    "r_t_max": 0.42878029918265453,
    "delta_hat_mean": 4.387491373780979e-07,
    "delta_hat_std": 1.6807243373003367e-05,
    "lambda_t_mean": 0.0028032210990719063,
    "lambda_t_std": 4.339591371453838e-19,
    "n_records": 780
  },
  "layer1.1.conv1.weight": {
    "r_t_mean": 0.026116198844469054,
    "r_t_std": 0.014854747768281745,
    "r_t_min": 0.007527585148451261,
    "r_t_max": 0.29338296856396023,
    "delta_hat_mean": -6.816979729197288e-08,
    "delta_hat_std": 1.4429426080306764e-05,
    "lambda_t_mean": 0.0028032210990719063,
    "lambda_t_std": 4.339591371453838e-19,
    "n_records": 780
  },
  "layer1.1.conv2.weight": {
    "r_t_mean": 0.025826108327571432,
    "r_t_std": 0.014047833267585285,
    "r_t_min": 0.010656298428020685,
    "r_t_max": 0.2754799154976841,
    "delta_hat_mean": 3.3690217282611457e-09,
    "delta_hat_std": 1.4395124408760588e-05,
    "lambda_t_mean": 0.0028032210990719063,
    "lambda_t_std": 4.339591371453838e-19,
    "n_records": 780
  },
  "layer1.2.conv1.weight": {
    "r_t_mean": 0.026594747215400512,
    "r_t_std": 0.014278559973974786,
    "r_t_min": 0.006797437851651017,
    "r_t_max": 0.25884307405127566,
    "delta_hat_mean": 1.3244231321908072e-08,
    "delta_hat_std": 9.866250697557247e-06,
    "lambda_t_mean": 0.0028032210990719063,
    "lambda_t_std": 4.339591371453838e-19,
    "n_records": 780
  },
  "layer1.2.conv2.weight": {
    "r_t_mean": 0.02630940901510052,
    "r_t_std": 0.013136067054116964,
    "r_t_min": 0.007193102883828765,
    "r_t_max": 0.21004939970594502,
    "delta_hat_mean": -4.0210690617670525e-07,
    "delta_hat_std": 1.2793951850490553e-05,
    "lambda_t_mean": 0.0028032210990719063,
    "lambda_t_std": 4.339591371453838e-19,
    "n_records": 780
  },
  "layer2.0.conv1.weight": {
    "r_t_mean": 0.025847453495655228,
    "r_t_std": 0.011176434986130522,
    "r_t_min": 0.010331244748316504,
    "r_t_max": 0.1494116010995403,
    "delta_hat_mean": -9.525579273509759e-08,
    "delta_hat_std": 9.86933418490099e-06,
    "lambda_t_mean": 0.0028032210990719063,
    "lambda_t_std": 4.339591371453838e-19,
    "n_records": 780
  },
  "layer2.0.conv2.weight": {
    "r_t_mean": 0.025792904471591035,
    "r_t_std": 0.0116695841221669,
    "r_t_min": 0.011256738408135465,
    "r_t_max": 0.17798356988601613,
    "delta_hat_mean": -2.8939997908920645e-07,
    "delta_hat_std": 6.2194022891106185e-06,
    "lambda_t_mean": 0.0028032210990719063,
    "lambda_t_std": 4.339591371453838e-19,
    "n_records": 780
  },
  "layer2.0.shortcut.0.weight": {
    "r_t_mean": 0.02557227521025277,
    "r_t_std": 0.010539284395637682,
    "r_t_min": 0.01244941711595734,
    "r_t_max": 0.055184046643460626,
    "delta_hat_mean": 5.461697915015005e-07,
    "delta_hat_std": 2.3956084362665063e-05,
    "lambda_t_mean": 0.0028032210990719063,
    "lambda_t_std": 4.339591371453838e-19,
    "n_records": 780
  },
  "layer2.1.conv1.weight": {
    "r_t_mean": 0.02673423308222052,
    "r_t_std": 0.013057580221897394,
    "r_t_min": 0.007670665243515417,
    "r_t_max": 0.16403438707281726,
    "delta_hat_mean": -2.3650565212121112e-07,
    "delta_hat_std": 5.316680010131772e-06,
    "lambda_t_mean": 0.0028032210990719063,
    "lambda_t_std": 4.339591371453838e-19,
    "n_records": 780
  },
  "layer2.1.conv2.weight": {
    "r_t_mean": 0.026657033186709252,
    "r_t_std": 0.012709864465010292,
    "r_t_min": 0.007624350909706358,
    "r_t_max": 0.14289512925368994,
    "delta_hat_mean": -1.805947112202078e-07,
    "delta_hat_std": 4.150072664564599e-06,
    "lambda_t_mean": 0.0028032210990719063,
    "lambda_t_std": 4.339591371453838e-19,
    "n_records": 780
  },
  "layer2.2.conv1.weight": {
    "r_t_mean": 0.02677045743333876,
    "r_t_std": 0.012553904604427589,
    "r_t_min": 0.009529784444721105,
    "r_t_max": 0.12018993106711019,
    "delta_hat_mean": 1.6782327955128953e-07,
    "delta_hat_std": 4.717290153209228e-06,
    "lambda_t_mean": 0.0028032210990719063,
    "lambda_t_std": 4.339591371453838e-19,
    "n_records": 780
  },
  "layer2.2.conv2.weight": {
    "r_t_mean": 0.026458509835529685,
    "r_t_std": 0.01198548023298239,
    "r_t_min": 0.008498453196024606,
    "r_t_max": 0.10970584473962067,
    "delta_hat_mean": -1.1964186756293826e-07,
    "delta_hat_std": 4.652454797320115e-06,
    "lambda_t_mean": 0.0028032210990719063,
    "lambda_t_std": 4.339591371453838e-19,
    "n_records": 780
  },
  "layer3.0.conv1.weight": {
    "r_t_mean": 0.02581497491182139,
    "r_t_std": 0.010791642031145805,
    "r_t_min": 0.010680708380998697,
    "r_t_max": 0.08252265916410853,
    "delta_hat_mean": -2.779122751187894e-07,
    "delta_hat_std": 3.3529767900866585e-06,
    "lambda_t_mean": 0.0028032210990719063,
    "lambda_t_std": 4.339591371453838e-19,
    "n_records": 780
  },
  "layer3.0.conv2.weight": {
    "r_t_mean": 0.026236953802681047,
    "r_t_std": 0.011569893742076374,
    "r_t_min": 0.010969974703515031,
    "r_t_max": 0.11178625381279833,
    "delta_hat_mean": -6.962687913632711e-08,
    "delta_hat_std": 2.5357840059293953e-06,
    "lambda_t_mean": 0.0028032210990719063,
    "lambda_t_std": 4.339591371453838e-19,
    "n_records": 780
  },
  "layer3.0.shortcut.0.weight": {
    "r_t_mean": 0.02511459675756845,
    "r_t_std": 0.00980071046621597,
    "r_t_min": 0.012941225034396214,
    "r_t_max": 0.05368454590207516,
    "delta_hat_mean": -3.056322736136817e-07,
    "delta_hat_std": 8.827082078370148e-06,
    "lambda_t_mean": 0.0028032210990719063,
    "lambda_t_std": 4.339591371453838e-19,
    "n_records": 780
  },
  "layer3.1.conv1.weight": {
    "r_t_mean": 0.026778633162499097,
    "r_t_std": 0.012504045051945748,
    "r_t_min": 0.012997506854923008,
    "r_t_max": 0.10408280275427785,
    "delta_hat_mean": 8.575101085217814e-08,
    "delta_hat_std": 3.0227189010498154e-06,
    "lambda_t_mean": 0.0028032210990719063,
    "lambda_t_std": 4.339591371453838e-19,
    "n_records": 780
  },
  "layer3.1.conv2.weight": {
    "r_t_mean": 0.02668427925884775,
    "r_t_std": 0.012301032743607677,
    "r_t_min": 0.013072965866560126,
    "r_t_max": 0.11112668671358504,
    "delta_hat_mean": 9.592202277489493e-09,
    "delta_hat_std": 2.0511867566831204e-06,
    "lambda_t_mean": 0.0028032210990719063,
    "lambda_t_std": 4.339591371453838e-19,
    "n_records": 780
  },
  "layer3.2.conv1.weight": {
    "r_t_mean": 0.026353065543111898,
    "r_t_std": 0.011507511566643112,
    "r_t_min": 0.013620762520864284,
    "r_t_max": 0.10515695629529752,
    "delta_hat_mean": -1.0374874321018322e-07,
    "delta_hat_std": 2.3979786905659113e-06,
    "lambda_t_mean": 0.0028032210990719063,
    "lambda_t_std": 4.339591371453838e-19,
    "n_records": 780
  },
  "layer3.2.conv2.weight": {
    "r_t_mean": 0.02545945196727166,
    "r_t_std": 0.010090963907136508,
    "r_t_min": 0.013581500396303695,
    "r_t_max": 0.10426663544328453,
    "delta_hat_mean": -5.02157922105573e-08,
    "delta_hat_std": 2.2435008588488826e-06,
    "lambda_t_mean": 0.0028032210990719063,
    "lambda_t_std": 4.339591371453838e-19,
    "n_records": 780
  },