{
  "features.0.weight": {
    "r_t_mean": 0.020997229833965438,
    "r_t_std": 0.010232951184554093,
    "r_t_min": 0.004497676947644962,
    "r_t_max": 0.2707041925369013,
    "delta_hat_mean": -3.8079726681398797e-07,
    "delta_hat_std": 1.7068883018939838e-05,
    "lambda_t_mean": 0.0004902315657465082,
    "lambda_t_std": 0.00015188394198973495,
    "n_records": 1950
  },
  "features.3.weight": {
    "r_t_mean": 0.021272044215717417,
    "r_t_std": 0.02103046849632518,
    "r_t_min": 0.0032002007452079824,
    "r_t_max": 0.8902912505882729,
    "delta_hat_mean": -1.2682109188452054e-07,
    "delta_hat_std": 3.834991012326771e-06,
    "lambda_t_mean": 0.0004887631453007697,
    "lambda_t_std": 0.00013080991846578806,
    "n_records": 1950
  },
  "features.7.weight": {
    "r_t_mean": 0.02290125212993467,
    "r_t_std": 0.013145152063530176,
    "r_t_min": 0.0034544682379982904,
    "r_t_max": 0.5119920311765076,
    "delta_hat_mean": -7.541296865252976e-10,
    "delta_hat_std": 3.1166791909761885e-08,
    "lambda_t_mean": 0.0004898642421627371,
    "lambda_t_std": 0.00012075595183915721,
    "n_records": 1950
  },
  "features.10.weight": {
    "r_t_mean": 0.024215657164981398,
    "r_t_std": 0.014891774960787484,
    "r_t_min": 0.0024466298810419556,
    "r_t_max": 0.5995776944458986,
    "delta_hat_mean": 4.2573436058919907e-10,
    "delta_hat_std": 2.3771971362265926e-08,
    "lambda_t_mean": 0.0004911040918502131,
    "lambda_t_std": 0.00011822598429395723,
    "n_records": 1950
  },
  "features.14.weight": {
    "r_t_mean": 0.026307074761573648,
    "r_t_std": 0.01135460368548127,
    "r_t_min": 0.0013250087811630935,
    "r_t_max": 0.3622712820891992,
    "delta_hat_mean": -1.187931531690176e-09,
    "delta_hat_std": 1.2167129727180677e-06,
    "lambda_t_mean": 0.000494063413410881,
    "lambda_t_std": 0.00011277612619571793,
    "n_records": 1950
  },
  "features.17.weight": {
    "r_t_mean": 0.02866463598020875,
    "r_t_std": 0.014185689425601911,
    "r_t_min": 0.0012141973607645575,
    "r_t_max": 0.4261616554038474,
    "delta_hat_mean": 2.0019659882666353e-10,
    "delta_hat_std": 2.4405720807513266e-08,
    "lambda_t_mean": 0.0004952161528429366,
    "lambda_t_std": 0.00010835116945341937,
    "n_records": 1950
  },
  "features.20.weight": {
    "r_t_mean": 0.028205202218892764,
    "r_t_std": 0.013520774338081597,
    "r_t_min": 0.0014545989104279141,
    "r_t_max": 0.3592347658139185,
    "delta_hat_mean": 2.63488812034643e-09,
    "delta_hat_std": 3.351781478588979e-08,
    "lambda_t_mean": 0.0004955185796651772,
    "lambda_t_std": 0.00010097205562041891,
    "n_records": 1950
  },
  "features.24.weight": {
    "r_t_mean": 0.02486682492323892,
    "r_t_std": 0.01151491026537626,
    "r_t_min": 0.0005774196935672327,
    "r_t_max": 0.22140216766070717,
    "delta_hat_mean": 3.780287932942682e-09,
    "delta_hat_std": 6.792285711931801e-07,
    "lambda_t_mean": 0.0004958087467704416,
    "lambda_t_std": 9.725956631556284e-05,
    "n_records": 1950
  },
  "features.27.weight": {
    "r_t_mean": 0.022933848999382674,
    "r_t_std": 0.011382291907167542,
    "r_t_min": 0.0005061758227751679,
    "r_t_max": 0.2662594407601167,
    "delta_hat_mean": -2.966498686439623e-08,
    "delta_hat_std": 8.097149173337168e-07,
    "lambda_t_mean": 0.0004958652791596475,
    "lambda_t_std": 0.00010135496164891521,
    "n_records": 1950
  },
  "features.30.weight": {
    "r_t_mean": 0.019321822164471796,
    "r_t_std": 0.009116019047239975,
    "r_t_min": 0.0005646314401797707,
    "r_t_max": 0.2268620075850339,
    "delta_hat_mean": -4.4647220366288115e-08,
    "delta_hat_std": 1.0666903737154894e-06,
    "lambda_t_mean": 0.0004947880269654306,
    "lambda_t_std": 0.00010726592489237,
    "n_records": 1950
  },
  "features.34.weight": {
    "r_t_mean": 0.015437583173470888,
    "r_t_std": 0.006697410512816741,
    "r_t_min": 0.00038576849267280493,
    "r_t_max": 0.20948824723472545,
    "delta_hat_mean": 5.718956541224431e-08,
    "delta_hat_std": 2.17896460282959e-06,
    "lambda_t_mean": 0.0004935601717542776,
    "lambda_t_std": 0.00011907567090148794,
    "n_records": 1950
  },
  "features.37.weight": {
    "r_t_mean": 0.014997806842912844,
    "r_t_std": 0.005299028609792554,
    "r_t_min": 0.0007257454373460527,
    "r_t_max": 0.17518967528869087,
    "delta_hat_mean": 9.764451338615055e-09,
    "delta_hat_std": 2.2904709557072637e-06,
    "lambda_t_mean": 0.0004952246168026652,
    "lambda_t_std": 0.00010828780843616441,
    "n_records": 1950
  },
  "features.40.weight": {
    "r_t_mean": 0.016787501349997527,
    "r_t_std": 0.0045933620646871585,
    "r_t_min": 0.0037684955955410208,
    "r_t_max": 0.150745456055368,
    "delta_hat_mean": 1.1355792971142383e-08,
    "delta_hat_std": 2.7951775041235525e-06,
    "lambda_t_mean": 0.0004959810026128493,
    "lambda_t_std": 0.0001021787674145922,
    "n_records": 1950
  },
  "classifier.0.weight": {
    "r_t_mean": 0.019699673664171625,
    "r_t_std": 0.00836958698545362,
    "r_t_min": 0.008822218211504038,
    "r_t_max": 0.18139601049847157,
    "delta_hat_mean": -5.554934179133106e-05,
    "delta_hat_std": 0.01659986937141202,
    "lambda_t_mean": 0.0004924985841380038,
    "lambda_t_std": 0.00014447495401449535,
    "n_records": 1950
  },
  "classifier.3.weight": {
    "r_t_mean": 0.02034481355781386,
    "r_t_std": 0.0036140159822490095,
    "r_t_min": 0.012365406738283551,
    "r_t_max": 0.07624726715797035,
    "delta_hat_mean": 0.0005530802323839878,
    "delta_hat_std": 0.012364669579730023,
    "lambda_t_mean": 0.0004975107706665656,
    "lambda_t_std": 6.343116676169883e-05,
    "n_records": 1950
  },
  "classifier.6.weight": {
    "r_t_mean": 0.022812721485583335,
    "r_t_std": 0.007700098886218228,
    "r_t_min": 0.015864623852898694,
    "r_t_max": 0.20359166982970098,
    "delta_hat_mean": 0.0007010089076025813,
    "delta_hat_std": 0.012891533214692424,
    "lambda_t_mean": 0.0004985871699382185,
    "lambda_t_std": 5.006165806548475e-05,
    "n_records": 1950
  }
}