{
  "conv1.weight": {
    "r_t_mean": 0.007416365543412423,
    "r_t_std": 0.008446175643698506,
    "r_t_min": 0.002416264860263198,
    "r_t_max": 0.48125104091535104,
    "delta_hat_mean": -9.267056216822348e-07,
    "delta_hat_std": 4.6799174140143586e-05,
    "lambda_t_mean": 0.0,
    "lambda_t_std": 0.0,
    "n_records": 7800
  },
  "layer1.0.conv1.weight": {
    "r_t_mean": 0.007646887775762938,
    "r_t_std": 0.007338204182097215,
    "r_t_min": 0.002367840012063354,
    "r_t_max": 0.519000644138755,
    "delta_hat_mean": -7.138391328393317e-08,
    "delta_hat_std": 1.2078062941379717e-05,
    "lambda_t_mean": 0.0,
    "lambda_t_std": 0.0,
    "n_records": 7800
  },
  "layer1.0.conv2.weight": {
    "r_t_mean": 0.007688081804452312,
    "r_t_std": 0.006694584974075267,
    "r_t_min": 0.0024742198296849437,
    "r_t_max": 0.42846640541590225,
    "delta_hat_mean": -1.462817051755535e-07,
    "delta_hat_std": 1.0991685467012394e-05,
    "lambda_t_mean": 0.0,
    "lambda_t_std": 0.0,
    "n_records": 7800
  },
  "layer1.1.conv1.weight": {
    "r_t_mean": 0.007920731988736596,
    "r_t_std": 0.005397037055865126,
    "r_t_min": 0.0026676731090560443,
    "r_t_max": 0.29316817303144016,
    "delta_hat_mean": -1.0193438385910415e-07,
    "delta_hat_std": 8.324624504515389e-06,
    "lambda_t_mean": 0.0,
    "lambda_t_std": 0.0,
    "n_records": 7800
  },
  "layer1.1.conv2.weight": {
    "r_t_mean": 0.007675738031910722,
    "r_t_std": 0.005285062869851215,
    "r_t_min": 0.002810711589999248,
    "r_t_max": 0.27527823896966136,
    "delta_hat_mean": -2.2390240928640623e-07,
    "delta_hat_std": 9.067569295316094e-06,
    "lambda_t_mean": 0.0,
    "lambda_t_std": 0.0,
    "n_records": 7800
  },
  "layer1.2.conv1.weight": {
    "r_t_mean": 0.008348347626144371,
    "r_t_std": 0.004658680886226882,
    "r_t_min": 0.0032168653770562414,
    "r_t_max": 0.2586535555029488,
    "delta_hat_mean": -1.4581214461655678e-08,
    "delta_hat_std": 8.22917175439157e-06,
    "lambda_t_mean": 0.0,
    "lambda_t_std": 0.0,
    "n_records": 7800
  },
  "layer1.2.conv2.weight": {
    "r_t_mean": 0.008001411844331516,
    "r_t_std": 0.004596746109515446,
    "r_t_min": 0.002639194903810548,
    "r_t_max": 0.2098956157663207,
    "delta_hat_mean": -6.208545570202687e-08,
    "delta_hat_std": 8.532318073630872e-06,
    "lambda_t_mean": 0.0,
    "lambda_t_std": 0.0,
    "n_records": 7800
  },
  "layer2.0.conv1.weight": {
    "r_t_mean": 0.007762912259075677,
    "r_t_std": 0.00515465088552025,
    "r_t_min": 0.002434771006548684,
    "r_t_max": 0.1493022147950941,
    "delta_hat_mean": -1.1095880764741194e-08,
    "delta_hat_std": 8.9188113008899e-06,
    "lambda_t_mean": 0.0,
    "lambda_t_std": 0.0,
    "n_records": 7800
  },
  "layer2.0.conv2.weight": {
    "r_t_mean": 0.007780213684784101,
    "r_t_std": 0.005555058946225279,
    "r_t_min": 0.0025932736153248368,
    "r_t_max": 0.17785327009885313,
    "delta_hat_mean": -1.1144883444051501e-07,
    "delta_hat_std": 5.312587141404167e-06,
    "lambda_t_mean": 0.0,
    "lambda_t_std": 0.0,
    "n_records": 7800
  },
  "layer2.0.shortcut.0.weight": {
    "r_t_mean": 0.006796490330948471,
    "r_t_std": 0.0045739729345789775,
    "r_t_min": 0.0020352745543347635,
    "r_t_max": 0.05804779128391756,
    "delta_hat_mean": 6.676280178084768e-07,
    "delta_hat_std": 2.3819929966872935e-05,
    "lambda_t_mean": 0.0,
    "lambda_t_std": 0.0,
    "n_records": 7800
  },
  "layer2.1.conv1.weight": {
    "r_t_mean": 0.008162331135478268,
    "r_t_std": 0.005204148717817525,
    "r_t_min": 0.0027348938941447374,
    "r_t_max": 0.16391429738466098,
    "delta_hat_mean": -5.3246859328503324e-08,
    "delta_hat_std": 3.7419504523186802e-06,
    "lambda_t_mean": 0.0,
    "lambda_t_std": 0.0,
    "n_records": 7800
  },
  "layer2.1.conv2.weight": {
    "r_t_mean": 0.00809427453604164,
    "r_t_std": 0.004870437394530275,
    "r_t_min": 0.0027226645643266077,
    "r_t_max": 0.14279051146059304,
    "delta_hat_mean": -8.122082911321691e-08,
    "delta_hat_std": 3.602387140292841e-06,
    "lambda_t_mean": 0.0,
    "lambda_t_std": 0.0,
    "n_records": 7800
  },
  "layer2.2.conv1.weight": {
    "r_t_mean": 0.008405589949259858,
    "r_t_std": 0.004894340167105928,
    "r_t_min": 0.0028245412781311976,
    "r_t_max": 0.12010193873957388,
    "delta_hat_mean": 8.896301710511677e-08,
    "delta_hat_std": 3.679302023851078e-06,
    "lambda_t_mean": 0.0,
    "lambda_t_std": 0.0,
    "n_records": 7800
  },
  "layer2.2.conv2.weight": {
    "r_t_mean": 0.00809528445760546,
    "r_t_std": 0.004564899876124036,
    "r_t_min": 0.0026194114665070863,
    "r_t_max": 0.10962552628331403,
    "delta_hat_mean": 6.274500375224006e-09,
    "delta_hat_std": 3.6640086098851242e-06,
    "lambda_t_mean": 0.0,
    "lambda_t_std": 0.0,
    "n_records": 7800
  },
  "layer3.0.conv1.weight": {
    "r_t_mean": 0.007834957479290774,
    "r_t_std": 0.0049773358857265575,
    "r_t_min": 0.0023329387358416204,
    "r_t_max": 0.08246224809320042,
    "delta_hat_mean": -3.580954501214713e-08,
    "delta_hat_std": 3.1560059147829143e-06,
    "lambda_t_mean": 0.0,
    "lambda_t_std": 0.0,
    "n_records": 7800
  },
  "layer3.0.conv2.weight": {
    "r_t_mean": 0.008325511043795109,
    "r_t_std": 0.0053017956581303555,
    "r_t_min": 0.002599662392270059,
    "r_t_max": 0.11170441435207618,
    "delta_hat_mean": 2.3195964934229458e-09,
    "delta_hat_std": 2.1629946639300368e-06,
    "lambda_t_mean": 0.0,
    "lambda_t_std": 0.0,
    "n_records": 7800
  },
  "layer3.0.shortcut.0.weight": {
    "r_t_mean": 0.006253587278243899,
    "r_t_std": 0.004343534718398323,
    "r_t_min": 0.0017197236587822003,
    "r_t_max": 0.05322611696385966,
    "delta_hat_mean": 1.8550495832610382e-07,
    "delta_hat_std": 8.285594035609312e-06,
    "lambda_t_mean": 0.0,
    "lambda_t_std": 0.0,
    "n_records": 7800
  },
  "layer3.1.conv1.weight": {
    "r_t_mean": 0.008360215714778746,
    "r_t_std": 0.005432673796346994,
    "r_t_min": 0.0026942588725687717,
    "r_t_max": 0.10400660034099879,
    "delta_hat_mean": 1.6293033953175585e-08,
    "delta_hat_std": 1.8999830458012155e-06,
    "lambda_t_mean": 0.0,
    "lambda_t_std": 0.0,
    "n_records": 7800
  },
  "layer3.1.conv2.weight": {
    "r_t_mean": 0.00846347023032484,
    "r_t_std": 0.005182723034229558,
    "r_t_min": 0.0026955320975115575,
    "r_t_max": 0.11104532455771893,
    "delta_hat_mean": 2.6841265860487497e-08,
    "delta_hat_std": 1.550145387869393e-06,
    "lambda_t_mean": 0.0,
    "lambda_t_std": 0.0,
    "n_records": 7800
  },
  "layer3.2.conv1.weight": {
    "r_t_mean": 0.008598509274682272,
    "r_t_std": 0.005051150208780026,
    "r_t_min": 0.002713520708701756,
    "r_t_max": 0.10507996172184385,
    "delta_hat_mean": 2.380105611363504e-09,
    "delta_hat_std": 1.8123196837298846e-06,
    "lambda_t_mean": 0.0,
    "lambda_t_std": 0.0,
    "n_records": 7800
  },
  "layer3.2.conv2.weight": {
    "r_t_mean": 0.00840123435065624,
    "r_t_std": 0.00480989717026299,
    "r_t_min": 0.0027090992588893175,
    "r_t_max": 0.10419030320487416,
    "delta_hat_mean": -3.6724965812363934e-09,
    "delta_hat_std": 1.503999508917979e-06,
    "lambda_t_mean": 0.0,
    "lambda_t_std": 0.0,
    "n_records": 7800
  },
  "fc.weight": {
    "r_t_mean": 0.006720293340032386,
    "r_t_std": 0.006659099152632369,
    "r_t_min": 0.002049925841751404,
    "r_t_max": 0.15043711715018526,
    "delta_hat_mean": -0.0014664188398279558,
    "delta_hat_std": 0.00487561484337888,
    "lambda_t_mean": 0.0,
    "lambda_t_std": 0.0,
    "n_records": 7800
  }
}