{
  "conv1.weight": {
    "r_t_mean": 0.016795164371029424,
    "r_t_std": 0.017637830738369487,
    "r_t_min": 0.007475652374313304,
    "r_t_max": 0.4813087289558477,
    "delta_hat_mean": -3.836972086668165e-05,
    "delta_hat_std": 5.547543498333878e-05,
    "lambda_t_mean": 0.0008333791854420536,
    "lambda_t_std": 3.259038909037749e-05,
    "n_records": 780
  },
  "layer1.0.conv1.weight": {
    "r_t_mean": 0.01671952442657151,
    "r_t_std": 0.018470866899124253,
    "r_t_min": 0.009238398120358057,
    "r_t_max": 0.5190642859751388,
    "delta_hat_mean": -3.5154547173871373e-05,
    "delta_hat_std": 2.8201636989968022e-05,
    "lambda_t_mean": 0.0008322909183492015,
    "lambda_t_std": 1.824596807920582e-05,
    "n_records": 780
  },
  "layer1.0.conv2.weight": {
    "r_t_mean": 0.016665321919903917,
    "r_t_std": 0.015258047615096804,
    "r_t_min": 0.009310918764716554,
    "r_t_max": 0.4285205120086141,
    "delta_hat_mean": -3.6553431498421745e-05,
    "delta_hat_std": 2.8835426586183503e-05,
    "lambda_t_mean": 0.0008320622170929133,
    "lambda_t_std": 1.9351075314870915e-05,
    "n_records": 780
  },
  "layer1.1.conv1.weight": {
    "r_t_mean": 0.016566344989155865,
    "r_t_std": 0.010597612094562043,
    "r_t_min": 0.009838217528619193,
    "r_t_max": 0.29320458241822633,
    "delta_hat_mean": -3.627229908699037e-05,
    "delta_hat_std": 2.753498286013083e-05,
    "lambda_t_mean": 0.0008324298080895207,
    "lambda_t_std": 1.6763202458084008e-05,
    "n_records": 780
  },
  "layer1.1.conv2.weight": {
    "r_t_mean": 0.01631703782915505,
    "r_t_std": 0.009995700633135375,
    "r_t_min": 0.00973664248789374,
    "r_t_max": 0.27531374236975525,
    "delta_hat_mean": -3.671134792692526e-05,
    "delta_hat_std": 2.6979603853240198e-05,
    "lambda_t_mean": 0.0008333094327907098,
    "lambda_t_std": 1.7583667713261653e-05,
    "n_records": 780
  },
  "layer1.2.conv1.weight": {
    "r_t_mean": 0.017306309676646904,
    "r_t_std": 0.009686172949109319,
    "r_t_min": 0.006855335767983068,
    "r_t_max": 0.2586860246847717,
    "delta_hat_mean": -3.4252484647352025e-05,
    "delta_hat_std": 2.6050341794095332e-05,
    "lambda_t_mean": 0.0008333714694230758,
    "lambda_t_std": 1.7127766271596574e-05,
    "n_records": 780
  },
  "layer1.2.conv2.weight": {
    "r_t_mean": 0.016517300732730594,
    "r_t_std": 0.007834310200128427,
    "r_t_min": 0.00967729122713047,
    "r_t_max": 0.20992175360404122,
    "delta_hat_mean": -3.6390501932751305e-05,
    "delta_hat_std": 2.7437990195397223e-05,
    "lambda_t_mean": 0.000831822401191126,
    "lambda_t_std": 1.7383575675168725e-05,
    "n_records": 780
  },
  "layer2.0.conv1.weight": {
    "r_t_mean": 0.016418560885946207,
    "r_t_std": 0.006085127974859949,
    "r_t_min": 0.009569340936642235,
    "r_t_max": 0.14932052092954523,
    "delta_hat_mean": -3.596079829701437e-05,
    "delta_hat_std": 2.7016401360368806e-05,
    "lambda_t_mean": 0.0008329066581005034,
    "lambda_t_std": 1.2479144280422853e-05,
    "n_records": 780
  },
  "layer2.0.conv2.weight": {
    "r_t_mean": 0.016568865135478,
    "r_t_std": 0.006963182616072148,
    "r_t_min": 0.009875498434988004,
    "r_t_max": 0.1778752931662857,
    "delta_hat_mean": -3.681797055771122e-05,
    "delta_hat_std": 2.6585667433747373e-05,
    "lambda_t_mean": 0.0008322105963610175,
    "lambda_t_std": 8.254044300777301e-06,
    "n_records": 780
  },
  "layer2.0.shortcut.0.weight": {
    "r_t_mean": 0.015617408684228822,
    "r_t_std": 0.003792011467483001,
    "r_t_min": 0.009112205470463342,
    "r_t_max": 0.04057227738920347,
    "delta_hat_mean": -3.332668054818409e-05,
    "delta_hat_std": 3.2331488837218825e-05,
    "lambda_t_mean": 0.0008330006300348034,
    "lambda_t_std": 2.848272245353936e-05,
    "n_records": 780
  },
  "layer2.1.conv1.weight": {
    "r_t_mean": 0.017187907099066604,
    "r_t_std": 0.006685250987663662,
    "r_t_min": 0.007674544225347425,
    "r_t_max": 0.16393439996662043,
    "delta_hat_mean": -3.739153188719868e-05,
    "delta_hat_std": 2.6645785811627787e-05,
    "lambda_t_mean": 0.0008324747143879184,
    "lambda_t_std": 8.387567719655418e-06,
    "n_records": 780
  },
  "layer2.1.conv2.weight": {
    "r_t_mean": 0.017009134874169815,
    "r_t_std": 0.006047955766754151,
    "r_t_min": 0.009776660283821535,
    "r_t_max": 0.142808171294991,
    "delta_hat_mean": -3.800038021524462e-05,
    "delta_hat_std": 2.725903945039994e-05,
    "lambda_t_mean": 0.0008319825870878754,
    "lambda_t_std": 8.215143463618721e-06,
    "n_records": 780
  },
  "layer2.2.conv1.weight": {
    "r_t_mean": 0.01739047920231168,
    "r_t_std": 0.00529424139946425,
    "r_t_min": 0.01023984989865708,
    "r_t_max": 0.12011653831349123,
    "delta_hat_mean": -3.7703450017194775e-05,
    "delta_hat_std": 2.7017181772383386e-05,
    "lambda_t_mean": 0.0008323858268512824,
    "lambda_t_std": 8.111580606277893e-06,
    "n_records": 780
  },
  "layer2.2.conv2.weight": {
    "r_t_mean": 0.01688806768159273,
    "r_t_std": 0.0049202423782332555,
    "r_t_min": 0.009580226737901007,
    "r_t_max": 0.10963913238667573,
    "delta_hat_mean": -3.777470896332547e-05,
    "delta_hat_std": 2.7285150355947284e-05,
    "lambda_t_mean": 0.0008313761083013849,
    "lambda_t_std": 8.061088176998228e-06,
    "n_records": 780
  },
  "layer3.0.conv1.weight": {
    "r_t_mean": 0.016481824264873986,
    "r_t_std": 0.0044179157601851975,
    "r_t_min": 0.009729057782187193,
    "r_t_max": 0.08247235599868244,
    "delta_hat_mean": -3.7843481987398794e-05,
    "delta_hat_std": 2.6815945946558948e-05,
    "lambda_t_mean": 0.0008319479805555221,
    "lambda_t_std": 5.531063381248866e-06,
    "n_records": 780
  },
  "layer3.0.conv2.weight": {
    "r_t_mean": 0.01695992083458582,
    "r_t_std": 0.005224977232121338,
    "r_t_min": 0.01001670616855449,
    "r_t_max": 0.11171813627704313,
    "delta_hat_mean": -3.8015619866397036e-05,
    "delta_hat_std": 2.699035997951103e-05,
    "lambda_t_mean": 0.0008320398784477245,
    "lambda_t_std": 4.120425876288356e-06,
    "n_records": 780
  },
  "layer3.0.shortcut.0.weight": {
    "r_t_mean": 0.015022597482268005,
    "r_t_std": 0.003296835181921113,
    "r_t_min": 0.008961905361506541,
    "r_t_max": 0.03941333283279022,
    "delta_hat_mean": -3.720396140482289e-05,
    "delta_hat_std": 2.7024299266365054e-05,
    "lambda_t_mean": 0.0008320673006640629,
    "lambda_t_std": 1.4196361502865826e-05,
    "n_records": 780
  },
  "layer3.1.conv1.weight": {
    "r_t_mean": 0.01732284418890877,
    "r_t_std": 0.0051991435650711754,
    "r_t_min": 0.01003971671878783,
    "r_t_max": 0.10401943574558847,
    "delta_hat_mean": -3.76125059399002e-05,
    "delta_hat_std": 2.679874424961696e-05,
    "lambda_t_mean": 0.0008319876219582634,
    "lambda_t_std": 4.671448879908336e-06,
    "n_records": 780
  },
  "layer3.1.conv2.weight": {
    "r_t_mean": 0.017301946308377225,
    "r_t_std": 0.005182859054537408,
    "r_t_min": 0.01004056018589773,
    "r_t_max": 0.1110590586363912,
    "delta_hat_mean": -3.746344409045754e-05,
    "delta_hat_std": 2.6380057270619323e-05,
    "lambda_t_mean": 0.0008322391259156925,
    "lambda_t_std": 4.7306636007792885e-06,
    "n_records": 780
  },
  "layer3.2.conv1.weight": {
    "r_t_mean": 0.01710302439487989,
    "r_t_std": 0.005058037652455633,
    "r_t_min": 0.009988453821901144,
    "r_t_max": 0.10509297948004256,
    "delta_hat_mean": -3.770941008648302e-05,
    "delta_hat_std": 2.6566756856495675e-05,
    "lambda_t_mean": 0.0008319055033824516,
    "lambda_t_std": 4.6126989128323515e-06,
    "n_records": 780
  },
  "layer3.2.conv2.weight": {
    "r_t_mean": 0.01639178346043292,
    "r_t_std": 0.0045804079847798366,
    "r_t_min": 0.010439772344498739,
    "r_t_max": 0.10420330928659345,
    "delta_hat_mean": -3.7865934688792636e-05,
    "delta_hat_std": 2.6796272963677563e-05,
    "lambda_t_mean": 0.0008316289432010395,
    "lambda_t_std": 5.354160593739958e-06,
    "n_records": 780
  },