{
  "conv1.weight": {
    "r_t_mean": 0.007456832403664375,
    "r_t_std": 0.007411476778201545,
    "r_t_min": 0.0023582793263917288,
    "r_t_max": 0.3443309352386183,
    "delta_hat_mean": 7.877739417998064e-07,
    "delta_hat_std": 4.781970530350555e-05,
    "lambda_t_mean": 0.0,
    "lambda_t_std": 0.0,
    "n_records": 7800
  },
  "layer1.0.conv1.weight": {
    "r_t_mean": 0.007609414342607524,
    "r_t_std": 0.006296458331761971,
    "r_t_min": 0.002688098992574409,
    "r_t_max": 0.35131746330962743,
    "delta_hat_mean": 3.821121711936119e-09,
    "delta_hat_std": 1.1753290068611731e-05,
    "lambda_t_mean": 0.0,
    "lambda_t_std": 0.0,
    "n_records": 7800
  },
  "layer1.0.conv2.weight": {
    "r_t_mean": 0.007561314997913282,
    "r_t_std": 0.0061199385820095405,
    "r_t_min": 0.0030439829988906705,
    "r_t_max": 0.32862609439950924,
    "delta_hat_mean": 5.1148407977090293e-08,
    "delta_hat_std": 1.0801639023526455e-05,
    "lambda_t_mean": 0.0,
    "lambda_t_std": 0.0,
    "n_records": 7800
  },
  "layer1.1.conv1.weight": {
    "r_t_mean": 0.007898068423433156,
    "r_t_std": 0.005618120493181667,
    "r_t_min": 0.003231519889558729,
    "r_t_max": 0.28081930658212606,
    "delta_hat_mean": 4.132742926039772e-08,
    "delta_hat_std": 8.612853526011746e-06,
    "lambda_t_mean": 0.0,
    "lambda_t_std": 0.0,
    "n_records": 7800
  },
  "layer1.1.conv2.weight": {
    "r_t_mean": 0.0077862884463990815,
    "r_t_std": 0.005228850930749313,
    "r_t_min": 0.0029993067992064547,
    "r_t_max": 0.21376647664794113,
    "delta_hat_mean": -5.319555541655481e-08,
    "delta_hat_std": 8.49346108128473e-06,
    "lambda_t_mean": 0.0,
    "lambda_t_std": 0.0,
    "n_records": 7800
  },
  "layer1.2.conv1.weight": {
    "r_t_mean": 0.008278602261450232,
    "r_t_std": 0.00505525794858444,
    "r_t_min": 0.0033721244460524595,
    "r_t_max": 0.24477764187243892,
    "delta_hat_mean": 1.2922689016266375e-07,
    "delta_hat_std": 8.991856382804129e-06,
    "lambda_t_mean": 0.0,
    "lambda_t_std": 0.0,
    "n_records": 7800
  },
  "layer1.2.conv2.weight": {
    "r_t_mean": 0.007782559203970208,
    "r_t_std": 0.005096163877421542,
    "r_t_min": 0.0030875968047322693,
    "r_t_max": 0.22358906006882825,
    "delta_hat_mean": -2.9724554558151027e-08,
    "delta_hat_std": 8.310466253398722e-06,
    "lambda_t_mean": 0.0,
    "lambda_t_std": 0.0,
    "n_records": 7800
  },
  "layer2.0.conv1.weight": {
    "r_t_mean": 0.0077173682468489385,
    "r_t_std": 0.0053442471452412035,
    "r_t_min": 0.0026319036304484934,
    "r_t_max": 0.16447080132817105,
    "delta_hat_mean": 7.25540509414145e-08,
    "delta_hat_std": 8.208653583434776e-06,
    "lambda_t_mean": 0.0,
    "lambda_t_std": 0.0,
    "n_records": 7800
  },
  "layer2.0.conv2.weight": {
    "r_t_mean": 0.007830674131665178,
    "r_t_std": 0.0054921903491852355,
    "r_t_min": 0.002840569021696903,
    "r_t_max": 0.1676343105511466,
    "delta_hat_mean": 2.2642151767251255e-08,
    "delta_hat_std": 5.238808657239279e-06,
    "lambda_t_mean": 0.0,
    "lambda_t_std": 0.0,
    "n_records": 7800
  },
  "layer2.0.shortcut.0.weight": {
    "r_t_mean": 0.006856498745732734,
    "r_t_std": 0.00478895081205637,
    "r_t_min": 0.0023204678360831048,
    "r_t_max": 0.05326520147622243,
    "delta_hat_mean": 6.716200820463451e-08,
    "delta_hat_std": 2.1313840395358468e-05,
    "lambda_t_mean": 0.0,
    "lambda_t_std": 0.0,
    "n_records": 7800
  },
  "layer2.1.conv1.weight": {
    "r_t_mean": 0.008167626585557055,
    "r_t_std": 0.005123318086034356,
    "r_t_min": 0.003172222159287487,
    "r_t_max": 0.16335608158743245,
    "delta_hat_mean": 7.313011134116666e-08,
    "delta_hat_std": 3.897865596383256e-06,
    "lambda_t_mean": 0.0,
    "lambda_t_std": 0.0,
    "n_records": 7800
  },
  "layer2.1.conv2.weight": {
    "r_t_mean": 0.0080255976708844,
    "r_t_std": 0.0050517369731944775,
    "r_t_min": 0.003232231096779592,
    "r_t_max": 0.13248360407562626,
    "delta_hat_mean": 5.3896419441028065e-11,
    "delta_hat_std": 3.602144957422686e-06,
    "lambda_t_mean": 0.0,
    "lambda_t_std": 0.0,
    "n_records": 7800
  },
  "layer2.2.conv1.weight": {
    "r_t_mean": 0.00845910828925223,
    "r_t_std": 0.004838980487829485,
    "r_t_min": 0.0033739803413468344,
    "r_t_max": 0.12661073721897445,
    "delta_hat_mean": -1.908642820933131e-08,
    "delta_hat_std": 3.621785693395592e-06,
    "lambda_t_mean": 0.0,
    "lambda_t_std": 0.0,
    "n_records": 7800
  },
  "layer2.2.conv2.weight": {
    "r_t_mean": 0.00814597517981413,
    "r_t_std": 0.004669594130491822,
    "r_t_min": 0.0034304809883747176,
    "r_t_max": 0.11283859929475748,
    "delta_hat_mean": 3.236606104062005e-08,
    "delta_hat_std": 3.7037165409372026e-06,
    "lambda_t_mean": 0.0,
    "lambda_t_std": 0.0,
    "n_records": 7800
  },
  "layer3.0.conv1.weight": {
    "r_t_mean": 0.007861438645822299,
    "r_t_std": 0.005037234592828063,
    "r_t_min": 0.003011164784459079,
    "r_t_max": 0.08944257155562217,
    "delta_hat_mean": -2.4050676047311258e-08,
    "delta_hat_std": 3.2772731779206362e-06,
    "lambda_t_mean": 0.0,
    "lambda_t_std": 0.0,
    "n_records": 7800
  },
  "layer3.0.conv2.weight": {
    "r_t_mean": 0.008366506433870125,
    "r_t_std": 0.005372133719547843,
    "r_t_min": 0.0032563841477269285,
    "r_t_max": 0.1174630833951275,
    "delta_hat_mean": 4.714758488944409e-08,
    "delta_hat_std": 2.213920439513677e-06,
    "lambda_t_mean": 0.0,
    "lambda_t_std": 0.0,
    "n_records": 7800
  },
  "layer3.0.shortcut.0.weight": {
    "r_t_mean": 0.0063510257947330465,
    "r_t_std": 0.004534099573552928,
    "r_t_min": 0.0021415136938564435,
    "r_t_max": 0.05734874860717671,
    "delta_hat_mean": 1.7302646640485838e-07,
    "delta_hat_std": 8.190794396229097e-06,
    "lambda_t_mean": 0.0,
    "lambda_t_std": 0.0,
    "n_records": 7800
  },
  "layer3.1.conv1.weight": {
    "r_t_mean": 0.008382058431677112,
    "r_t_std": 0.0054994394295323195,
    "r_t_min": 0.003322609307457079,
    "r_t_max": 0.10088570954330164,
    "delta_hat_mean": 3.0540598878495066e-08,
    "delta_hat_std": 1.8218710962298895e-06,
    "lambda_t_mean": 0.0,
    "lambda_t_std": 0.0,
    "n_records": 7800
  },
  "layer3.1.conv2.weight": {
    "r_t_mean": 0.008454880099117308,
    "r_t_std": 0.0051938535298391274,
    "r_t_min": 0.0033515203293660568,
    "r_t_max": 0.1088925235208455,
    "delta_hat_mean": 2.091032261427509e-08,
    "delta_hat_std": 1.5719533910659108e-06,
    "lambda_t_mean": 0.0,
    "lambda_t_std": 0.0,
    "n_records": 7800
  },
  "layer3.2.conv1.weight": {
    "r_t_mean": 0.008636196720469459,
    "r_t_std": 0.00505793508859624,
    "r_t_min": 0.003484730206408968,
    "r_t_max": 0.10447712192265535,
    "delta_hat_mean": 7.9612231604567e-09,
    "delta_hat_std": 1.731564574007481e-06,
    "lambda_t_mean": 0.0,
    "lambda_t_std": 0.0,
    "n_records": 7800
  },
  "layer3.2.conv2.weight": {
    "r_t_mean": 0.008423798067334646,
    "r_t_std": 0.004874159946690184,
    "r_t_min": 0.0034058081811812273,
    "r_t_max": 0.12487234786647249,
    "delta_hat_mean": 4.437006813009856e-09,
    "delta_hat_std": 1.4969745392602114e-06,
    "lambda_t_mean": 0.0,
    "lambda_t_std": 0.0,
    "n_records": 7800
  },
  "fc.weight": {
    "r_t_mean": 0.006762606000807726,
    "r_t_std": 0.006894649027985126,
    "r_t_min": 0.0021666801461767567,
    "r_t_max": 0.16468295506035677,
    "delta_hat_mean": -0.0014377989541910243,
    "delta_hat_std": 0.004810650491311352,
    "lambda_t_mean": 0.0,
    "lambda_t_std": 0.0,
    "n_records": 7800
  }
}