{
  "features.0.weight": {
    "r_t_mean": 0.019842401402171052,
    "r_t_std": 0.006905162451369387,
    "r_t_min": 0.004767018022002821,
    "r_t_max": 0.20218756664909268,
    "delta_hat_mean": -7.77396869031085e-06,
    "delta_hat_std": 1.8142285626998744e-05,
    "lambda_t_mean": 0.00025040999059493724,
    "lambda_t_std": 4.845827107660062e-06,
    "n_records": 1950
  },
  "features.3.weight": {
    "r_t_mean": 0.019950566991896415,
    "r_t_std": 0.01831206919917504,
    "r_t_min": 0.0027222816905751097,
    "r_t_max": 0.8029367507850279,
    "delta_hat_mean": -7.2807389085724415e-06,
    "delta_hat_std": 6.505107105875123e-06,
    "lambda_t_mean": 0.00025002687881390254,
    "lambda_t_std": 2.9764933492606694e-06,
    "n_records": 1950
  },
  "features.7.weight": {
    "r_t_mean": 0.02120452039136629,
    "r_t_std": 0.010936987164113102,
    "r_t_min": 0.0021554105882684175,
    "r_t_max": 0.46513634426713496,
    "delta_hat_mean": -7.51265258325461e-06,
    "delta_hat_std": 5.345324295621422e-06,
    "lambda_t_mean": 0.00025004428498255903,
    "lambda_t_std": 1.4483789605673241e-06,
    "n_records": 1950
  },
  "features.10.weight": {
    "r_t_mean": 0.022306977325108033,
    "r_t_std": 0.013114978201396971,
    "r_t_min": 0.0017071689381555155,
    "r_t_max": 0.5660129984934976,
    "delta_hat_mean": -7.602479681610757e-06,
    "delta_hat_std": 5.347067495983076e-06,
    "lambda_t_mean": 0.0002500140545307062,
    "lambda_t_std": 9.916700335859166e-07,
    "n_records": 1950
  },
  "features.14.weight": {
    "r_t_mean": 0.023983297997501398,
    "r_t_std": 0.009197636913694438,
    "r_t_min": 0.0014954993863175216,
    "r_t_max": 0.3422007075766229,
    "delta_hat_mean": -7.581517420418684e-06,
    "delta_hat_std": 5.582897523010566e-06,
    "lambda_t_mean": 0.0002499865460548645,
    "lambda_t_std": 7.145758260471762e-07,
    "n_records": 1950
  },
  "features.17.weight": {
    "r_t_mean": 0.026111791381336853,
    "r_t_std": 0.011603380906373278,
    "r_t_min": 0.0016775667442247416,
    "r_t_max": 0.4007493158237386,
    "delta_hat_mean": -7.4977248131963985e-06,
    "delta_hat_std": 5.356623677934534e-06,
    "lambda_t_mean": 0.0002500051834033086,
    "lambda_t_std": 5.660727730545987e-07,
    "n_records": 1950
  },
  "features.20.weight": {
    "r_t_mean": 0.025914954588597966,
    "r_t_std": 0.01112520520815918,
    "r_t_min": 0.001837063777153291,
    "r_t_max": 0.34042930915320124,
    "delta_hat_mean": -7.528632229906214e-06,
    "delta_hat_std": 5.374311453707777e-06,
    "lambda_t_mean": 0.00024994207961437034,
    "lambda_t_std": 7.725388438957334e-07,
    "n_records": 1950
  },
  "features.24.weight": {
    "r_t_mean": 0.022471037473562855,
    "r_t_std": 0.009275058058079693,
    "r_t_min": 0.0009085928049054622,
    "r_t_max": 0.21221565084727945,
    "delta_hat_mean": -7.5492560939469885e-06,
    "delta_hat_std": 5.405555203565705e-06,
    "lambda_t_mean": 0.0002500610372882623,
    "lambda_t_std": 7.553175007446827e-07,
    "n_records": 1950
  },
  "features.27.weight": {
    "r_t_mean": 0.02039610206585708,
    "r_t_std": 0.009190108723148453,
    "r_t_min": 0.0007788328639621062,
    "r_t_max": 0.2554998818892281,
    "delta_hat_mean": -7.460815058646361e-06,
    "delta_hat_std": 5.322081373479074e-06,
    "lambda_t_mean": 0.00025000004934194763,
    "lambda_t_std": 9.356144105793465e-07,
    "n_records": 1950
  },
  "features.30.weight": {
    "r_t_mean": 0.01734582033289804,
    "r_t_std": 0.007432449778623343,
    "r_t_min": 0.0006601028885437962,
    "r_t_max": 0.2194195910161036,
    "delta_hat_mean": -7.416598005858596e-06,
    "delta_hat_std": 5.276967652285868e-06,
    "lambda_t_mean": 0.00024990092948461195,
    "lambda_t_std": 1.5946208214060043e-06,
    "n_records": 1950
  },
  "features.34.weight": {
    "r_t_mean": 0.013442782813574347,
    "r_t_std": 0.005650760624915589,
    "r_t_min": 0.00039901857724180433,
    "r_t_max": 0.20126226991368637,
    "delta_hat_mean": -7.02744310663636e-06,
    "delta_hat_std": 5.084622530074553e-06,
    "lambda_t_mean": 0.000250069759121308,
    "lambda_t_std": 2.6529802045131063e-06,
    "n_records": 1950
  },
  "features.37.weight": {
    "r_t_mean": 0.012698446404795866,
    "r_t_std": 0.004663392201886278,
    "r_t_min": 0.0007091077990875937,
    "r_t_max": 0.16897775035471949,
    "delta_hat_mean": -6.511233236903622e-06,
    "delta_hat_std": 4.9304930593131896e-06,
    "lambda_t_mean": 0.00022666041689041333,
    "lambda_t_std": 7.931126014115417e-06,
    "n_records": 1950
  },
  "features.40.weight": {
    "r_t_mean": 0.015052117451034812,
    "r_t_std": 0.004130562948207344,
    "r_t_min": 0.0037342959055270426,
    "r_t_max": 0.14514783859419095,
    "delta_hat_mean": -6.112720422421488e-06,
    "delta_hat_std": 4.442596688858208e-06,
    "lambda_t_mean": 0.00023976891310551227,
    "lambda_t_std": 1.0485426054366158e-05,
    "n_records": 1950
  },
  "classifier.0.weight": {
    "r_t_mean": 0.018696087130510578,
    "r_t_std": 0.003946297078812434,
    "r_t_min": 0.010060888564899367,
    "r_t_max": 0.06333655145298754,
    "delta_hat_mean": 0.0008035753012280531,
    "delta_hat_std": 0.01582416179635982,
    "lambda_t_mean": 0.00010287667690179287,
    "lambda_t_std": 3.223827001867048e-05,
    "n_records": 1950
  },
  "classifier.3.weight": {
    "r_t_mean": 0.017054681064827555,
    "r_t_std": 0.005293368668504999,
    "r_t_min": 0.008413119617193932,
    "r_t_max": 0.09860260298996455,
    "delta_hat_mean": 0.0009963775281854536,
    "delta_hat_std": 0.010862028923217786,
    "lambda_t_mean": 9.151828863681891e-05,
    "lambda_t_std": 3.103741651287758e-05,
    "n_records": 1950
  },
  "classifier.6.weight": {
    "r_t_mean": 0.020499130820932066,
    "r_t_std": 0.009960480576188088,
    "r_t_min": 0.011485084221041796,
    "r_t_max": 0.2205534595898178,
    "delta_hat_mean": 0.0011918117850413742,
    "delta_hat_std": 0.012055730300773313,
    "lambda_t_mean": 0.0001821609534514256,
    "lambda_t_std": 1.0522909336684502e-05,
    "n_records": 1950
  }
}