{
  "task_id": "ablation_cifar100",
  "model": "vgg16_bn",
  "dataset": "cifar100",
  "epochs": 200,
  "seeds": [
    42,
    123,
    456
  ],
  "batch_size": 128,
  "lr": 0.1,
  "weight_decay": 0.0001,
  "total_elapsed_sec": 35573.297765254974,
  "total_runs": 24,
  "completed_runs": 24,
  "aggregate": {
    "FixedWD": {
      "K_p": 0.0,
      "K_i": 0.0,
      "K_d": 0.0,
      "test_acc_mean": 70.52999999999999,
      "test_acc_std": 0.4824935232725933,
      "train_acc_mean": 99.78098290598291,
      "train_acc_std": 0.03943595902840447,
      "gen_gap_mean": 29.414316239316236,
      "gen_gap_std": 0.5181602987004971,
      "wd_budget_mean": 0.58,
      "wd_budget_std": 0.0,
      "csi_mean": 0.23927687736097136,
      "csi_std": 0.0,
      "total_time_sec": 3734.638418674469,
      "per_seed_accs": [
        70.05,
        70.35,
        71.19
      ]
    },
    "Kp_only": {
      "K_p": 0.5,
      "K_i": 0.0,
      "K_d": 0.0,
      "test_acc_mean": 68.51666666666667,
      "test_acc_std": 0.30565049030260455,
      "train_acc_mean": 99.52924679487178,
      "train_acc_std": 0.10951261848799938,
      "gen_gap_mean": 31.299246794871795,
      "gen_gap_std": 0.2965841154541474,
      "wd_budget_mean": 0.2999426552643361,
      "wd_budget_std": 0.029346893400651386,
      "csi_mean": 0.23927651236853786,
      "csi_std": 7.755441278255383e-09,
      "total_time_sec": 18776.151386499405,
      "per_seed_accs": [
        68.67,
        68.09,
        68.79
      ]
    },
    "Ki_only": {
      "K_p": 0.0,
      "K_i": 0.1,
      "K_d": 0.0,
      "test_acc_mean": 69.64333333333333,
      "test_acc_std": 0.8775850702670115,
      "train_acc_mean": 99.46180555555556,
      "train_acc_std": 0.2625769888603868,
      "gen_gap_mean": 30.07847222222222,
      "gen_gap_std": 0.7104409478071682,
      "wd_budget_mean": 0.13439425161942445,
      "wd_budget_std": 0.024894262144695114,
      "csi_mean": 0.23927652805149102,
      "csi_std": 4.630972171705967e-09,
      "total_time_sec": 2152.5798573493958,
      "per_seed_accs": [
        68.76,
        69.33,
        70.84
      ]
    },
    "Kd_only": {
      "K_p": 0.0,
      "K_i": 0.0,
      "K_d": 0.3,
      "test_acc_mean": 70.64333333333333,
      "test_acc_std": 0.2978067979225634,
      "train_acc_mean": 99.80769230769232,
      "train_acc_std": 0.0185769601271948,
      "gen_gap_mean": 29.33769230769231,
      "gen_gap_std": 0.1699903115229521,
      "wd_budget_mean": 0.5944624251037637,
      "wd_budget_std": 0.003221932129557295,
      "csi_mean": 0.23927683162414057,
      "csi_std": 1.2460697393488882e-09,
      "total_time_sec": 2149.5066974163055,
      "per_seed_accs": [
        70.24,
        70.95,
        70.74
      ]
    },
    "PI_control": {
      "K_p": 0.5,
      "K_i": 0.1,
      "K_d": 0.0,
      "test_acc_mean": 69.11666666666667,
      "test_acc_std": 1.1146399518329806,
      "train_acc_mean": 99.49452457264958,
      "train_acc_std": 0.2500522861761463,
      "gen_gap_mean": 30.55452457264957,
      "gen_gap_std": 0.9717170636583624,
      "wd_budget_mean": 0.31740705574646283,
      "wd_budget_std": 0.0935165058349211,
      "csi_mean": 0.23927649822637784,
      "csi_std": 2.9097051929319686e-08,
      "total_time_sec": 2192.9342262744904,
      "per_seed_accs": [
        68.16,
        68.51,
        70.68
      ]
    },
    "PD_control": {
      "K_p": 0.5,
      "K_i": 0.0,
      "K_d": 0.3,
      "test_acc_mean": 69.27666666666666,
      "test_acc_std": 0.5728486323240727,
      "train_acc_mean": 99.4417735042735,
      "train_acc_std": 0.3482633552740057,
      "gen_gap_mean": 30.355106837606836,
      "gen_gap_std": 0.44486950288619986,
      "wd_budget_mean": 0.30024820617118525,
      "wd_budget_std": 0.06448458466530545,
      "csi_mean": 0.23927651077282222,
      "csi_std": 1.9662017010746472e-08,
      "total_time_sec": 2190.9002254009247,
      "per_seed_accs": [
        68.66,
        69.13,
        70.04
      ]
    },
    "Full_PID": {
      "K_p": 0.5,
      "K_i": 0.1,
      "K_d": 0.3,
      "test_acc_mean": 69.29333333333334,
      "test_acc_std": 1.2833376623303607,
      "train_acc_mean": 99.63007478632478,
      "train_acc_std": 0.14131078419446375,
      "gen_gap_mean": 30.460074786324785,
      "gen_gap_std": 1.1923903300799297,
      "wd_budget_mean": 0.2766339498969821,
      "wd_budget_std": 0.05538775794864994,
      "csi_mean": 0.23927651666209007,
      "csi_std": 1.1647091655284354e-08,
      "total_time_sec": 2191.103640794754,
      "per_seed_accs": [
        68.81,
        68.02,
        71.05
      ]
    },
    "UDWDC_v2": {
      "K_p": 0.5,
      "K_i": 0.1,
      "K_d": 0.3,
      "test_acc_mean": 69.29333333333334,
      "test_acc_std": 1.2833376623303607,
      "train_acc_mean": 99.63007478632478,
      "train_acc_std": 0.14131078419446375,
      "gen_gap_mean": 30.460074786324785,
      "gen_gap_std": 1.1923903300799297,
      "wd_budget_mean": 0.2766339498969821,
      "wd_budget_std": 0.05538775794864994,
      "csi_mean": 0.23927651666209007,
      "csi_std": 1.1647091655284354e-08,
      "total_time_sec": 2180.520510673523,
      "per_seed_accs": [
        68.81,
        68.02,
        71.05
      ]
    }
  }
}