{
  "conv1.weight": {
    "r_t_mean": 0.014602842400781215,
    "r_t_std": 0.007584698458899733,
    "r_t_min": 0.006307243029039672,
    "r_t_max": 0.4812751498758097,
    "delta_hat_mean": -1.3061982859554679e-06,
    "delta_hat_std": 5.3241522007335646e-05,
    "lambda_t_mean": 0.0004979341930760896,
    "lambda_t_std": 0.000109172276263038,
    "n_records": 7800
  },
  "layer1.0.conv1.weight": {
    "r_t_mean": 0.014721311012268649,
    "r_t_std": 0.0071030302954987615,
    "r_t_min": 0.008067047304696687,
    "r_t_max": 0.5190265442655931,
    "delta_hat_mean": 1.3609274395938917e-08,
    "delta_hat_std": 1.3019720732133856e-05,
    "lambda_t_mean": 0.0004981942253392697,
    "lambda_t_std": 7.646759916518142e-05,
    "n_records": 7800
  },
  "layer1.0.conv2.weight": {
    "r_t_mean": 0.014702124266135763,
    "r_t_std": 0.006352964488380236,
    "r_t_min": 0.007806298350013902,
    "r_t_max": 0.42848783475481467,
    "delta_hat_mean": 9.32042395497154e-08,
    "delta_hat_std": 1.0992103879197598e-05,
    "lambda_t_mean": 0.0004984582975547537,
    "lambda_t_std": 6.708674874636228e-05,
    "n_records": 7800
  },
  "layer1.1.conv1.weight": {
    "r_t_mean": 0.01503090431204105,
    "r_t_std": 0.005279211676741648,
    "r_t_min": 0.008069388548614404,
    "r_t_max": 0.29318285605967587,
    "delta_hat_mean": 1.8733101117950316e-08,
    "delta_hat_std": 1.165493143536645e-05,
    "lambda_t_mean": 0.000498714610862934,
    "lambda_t_std": 6.998227918502904e-05,
    "n_records": 7800
  },
  "layer1.1.conv2.weight": {
    "r_t_mean": 0.014823442435123072,
    "r_t_std": 0.004971423128052762,
    "r_t_min": 0.007713459779891992,
    "r_t_max": 0.2752919738113606,
    "delta_hat_mean": 7.155098076143502e-08,
    "delta_hat_std": 9.21282815266609e-06,
    "lambda_t_mean": 0.0004993395299293606,
    "lambda_t_std": 6.568147772196344e-05,
    "n_records": 7800
  },
  "layer1.2.conv1.weight": {
    "r_t_mean": 0.01536747401839824,
    "r_t_std": 0.004897286185759545,
    "r_t_min": 0.00789331964889059,
    "r_t_max": 0.25866648355189337,
    "delta_hat_mean": -2.4537002149762963e-08,
    "delta_hat_std": 8.55719819743191e-06,
    "lambda_t_mean": 0.0004995378298964392,
    "lambda_t_std": 7.445444006488409e-05,
    "n_records": 7800
  },
  "layer1.2.conv2.weight": {
    "r_t_mean": 0.014982089888413718,
    "r_t_std": 0.004430858430461708,
    "r_t_min": 0.008427550062374644,
    "r_t_max": 0.2099061136822812,
    "delta_hat_mean": -1.3158560809728009e-08,
    "delta_hat_std": 8.887801161326953e-06,
    "lambda_t_mean": 0.0004994952847918083,
    "lambda_t_std": 6.529136764768841e-05,
    "n_records": 7800
  },
  "layer2.0.conv1.weight": {
    "r_t_mean": 0.014823910945306091,
    "r_t_std": 0.004262978290805979,
    "r_t_min": 0.008184455388606774,
    "r_t_max": 0.1493096810871661,
    "delta_hat_mean": 9.104965441947348e-08,
    "delta_hat_std": 7.864360694873024e-06,
    "lambda_t_mean": 0.000499408581881128,
    "lambda_t_std": 6.28747222245017e-05,
    "n_records": 7800
  },
  "layer2.0.conv2.weight": {
    "r_t_mean": 0.014881866835321323,
    "r_t_std": 0.004782231688201331,
    "r_t_min": 0.008365599110999548,
    "r_t_max": 0.17786216738774682,
    "delta_hat_mean": 2.3841855731229696e-08,
    "delta_hat_std": 4.8008011657225205e-06,
    "lambda_t_mean": 0.0004994425692118686,
    "lambda_t_std": 5.914318376514425e-05,
    "n_records": 7800
  },
  "layer2.0.shortcut.0.weight": {
    "r_t_mean": 0.014053252705803954,
    "r_t_std": 0.003778077820538088,
    "r_t_min": 0.008063851790463247,
    "r_t_max": 0.055870739527691754,
    "delta_hat_mean": 1.710167166368848e-07,
    "delta_hat_std": 2.1359543358840404e-05,
    "lambda_t_mean": 0.000499788320663359,
    "lambda_t_std": 6.306856038213627e-05,
    "n_records": 7800
  },
  "layer2.1.conv1.weight": {
    "r_t_mean": 0.015221690994531736,
    "r_t_std": 0.004842317022015471,
    "r_t_min": 0.008751960154070324,
    "r_t_max": 0.16392249116725782,
    "delta_hat_mean": 2.842202641265642e-08,
    "delta_hat_std": 3.7836353535844137e-06,
    "lambda_t_mean": 0.0004995956779068354,
    "lambda_t_std": 6.207040419501502e-05,
    "n_records": 7800
  },
  "layer2.1.conv2.weight": {
    "r_t_mean": 0.015081193706563521,
    "r_t_std": 0.004387155930211659,
    "r_t_min": 0.008463147190294054,
    "r_t_max": 0.1427976393889528,
    "delta_hat_mean": 2.7890900288606272e-09,
    "delta_hat_std": 3.6673506151868236e-06,
    "lambda_t_mean": 0.0004991524496043532,
    "lambda_t_std": 5.8028927278112755e-05,
    "n_records": 7800
  },
  "layer2.2.conv1.weight": {
    "r_t_mean": 0.01547906344617683,
    "r_t_std": 0.0041727184974403855,
    "r_t_min": 0.008740666323937793,
    "r_t_max": 0.12010794784081062,
    "delta_hat_mean": -1.4270819995760027e-08,
    "delta_hat_std": 3.519156992543589e-06,
    "lambda_t_mean": 0.0004993645303873774,
    "lambda_t_std": 6.126406874285765e-05,
    "n_records": 7800
  },
  "layer2.2.conv2.weight": {
    "r_t_mean": 0.015181963905791586,
    "r_t_std": 0.0039005379124534803,
    "r_t_min": 0.008631099575642363,
    "r_t_max": 0.10963100988814509,
    "delta_hat_mean": -3.3233333295758905e-08,
    "delta_hat_std": 3.79224108545835e-06,
    "lambda_t_mean": 0.0004995774116756293,
    "lambda_t_std": 5.807392023652207e-05,
    "n_records": 7800
  },
  "layer3.0.conv1.weight": {
    "r_t_mean": 0.014816112410776922,
    "r_t_std": 0.004080178603186964,
    "r_t_min": 0.008705500393178163,
    "r_t_max": 0.08246637120474248,
    "delta_hat_mean": -3.876393626961034e-08,
    "delta_hat_std": 3.4479035822339985e-06,
    "lambda_t_mean": 0.0004997867193559863,
    "lambda_t_std": 5.6275972939951206e-05,
    "n_records": 7800
  },
  "layer3.0.conv2.weight": {
    "r_t_mean": 0.015322874538456785,
    "r_t_std": 0.004390727241977009,
    "r_t_min": 0.00890511609983387,
    "r_t_max": 0.1117099949635886,
    "delta_hat_mean": -3.1379432365515546e-08,
    "delta_hat_std": 2.083099644448513e-06,
    "lambda_t_mean": 0.0004996942170519309,
    "lambda_t_std": 5.526599643777393e-05,
    "n_records": 7800
  },
  "layer3.0.shortcut.0.weight": {
    "r_t_mean": 0.013468439417147786,
    "r_t_std": 0.0033540718969594725,
    "r_t_min": 0.00806027540431042,
    "r_t_max": 0.05427258458046015,
    "delta_hat_mean": -1.4048279087616745e-07,
    "delta_hat_std": 8.24849902879406e-06,
    "lambda_t_mean": 0.0004999700372983868,
    "lambda_t_std": 5.567242983628406e-05,
    "n_records": 7800
  },
  "layer3.1.conv1.weight": {
    "r_t_mean": 0.015549136866210287,
    "r_t_std": 0.004233052361558442,
    "r_t_min": 0.00932064680973033,
    "r_t_max": 0.10401180263363909,
    "delta_hat_mean": 2.7814122999525033e-08,
    "delta_hat_std": 1.9747049050509044e-06,
    "lambda_t_mean": 0.0004997547947883559,
    "lambda_t_std": 5.6208016939009224e-05,
    "n_records": 7800
  },
  "layer3.1.conv2.weight": {
    "r_t_mean": 0.015583911480734064,
    "r_t_std": 0.00406243846510814,
    "r_t_min": 0.009462666472266032,
    "r_t_max": 0.11105088673760102,
    "delta_hat_mean": -3.121534559632118e-09,
    "delta_hat_std": 1.5035608264204183e-06,
    "lambda_t_mean": 0.0004995780556527482,
    "lambda_t_std": 5.5528678247256584e-05,
    "n_records": 7800
  },
  "layer3.2.conv1.weight": {
    "r_t_mean": 0.01551166104958473,
    "r_t_std": 0.004283148686091174,
    "r_t_min": 0.009363908156809708,
    "r_t_max": 0.10508522475316463,
    "delta_hat_mean": 4.155293841297792e-08,
    "delta_hat_std": 1.9648168617393453e-06,
    "lambda_t_mean": 0.0004998510169766585,
    "lambda_t_std": 5.411317728023473e-05,
    "n_records": 7800
  },
  "layer3.2.conv2.weight": {
    "r_t_mean": 0.014957135554022777,
    "r_t_std": 0.003957055146567936,
    "r_t_min": 0.008903109523960553,
    "r_t_max": 0.10419551169174969,
    "delta_hat_mean": 1.4186337736957424e-08,
    "delta_hat_std": 1.7632101739833204e-06,
    "lambda_t_mean": 0.0004994936200851981,
    "lambda_t_std": 5.3555824157701453e-05,
    "n_records": 7800
  },