{
  "variant": "Ki_only",
  "method": "UDWDC_v2_Ki_only",
  "K_p": 0.0,
  "K_i": 0.1,
  "K_d": 0.0,
  "is_baseline": false,
  "seed": 456,
  "epochs": 200,
  "best_test_acc": 70.84,
  "final_test_acc": 70.72,
  "final_train_acc": 99.83173076923077,
  "generalization_gap": 29.111730769230775,
  "total_wd_budget": 0.10096870975646181,
  "v2_cumulative_wd_budget": 95275.04646436828,
  "csi": 0.23927653403530802,
  "nan_inf_detected": false,
  "elapsed_sec": 718.7393898963928
}