{
  "task_id": "tightened_hedging",
  "mode": "FULL",
  "seed": 42,
  "model": "gemma-2-2b",
  "cosine_threshold": 0.025,
  "magnitude_gap": 1.0,
  "k_sparse": 5,
  "pilot_max_tokens": null,
  "n_shuffle_controls": 10,
  "timestamp_start": "2026-04-15T14:41:52.104740",
  "vocabulary": {
    "n_letters": 26,
    "total_words": 1196,
    "per_letter_counts": {
      "A": 65,
      "B": 66,
      "C": 69,
      "D": 60,
      "E": 52,
      "F": 69,
      "G": 62,
      "H": 57,
      "I": 29,
      "J": 22,
      "K": 25,
      "L": 65,
      "M": 62,
      "N": 37,
      "O": 29,
      "P": 68,
      "Q": 15,
      "R": 63,
      "S": 70,
      "T": 70,
      "U": 26,
      "V": 34,
      "W": 60,
      "X": 1,
      "Y": 12,
      "Z": 8
    }
  },
  "parent_latent_map_l0_22": {
    "A": {
      "top_k_indices": [
        3479,
        8868,
        15942,
        8031,
        13863
      ],
      "top_k_weights": [
        0.373835,
        0.389981,
        0.39779,
        0.403722,
        0.559653
      ],
      "probe_f1": 1.0
    },
    "B": {
      "top_k_indices": [
        9974,
        4173,
        4199,
        14143,
        6449
      ],
      "top_k_weights": [
        0.396276,
        0.407522,
        0.415303,
        0.524549,
        0.634001
      ],
      "probe_f1": 1.0
    },
    "C": {
      "top_k_indices": [
        14798,
        6346,
        9046,
        10339,
        7598
      ],
      "top_k_weights": [
        0.32777,
        0.378612,
        0.489592,
        0.498642,
        0.649959
      ],
      "probe_f1": 1.0
    },
    "D": {
      "top_k_indices": [
        3557,
        14597,
        14422,
        7060,
        6233
      ],
      "top_k_weights": [
        0.401634,
        0.422307,
        0.488671,
        0.520501,
        0.595009
      ],
      "probe_f1": 1.0
    },
    "E": {
      "top_k_indices": [
        12518,
        3680,
        9799,
        13401,
        8716
      ],
      "top_k_weights": [
        0.374162,
        0.379454,
        0.382652,
        0.386552,
        0.598675
      ],
      "probe_f1": 1.0
    },
    "F": {
      "top_k_indices": [
        2308,
        12950,
        12373,
        4473,
        14974
      ],
      "top_k_weights": [
        0.43283,
        0.43663,
        0.524087,
        0.604873,
        0.607317
      ],
      "probe_f1": 1.0
    },
    "G": {
      "top_k_indices": [
        6964,
        11345,
        6087,
        10916,
        12399
      ],
      "top_k_weights": [
        0.423244,
        0.506635,
        0.518402,
        0.59675,
        0.607084
      ],
      "probe_f1": 1.0
    },
    "H": {
      "top_k_indices": [
        5939,
        6687,
        5602,
        9239,
        1535
      ],
      "top_k_weights": [
        0.364492,
        0.388765,
        0.393319,
        0.489137,
        0.893264
      ],
      "probe_f1": 1.0
    },
    "I": {
      "top_k_indices": [
        16153,
        2829,
        1586,
        15610,
        14534
      ],
      "top_k_weights": [
        0.361624,
        0.378123,
        0.379597,
        0.437529,
        0.545422
      ],
      "probe_f1": 1.0
    },
    "J": {
      "top_k_indices": [
        12119,
        13266,
        13843,
        12148,
        6147
      ],
      "top_k_weights": [
        0.288599,
        0.296412,
        0.331949,
        0.343446,
        0.735335
      ],
      "probe_f1": 1.0
    },
    "K": {
      "top_k_indices": [
        5151,
        12339,
        11219,
        11137,
        5003
      ],
      "top_k_weights": [
        0.303908,
        0.309919,
        0.426588,
        0.535784,
        0.727561
      ],
      "probe_f1": 1.0
    },
    "L": {
      "top_k_indices": [
        10181,
        11123,
        3832,
        990,
        13208
      ],
      "top_k_weights": [
        0.462579,
        0.481488,
        0.580086,
        0.605113,
        0.65597
      ],
      "probe_f1": 1.0
    },
    "M": {
      "top_k_indices": [
        13716,
        9537,
        6474,
        659,
        9937
      ],
      "top_k_weights": [
        0.336384,
        0.340881,
        0.411368,
        0.458364,
        0.461977
      ],
      "probe_f1": 1.0
    },
    "N": {
      "top_k_indices": [
        3202,
        13052,
        1054,
        1044,
        8774
      ],
      "top_k_weights": [
        0.387375,
        0.401534,
        0.401731,
        0.571464,
        0.636613
      ],
      "probe_f1": 1.0
    },
    "O": {
      "top_k_indices": [
        5087,
        16031,
        826,
        5497,
        9446
      ],
      "top_k_weights": [
        0.32995,
        0.342162,
        0.362067,
        0.377073,
        0.657598
      ],
      "probe_f1": 1.0
    },
    "P": {
      "top_k_indices": [
        5589,
        6691,
        16220,
        9563,
        13356
      ],
      "top_k_weights": [
        0.363499,
        0.487014,
        0.493526,
        0.519441,
        0.611637
      ],
      "probe_f1": 1.0
    },
    "Q": {
      "top_k_indices": [
        624,
        889,
        10517,
        2722,
        5637
      ],
      "top_k_weights": [
        0.264492,
        0.313891,
        0.327396,
        0.347526,
        0.620064
      ],
      "probe_f1": 1.0
    },
    "R": {
      "top_k_indices": [
        13309,
        12074,
        13354,
        9041,
        14218
      ],
      "top_k_weights": [
        0.389368,
        0.486045,
        0.536527,
        0.575295,
        0.611569
      ],
      "probe_f1": 1.0
    },
    "S": {
      "top_k_indices": [
        5663,
        5539,
        7371,
        272,
        10860
      ],
      "top_k_weights": [
        0.363405,
        0.394133,
        0.444546,
        0.467181,
        0.523506
      ],
      "probe_f1": 1.0
    },
    "T": {
      "top_k_indices": [
        10860,
        3116,
        1834,
        1430,
        4901
      ],
      "top_k_weights": [
        -0.354709,
        0.356584,
        0.41185,
        0.427771,
        0.429441
      ],
      "probe_f1": 1.0
    },
    "U": {
      "top_k_indices": [
        15033,
        11832,
        12004,
        14110,
        12675
      ],
      "top_k_weights": [
        0.381157,
        0.388688,
        0.426554,
        0.496277,
        0.636024
      ],
      "probe_f1": 1.0
    },
    "V": {
      "top_k_indices": [
        3059,
        2596,
        12017,
        14293,
        2385
      ],
      "top_k_weights": [
        0.335342,
        0.33675,
        0.33911,
        0.379526,
        0.807618
      ],
      "probe_f1": 1.0
    },
    "W": {
      "top_k_indices": [
        3561,
        1577,
        4636,
        9154,
        4876
      ],
      "top_k_weights": [
        0.301805,
        0.31084,
        0.34961,
        0.360237,
        0.885863
      ],
      "probe_f1": 1.0
    },
    "Y": {
      "top_k_indices": [
        10988,
        7884,
        5942,
        976,
        7009
      ],
      "top_k_weights": [
        0.254296,
        0.260891,
        0.33261,
        0.381857,
        0.595596
      ],
      "probe_f1": 1.0
    },
    "Z": {
      "top_k_indices": [
        7939,
        7787,
        11488,
        4425,
        10350
      ],
      "top_k_weights": [
        0.114632,
        0.117063,
        0.149202,
        0.281267,
        0.596729
      ],
      "probe_f1": 1.0
    }
  },
  "fn_at_l0_22": {
    "total": 656,
    "total_absorbed": 520,
    "per_letter": {
      "A": 45,
      "B": 38,
      "C": 45,
      "D": 39,
      "E": 33,
      "F": 38,
      "G": 21,
      "H": 29,
      "I": 15,
      "J": 2,
      "K": 5,
      "L": 43,
      "M": 45,
      "N": 16,
      "O": 12,
      "P": 42,
      "R": 32,
      "S": 48,
      "T": 57,
      "U": 9,
      "V": 9,
      "W": 33
    }
  },
  "probe_f1_l0_176": {
    "mean": 1.0,
    "per_letter": {
      "A": 1.0,
      "B": 1.0,