{
  "conv1.weight": {
    "r_t_mean": 0.01103567976156683,
    "r_t_std": 0.006372546029771606,
    "r_t_min": 0.00404836563065078,
    "r_t_max": 0.19450479882014218,
    "delta_hat_mean": 2.742081074772274e-08,
    "delta_hat_std": 4.185460222641045e-05,
    "lambda_t_mean": 0.00025000000685795664,
    "lambda_t_std": 1.0463665402010121e-08,
    "n_records": 7800
  },
  "layer1.0.conv1.weight": {
    "r_t_mean": 0.011080679823469806,
    "r_t_std": 0.006234854445941924,
    "r_t_min": 0.00451459216080033,
    "r_t_max": 0.3937966792702187,
    "delta_hat_mean": -2.290908169546067e-07,
    "delta_hat_std": 1.0477520766794166e-05,
    "lambda_t_mean": 0.000249999942720614,
    "lambda_t_std": 2.61937923322952e-09,
    "n_records": 7800
  },
  "layer1.0.conv2.weight": {
    "r_t_mean": 0.011185900859031173,
    "r_t_std": 0.00550569454312952,
    "r_t_min": 0.004462379032952394,
    "r_t_max": 0.346807397380008,
    "delta_hat_mean": 1.3264481246494233e-07,
    "delta_hat_std": 9.82039421839926e-06,
    "lambda_t_mean": 0.0002500000331684343,
    "lambda_t_std": 2.455093319404212e-09,
    "n_records": 7800
  },
  "layer1.1.conv1.weight": {
    "r_t_mean": 0.011520197501977655,
    "r_t_std": 0.0048492885674903735,
    "r_t_min": 0.00511613773525706,
    "r_t_max": 0.26910886924936633,
    "delta_hat_mean": -2.4687810793533898e-08,
    "delta_hat_std": 9.251042123848626e-06,
    "lambda_t_mean": 0.00024999999382140813,
    "lambda_t_std": 2.3127404552360956e-09,
    "n_records": 7800
  },
  "layer1.1.conv2.weight": {
    "r_t_mean": 0.011344916815719629,
    "r_t_std": 0.004902859929032347,
    "r_t_min": 0.005266069766401966,
    "r_t_max": 0.2702815787687635,
    "delta_hat_mean": 1.0182962592222772e-07,
    "delta_hat_std": 7.876949131214377e-06,
    "lambda_t_mean": 0.00025000002545665984,
    "lambda_t_std": 1.9692405572105598e-09,
    "n_records": 7800
  },
  "layer1.2.conv1.weight": {
    "r_t_mean": 0.011919323444542844,
    "r_t_std": 0.004375033679745398,
    "r_t_min": 0.0050874024262529925,
    "r_t_max": 0.2131377061734558,
    "delta_hat_mean": -4.493609508022401e-08,
    "delta_hat_std": 7.0080454952338125e-06,
    "lambda_t_mean": 0.00024999998876389584,
    "lambda_t_std": 1.7520163301226803e-09,
    "n_records": 7800
  },
  "layer1.2.conv2.weight": {
    "r_t_mean": 0.011352938929128958,
    "r_t_std": 0.004317146188841497,
    "r_t_min": 0.005207687834537445,
    "r_t_max": 0.16884296769597598,
    "delta_hat_mean": -1.1516853322836057e-08,
    "delta_hat_std": 8.411900738731359e-06,
    "lambda_t_mean": 0.0002499999971241423,
    "lambda_t_std": 2.1029905552704025e-09,
    "n_records": 7800
  },
  "layer2.0.conv1.weight": {
    "r_t_mean": 0.011226533603880495,
    "r_t_std": 0.004567579091991597,
    "r_t_min": 0.004857399305258815,
    "r_t_max": 0.13626093734673078,
    "delta_hat_mean": -5.211703780772244e-08,
    "delta_hat_std": 8.052000964979634e-06,
    "lambda_t_mean": 0.00024999998696860373,
    "lambda_t_std": 2.0130023428457735e-09,
    "n_records": 7800
  },
  "layer2.0.conv2.weight": {
    "r_t_mean": 0.01141365366044032,
    "r_t_std": 0.004845012478718437,
    "r_t_min": 0.004871489737122148,
    "r_t_max": 0.1540650917600233,
    "delta_hat_mean": -4.338600167405544e-08,
    "delta_hat_std": 4.728115566506533e-06,
    "lambda_t_mean": 0.0002499999891539807,
    "lambda_t_std": 1.1820294036907338e-09,
    "n_records": 7800
  },
  "layer2.0.shortcut.0.weight": {
    "r_t_mean": 0.010262648343624222,
    "r_t_std": 0.004120534605395915,
    "r_t_min": 0.004050606235048483,
    "r_t_max": 0.05615904183186057,
    "delta_hat_mean": -5.365595836392386e-08,
    "delta_hat_std": 2.222699758822936e-05,
    "lambda_t_mean": 0.0002499999865812303,
    "lambda_t_std": 5.556731146932049e-09,
    "n_records": 7800
  },
  "layer2.1.conv1.weight": {
    "r_t_mean": 0.01165600182500886,
    "r_t_std": 0.0045939856824460884,
    "r_t_min": 0.004788705887737445,
    "r_t_max": 0.13838978482796943,
    "delta_hat_mean": 3.482544066468324e-08,
    "delta_hat_std": 3.7289613679045803e-06,
    "lambda_t_mean": 0.00025000000870488594,
    "lambda_t_std": 9.322421485977768e-10,
    "n_records": 7800
  },
  "layer2.1.conv2.weight": {
    "r_t_mean": 0.011519909487746897,
    "r_t_std": 0.00435706141542164,
    "r_t_min": 0.005061096589626083,
    "r_t_max": 0.1218695835557017,
    "delta_hat_mean": 3.137938236466362e-08,
    "delta_hat_std": 3.589591593568359e-06,
    "lambda_t_mean": 0.00025000000784272897,
    "lambda_t_std": 8.974005142384077e-10,
    "n_records": 7800
  },
  "layer2.2.conv1.weight": {
    "r_t_mean": 0.011938088283118818,
    "r_t_std": 0.0043803611091694,
    "r_t_min": 0.005049679813361989,
    "r_t_max": 0.1078809713786,
    "delta_hat_mean": -5.3428798367113824e-08,
    "delta_hat_std": 3.7379019088888624e-06,
    "lambda_t_mean": 0.0002499999866414338,
    "lambda_t_std": 9.34467475979566e-10,
    "n_records": 7800
  },
  "layer2.2.conv2.weight": {
    "r_t_mean": 0.011577716546555641,
    "r_t_std": 0.003936966699282347,
    "r_t_min": 0.0053379460746561655,
    "r_t_max": 0.09720510196364822,
    "delta_hat_mean": 3.445746815086692e-08,
    "delta_hat_std": 3.857354468732615e-06,
    "lambda_t_mean": 0.0002500000086097423,
    "lambda_t_std": 9.64334035751824e-10,
    "n_records": 7800
  },
  "layer3.0.conv1.weight": {
    "r_t_mean": 0.01133512989451195,
    "r_t_std": 0.0043040532461590605,
    "r_t_min": 0.004958319407382973,
    "r_t_max": 0.07375033151710157,
    "delta_hat_mean": 3.503750593697381e-08,
    "delta_hat_std": 3.58844189494039e-06,
    "lambda_t_mean": 0.0002500000087560791,
    "lambda_t_std": 8.971055564333581e-10,
    "n_records": 7800
  },
  "layer3.0.conv2.weight": {
    "r_t_mean": 0.011778655692472663,
    "r_t_std": 0.0046303940669024475,
    "r_t_min": 0.0049735038413808805,
    "r_t_max": 0.10069304192896376,
    "delta_hat_mean": 1.857316051745012e-08,
    "delta_hat_std": 2.019985685613842e-06,
    "lambda_t_mean": 0.0002500000046460415,
    "lambda_t_std": 5.049953824928571e-10,
    "n_records": 7800
  },
  "layer3.0.shortcut.0.weight": {
    "r_t_mean": 0.00987804592449864,
    "r_t_std": 0.0036816804950280542,
    "r_t_min": 0.004014012051075145,
    "r_t_max": 0.04668633881867585,
    "delta_hat_mean": 9.156505925974029e-08,
    "delta_hat_std": 8.638400904803523e-06,
    "lambda_t_mean": 0.00025000002288855255,
    "lambda_t_std": 2.1595986301434734e-09,
    "n_records": 7800
  },
  "layer3.1.conv1.weight": {
    "r_t_mean": 0.011786779264061529,
    "r_t_std": 0.0047732559665727885,
    "r_t_min": 0.004978234551746897,
    "r_t_max": 0.09003576323968016,
    "delta_hat_mean": 2.301550081198677e-09,
    "delta_hat_std": 1.8680545977254838e-06,
    "lambda_t_mean": 0.0002500000005779866,
    "lambda_t_std": 4.670085178727915e-10,
    "n_records": 7800
  },
  "layer3.1.conv2.weight": {
    "r_t_mean": 0.011899965937366294,
    "r_t_std": 0.0044397768238159,
    "r_t_min": 0.005029132720316312,
    "r_t_max": 0.09170580403468066,
    "delta_hat_mean": 1.9420764972739406e-08,
    "delta_hat_std": 1.5572010003250096e-06,
    "lambda_t_mean": 0.00025000000485907306,
    "lambda_t_std": 3.8929914074790283e-10,
    "n_records": 7800
  },
  "layer3.2.conv1.weight": {
    "r_t_mean": 0.012239489960978433,
    "r_t_std": 0.004035633424167238,
    "r_t_min": 0.005293013072009096,
    "r_t_max": 0.08735545584096845,
    "delta_hat_mean": -3.30908020540121e-09,
    "delta_hat_std": 1.7756596239412969e-06,
    "lambda_t_mean": 0.0002499999991709065,
    "lambda_t_std": 4.4391436592245737e-10,
    "n_records": 7800
  },
  "layer3.2.conv2.weight": {
    "r_t_mean": 0.011864984059775492,
    "r_t_std": 0.003821713934045829,
    "r_t_min": 0.005264803557202776,
    "r_t_max": 0.08868517796363988,
    "delta_hat_mean": -3.233967549779534e-09,
    "delta_hat_std": 1.4903034798361854e-06,
    "lambda_t_mean": 0.000249999999193783,
    "lambda_t_std": 3.725742722533074e-10,