{
  "conv1.weight": {
    "r_t_mean": 0.01120953425810379,
    "r_t_std": 0.007794117376126776,
    "r_t_min": 0.004034870355788291,
    "r_t_max": 0.4812516818176068,
    "delta_hat_mean": 5.783364652505003e-07,
    "delta_hat_std": 4.882228628281839e-05,
    "lambda_t_mean": 0.0002519553149538261,
    "lambda_t_std": 0.00018002546357852618,
    "n_records": 7800
  },
  "layer1.0.conv1.weight": {
    "r_t_mean": 0.011287649704857934,
    "r_t_std": 0.006952863234342738,
    "r_t_min": 0.005654992908427582,
    "r_t_max": 0.519000644138755,
    "delta_hat_mean": -1.1591517456222e-07,
    "delta_hat_std": 1.1914967314106996e-05,
    "lambda_t_mean": 0.0002482685561214964,
    "lambda_t_std": 0.00017995045241214614,
    "n_records": 7800
  },
  "layer1.0.conv2.weight": {
    "r_t_mean": 0.01141818490152427,
    "r_t_std": 0.00613512547060283,
    "r_t_min": 0.005972699654971895,
    "r_t_max": 0.4284797213373233,
    "delta_hat_mean": 7.231588165236593e-08,
    "delta_hat_std": 1.0753351633780499e-05,
    "lambda_t_mean": 0.00025288703661220267,
    "lambda_t_std": 0.00017979849163140022,
    "n_records": 7800
  },
  "layer1.1.conv1.weight": {
    "r_t_mean": 0.011594539160162478,
    "r_t_std": 0.004790786016851089,
    "r_t_min": 0.005956101503480329,
    "r_t_max": 0.2931711817288926,
    "delta_hat_mean": -4.474568584554833e-08,
    "delta_hat_std": 1.0044798077111129e-05,
    "lambda_t_mean": 0.00024894236290156014,
    "lambda_t_std": 0.00018113632872684762,
    "n_records": 7800
  },
  "layer1.1.conv2.weight": {
    "r_t_mean": 0.011366896656855663,
    "r_t_std": 0.00471366726041411,
    "r_t_min": 0.0058514301265769845,
    "r_t_max": 0.2752854183750393,
    "delta_hat_mean": -1.616704958352957e-08,
    "delta_hat_std": 9.669261090820696e-06,
    "lambda_t_mean": 0.0002489089307947068,
    "lambda_t_std": 0.0001803506167766083,
    "n_records": 7800
  },
  "layer1.2.conv1.weight": {
    "r_t_mean": 0.012077933933134185,
    "r_t_std": 0.004335407242521055,
    "r_t_min": 0.006061734042731278,
    "r_t_max": 0.25866648355189337,
    "delta_hat_mean": 1.8049542993615922e-08,
    "delta_hat_std": 8.933286535593186e-06,
    "lambda_t_mean": 0.0002506431297027265,
    "lambda_t_std": 0.00017956195049563363,
    "n_records": 7800
  },
  "layer1.2.conv2.weight": {
    "r_t_mean": 0.011707855955230152,
    "r_t_std": 0.00401535827815319,
    "r_t_min": 0.006177248338898715,
    "r_t_max": 0.2098956157663207,
    "delta_hat_mean": -2.447143891112139e-08,
    "delta_hat_std": 9.240076194919648e-06,
    "lambda_t_mean": 0.0002476516707210245,
    "lambda_t_std": 0.00017934281737433437,
    "n_records": 7800
  },
  "layer2.0.conv1.weight": {
    "r_t_mean": 0.011503039319417452,
    "r_t_std": 0.004362110982957294,
    "r_t_min": 0.005961839129171644,
    "r_t_max": 0.14930834507240323,
    "delta_hat_mean": 4.570901001712023e-08,
    "delta_hat_std": 8.492021722731343e-06,
    "lambda_t_mean": 0.00025159887097477875,
    "lambda_t_std": 0.0001791369281842301,
    "n_records": 7800
  },
  "layer2.0.conv2.weight": {
    "r_t_mean": 0.011467310700046168,
    "r_t_std": 0.004861171413619631,
    "r_t_min": 0.006148156152906122,
    "r_t_max": 0.17785977990466287,
    "delta_hat_mean": 2.440149470288809e-08,
    "delta_hat_std": 5.02212756604265e-06,
    "lambda_t_mean": 0.00025076796382233926,
    "lambda_t_std": 0.00017975011198719375,
    "n_records": 7800
  },
  "layer2.0.shortcut.0.weight": {
    "r_t_mean": 0.010460826732071682,
    "r_t_std": 0.003908773679525788,
    "r_t_min": 0.0050682768241123236,
    "r_t_max": 0.051976379467214576,
    "delta_hat_mean": -3.758712972087781e-07,
    "delta_hat_std": 2.047533500932239e-05,
    "lambda_t_mean": 0.00025186598339166274,
    "lambda_t_std": 0.00017939623585332153,
    "n_records": 7800
  },
  "layer2.1.conv1.weight": {
    "r_t_mean": 0.011748475438062143,
    "r_t_std": 0.004688460171800274,
    "r_t_min": 0.006248006642391285,
    "r_t_max": 0.16391871761298854,
    "delta_hat_mean": -8.498092470262874e-09,
    "delta_hat_std": 3.7543913876898463e-06,
    "lambda_t_mean": 0.0002520632794738651,
    "lambda_t_std": 0.000179071279735916,
    "n_records": 7800
  },
  "layer2.1.conv2.weight": {
    "r_t_mean": 0.011701257626440382,
    "r_t_std": 0.004307598753339653,
    "r_t_min": 0.006483979039451829,
    "r_t_max": 0.14279051146059304,
    "delta_hat_mean": 2.424061118954785e-08,
    "delta_hat_std": 3.80999205994923e-06,
    "lambda_t_mean": 0.0002509125752325163,
    "lambda_t_std": 0.00018043555240143468,
    "n_records": 7800
  },
  "layer2.2.conv1.weight": {
    "r_t_mean": 0.01209666841768497,
    "r_t_std": 0.004249344084935734,
    "r_t_min": 0.006457470293201662,
    "r_t_max": 0.12010625088666849,
    "delta_hat_mean": -6.735510919033098e-08,
    "delta_hat_std": 3.852198532271121e-06,
    "lambda_t_mean": 0.0002506408059482767,
    "lambda_t_std": 0.00017963901118559536,
    "n_records": 7800
  },
  "layer2.2.conv2.weight": {
    "r_t_mean": 0.011723112392990837,
    "r_t_std": 0.004000505595919042,
    "r_t_min": 0.006566852213194357,
    "r_t_max": 0.10962941910664155,
    "delta_hat_mean": -2.2929289750029407e-08,
    "delta_hat_std": 3.890241167008992e-06,
    "lambda_t_mean": 0.0002501277730516115,
    "lambda_t_std": 0.0001793750696205176,
    "n_records": 7800
  },
  "layer3.0.conv1.weight": {
    "r_t_mean": 0.011431935646656934,
    "r_t_std": 0.0042055075692619135,
    "r_t_min": 0.006299110620807542,
    "r_t_max": 0.08246637120474248,
    "delta_hat_mean": -2.2977081951465082e-08,
    "delta_hat_std": 3.3413089090706333e-06,
    "lambda_t_mean": 0.0002506286806203211,
    "lambda_t_std": 0.00017920422743784975,
    "n_records": 7800
  },
  "layer3.0.conv2.weight": {
    "r_t_mean": 0.011885453009230542,
    "r_t_std": 0.0045533993878288945,
    "r_t_min": 0.006451799526747575,
    "r_t_max": 0.11170441435207618,
    "delta_hat_mean": 2.1456282143518487e-08,
    "delta_hat_std": 2.089949476446434e-06,
    "lambda_t_mean": 0.0002463285220826776,
    "lambda_t_std": 0.00017887754985594634,
    "n_records": 7800
  },
  "layer3.0.shortcut.0.weight": {
    "r_t_mean": 0.009862360782995006,
    "r_t_std": 0.003796532193990885,
    "r_t_min": 0.005147099134920965,
    "r_t_max": 0.05368087093134756,
    "delta_hat_mean": -1.0109300350653491e-08,
    "delta_hat_std": 8.545173714570913e-06,
    "lambda_t_mean": 0.0002478905755737699,
    "lambda_t_std": 0.00018066364581842276,
    "n_records": 7800
  },
  "layer3.1.conv1.weight": {
    "r_t_mean": 0.012067182316737247,
    "r_t_std": 0.004786466406970904,
    "r_t_min": 0.006492464514802373,
    "r_t_max": 0.1040097580491498,
    "delta_hat_mean": -2.1168570050897695e-08,
    "delta_hat_std": 2.0264406367428528e-06,
    "lambda_t_mean": 0.00024733531024024566,
    "lambda_t_std": 0.00017887624973149502,
    "n_records": 7800
  },
  "layer3.1.conv2.weight": {
    "r_t_mean": 0.012082893237516913,
    "r_t_std": 0.004514512987493552,
    "r_t_min": 0.006532391574551264,
    "r_t_max": 0.11104532455771893,
    "delta_hat_mean": 1.0619815424322967e-08,
    "delta_hat_std": 1.54070097916419e-06,
    "lambda_t_mean": 0.0002519628596915413,
    "lambda_t_std": 0.0001786630556391256,
    "n_records": 7800
  },
  "layer3.2.conv1.weight": {
    "r_t_mean": 0.012054151336143678,
    "r_t_std": 0.004558558903398551,
    "r_t_min": 0.006417824212467132,
    "r_t_max": 0.10508522475316463,
    "delta_hat_mean": 2.0558617320568886e-08,
    "delta_hat_std": 1.8850151977618573e-06,
    "lambda_t_mean": 0.00025329207756363386,
    "lambda_t_std": 0.0001789518064592628,
    "n_records": 7800
  },
  "layer3.2.conv2.weight": {
    "r_t_mean": 0.011770070036486113,
    "r_t_std": 0.004254891376129607,
    "r_t_min": 0.006171024383598138,
    "r_t_max": 0.10419315975381406,
    "delta_hat_mean": -5.441051822462179e-09,
    "delta_hat_std": 1.5972741203172965e-06,
    "lambda_t_mean": 0.0002524182040830057,
    "lambda_t_std": 0.00017986911300287253,