{
  "conv1.weight": {
    "r_t_mean": 0.02575259136459296,
    "r_t_std": 0.02296212786898514,
    "r_t_min": 0.01146477570243702,
    "r_t_max": 0.4812518790186443,
    "delta_hat_mean": -9.467641319097014e-08,
    "delta_hat_std": 4.3508062786382095e-05,
    "lambda_t_mean": 3.950458979552554e-05,
    "lambda_t_std": 0.0,
    "n_records": 780
  },
  "layer1.0.conv1.weight": {
    "r_t_mean": 0.02587920827439532,
    "r_t_std": 0.0219212192598747,
    "r_t_min": 0.013626045744616174,
    "r_t_max": 0.5190015128642137,
    "delta_hat_mean": -3.149557475117362e-07,
    "delta_hat_std": 1.1479516386818683e-05,
    "lambda_t_mean": 3.950458979552554e-05,
    "lambda_t_std": 0.0,
    "n_records": 780
  },
  "layer1.0.conv2.weight": {
    "r_t_mean": 0.025705380432635885,
    "r_t_std": 0.018856930889559333,
    "r_t_min": 0.013528546733677769,
    "r_t_max": 0.4284671108744201,
    "delta_hat_mean": 3.182478113495098e-07,
    "delta_hat_std": 8.477801387861296e-06,
    "lambda_t_mean": 3.950458979552554e-05,
    "lambda_t_std": 0.0,
    "n_records": 780
  },
  "layer1.1.conv1.weight": {
    "r_t_mean": 0.02554856616930043,
    "r_t_std": 0.014331330567821493,
    "r_t_min": 0.013371705941897412,
    "r_t_max": 0.2931686845056503,
    "delta_hat_mean": -1.5053831508414743e-07,
    "delta_hat_std": 7.349236759766555e-06,
    "lambda_t_mean": 3.950458979552554e-05,
    "lambda_t_std": 0.0,
    "n_records": 780
  },
  "layer1.1.conv2.weight": {
    "r_t_mean": 0.02469164281032579,
    "r_t_std": 0.014180820666257407,
    "r_t_min": 0.013116425718431092,
    "r_t_max": 0.2752786929921108,
    "delta_hat_mean": 8.851364369147992e-08,
    "delta_hat_std": 7.510753644235949e-06,
    "lambda_t_mean": 3.950458979552554e-05,
    "lambda_t_std": 0.0,
    "n_records": 780
  },
  "layer1.2.conv1.weight": {
    "r_t_mean": 0.026896637017944022,
    "r_t_std": 0.012831034533385985,
    "r_t_min": 0.014725028148464532,
    "r_t_max": 0.2586539819746723,
    "delta_hat_mean": -5.820164429429872e-07,
    "delta_hat_std": 6.7559196313774046e-06,
    "lambda_t_mean": 3.950458979552554e-05,
    "lambda_t_std": 0.0,
    "n_records": 780
  },
  "layer1.2.conv2.weight": {
    "r_t_mean": 0.02469440584845463,
    "r_t_std": 0.012429412473660823,
    "r_t_min": 0.013233628674546928,
    "r_t_max": 0.20989596422800907,
    "delta_hat_mean": -4.4957468445452685e-07,
    "delta_hat_std": 8.06616700174062e-06,
    "lambda_t_mean": 3.950458979552554e-05,
    "lambda_t_std": 0.0,
    "n_records": 780
  },
  "layer2.0.conv1.weight": {
    "r_t_mean": 0.025522122503930975,
    "r_t_std": 0.0119313463530309,
    "r_t_min": 0.013846343854618358,
    "r_t_max": 0.1493024625821294,
    "delta_hat_mean": -3.475591106585978e-07,
    "delta_hat_std": 7.629056003470689e-06,
    "lambda_t_mean": 3.950458979552554e-05,
    "lambda_t_std": 0.0,
    "n_records": 780
  },
  "layer2.0.conv2.weight": {
    "r_t_mean": 0.026111052879330375,
    "r_t_std": 0.013433473592388839,
    "r_t_min": 0.013672182679264337,
    "r_t_max": 0.17785357013954678,
    "delta_hat_mean": 1.4071129002094023e-07,
    "delta_hat_std": 4.931818360582753e-06,
    "lambda_t_mean": 3.950458979552554e-05,
    "lambda_t_std": 0.0,
    "n_records": 780
  },
  "layer2.0.shortcut.0.weight": {
    "r_t_mean": 0.021753596652080508,
    "r_t_std": 0.008597554571709276,
    "r_t_min": 0.011876263383515372,
    "r_t_max": 0.06266531732953105,
    "delta_hat_mean": 9.599112126342135e-07,
    "delta_hat_std": 1.7647782383291175e-05,
    "lambda_t_mean": 3.950458979552554e-05,
    "lambda_t_std": 0.0,
    "n_records": 780
  },
  "layer2.1.conv1.weight": {
    "r_t_mean": 0.027149167850748057,
    "r_t_std": 0.01256409860728202,
    "r_t_min": 0.015303462581681212,
    "r_t_max": 0.16391457289328132,
    "delta_hat_mean": 6.328208151086e-08,
    "delta_hat_std": 3.3037572376442556e-06,
    "lambda_t_mean": 3.950458979552554e-05,
    "lambda_t_std": 0.0,
    "n_records": 780
  },
  "layer2.1.conv2.weight": {
    "r_t_mean": 0.026374868035344282,
    "r_t_std": 0.011884444180740894,
    "r_t_min": 0.015357677645955187,
    "r_t_max": 0.14279075078094872,
    "delta_hat_mean": 4.0988345917369885e-08,
    "delta_hat_std": 3.4029078229606445e-06,
    "lambda_t_mean": 3.950458979552554e-05,
    "lambda_t_std": 0.0,
    "n_records": 780
  },
  "layer2.2.conv1.weight": {
    "r_t_mean": 0.02839333081631702,
    "r_t_std": 0.010583441827513636,
    "r_t_min": 0.015199296256839408,
    "r_t_max": 0.12010213990790751,
    "delta_hat_mean": -2.9755118636815727e-09,
    "delta_hat_std": 3.459147507424745e-06,
    "lambda_t_mean": 3.950458979552554e-05,
    "lambda_t_std": 0.0,
    "n_records": 780
  },
  "layer2.2.conv2.weight": {
    "r_t_mean": 0.026937138942523812,
    "r_t_std": 0.009704942102302772,
    "r_t_min": 0.016007223240611223,
    "r_t_max": 0.10962571012706636,
    "delta_hat_mean": 5.4341731388245325e-09,
    "delta_hat_std": 3.9163284261406774e-06,
    "lambda_t_mean": 3.950458979552554e-05,
    "lambda_t_std": 0.0,
    "n_records": 780
  },
  "layer3.0.conv1.weight": {
    "r_t_mean": 0.026507219236021087,
    "r_t_std": 0.010542299742753728,
    "r_t_min": 0.015361867922352695,
    "r_t_max": 0.08246238467000293,
    "delta_hat_mean": -3.800671638065349e-08,
    "delta_hat_std": 3.2526176785371324e-06,
    "lambda_t_mean": 3.950458979552554e-05,
    "lambda_t_std": 0.0,
    "n_records": 780
  },
  "layer3.0.conv2.weight": {
    "r_t_mean": 0.028775772729730552,
    "r_t_std": 0.01143930426062919,
    "r_t_min": 0.017566360638942118,
    "r_t_max": 0.11170458729654,
    "delta_hat_mean": -6.311806892913894e-08,
    "delta_hat_std": 1.9877769295706507e-06,
    "lambda_t_mean": 3.950458979552554e-05,
    "lambda_t_std": 0.0,
    "n_records": 780
  },
  "layer3.0.shortcut.0.weight": {
    "r_t_mean": 0.02028518877652178,
    "r_t_std": 0.007874237399666818,
    "r_t_min": 0.011009355148071009,
    "r_t_max": 0.05550895742963865,
    "delta_hat_mean": -7.45507124474324e-07,
    "delta_hat_std": 7.698177630760815e-06,
    "lambda_t_mean": 3.950458979552554e-05,
    "lambda_t_std": 0.0,
    "n_records": 780
  },
  "layer3.1.conv1.weight": {
    "r_t_mean": 0.028684541247381956,
    "r_t_std": 0.011886859239218056,
    "r_t_min": 0.016612437118433916,
    "r_t_max": 0.10400677160160805,
    "delta_hat_mean": -4.650442663349625e-08,
    "delta_hat_std": 1.9823758580767032e-06,
    "lambda_t_mean": 3.950458979552554e-05,
    "lambda_t_std": 0.0,
    "n_records": 780
  },
  "layer3.1.conv2.weight": {
    "r_t_mean": 0.028797376865600514,
    "r_t_std": 0.010369496900924695,
    "r_t_min": 0.017658747798441916,
    "r_t_max": 0.11104551991409967,
    "delta_hat_mean": -2.106158118962662e-08,
    "delta_hat_std": 1.6384278362788558e-06,
    "lambda_t_mean": 3.950458979552554e-05,
    "lambda_t_std": 0.0,
    "n_records": 780
  },
  "layer3.2.conv1.weight": {
    "r_t_mean": 0.029512392122932364,
    "r_t_std": 0.009485339921554911,
    "r_t_min": 0.01835586379568146,
    "r_t_max": 0.1050801458107495,
    "delta_hat_mean": 8.753320857206422e-08,
    "delta_hat_std": 1.827649561310051e-06,
    "lambda_t_mean": 3.950458979552554e-05,
    "lambda_t_std": 0.0,
    "n_records": 780
  },
  "layer3.2.conv2.weight": {
    "r_t_mean": 0.02696851125278878,
    "r_t_std": 0.009370590099563784,
    "r_t_min": 0.015364858619557768,
    "r_t_max": 0.10419047502293945,
    "delta_hat_mean": -1.883276560363174e-07,
    "delta_hat_std": 1.678431952113369e-06,
    "lambda_t_mean": 3.950458979552554e-05,
    "lambda_t_std": 0.0,
    "n_records": 780
  },
  "fc.weight": {
    "r_t_mean": 0.02033710389665659,
    "r_t_std": 0.01671109058817196,
    "r_t_min": 0.008645344611869518,
    "r_t_max": 0.16454125773602965,
    "delta_hat_mean": -0.003266625107738573,
    "delta_hat_std": 0.006464895632741409,
    "lambda_t_mean": 3.950458979552554e-05,
    "lambda_t_std": 0.0,
    "n_records": 780
  }
}