{
  "conv1.weight": {
    "r_t_mean": 0.05834086685316506,
    "r_t_std": 0.023460917163092936,
    "r_t_min": 0.0261135445723952,
    "r_t_max": 0.48138339879707875,
    "delta_hat_mean": -4.159614594593327e-06,
    "delta_hat_std": 5.591201250801028e-05,
    "lambda_t_mean": 0.004252683710223751,
    "lambda_t_std": 0.0008448059017599331,
    "n_records": 780
  },
  "layer1.0.conv1.weight": {
    "r_t_mean": 0.05791493227341259,
    "r_t_std": 0.024127279906115354,
    "r_t_min": 0.028513556072155707,
    "r_t_max": 0.519143316971119,
    "delta_hat_mean": -2.0556188643466156e-07,
    "delta_hat_std": 1.607228194407875e-05,
    "lambda_t_mean": 0.004252029867034174,
    "lambda_t_std": 0.0005969682827112738,
    "n_records": 780
  },
  "layer1.0.conv2.weight": {
    "r_t_mean": 0.05723237419166114,
    "r_t_std": 0.02118075130268129,
    "r_t_min": 0.02483711372463152,
    "r_t_max": 0.42858420508146616,
    "delta_hat_mean": 3.0692762190726743e-07,
    "delta_hat_std": 1.2268151208639793e-05,
    "lambda_t_mean": 0.0042515212108567785,
    "lambda_t_std": 0.0005054164831365644,
    "n_records": 780
  },
  "layer1.1.conv1.weight": {
    "r_t_mean": 0.05813947555416167,
    "r_t_std": 0.020506328512312464,
    "r_t_min": 0.025570417094097502,
    "r_t_max": 0.29324879737544596,
    "delta_hat_mean": 4.88616755944804e-09,
    "delta_hat_std": 1.0827190990447344e-05,
    "lambda_t_mean": 0.0042642822714887155,
    "lambda_t_std": 0.0005282957870541544,
    "n_records": 780
  },
  "layer1.1.conv2.weight": {
    "r_t_mean": 0.05761249356266946,
    "r_t_std": 0.019278543286461905,
    "r_t_min": 0.02501070140839106,
    "r_t_max": 0.2753539111315749,
    "delta_hat_mean": -3.6380961290842895e-08,
    "delta_hat_std": 9.877666987178711e-06,
    "lambda_t_mean": 0.004253396738931088,
    "lambda_t_std": 0.0004688860069510386,
    "n_records": 780
  },
  "layer1.2.conv1.weight": {
    "r_t_mean": 0.05939086530275194,
    "r_t_std": 0.020528539730692488,
    "r_t_min": 0.02350132554156955,
    "r_t_max": 0.25872468910302654,
    "delta_hat_mean": -2.364013888690481e-07,
    "delta_hat_std": 8.592996260447552e-06,
    "lambda_t_mean": 0.004261216361871823,
    "lambda_t_std": 0.0004989338463215728,
    "n_records": 780
  },
  "layer1.2.conv2.weight": {
    "r_t_mean": 0.05760631717733874,
    "r_t_std": 0.018612941520437902,
    "r_t_min": 0.02565888454145411,
    "r_t_max": 0.2099533237204785,
    "delta_hat_mean": 8.999863821028516e-08,
    "delta_hat_std": 7.821529981609775e-06,
    "lambda_t_mean": 0.004250523614830406,
    "lambda_t_std": 0.0004563820181004961,
    "n_records": 780
  },
  "layer2.0.conv1.weight": {
    "r_t_mean": 0.057054679425203515,
    "r_t_std": 0.016632795178750985,
    "r_t_min": 0.02765465310678469,
    "r_t_max": 0.14934326169642395,
    "delta_hat_mean": 2.335282605582843e-07,
    "delta_hat_std": 7.48833477877965e-06,
    "lambda_t_mean": 0.004250162082557903,
    "lambda_t_std": 0.00044435994936637373,
    "n_records": 780
  },
  "layer2.0.conv2.weight": {
    "r_t_mean": 0.05716873268378605,
    "r_t_std": 0.016701074590799555,
    "r_t_min": 0.03180577565991507,
    "r_t_max": 0.17790216399675907,
    "delta_hat_mean": -2.0910976439645005e-07,
    "delta_hat_std": 5.092205325218797e-06,
    "lambda_t_mean": 0.0042536040475025455,
    "lambda_t_std": 0.00038664986300520216,
    "n_records": 780
  },
  "layer2.0.shortcut.0.weight": {
    "r_t_mean": 0.055572159192581114,
    "r_t_std": 0.015439062298476774,
    "r_t_min": 0.020567479364530534,
    "r_t_max": 0.09729445064735533,
    "delta_hat_mean": 3.3271340032460835e-07,
    "delta_hat_std": 2.2045136195830872e-05,
    "lambda_t_mean": 0.004245334826148068,
    "lambda_t_std": 0.0004474186493539931,
    "n_records": 780
  },
  "layer2.1.conv1.weight": {
    "r_t_mean": 0.05895029968760088,
    "r_t_std": 0.01866591901571877,
    "r_t_min": 0.021949848470561487,
    "r_t_max": 0.16395937332863983,
    "delta_hat_mean": -1.1168867879213086e-07,
    "delta_hat_std": 3.930252771849664e-06,
    "lambda_t_mean": 0.004261167885403508,
    "lambda_t_std": 0.00044751329162112885,
    "n_records": 780
  },
  "layer2.1.conv2.weight": {
    "r_t_mean": 0.058439485109364295,
    "r_t_std": 0.018464930568435973,
    "r_t_min": 0.026280598896379147,
    "r_t_max": 0.14282977072423853,
    "delta_hat_mean": 1.0287670202903708e-08,
    "delta_hat_std": 3.80789260487223e-06,
    "lambda_t_mean": 0.004253649921205469,
    "lambda_t_std": 0.00040759849717814366,
    "n_records": 780
  },
  "layer2.2.conv1.weight": {
    "r_t_mean": 0.05987443411237992,
    "r_t_std": 0.019221455093412002,
    "r_t_min": 0.022293916326057806,
    "r_t_max": 0.1201349568586605,
    "delta_hat_mean": 6.012170532062515e-08,
    "delta_hat_std": 3.992470578633435e-06,
    "lambda_t_mean": 0.004264220659376298,
    "lambda_t_std": 0.0004300105634128872,
    "n_records": 780
  },
  "layer2.2.conv2.weight": {
    "r_t_mean": 0.0588406872900332,
    "r_t_std": 0.018446909726199466,
    "r_t_min": 0.025495641169057233,
    "r_t_max": 0.1096556689074835,
    "delta_hat_mean": 1.7370198370723865e-07,
    "delta_hat_std": 3.861474177670721e-06,
    "lambda_t_mean": 0.0042603674923326704,
    "lambda_t_std": 0.0003999750467372828,
    "n_records": 780
  },
  "layer3.0.conv1.weight": {
    "r_t_mean": 0.057487907759166734,
    "r_t_std": 0.016349566769364703,
    "r_t_min": 0.029938827721968313,
    "r_t_max": 0.09917470236788108,
    "delta_hat_mean": -1.7073437975890525e-07,
    "delta_hat_std": 3.422634162524564e-06,
    "lambda_t_mean": 0.004258255040021892,
    "lambda_t_std": 0.0003625939122741936,
    "n_records": 780
  },
  "layer3.0.conv2.weight": {
    "r_t_mean": 0.05920159012479107,
    "r_t_std": 0.017804245058532883,
    "r_t_min": 0.03358419835086098,
    "r_t_max": 0.11173512615320635,
    "delta_hat_mean": 1.1172952983369744e-07,
    "delta_hat_std": 2.0814889583390544e-06,
    "lambda_t_mean": 0.004267635274971082,
    "lambda_t_std": 0.0003574696155336975,
    "n_records": 780
  },
  "layer3.0.shortcut.0.weight": {
    "r_t_mean": 0.05474955770578628,
    "r_t_std": 0.015023206743735753,
    "r_t_min": 0.025474179835212864,
    "r_t_max": 0.0944464504688095,
    "delta_hat_mean": -2.476806379863711e-07,
    "delta_hat_std": 7.65113464945155e-06,
    "lambda_t_mean": 0.004266721757976852,
    "lambda_t_std": 0.00037682242227068155,
    "n_records": 780
  },
  "layer3.1.conv1.weight": {
    "r_t_mean": 0.05969652842485955,
    "r_t_std": 0.018531864071382187,
    "r_t_min": 0.032748809416337975,
    "r_t_max": 0.10921254718301204,
    "delta_hat_mean": 6.160006880425073e-08,
    "delta_hat_std": 2.2135371691268624e-06,
    "lambda_t_mean": 0.004270874147583702,
    "lambda_t_std": 0.0003601321002505646,
    "n_records": 780
  },
  "layer3.1.conv2.weight": {
    "r_t_mean": 0.05974499299834921,
    "r_t_std": 0.018400140130445143,
    "r_t_min": 0.03312595193525497,
    "r_t_max": 0.11107586595481493,
    "delta_hat_mean": -3.138613921951133e-08,
    "delta_hat_std": 1.7285384527362758e-06,
    "lambda_t_mean": 0.00427679803499811,
    "lambda_t_std": 0.0003519684029326994,
    "n_records": 780
  },
  "layer3.2.conv1.weight": {
    "r_t_mean": 0.05972718789988855,
    "r_t_std": 0.01763075721679604,
    "r_t_min": 0.033894775550521256,
    "r_t_max": 0.1063674737586809,
    "delta_hat_mean": 4.8463040320402304e-08,
    "delta_hat_std": 2.0748299626481726e-06,
    "lambda_t_mean": 0.00427713961376535,
    "lambda_t_std": 0.0003403854959442675,
    "n_records": 780
  },
  "layer3.2.conv2.weight": {
    "r_t_mean": 0.05628880701139756,
    "r_t_std": 0.014034363570440897,
    "r_t_min": 0.03399501259043916,
    "r_t_max": 0.10421895095611088,
    "delta_hat_mean": -1.554105766026044e-07,
    "delta_hat_std": 2.091504677196248e-06,
    "lambda_t_mean": 0.0042749951785227645,
    "lambda_t_std": 0.0003254002947508191,
    "n_records": 780
  },
  "fc.weight": {
    "r_t_mean": 0.03959232848138327,