{
  "features.0.weight": {
    "r_t_mean": 1.268301450367565e-09,
    "r_t_std": 5.3132319976804645e-09,
    "r_t_min": 1.685642901185205e-13,
    "r_t_max": 6.425444910642698e-08,
    "delta_hat_mean": -7.15932816550636e-05,
    "delta_hat_std": 0.013940788464961223,
    "lambda_t_mean": 4.907066147989431e-05,
    "lambda_t_std": 9.639847029563483e-05,
    "n_records": 1950
  },
  "features.2.weight": {
    "r_t_mean": 6.096535141356085e-09,
    "r_t_std": 2.5231833374740614e-08,
    "r_t_min": 8.242161604579993e-13,
    "r_t_max": 3.1054994703491327e-07,
    "delta_hat_mean": -2.7322096488124094e-05,
    "delta_hat_std": 0.003941336390117744,
    "lambda_t_mean": 9.324110158805573e-05,
    "lambda_t_std": 0.00012733558063771403,
    "n_records": 1950
  },
  "features.5.weight": {
    "r_t_mean": 4.822645982530402e-09,
    "r_t_std": 2.025306505315096e-08,
    "r_t_min": 6.596088264052737e-13,
    "r_t_max": 2.6200096559769784e-07,
    "delta_hat_mean": -1.773136215708367e-05,
    "delta_hat_std": 0.0027044328574203557,
    "lambda_t_mean": 9.709055061042865e-05,
    "lambda_t_std": 0.00012882924662966519,
    "n_records": 1950
  },
  "features.7.weight": {
    "r_t_mean": 6.710924624325906e-09,
    "r_t_std": 2.795953849501273e-08,
    "r_t_min": 8.972822530892999e-13,
    "r_t_max": 3.4596208199259523e-07,
    "delta_hat_mean": -1.8889397105317e-05,
    "delta_hat_std": 0.0019798596438801116,
    "lambda_t_mean": 0.0001110783108373462,
    "lambda_t_std": 0.0001332862069094968,
    "n_records": 1950
  },
  "features.10.weight": {
    "r_t_mean": 5.321403927431877e-09,
    "r_t_std": 2.1750083738740248e-08,
    "r_t_min": 6.940833917800501e-13,
    "r_t_max": 2.766531751557057e-07,
    "delta_hat_mean": -1.6860980343281903e-05,
    "delta_hat_std": 0.0014167844698526385,
    "lambda_t_mean": 0.0001202610381000169,
    "lambda_t_std": 0.00013550130072124343,
    "n_records": 1950
  },
  "features.12.weight": {
    "r_t_mean": 9.56666693320323e-09,
    "r_t_std": 3.7867998784057025e-08,
    "r_t_min": 1.5055818575654977e-12,
    "r_t_max": 4.911598788026731e-07,
    "delta_hat_mean": -2.8183749429695708e-05,
    "delta_hat_std": 0.0011607544902344565,
    "lambda_t_mean": 0.00016790567859467084,
    "lambda_t_std": 0.00014093681828111171,
    "n_records": 1950
  },
  "features.14.weight": {
    "r_t_mean": 1.6359565080684182e-08,
    "r_t_std": 6.128358699686545e-08,
    "r_t_min": 3.280174329308907e-12,
    "r_t_max": 7.660848749065272e-07,
    "delta_hat_mean": -2.786488670666679e-05,
    "delta_hat_std": 0.001291421585079998,
    "lambda_t_mean": 0.00023239341624790567,
    "lambda_t_std": 0.00013576866117955363,
    "n_records": 1950
  },
  "features.17.weight": {
    "r_t_mean": 2.600006786256957e-08,
    "r_t_std": 9.122467575519529e-08,
    "r_t_min": 7.95470253076298e-12,
    "r_t_max": 1.131488378008428e-06,
    "delta_hat_mean": -4.317491168554109e-05,
    "delta_hat_std": 0.0008560329495445758,
    "lambda_t_mean": 0.000342275425778031,
    "lambda_t_std": 0.00012710253175688164,
    "n_records": 1950
  },
  "features.19.weight": {
    "r_t_mean": 1.0105314008123421e-07,
    "r_t_std": 3.284647561438952e-07,
    "r_t_min": 4.3480568551769024e-11,
    "r_t_max": 4.0744221686000604e-06,
    "delta_hat_mean": -3.5984934919001835e-05,
    "delta_hat_std": 0.000771346655096897,
    "lambda_t_mean": 0.0004470910417564435,
    "lambda_t_std": 0.0001437245539423911,
    "n_records": 1950
  },
  "features.21.weight": {
    "r_t_mean": 2.280154825851546e-07,
    "r_t_std": 6.98584330257626e-07,
    "r_t_min": 1.2708934856838163e-10,
    "r_t_max": 8.79192952693648e-06,
    "delta_hat_mean": -2.7514195334339464e-05,
    "delta_hat_std": 0.0007920814268845072,
    "lambda_t_mean": 0.0004723462416173877,
    "lambda_t_std": 0.00015269942332417558,
    "n_records": 1950
  },
  "features.24.weight": {
    "r_t_mean": 7.597935134566958e-07,
    "r_t_std": 2.1366163781349297e-06,
    "r_t_min": 5.708449857530478e-10,
    "r_t_max": 2.5759135666308542e-05,
    "delta_hat_mean": -3.025083209679043e-05,
    "delta_hat_std": 0.000790734386107885,
    "lambda_t_mean": 0.00048439885511549857,
    "lambda_t_std": 0.00015703761021255248,
    "n_records": 1950
  },
  "features.26.weight": {
    "r_t_mean": 2.747548484153859e-06,
    "r_t_std": 6.918322572740875e-06,
    "r_t_min": 2.6998201165719224e-09,
    "r_t_max": 8.204929571959021e-05,
    "delta_hat_mean": 3.731386500592821e-06,
    "delta_hat_std": 0.0008891483706563123,
    "lambda_t_mean": 0.00048796525584780473,
    "lambda_t_std": 0.00015534351281070433,
    "n_records": 1950
  },
  "features.28.weight": {
    "r_t_mean": 1.0217635465221595e-05,
    "r_t_std": 2.270675818850468e-05,
    "r_t_min": 1.2545694266292185e-08,
    "r_t_max": 0.0002645881416822582,
    "delta_hat_mean": 2.2279498519380397e-05,
    "delta_hat_std": 0.001511398728601615,
    "lambda_t_mean": 0.0004892624776469379,
    "lambda_t_std": 0.00015175036188141183,
    "n_records": 1950
  },
  "classifier.0.weight": {
    "r_t_mean": 2.5332034310288528e-05,
    "r_t_std": 4.118800366088813e-05,
    "r_t_min": 4.2358515490363146e-08,
    "r_t_max": 0.00035116337898209065,
    "delta_hat_mean": 3.8021147309290174e-05,
    "delta_hat_std": 0.0033746634774031448,
    "lambda_t_mean": 0.000490684811453092,
    "lambda_t_std": 0.00014345942542576585,
    "n_records": 1950
  },
  "classifier.3.weight": {
    "r_t_mean": 0.0002290162814197206,
    "r_t_std": 0.00029225550113879664,
    "r_t_min": 4.966685622730961e-07,
    "r_t_max": 0.0023428627066055157,
    "delta_hat_mean": -2.6349653125390222e-05,
    "delta_hat_std": 0.0024597679733351046,
    "lambda_t_mean": 0.0004936071303251416,
    "lambda_t_std": 0.00014183377626163704,
    "n_records": 1950
  },
  "classifier.6.weight": {
    "r_t_mean": 0.0010162023777485066,
    "r_t_std": 0.0014546879348925784,
    "r_t_min": 2.529723387154259e-06,
    "r_t_max": 0.01169277703602084,
    "delta_hat_mean": 0.0001676927109234291,
    "delta_hat_std": 0.004831123099535425,
    "lambda_t_mean": 0.0004903885954961497,
    "lambda_t_std": 0.00018800410145794152,
    "n_records": 1950
  }
}