{
  "conv1.weight": {
    "r_t_mean": 0.01573989085317648,
    "r_t_std": 0.007903892657959976,
    "r_t_min": 0.0066314273630975465,
    "r_t_max": 0.4812751498758097,
    "delta_hat_mean": -6.328371496713053e-07,
    "delta_hat_std": 5.030105471758655e-05,
    "lambda_t_mean": 0.0005759309145479947,
    "lambda_t_std": 5.8701784111772324e-05,
    "n_records": 7800
  },
  "layer1.0.conv1.weight": {
    "r_t_mean": 0.015656844819128587,
    "r_t_std": 0.007087066121082594,
    "r_t_min": 0.008156383966850603,
    "r_t_max": 0.5190265442655931,
    "delta_hat_mean": -4.060799694451147e-08,
    "delta_hat_std": 1.1570406382314638e-05,
    "lambda_t_mean": 0.0005522324929912208,
    "lambda_t_std": 4.2094036321357225e-05,
    "n_records": 7800
  },
  "layer1.0.conv2.weight": {
    "r_t_mean": 0.01545127937154043,
    "r_t_std": 0.006268253674572314,
    "r_t_min": 0.008190977371757434,
    "r_t_max": 0.42848783475481467,
    "delta_hat_mean": 2.79313459882732e-08,
    "delta_hat_std": 1.4865912697664248e-05,
    "lambda_t_mean": 0.0005465580755083587,
    "lambda_t_std": 3.749986204520725e-05,
    "n_records": 7800
  },
  "layer1.1.conv1.weight": {
    "r_t_mean": 0.015827433557719255,
    "r_t_std": 0.005066205621081425,
    "r_t_min": 0.008392235349909242,
    "r_t_max": 0.29318285605967587,
    "delta_hat_mean": -1.5544169923186448e-08,
    "delta_hat_std": 1.2241256809131474e-05,
    "lambda_t_mean": 0.0005486092126937201,
    "lambda_t_std": 3.8581404038547176e-05,
    "n_records": 7800
  },
  "layer1.1.conv2.weight": {
    "r_t_mean": 0.015729551794478602,
    "r_t_std": 0.004899231254679456,
    "r_t_min": 0.008743849697250039,
    "r_t_max": 0.2752919738113606,
    "delta_hat_mean": 1.2965846839997808e-07,
    "delta_hat_std": 8.746228649773671e-06,
    "lambda_t_mean": 0.0005455917569356911,
    "lambda_t_std": 3.6704487184292406e-05,
    "n_records": 7800
  },
  "layer1.2.conv1.weight": {
    "r_t_mean": 0.015971326389998576,
    "r_t_std": 0.004938739491176405,
    "r_t_min": 0.008565958247446662,
    "r_t_max": 0.25866648355189337,
    "delta_hat_mean": -1.7652469506184765e-07,
    "delta_hat_std": 8.835659422521474e-06,
    "lambda_t_mean": 0.0005477893749552884,
    "lambda_t_std": 3.8763683568218124e-05,
    "n_records": 7800
  },
  "layer1.2.conv2.weight": {
    "r_t_mean": 0.015687542665424103,
    "r_t_std": 0.004695310715538914,
    "r_t_min": 0.00853150389552574,
    "r_t_max": 0.2099061136822812,
    "delta_hat_mean": 1.4773957231430138e-07,
    "delta_hat_std": 9.67024907770831e-06,
    "lambda_t_mean": 0.0005453575378842588,
    "lambda_t_std": 3.623816491151047e-05,
    "n_records": 7800
  },
  "layer2.0.conv1.weight": {
    "r_t_mean": 0.015524278871465354,
    "r_t_std": 0.00442587638879954,
    "r_t_min": 0.008488511063744417,
    "r_t_max": 0.1493096810871661,
    "delta_hat_mean": -5.94568599249508e-08,
    "delta_hat_std": 9.420066103486633e-06,
    "lambda_t_mean": 0.0005444496283455631,
    "lambda_t_std": 3.600628379986165e-05,
    "n_records": 7800
  },
  "layer2.0.conv2.weight": {
    "r_t_mean": 0.015444410933985379,
    "r_t_std": 0.004838595642254487,
    "r_t_min": 0.008856850036831255,
    "r_t_max": 0.17786216738774682,
    "delta_hat_mean": 2.330493088668361e-08,
    "delta_hat_std": 5.4237115244380195e-06,
    "lambda_t_mean": 0.0005400526110603934,
    "lambda_t_std": 3.3386667169445715e-05,
    "n_records": 7800
  },
  "layer2.0.shortcut.0.weight": {
    "r_t_mean": 0.014714731796742053,
    "r_t_std": 0.0039298288069857116,
    "r_t_min": 0.0077876924869063205,
    "r_t_max": 0.05750780345447135,
    "delta_hat_mean": -1.6905957205333622e-07,
    "delta_hat_std": 2.226460223819417e-05,
    "lambda_t_mean": 0.0005449393762222676,
    "lambda_t_std": 3.605918257692203e-05,
    "n_records": 7800
  },
  "layer2.1.conv1.weight": {
    "r_t_mean": 0.015858140351810716,
    "r_t_std": 0.004851215695926785,
    "r_t_min": 0.00866628939970871,
    "r_t_max": 0.16392249116725782,
    "delta_hat_mean": -3.615216644214224e-09,
    "delta_hat_std": 3.766251238174093e-06,
    "lambda_t_mean": 0.0005422522623233463,
    "lambda_t_std": 3.4203533178771564e-05,
    "n_records": 7800
  },
  "layer2.1.conv2.weight": {
    "r_t_mean": 0.015700070100478386,
    "r_t_std": 0.004492482962735168,
    "r_t_min": 0.008714766876911391,
    "r_t_max": 0.1427976393889528,
    "delta_hat_mean": -2.1605557791103944e-08,
    "delta_hat_std": 3.6857521977937068e-06,
    "lambda_t_mean": 0.0005398776750120535,
    "lambda_t_std": 3.2512875601125564e-05,
    "n_records": 7800
  },
  "layer2.2.conv1.weight": {
    "r_t_mean": 0.016162297756955074,
    "r_t_std": 0.004295633681004278,
    "r_t_min": 0.009002803766554929,
    "r_t_max": 0.12010794784081062,
    "delta_hat_mean": -1.2898689268533066e-08,
    "delta_hat_std": 3.5428380380920224e-06,
    "lambda_t_mean": 0.0005413664510116193,
    "lambda_t_std": 3.366229848058724e-05,
    "n_records": 7800
  },
  "layer2.2.conv2.weight": {
    "r_t_mean": 0.01580544923303005,
    "r_t_std": 0.003978705941016407,
    "r_t_min": 0.009064838804787216,
    "r_t_max": 0.10963100988814509,
    "delta_hat_mean": 3.811262302082764e-08,
    "delta_hat_std": 3.9230092119769145e-06,
    "lambda_t_mean": 0.0005393098554726281,
    "lambda_t_std": 3.203126642784715e-05,
    "n_records": 7800
  },
  "layer3.0.conv1.weight": {
    "r_t_mean": 0.01536248464225528,
    "r_t_std": 0.004219790163843637,
    "r_t_min": 0.008738904121140506,
    "r_t_max": 0.08246637120474248,
    "delta_hat_mean": -3.137219078537285e-08,
    "delta_hat_std": 3.474280969108055e-06,
    "lambda_t_mean": 0.0005383367135298427,
    "lambda_t_std": 3.17328683867883e-05,
    "n_records": 7800
  },
  "layer3.0.conv2.weight": {
    "r_t_mean": 0.015833975402038673,
    "r_t_std": 0.0045025580164925775,
    "r_t_min": 0.009137818227741625,
    "r_t_max": 0.1117099949635886,
    "delta_hat_mean": -3.7833581369646093e-08,
    "delta_hat_std": 2.089231173558358e-06,
    "lambda_t_mean": 0.0005375878612126278,
    "lambda_t_std": 3.1010854567108866e-05,
    "n_records": 7800
  },
  "layer3.0.shortcut.0.weight": {
    "r_t_mean": 0.01406420782689032,
    "r_t_std": 0.0034775741031067824,
    "r_t_min": 0.007903288505320228,
    "r_t_max": 0.05239625178332845,
    "delta_hat_mean": -6.613406735391848e-08,
    "delta_hat_std": 8.515200768006948e-06,
    "lambda_t_mean": 0.0005385682996282748,
    "lambda_t_std": 3.16370533826314e-05,
    "n_records": 7800
  },
  "layer3.1.conv1.weight": {
    "r_t_mean": 0.015996684850824505,
    "r_t_std": 0.004599212950068162,
    "r_t_min": 0.009270432744409168,
    "r_t_max": 0.10401180263363909,
    "delta_hat_mean": 4.2909970346045486e-08,
    "delta_hat_std": 1.9925804972493856e-06,
    "lambda_t_mean": 0.000537930811456454,
    "lambda_t_std": 3.096082409722882e-05,
    "n_records": 7800
  },
  "layer3.1.conv2.weight": {
    "r_t_mean": 0.01600536154536033,
    "r_t_std": 0.004312338651531829,
    "r_t_min": 0.009722383033290595,
    "r_t_max": 0.11105088673760102,
    "delta_hat_mean": -3.048502870951942e-08,
    "delta_hat_std": 1.5757987044675067e-06,
    "lambda_t_mean": 0.000537546487844887,
    "lambda_t_std": 3.072004702862721e-05,
    "n_records": 7800
  },
  "layer3.2.conv1.weight": {
    "r_t_mean": 0.01608055073170759,
    "r_t_std": 0.004321083755118672,
    "r_t_min": 0.009650339076331399,
    "r_t_max": 0.10508522475316463,
    "delta_hat_mean": 3.333756309495039e-08,
    "delta_hat_std": 1.934996624589469e-06,
    "lambda_t_mean": 0.0005374417138784914,
    "lambda_t_std": 3.034144666140766e-05,
    "n_records": 7800
  },
  "layer3.2.conv2.weight": {
    "r_t_mean": 0.015496782703497127,
    "r_t_std": 0.0039230231051842175,
    "r_t_min": 0.009206103184089258,
    "r_t_max": 0.10419551169174969,
    "delta_hat_mean": -1.2141391808455396e-08,
    "delta_hat_std": 1.6736831677948072e-06,
    "lambda_t_mean": 0.0005367266590176402,
    "lambda_t_std": 2.991268701292027e-05,