{
  "seed": 123,
  "gsm8k": {
    "n_samples": 1319,
    "correct": 923,
    "exact_match": 0.6997725549658832,
    "avg_tps": 33.8608043486383,
    "tps_std": 1.2268418204709777,
    "n_warmup": 2
  },
  "math500": {
    "n_samples": 500,
    "correct": 51,
    "exact_match": 0.102,
    "avg_tps": 79.28058453858584,
    "tps_std": 10.553757919594275
  },
  "humaneval": {
    "n_samples": 164,
    "passed": 4,
    "pass_at_1": 0.024390243902439025,
    "avg_tps": 95.11139550777379,
    "tps_std": 14.790533596991533
  },
  "mbpp": {
    "n_samples": 257,
    "passed": 0,
    "pass_at_1": 0.0,
    "avg_tps": 190.91211659766756,
    "tps_std": 14.722643532911414
  }
}