{
  "seed": 456,
  "gsm8k": {
    "n_samples": 1319,
    "correct": 928,
    "exact_match": 0.7035633055344959,
    "avg_tps": 33.827228689287914,
    "tps_std": 1.184713212116737,
    "n_warmup": 2
  },
  "math500": {
    "n_samples": 500,
    "correct": 56,
    "exact_match": 0.112,
    "avg_tps": 79.30354458117986,
    "tps_std": 10.533770706847118
  },
  "humaneval": {
    "n_samples": 164,
    "passed": 3,
    "pass_at_1": 0.018292682926829267,
    "avg_tps": 98.72044433057417,
    "tps_std": 16.422329159021277
  },
  "mbpp": {
    "n_samples": 257,
    "passed": 0,
    "pass_at_1": 0.0,
    "avg_tps": 191.52390623873512,
    "tps_std": 14.750134229398476
  }
}