{
  "task_id": "full_baseline",
  "model": "LLaDA-8B-Instruct",
  "model_path": "/home/qhxie/AutoResearch-SibylSystem/workspaces/dlm-acceleration/shared/checkpoints/llada-8b-instruct",
  "mode": "baseline",
  "steps": 64,
  "seeds": [
    42,
    123,
    456
  ],
  "batch_size": 8,
  "benchmarks": {
    "gsm8k": {
      "n_total": 1319
    },
    "math500": {
      "n_total": 500
    },
    "humaneval": {
      "n_total": 164
    },
    "mbpp": {
      "n_total": 257
    }
  },
  "aggregated": {
    "gsm8k": {
      "exact_match": {
        "mean": 0.7121556734900176,
        "std": 0.014912427083075015,
        "n_seeds": 3,
        "per_seed": [
          0.733131159969674,
          0.6997725549658832,
          0.7035633055344959
        ]
      },
      "avg_tps": {
        "mean": 31.01333236424441,
        "std": 4.003215389538072,
        "n_seeds": 3,
        "per_seed": [
          25.35196405480702,
          33.8608043486383,
          33.827228689287914
        ]
      }
    },
    "math500": {
      "exact_match": {
        "mean": 0.11066666666666665,
        "std": 0.006599663291074444,
        "n_seeds": 3,
        "per_seed": [
          0.118,
          0.102,
          0.112
        ]
      },
      "avg_tps": {
        "mean": 79.22132702069983,
        "std": 0.10047616380013782,
        "n_seeds": 3,
        "per_seed": [
          79.07985194233379,
          79.28058453858584,
          79.30354458117986
        ]
      }
    },
    "humaneval": {
      "pass_at_1": {
        "mean": 0.024390243902439022,
        "std": 0.0049786376885836954,
        "n_seeds": 3,
        "per_seed": [
          0.03048780487804878,
          0.024390243902439025,
          0.018292682926829267
        ]
      },
      "avg_tps": {
        "mean": 97.9994972926628,
        "std": 2.1258297398662824,
        "n_seeds": 3,
        "per_seed": [
          100.16665203964041,
          95.11139550777379,
          98.72044433057417
        ]
      }
    },
    "mbpp": {
      "pass_at_1": {
        "mean": 0.0,
        "std": 0.0,
        "n_seeds": 3,
        "per_seed": [
          0.0,
          0.0,
          0.0
        ]
      },
      "avg_tps": {
        "mean": 191.58554101298637,
        "std": 0.5766602988230136,
        "n_seeds": 3,
        "per_seed": [
          192.32060020255648,
          190.91211659766756,
          191.52390623873512
        ]
      }
    }
  },
  "per_seed": {
    "42": {
      "gsm8k": {
        "n_samples": 1319,
        "correct": 967,
        "exact_match": 0.733131159969674,
        "avg_tps": 25.35196405480702,
        "tps_std": 9.066927205772325,
        "n_warmup": 2
      },
      "math500": {
        "n_samples": 500,
        "correct": 59,
        "exact_match": 0.118,
        "avg_tps": 79.07985194233379,
        "tps_std": 10.452705374331194
      },
      "humaneval": {
        "n_samples": 164,
        "passed": 5,
        "pass_at_1": 0.03048780487804878,
        "avg_tps": 100.16665203964041,
        "tps_std": 19.35272812729078
      },
      "mbpp": {
        "n_samples": 257,
        "passed": 0,
        "pass_at_1": 0.0,
        "avg_tps": 192.32060020255648,
        "tps_std": 14.708299589363468
      }
    },
    "123": {
      "gsm8k": {
        "n_samples": 1319,
        "correct": 923,
        "exact_match": 0.6997725549658832,
        "avg_tps": 33.8608043486383,
        "tps_std": 1.2268418204709777,
        "n_warmup": 2
      },
      "math500": {
        "n_samples": 500,
        "correct": 51,
        "exact_match": 0.102,
        "avg_tps": 79.28058453858584,
        "tps_std": 10.553757919594275
      },
      "humaneval": {
        "n_samples": 164,
        "passed": 4,
        "pass_at_1": 0.024390243902439025,
        "avg_tps": 95.11139550777379,
        "tps_std": 14.790533596991533
      },
      "mbpp": {
        "n_samples": 257,
        "passed": 0,
        "pass_at_1": 0.0,
        "avg_tps": 190.91211659766756,
        "tps_std": 14.722643532911414
      }
    },
    "456": {
      "gsm8k": {
        "n_samples": 1319,
        "correct": 928,
        "exact_match": 0.7035633055344959,
        "avg_tps": 33.827228689287914,
        "tps_std": 1.184713212116737,
        "n_warmup": 2
      },
      "math500": {
        "n_samples": 500,
        "correct": 56,
        "exact_match": 0.112,
        "avg_tps": 79.30354458117986,
        "tps_std": 10.533770706847118
      },
      "humaneval": {
        "n_samples": 164,
        "passed": 3,
        "pass_at_1": 0.018292682926829267,
        "avg_tps": 98.72044433057417,
        "tps_std": 16.422329159021277
      },
      "mbpp": {
        "n_samples": 257,
        "passed": 0,
        "pass_at_1": 0.0,
        "avg_tps": 191.52390623873512,
        "tps_std": 14.750134229398476
      }
    }
  },
  "vram": {
    "after_load": {
      "gpu_name": "NVIDIA RTX PRO 6000 Blackwell Server Edition",
      "vram_total_mb": 97250,
      "vram_used_mb": 15288,
      "vram_reserved_mb": 15290
    },
    "final": {
      "gpu_name": "NVIDIA RTX PRO 6000 Blackwell Server Edition",
      "vram_total_mb": 97250,
      "vram_used_mb": 15335,
      "vram_reserved_mb": 65866
    }
  },
  "timestamp": "2026-04-11T12:24:08.243055"
}