{
  "seed": 42,
  "gsm8k": {
    "n_samples": 1319,
    "correct": 967,
    "exact_match": 0.733131159969674,
    "avg_tps": 25.35196405480702,
    "tps_std": 9.066927205772325,
    "n_warmup": 2
  },
  "math500": {
    "n_samples": 500,
    "correct": 59,
    "exact_match": 0.118,
    "avg_tps": 79.07985194233379,
    "tps_std": 10.452705374331194
  },
  "humaneval": {
    "n_samples": 164,
    "passed": 5,
    "pass_at_1": 0.03048780487804878,
    "avg_tps": 100.16665203964041,
    "tps_std": 19.35272812729078
  },
  "mbpp": {
    "n_samples": 257,
    "passed": 0,
    "pass_at_1": 0.0,
    "avg_tps": 192.32060020255648,
    "tps_std": 14.708299589363468
  }
}