{
  "jb_layer10_24k": {
    "bins": [
      "0",
      "0.25",
      "0.5",
      "0.75",
      "1.0",
      "1.25",
      "1.5",
      "2.0",
      "3.0",
      "5.0",
      "10.0"
    ],
    "counts": [
      518970,
      425486,
      1172380,
      2119029,
      794664,
      218931,
      134455,
      65203,
      30693,
      10783,
      833
    ],
    "total": 5491427,
    "pct_above_1": 22.86343786414715,
    "median": 0.8317423462867737,
    "p95": 1.442898499965668
  },
  "jb_layer3_24k": {
    "bins": [
      "0",
      "0.25",
      "0.5",
      "0.75",
      "1.0",
      "1.25",
      "1.5",
      "2.0",
      "3.0",
      "5.0",
      "10.0"
    ],
    "counts": [
      77269,
      30047,
      442256,
      6042642,
      2907573,
      438298,
      39821,
      10365,
      7249,
      4008,
      472
    ],
    "total": 10000000,
    "pct_above_1": 34.04473,
    "median": 0.9360464811325073,
    "p95": 1.2500990629196167
  },
  "jb_layer5_24k": {
    "bins": [
      "0",
      "0.25",
      "0.5",
      "0.75",
      "1.0",
      "1.25",
      "1.5",
      "2.0",
      "3.0",
      "5.0",
      "10.0"
    ],
    "counts": [
      107611,
      97739,
      185952,
      4452081,
      1914730,
      77455,
      34271,
      18995,
      7508,
      2352,
      591
    ],
    "total": 6899285,
    "pct_above_1": 29.66763947278595,
    "median": 0.9691357016563416,
    "p95": 1.1286460161209106
  },
  "jb_layer8_24k": {
    "bins": [
      "0",
      "0.25",
      "0.5",
      "0.75",
      "1.0",
      "1.25",
      "1.5",
      "2.0",
      "3.0",
      "5.0",
      "10.0"
    ],
    "counts": [
      261281,
      324344,
      984087,
      1890059,
      639154,
      159523,
      93572,
      47922,
      22433,
      6666,
      540
    ],
    "total": 4429581,
    "pct_above_1": 21.892138330916627,
    "median": 0.8306878209114075,
    "p95": 1.3880475759506226
  },
  "jb_layer8_49k": {
    "bins": [
      "0",
      "0.25",
      "0.5",
      "0.75",
      "1.0",
      "1.25",
      "1.5",
      "2.0",
      "3.0",
      "5.0",
      "10.0"
    ],
    "counts": [
      204812,
      503110,
      3558664,
      3338378,
      1479524,
      547872,
      251945,
      77458,
      31423,
      6197,
      617
    ],
    "total": 10000000,
    "pct_above_1": 23.94383,
    "median": 0.7860081195831299,
    "p95": 1.4110183894634243
  },
  "v5post_layer3_32k": {
    "bins": [
      "0",
      "0.25",
      "0.5",
      "0.75",
      "1.0",
      "1.25",
      "1.5",
      "2.0",
      "3.0",
      "5.0",
      "10.0"
    ],
    "counts": [
      121847,
      4114,
      1820,
      1114,
      749,
      477,
      588,
      638,
      565,
      364,
      283
    ],
    "total": 132559,
    "pct_above_1": 2.7414208013035704,
    "median": 0.0,
    "p95": 0.4977777302265167
  },
  "v5post_layer6_32k": {
    "bins": [
      "0",
      "0.25",
      "0.5",
      "0.75",
      "1.0",
      "1.25",
      "1.5",
      "2.0",
      "3.0",
      "5.0",
      "10.0"
    ],
    "counts": [
      179611,
      8545,
      3404,
      1843,
      1150,
      749,
      870,
      883,
      690,
      468,
      298
    ],
    "total": 198511,
    "pct_above_1": 2.560059644049952,
    "median": 0.0,
    "p95": 0.5249999165534973
  },
  "v5post_layer9_32k": {
    "bins": [
      "0",
      "0.25",
      "0.5",
      "0.75",
      "1.0",
      "1.25",
      "1.5",
      "2.0",
      "3.0",
      "5.0",
      "10.0"
    ],
    "counts": [
      349753,
      14047,
      5399,
      2824,
      1719,
      1178,
      1473,
      1511,
      1173,
      846,
      513
    ],
    "total": 380436,
    "pct_above_1": 2.206678652914025,
    "median": 0.0,
    "p95": 0.430555522441864
  }
}