{
  "conv1.weight": {
    "r_t_mean": 0.019689294003144703,
    "r_t_std": 0.008490931577851296,
    "r_t_min": 0.008108280902224723,
    "r_t_max": 0.4812751498758097,
    "delta_hat_mean": -3.9915314908422754e-07,
    "delta_hat_std": 4.886473668456719e-05,
    "lambda_t_mean": 0.0008847614926252814,
    "lambda_t_std": 0.0003001495608372283,
    "n_records": 7800
  },
  "layer1.0.conv1.weight": {
    "r_t_mean": 0.017778765662235105,
    "r_t_std": 0.007393838588446495,
    "r_t_min": 0.009010024862889661,
    "r_t_max": 0.5190265442655931,
    "delta_hat_mean": 1.7958444890708574e-08,
    "delta_hat_std": 1.3807041573181114e-05,
    "lambda_t_mean": 0.0007540550121655072,
    "lambda_t_std": 0.00020316411793153447,
    "n_records": 7800
  },
  "layer1.0.conv2.weight": {
    "r_t_mean": 0.017521464163743977,
    "r_t_std": 0.0067004431819122955,
    "r_t_min": 0.00879884877361142,
    "r_t_max": 0.42848783475481467,
    "delta_hat_mean": -6.654871154906572e-08,
    "delta_hat_std": 1.085205942881896e-05,
    "lambda_t_mean": 0.0007273200754723386,
    "lambda_t_std": 0.00017938502610872985,
    "n_records": 7800
  },
  "layer1.1.conv1.weight": {
    "r_t_mean": 0.0182889275582957,
    "r_t_std": 0.005608545629871548,
    "r_t_min": 0.009756154147020987,
    "r_t_max": 0.29318285605967587,
    "delta_hat_mean": 1.262493468985497e-07,
    "delta_hat_std": 8.993085574846329e-06,
    "lambda_t_mean": 0.0007464626069186601,
    "lambda_t_std": 0.00019471218840301646,
    "n_records": 7800
  },
  "layer1.1.conv2.weight": {
    "r_t_mean": 0.01783721831932657,
    "r_t_std": 0.0054830538055558094,
    "r_t_min": 0.009446760691122739,
    "r_t_max": 0.2752919738113606,
    "delta_hat_mean": -7.921492447117748e-08,
    "delta_hat_std": 9.662448276383942e-06,
    "lambda_t_mean": 0.0007275165951242007,
    "lambda_t_std": 0.00017964907191941076,
    "n_records": 7800
  },
  "layer1.2.conv1.weight": {
    "r_t_mean": 0.018576137619066853,
    "r_t_std": 0.005491348361825082,
    "r_t_min": 0.009358166567008913,
    "r_t_max": 0.25866648355189337,
    "delta_hat_mean": 2.2163243766573423e-08,
    "delta_hat_std": 8.969162511304464e-06,
    "lambda_t_mean": 0.0007306792409183916,
    "lambda_t_std": 0.00018239535633012856,
    "n_records": 7800
  },
  "layer1.2.conv2.weight": {
    "r_t_mean": 0.018012867777332433,
    "r_t_std": 0.005032161695534959,
    "r_t_min": 0.009606189348189676,
    "r_t_max": 0.2099061136822812,
    "delta_hat_mean": 8.94635491867108e-08,
    "delta_hat_std": 7.650971503767852e-06,
    "lambda_t_mean": 0.0007239819858557779,
    "lambda_t_std": 0.00017977319838581514,
    "n_records": 7800
  },
  "layer2.0.conv1.weight": {
    "r_t_mean": 0.017631053218782396,
    "r_t_std": 0.004786505221418208,
    "r_t_min": 0.010001989887883186,
    "r_t_max": 0.1493096810871661,
    "delta_hat_mean": -2.6508830051121014e-08,
    "delta_hat_std": 8.763561326957401e-06,
    "lambda_t_mean": 0.0007149220347956861,
    "lambda_t_std": 0.00017301320963152115,
    "n_records": 7800
  },
  "layer2.0.conv2.weight": {
    "r_t_mean": 0.01728494781988418,
    "r_t_std": 0.005055533664331216,
    "r_t_min": 0.009638858195020198,
    "r_t_max": 0.17786216738774682,
    "delta_hat_mean": -1.0750409440407757e-07,
    "delta_hat_std": 4.954928062077922e-06,
    "lambda_t_mean": 0.0006975903882561203,
    "lambda_t_std": 0.00016139910120499656,
    "n_records": 7800
  },
  "layer2.0.shortcut.0.weight": {
    "r_t_mean": 0.016909295174260024,
    "r_t_std": 0.004294986631436891,
    "r_t_min": 0.009148593777520322,
    "r_t_max": 0.05270493856106766,
    "delta_hat_mean": 1.0023077123223791e-07,
    "delta_hat_std": 2.1278244417464446e-05,
    "lambda_t_mean": 0.0007222486431711327,
    "lambda_t_std": 0.00017348905583401786,
    "n_records": 7800
  },
  "layer2.1.conv1.weight": {
    "r_t_mean": 0.01782579351016559,
    "r_t_std": 0.005218045567937227,
    "r_t_min": 0.009532853993014696,
    "r_t_max": 0.16392249116725782,
    "delta_hat_mean": 3.4224671904281576e-08,
    "delta_hat_std": 3.7423929802110695e-06,
    "lambda_t_mean": 0.0007051219977265275,
    "lambda_t_std": 0.00016480743512107255,
    "n_records": 7800
  },
  "layer2.1.conv2.weight": {
    "r_t_mean": 0.017630718900215503,
    "r_t_std": 0.004945631046883803,
    "r_t_min": 0.009683645408580663,
    "r_t_max": 0.1427976393889528,
    "delta_hat_mean": 4.4810088524110593e-08,
    "delta_hat_std": 3.7113236076840555e-06,
    "lambda_t_mean": 0.0006946481162307079,
    "lambda_t_std": 0.00015978450217394734,
    "n_records": 7800
  },
  "layer2.2.conv1.weight": {
    "r_t_mean": 0.01809658419495539,
    "r_t_std": 0.004871286183067675,
    "r_t_min": 0.009950671934905259,
    "r_t_max": 0.12010794784081062,
    "delta_hat_mean": -9.675437990967867e-10,
    "delta_hat_std": 3.637073071379203e-06,
    "lambda_t_mean": 0.0007048818067005229,
    "lambda_t_std": 0.0001635741428316403,
    "n_records": 7800
  },
  "layer2.2.conv2.weight": {
    "r_t_mean": 0.017696025455330815,
    "r_t_std": 0.004507087321243578,
    "r_t_min": 0.009835793361732207,
    "r_t_max": 0.10963100988814509,
    "delta_hat_mean": -7.206317204888054e-08,
    "delta_hat_std": 4.042071084668227e-06,
    "lambda_t_mean": 0.0006941710119456679,
    "lambda_t_std": 0.00015651138468585085,
    "n_records": 7800
  },
  "layer3.0.conv1.weight": {
    "r_t_mean": 0.01720750204232772,
    "r_t_std": 0.00436515291232549,
    "r_t_min": 0.009939990609195495,
    "r_t_max": 0.08246637120474248,
    "delta_hat_mean": 2.7921660056238138e-08,
    "delta_hat_std": 3.4628947634171985e-06,
    "lambda_t_mean": 0.0006872262642541586,
    "lambda_t_std": 0.00015233079757726443,
    "n_records": 7800
  },
  "layer3.0.conv2.weight": {
    "r_t_mean": 0.01768690959352936,
    "r_t_std": 0.00474361426369571,
    "r_t_min": 0.010215850405708755,
    "r_t_max": 0.1117099949635886,
    "delta_hat_mean": 1.754928860395918e-08,
    "delta_hat_std": 2.0915156247743073e-06,
    "lambda_t_mean": 0.0006845720451529142,
    "lambda_t_std": 0.00015005831446009916,
    "n_records": 7800
  },
  "layer3.0.shortcut.0.weight": {
    "r_t_mean": 0.015722299091436593,
    "r_t_std": 0.0037009104414277997,
    "r_t_min": 0.009314014220367482,
    "r_t_max": 0.0515581709975056,
    "delta_hat_mean": 2.2752009832926312e-08,
    "delta_hat_std": 8.411837407473608e-06,
    "lambda_t_mean": 0.0006891694460244566,
    "lambda_t_std": 0.00015186060876871241,
    "n_records": 7800
  },
  "layer3.1.conv1.weight": {
    "r_t_mean": 0.017849513597631032,
    "r_t_std": 0.004923340575496453,
    "r_t_min": 0.010225672341544298,
    "r_t_max": 0.10401180263363909,
    "delta_hat_mean": -7.995481648515188e-09,
    "delta_hat_std": 2.0852481473258115e-06,
    "lambda_t_mean": 0.0006858418252247551,
    "lambda_t_std": 0.0001510838266035927,
    "n_records": 7800
  },
  "layer3.1.conv2.weight": {
    "r_t_mean": 0.01785043316951805,
    "r_t_std": 0.004648070635655091,
    "r_t_min": 0.010154431804190529,
    "r_t_max": 0.11105088673760102,
    "delta_hat_mean": -1.2140045878104607e-08,
    "delta_hat_std": 1.5797282907140098e-06,
    "lambda_t_mean": 0.0006844479306051632,
    "lambda_t_std": 0.000148845855218116,
    "n_records": 7800
  },
  "layer3.2.conv1.weight": {
    "r_t_mean": 0.017827566092783236,
    "r_t_std": 0.004596910775705667,
    "r_t_min": 0.010061538813259479,
    "r_t_max": 0.10508522475316463,
    "delta_hat_mean": -1.4992655002751464e-08,
    "delta_hat_std": 1.9697834998705162e-06,
    "lambda_t_mean": 0.0006825612067486524,
    "lambda_t_std": 0.00014751628773701164,
    "n_records": 7800
  },
  "layer3.2.conv2.weight": {
    "r_t_mean": 0.017145349943651723,
    "r_t_std": 0.004103958631524358,
    "r_t_min": 0.010071848228777325,
    "r_t_max": 0.10419551169174969,
    "delta_hat_mean": -5.35317199870584e-09,
    "delta_hat_std": 1.6969074119894284e-06,
    "lambda_t_mean": 0.0006798041508317685,
    "lambda_t_std": 0.00014469864796046625,