{
  "conv1.weight": {
    "r_t_mean": 0.01108821290047094,
    "r_t_std": 0.006931794110020928,
    "r_t_min": 0.004303421205240182,
    "r_t_max": 0.3443309352386183,
    "delta_hat_mean": 6.155090410598377e-08,
    "delta_hat_std": 4.860905437742038e-05,
    "lambda_t_mean": 0.0002472996517746478,
    "lambda_t_std": 0.00017908245690508192,
    "n_records": 7800
  },
  "layer1.0.conv1.weight": {
    "r_t_mean": 0.01107923873473182,
    "r_t_std": 0.0056721015180648,
    "r_t_min": 0.005769775530766053,
    "r_t_max": 0.35132133666469006,
    "delta_hat_mean": 9.923915224427585e-08,
    "delta_hat_std": 1.384384884926407e-05,
    "lambda_t_mean": 0.0002452563428662206,
    "lambda_t_std": 0.00017860111799432717,
    "n_records": 7800
  },
  "layer1.0.conv2.weight": {
    "r_t_mean": 0.011139480792273988,
    "r_t_std": 0.005609980243886329,
    "r_t_min": 0.005361118083009129,
    "r_t_max": 0.32862609439950924,
    "delta_hat_mean": 7.558139125723863e-08,
    "delta_hat_std": 1.1553322249424364e-05,
    "lambda_t_mean": 0.00024855204564069774,
    "lambda_t_std": 0.00017950929494094805,
    "n_records": 7800
  },
  "layer1.1.conv1.weight": {
    "r_t_mean": 0.011468744890789593,
    "r_t_std": 0.005153500863818982,
    "r_t_min": 0.005393387196305239,
    "r_t_max": 0.28082041685085474,
    "delta_hat_mean": -5.0961041682232105e-08,
    "delta_hat_std": 9.842768222269898e-06,
    "lambda_t_mean": 0.0002512076667814039,
    "lambda_t_std": 0.0001796154108735455,
    "n_records": 7800
  },
  "layer1.1.conv2.weight": {
    "r_t_mean": 0.011315488043444103,
    "r_t_std": 0.004785693534100112,
    "r_t_min": 0.005576730619051205,
    "r_t_max": 0.21376914279313405,
    "delta_hat_mean": 1.6734365229612666e-07,
    "delta_hat_std": 9.186888219545535e-06,
    "lambda_t_mean": 0.00025021031804440457,
    "lambda_t_std": 0.00017943438360212675,
    "n_records": 7800
  },
  "layer1.2.conv1.weight": {
    "r_t_mean": 0.011752737615199729,
    "r_t_std": 0.0044826428105865955,
    "r_t_min": 0.006159979667990589,
    "r_t_max": 0.24478989319409028,
    "delta_hat_mean": -8.971041270905565e-08,
    "delta_hat_std": 9.017695889819642e-06,
    "lambda_t_mean": 0.0002511651233752163,
    "lambda_t_std": 0.00017957424531874755,
    "n_records": 7800
  },
  "layer1.2.conv2.weight": {
    "r_t_mean": 0.01140767199093867,
    "r_t_std": 0.004370058283775551,
    "r_t_min": 0.005883550656905086,
    "r_t_max": 0.22359344123154767,
    "delta_hat_mean": 1.5899126710326124e-08,
    "delta_hat_std": 8.17611839957907e-06,
    "lambda_t_mean": 0.0002516811137169361,
    "lambda_t_std": 0.00017971966093131047,
    "n_records": 7800
  },
  "layer2.0.conv1.weight": {
    "r_t_mean": 0.011276340120477821,
    "r_t_std": 0.004554375312364529,
    "r_t_min": 0.005882077967066158,
    "r_t_max": 0.16447778082682238,
    "delta_hat_mean": -2.634260615884541e-07,
    "delta_hat_std": 8.501331937585929e-06,
    "lambda_t_mean": 0.00024876295395540824,
    "lambda_t_std": 0.00017898027377368918,
    "n_records": 7800
  },
  "layer2.0.conv2.weight": {
    "r_t_mean": 0.011381937831429077,
    "r_t_std": 0.0048033219674313,
    "r_t_min": 0.005900673607683665,
    "r_t_max": 0.16764270458767683,
    "delta_hat_mean": -1.516673167387057e-08,
    "delta_hat_std": 5.317760976618415e-06,
    "lambda_t_mean": 0.00025066015898745806,
    "lambda_t_std": 0.00018043192153062546,
    "n_records": 7800
  },
  "layer2.0.shortcut.0.weight": {
    "r_t_mean": 0.010365779839684503,
    "r_t_std": 0.004014207126881429,
    "r_t_min": 0.0050802068550230076,
    "r_t_max": 0.048030294312010925,
    "delta_hat_mean": 7.137334006846762e-08,
    "delta_hat_std": 2.048163333887919e-05,
    "lambda_t_mean": 0.0002475421754480803,
    "lambda_t_std": 0.00018002737514831639,
    "n_records": 7800
  },
  "layer2.1.conv1.weight": {
    "r_t_mean": 0.011833818595835759,
    "r_t_std": 0.004650247693445059,
    "r_t_min": 0.005788924367788666,
    "r_t_max": 0.163359236360649,
    "delta_hat_mean": 6.764269932641325e-10,
    "delta_hat_std": 3.6936989853450028e-06,
    "lambda_t_mean": 0.0002490587858441725,
    "lambda_t_std": 0.00017864959781385996,
    "n_records": 7800
  },
  "layer2.1.conv2.weight": {
    "r_t_mean": 0.011608330802077918,
    "r_t_std": 0.004357893785705692,
    "r_t_min": 0.00592468036054192,
    "r_t_max": 0.13248700853802348,
    "delta_hat_mean": 5.7494205654550184e-08,
    "delta_hat_std": 3.4754134029416206e-06,
    "lambda_t_mean": 0.00024947874566739797,
    "lambda_t_std": 0.0001795136134373184,
    "n_records": 7800
  },
  "layer2.2.conv1.weight": {
    "r_t_mean": 0.011953308012026705,
    "r_t_std": 0.0042957483014833325,
    "r_t_min": 0.006091679036690887,
    "r_t_max": 0.12661106123740026,
    "delta_hat_mean": 2.6415330006761663e-08,
    "delta_hat_std": 3.6888562131205788e-06,
    "lambda_t_mean": 0.00024910788404825,
    "lambda_t_std": 0.0001796925980154303,
    "n_records": 7800
  },
  "layer2.2.conv2.weight": {
    "r_t_mean": 0.011671596249373991,
    "r_t_std": 0.004025743509095094,
    "r_t_min": 0.0059250731177279215,
    "r_t_max": 0.11284250708000812,
    "delta_hat_mean": 3.7886121484952946e-08,
    "delta_hat_std": 3.522808387238526e-06,
    "lambda_t_mean": 0.0002512741531970613,
    "lambda_t_std": 0.0001801555275918395,
    "n_records": 7800
  },
  "layer3.0.conv1.weight": {
    "r_t_mean": 0.01135640191431609,
    "r_t_std": 0.004305255159330121,
    "r_t_min": 0.005554290383388869,
    "r_t_max": 0.08782186395555053,
    "delta_hat_mean": -7.447984363524622e-09,
    "delta_hat_std": 3.247814152471862e-06,
    "lambda_t_mean": 0.00025036007476655453,
    "lambda_t_std": 0.00018014497062797223,
    "n_records": 7800
  },
  "layer3.0.conv2.weight": {
    "r_t_mean": 0.011813266091547406,
    "r_t_std": 0.004673219221682602,
    "r_t_min": 0.005768727984038681,
    "r_t_max": 0.10970778661394888,
    "delta_hat_mean": 5.404459748949544e-08,
    "delta_hat_std": 2.0995192743691626e-06,
    "lambda_t_mean": 0.0002486756641814085,
    "lambda_t_std": 0.0001792928904754104,
    "n_records": 7800
  },
  "layer3.0.shortcut.0.weight": {
    "r_t_mean": 0.00984306647720333,
    "r_t_std": 0.0036913738644866667,
    "r_t_min": 0.004590616856547307,
    "r_t_max": 0.04445323155359074,
    "delta_hat_mean": -4.900704776860793e-08,
    "delta_hat_std": 8.38793807023486e-06,
    "lambda_t_mean": 0.0002521601823392731,
    "lambda_t_std": 0.0001784670768002873,
    "n_records": 7800
  },
  "layer3.1.conv1.weight": {
    "r_t_mean": 0.011929848526081706,
    "r_t_std": 0.004706383141755161,
    "r_t_min": 0.00598230987676725,
    "r_t_max": 0.09884720747868503,
    "delta_hat_mean": 1.027961164525062e-08,
    "delta_hat_std": 1.93612460341311e-06,
    "lambda_t_mean": 0.0002519146584066126,
    "lambda_t_std": 0.00018085970595439491,
    "n_records": 7800
  },
  "layer3.1.conv2.weight": {
    "r_t_mean": 0.012014741821376186,
    "r_t_std": 0.0044051267994936645,
    "r_t_min": 0.006349115342591694,
    "r_t_max": 0.09353122558178113,
    "delta_hat_mean": -9.035604499056055e-09,
    "delta_hat_std": 1.5358098946840567e-06,
    "lambda_t_mean": 0.00025106601042005174,
    "lambda_t_std": 0.00018068382523411637,
    "n_records": 7800
  },
  "layer3.2.conv1.weight": {
    "r_t_mean": 0.012060212475121432,
    "r_t_std": 0.0044191749562223015,
    "r_t_min": 0.0062691994953432365,
    "r_t_max": 0.09154287121909309,
    "delta_hat_mean": 2.897232549120821e-08,
    "delta_hat_std": 1.8371453181008903e-06,
    "lambda_t_mean": 0.0002496649386578246,
    "lambda_t_std": 0.00018076028347117825,
    "n_records": 7800
  },
  "layer3.2.conv2.weight": {
    "r_t_mean": 0.011715466357781987,
    "r_t_std": 0.004235101414224654,
    "r_t_min": 0.005866665666329455,
    "r_t_max": 0.11080536321328147,
    "delta_hat_mean": 7.769199506306838e-09,
    "delta_hat_std": 1.6109050690428228e-06,
    "lambda_t_mean": 0.00024927735351881476,
    "lambda_t_std": 0.00017910087164831667,