{
  "conv1.weight": {
    "r_t_mean": 0.040810045574146754,
    "r_t_std": 0.02214796211120804,
    "r_t_min": 0.014158066741596415,
    "r_t_max": 0.48151173312513457,
    "delta_hat_mean": -0.00016580642414320087,
    "delta_hat_std": 0.00013347751983800105,
    "lambda_t_mean": 0.0039218131831725775,
    "lambda_t_std": 0.0001631070157718186,
    "n_records": 780
  },
  "layer1.0.conv1.weight": {
    "r_t_mean": 0.039541619282215286,
    "r_t_std": 0.02276446589703351,
    "r_t_min": 0.01756317583505295,
    "r_t_max": 0.5192883511857794,
    "delta_hat_mean": -0.00015870159196420712,
    "delta_hat_std": 0.00011560197409949873,
    "lambda_t_mean": 0.003893186886748485,
    "lambda_t_std": 0.00010133381472699804,
    "n_records": 780
  },
  "layer1.0.conv2.weight": {
    "r_t_mean": 0.03980888562096711,
    "r_t_std": 0.02048679864808637,
    "r_t_min": 0.019516441008086638,
    "r_t_max": 0.4287111183479013,
    "delta_hat_mean": -0.00016300433890971788,
    "delta_hat_std": 0.00011889138929144902,
    "lambda_t_mean": 0.0038949701521524553,
    "lambda_t_std": 9.493206156310085e-05,
    "n_records": 780
  },
  "layer1.1.conv1.weight": {
    "r_t_mean": 0.03971319665498684,
    "r_t_std": 0.018590385929103538,
    "r_t_min": 0.018836455822389495,
    "r_t_max": 0.2933327190491188,
    "delta_hat_mean": -0.0001632408132736192,
    "delta_hat_std": 0.00011688568425447197,
    "lambda_t_mean": 0.0038997428819049613,
    "lambda_t_std": 8.793932582827734e-05,
    "n_records": 780
  },
  "layer1.1.conv2.weight": {
    "r_t_mean": 0.039921510112606626,
    "r_t_std": 0.01796870345923805,
    "r_t_min": 0.020002688085514253,
    "r_t_max": 0.2754388292704702,
    "delta_hat_mean": -0.000167704442470496,
    "delta_hat_std": 0.00011820390870919514,
    "lambda_t_mean": 0.0038957424645698394,
    "lambda_t_std": 9.72191339665305e-05,
    "n_records": 780
  },
  "layer1.2.conv1.weight": {
    "r_t_mean": 0.04073131100374956,
    "r_t_std": 0.018614216859510247,
    "r_t_min": 0.015212033369304202,
    "r_t_max": 0.2588003447915644,
    "delta_hat_mean": -0.00016629204263085448,
    "delta_hat_std": 0.00011758049085486792,
    "lambda_t_mean": 0.003905444139133849,
    "lambda_t_std": 8.160922659719806e-05,
    "n_records": 780
  },
  "layer1.2.conv2.weight": {
    "r_t_mean": 0.040050977994355176,
    "r_t_std": 0.017099566477490166,
    "r_t_min": 0.015726277712745002,
    "r_t_max": 0.21001376699538601,
    "delta_hat_mean": -0.00017081485503383237,
    "delta_hat_std": 0.00012052933767119427,
    "lambda_t_mean": 0.003900393717952163,
    "lambda_t_std": 8.20348346215505e-05,
    "n_records": 780
  },
  "layer2.0.conv1.weight": {
    "r_t_mean": 0.039416325181555086,
    "r_t_std": 0.015071976313315166,
    "r_t_min": 0.019816564565040565,
    "r_t_max": 0.14938494593169296,
    "delta_hat_mean": -0.00015850977176610898,
    "delta_hat_std": 0.00011282148814202686,
    "lambda_t_mean": 0.003906331433745168,
    "lambda_t_std": 5.5886697675978784e-05,
    "n_records": 780
  },
  "layer2.0.conv2.weight": {
    "r_t_mean": 0.03948808834856119,
    "r_t_std": 0.015311688504911497,
    "r_t_min": 0.020329288992297856,
    "r_t_max": 0.17795284784561388,
    "delta_hat_mean": -0.00016546677857648664,
    "delta_hat_std": 0.00011753627721841163,
    "lambda_t_mean": 0.0039006052374852005,
    "lambda_t_std": 4.03576735220787e-05,
    "n_records": 780
  },
  "layer2.0.shortcut.0.weight": {
    "r_t_mean": 0.038800743321354705,
    "r_t_std": 0.01458745844821285,
    "r_t_min": 0.01970160168549296,
    "r_t_max": 0.08626746791419225,
    "delta_hat_mean": -0.00012846979602326695,
    "delta_hat_std": 0.00010189103958593965,
    "lambda_t_mean": 0.003924472136910958,
    "lambda_t_std": 0.00013794509299857495,
    "n_records": 780
  },
  "layer2.1.conv1.weight": {
    "r_t_mean": 0.04084022430837807,
    "r_t_std": 0.017354224520666598,
    "r_t_min": 0.01917103623600356,
    "r_t_max": 0.16400515760633758,
    "delta_hat_mean": -0.00016475970753735244,
    "delta_hat_std": 0.0001168725954077849,
    "lambda_t_mean": 0.0039050623207178975,
    "lambda_t_std": 4.196954867727038e-05,
    "n_records": 780
  },
  "layer2.1.conv2.weight": {
    "r_t_mean": 0.04066641312048381,
    "r_t_std": 0.017038969277993032,
    "r_t_min": 0.018220763441135303,
    "r_t_max": 0.14287032242639114,
    "delta_hat_mean": -0.0001704757232510828,
    "delta_hat_std": 0.00011980693388434629,
    "lambda_t_mean": 0.0038984488268673572,
    "lambda_t_std": 4.1724846920746847e-05,
    "n_records": 780
  },
  "layer2.2.conv1.weight": {
    "r_t_mean": 0.04110796244052925,
    "r_t_std": 0.017183696934389755,
    "r_t_min": 0.0099089853577524,
    "r_t_max": 0.12016794935697925,
    "delta_hat_mean": -0.00016793324156357957,
    "delta_hat_std": 0.00011897506215047069,
    "lambda_t_mean": 0.003902783350175462,
    "lambda_t_std": 4.008923540239365e-05,
    "n_records": 780
  },
  "layer2.2.conv2.weight": {
    "r_t_mean": 0.04036122350142804,
    "r_t_std": 0.016375635148450453,
    "r_t_min": 0.00991338926405585,
    "r_t_max": 0.109687028423766,
    "delta_hat_mean": -0.00017084555185949268,
    "delta_hat_std": 0.00012056259834045021,
    "lambda_t_mean": 0.0038972198458710697,
    "lambda_t_std": 4.087293633642117e-05,
    "n_records": 780
  },
  "layer3.0.conv1.weight": {
    "r_t_mean": 0.03968483145164271,
    "r_t_std": 0.014991790088197813,
    "r_t_min": 0.015354947617280321,
    "r_t_max": 0.08571868674468942,
    "delta_hat_mean": -0.0001691446676303917,
    "delta_hat_std": 0.00011978040359085633,
    "lambda_t_mean": 0.003900407817566122,
    "lambda_t_std": 2.8051854268965574e-05,
    "n_records": 780
  },
  "layer3.0.conv2.weight": {
    "r_t_mean": 0.04043221532453431,
    "r_t_std": 0.015957330051349177,
    "r_t_min": 0.01739777900661527,
    "r_t_max": 0.11176646659190624,
    "delta_hat_mean": -0.00017083721651201035,
    "delta_hat_std": 0.00012065927372667875,
    "lambda_t_mean": 0.003899305743224927,
    "lambda_t_std": 2.0255128225440653e-05,
    "n_records": 780
  },
  "layer3.0.shortcut.0.weight": {
    "r_t_mean": 0.038523437216809474,
    "r_t_std": 0.013752286466767408,
    "r_t_min": 0.021003582539174472,
    "r_t_max": 0.07803333201593338,
    "delta_hat_mean": -0.00016718714515906623,
    "delta_hat_std": 0.00011738482903263257,
    "lambda_t_mean": 0.003898787217602373,
    "lambda_t_std": 7.138435923621503e-05,
    "n_records": 780
  },
  "layer3.1.conv1.weight": {
    "r_t_mean": 0.041219679115672675,
    "r_t_std": 0.01724507595202999,
    "r_t_min": 0.020767781608190625,
    "r_t_max": 0.10406460429225386,
    "delta_hat_mean": -0.00016945319666443917,
    "delta_hat_std": 0.00011928347275768852,
    "lambda_t_mean": 0.0038965852941242394,
    "lambda_t_std": 2.4371576496834205e-05,
    "n_records": 780
  },
  "layer3.1.conv2.weight": {
    "r_t_mean": 0.04100716219459741,
    "r_t_std": 0.01696301888403522,
    "r_t_min": 0.02101934598202278,
    "r_t_max": 0.11110737901168206,
    "delta_hat_mean": -0.00016938505649073058,
    "delta_hat_std": 0.00011980199396546519,
    "lambda_t_mean": 0.003897144730554579,
    "lambda_t_std": 2.5373565099718422e-05,
    "n_records": 780
  },
  "layer3.2.conv1.weight": {
    "r_t_mean": 0.040712172850361404,
    "r_t_std": 0.016058923915557848,
    "r_t_min": 0.021136131043264315,
    "r_t_max": 0.10513876217988252,
    "delta_hat_mean": -0.00017039159189831293,
    "delta_hat_std": 0.00012050126965911423,
    "lambda_t_mean": 0.003896487128623233,
    "lambda_t_std": 2.3845997033914237e-05,
    "n_records": 780
  },
  "layer3.2.conv2.weight": {
    "r_t_mean": 0.0388112998671254,
    "r_t_std": 0.013370887654025113,
    "r_t_min": 0.021857961536192835,
    "r_t_max": 0.10424908729492999,
    "delta_hat_mean": -0.00017190701631869903,
    "delta_hat_std": 0.00012067332958915824,
    "lambda_t_mean": 0.003893050749770955,
    "lambda_t_std": 3.051952772837349e-05,
    "n_records": 780
  },