{
  "conv1.weight": {
    "r_t_mean": 0.06102456245048278,
    "r_t_std": 0.03446348216025693,
    "r_t_min": 0.028635220160615815,
    "r_t_max": 0.4812539496392956,
    "delta_hat_mean": -1.0510431964533132e-06,
    "delta_hat_std": 3.570375397903088e-05,
    "lambda_t_mean": 0.00033811914584129635,
    "lambda_t_std": 6.241131634578328e-05,
    "n_records": 780
  },
  "layer1.0.conv1.weight": {
    "r_t_mean": 0.05890004870406685,
    "r_t_std": 0.028554886083905214,
    "r_t_min": 0.03289875012320022,
    "r_t_max": 0.5190036846905839,
    "delta_hat_mean": -6.313688831009283e-08,
    "delta_hat_std": 8.028677904026972e-06,
    "lambda_t_mean": 0.0003379191047687904,
    "lambda_t_std": 3.9790526482473025e-05,
    "n_records": 780
  },
  "layer1.0.conv2.weight": {
    "r_t_mean": 0.05793163918110072,
    "r_t_std": 0.026067866893443155,
    "r_t_min": 0.03482322972795308,
    "r_t_max": 0.428468962714082,
    "delta_hat_mean": -1.2552050138882083e-07,
    "delta_hat_std": 6.929433422806945e-06,
    "lambda_t_mean": 0.0003381033316844105,
    "lambda_t_std": 3.6657974576425825e-05,
    "n_records": 780
  },
  "layer1.1.conv1.weight": {
    "r_t_mean": 0.05877327290729604,
    "r_t_std": 0.021031696099747598,
    "r_t_min": 0.03305191473504315,
    "r_t_max": 0.2931699180684409,
    "delta_hat_mean": 3.6316159957540717e-07,
    "delta_hat_std": 8.159976842483981e-06,
    "lambda_t_mean": 0.0003383309704793108,
    "lambda_t_std": 4.086291665513898e-05,
    "n_records": 780
  },
  "layer1.1.conv2.weight": {
    "r_t_mean": 0.05794194806505385,
    "r_t_std": 0.020942037199859723,
    "r_t_min": 0.034376936449345225,
    "r_t_max": 0.27527985643147335,
    "delta_hat_mean": -5.909472129849984e-07,
    "delta_hat_std": 7.1407029944982525e-06,
    "lambda_t_mean": 0.00033779341515236515,
    "lambda_t_std": 3.534456653505695e-05,
    "n_records": 780
  },
  "layer1.2.conv1.weight": {
    "r_t_mean": 0.06209747350263637,
    "r_t_std": 0.020846279324796203,
    "r_t_min": 0.0382545656728418,
    "r_t_max": 0.2586551014696379,
    "delta_hat_mean": -1.1475021074543926e-07,
    "delta_hat_std": 7.7456793389353e-06,
    "lambda_t_mean": 0.00033834688375975435,
    "lambda_t_std": 4.173006101517949e-05,
    "n_records": 780
  },
  "layer1.2.conv2.weight": {
    "r_t_mean": 0.057718908121205406,
    "r_t_std": 0.02034484847353731,
    "r_t_min": 0.03317771943328326,
    "r_t_max": 0.22974558004017348,
    "delta_hat_mean": -1.9354219071843204e-07,
    "delta_hat_std": 6.7851080733884845e-06,
    "lambda_t_mean": 0.000338444054368945,
    "lambda_t_std": 3.629467356328143e-05,
    "n_records": 780
  },
  "layer2.0.conv1.weight": {
    "r_t_mean": 0.05893083695089581,
    "r_t_std": 0.01876875499372943,
    "r_t_min": 0.03513367707222756,
    "r_t_max": 0.15027493964072036,
    "delta_hat_mean": -1.217232656618268e-07,
    "delta_hat_std": 6.836850041797526e-06,
    "lambda_t_mean": 0.00033832062194466534,
    "lambda_t_std": 3.4744390783119254e-05,
    "n_records": 780
  },
  "layer2.0.conv2.weight": {
    "r_t_mean": 0.06064334940404546,
    "r_t_std": 0.02218682749767108,
    "r_t_min": 0.036422789920056424,
    "r_t_max": 0.1778543267684,
    "delta_hat_mean": -1.691674087142476e-07,
    "delta_hat_std": 4.10614706641588e-06,
    "lambda_t_mean": 0.00033804881700935516,
    "lambda_t_std": 3.1829150118249025e-05,
    "n_records": 780
  },
  "layer2.0.shortcut.0.weight": {
    "r_t_mean": 0.047046385805306956,
    "r_t_std": 0.010801649355860416,
    "r_t_min": 0.03002661113203232,
    "r_t_max": 0.09189678914604243,
    "delta_hat_mean": -4.2490452347265497e-07,
    "delta_hat_std": 1.5377195069861918e-05,
    "lambda_t_mean": 0.00033872446247525204,
    "lambda_t_std": 3.6165974106852056e-05,
    "n_records": 780
  },
  "layer2.1.conv1.weight": {
    "r_t_mean": 0.06226902144171159,
    "r_t_std": 0.021651193714500274,
    "r_t_min": 0.038134134087897224,
    "r_t_max": 0.1647660605610807,
    "delta_hat_mean": 1.0891190438400145e-08,
    "delta_hat_std": 3.1464908195639233e-06,
    "lambda_t_mean": 0.000337846885993457,
    "lambda_t_std": 3.3591188692206903e-05,
    "n_records": 780
  },
  "layer2.1.conv2.weight": {
    "r_t_mean": 0.060780784370576185,
    "r_t_std": 0.019907507214240224,
    "r_t_min": 0.03796170094568909,
    "r_t_max": 0.16399459695279633,
    "delta_hat_mean": 2.2874151879036776e-08,
    "delta_hat_std": 3.3831618482892856e-06,
    "lambda_t_mean": 0.00033763910039231483,
    "lambda_t_std": 3.125402551287075e-05,
    "n_records": 780
  },
  "layer2.2.conv1.weight": {
    "r_t_mean": 0.0638054531837658,
    "r_t_std": 0.017639998121081017,
    "r_t_min": 0.04062923067473989,
    "r_t_max": 0.13856840441483434,
    "delta_hat_mean": 5.42324019370017e-08,
    "delta_hat_std": 2.891792147658235e-06,
    "lambda_t_mean": 0.00033758297023056837,
    "lambda_t_std": 3.215847739175631e-05,
    "n_records": 780
  },
  "layer2.2.conv2.weight": {
    "r_t_mean": 0.061086994711589314,
    "r_t_std": 0.016803596709146315,
    "r_t_min": 0.038877757496678156,
    "r_t_max": 0.1476231030303045,
    "delta_hat_mean": -1.1958190216305618e-07,
    "delta_hat_std": 3.1304182591596847e-06,
    "lambda_t_mean": 0.00033740453293837423,
    "lambda_t_std": 3.1268798084548466e-05,
    "n_records": 780
  },
  "layer3.0.conv1.weight": {
    "r_t_mean": 0.061329006405344014,
    "r_t_std": 0.015230769058296758,
    "r_t_min": 0.040311222526622635,
    "r_t_max": 0.13615270733586607,
    "delta_hat_mean": 5.873541248269394e-08,
    "delta_hat_std": 3.2813650174572382e-06,
    "lambda_t_mean": 0.0003383216855038124,
    "lambda_t_std": 2.916725518593753e-05,
    "n_records": 780
  },
  "layer3.0.conv2.weight": {
    "r_t_mean": 0.06744999214388193,
    "r_t_std": 0.016381789444205416,
    "r_t_min": 0.04410841075912207,
    "r_t_max": 0.14069685668044168,
    "delta_hat_mean": -6.403740827965479e-08,
    "delta_hat_std": 1.7730348204472132e-06,
    "lambda_t_mean": 0.00033786042612636097,
    "lambda_t_std": 2.828069634493057e-05,
    "n_records": 780
  },
  "layer3.0.shortcut.0.weight": {
    "r_t_mean": 0.044819923717937374,
    "r_t_std": 0.008042776039896973,
    "r_t_min": 0.025467326000319666,
    "r_t_max": 0.07933025324370938,
    "delta_hat_mean": -1.1042142691718409e-07,
    "delta_hat_std": 7.468947881051878e-06,
    "lambda_t_mean": 0.0003379688676645379,
    "lambda_t_std": 2.9446060316666872e-05,
    "n_records": 780
  },
  "layer3.1.conv1.weight": {
    "r_t_mean": 0.06723242752394595,
    "r_t_std": 0.017402667084653736,
    "r_t_min": 0.04446077387635551,
    "r_t_max": 0.1505181711298321,
    "delta_hat_mean": 4.5539156592390476e-08,
    "delta_hat_std": 1.856079306211438e-06,
    "lambda_t_mean": 0.000337972705256807,
    "lambda_t_std": 2.8505049588857965e-05,
    "n_records": 780
  },
  "layer3.1.conv2.weight": {
    "r_t_mean": 0.06608431690059265,
    "r_t_std": 0.014197317394173339,
    "r_t_min": 0.043601711718345815,
    "r_t_max": 0.12540603487824992,
    "delta_hat_mean": -3.467071126078549e-08,
    "delta_hat_std": 1.6763847341782372e-06,
    "lambda_t_mean": 0.00033863725518212,
    "lambda_t_std": 2.7199104153489054e-05,
    "n_records": 780
  },
  "layer3.2.conv1.weight": {
    "r_t_mean": 0.06767138912089601,
    "r_t_std": 0.012315922181608633,
    "r_t_min": 0.044445443237144874,
    "r_t_max": 0.12031867979551687,
    "delta_hat_mean": 1.068504882842167e-08,
    "delta_hat_std": 1.5966360735101705e-06,
    "lambda_t_mean": 0.0003385246760040061,
    "lambda_t_std": 2.7864211579173262e-05,
    "n_records": 780
  },
  "layer3.2.conv2.weight": {
    "r_t_mean": 0.05996940174633682,
    "r_t_std": 0.012475127525411805,
    "r_t_min": 0.039558047576763004,
    "r_t_max": 0.1050853386342041,
    "delta_hat_mean": -1.0651332489455894e-07,
    "delta_hat_std": 1.4709988256914015e-06,
    "lambda_t_mean": 0.00033861566760113584,
    "lambda_t_std": 2.6087509003409045e-05,
    "n_records": 780
  },