{
  "conv1.weight": {
    "r_t_mean": 0.011008993942160395,
    "r_t_std": 0.008119191003224401,
    "r_t_min": 0.004438787831688113,
    "r_t_max": 0.48126277462710376,
    "delta_hat_mean": -8.72089842637046e-06,
    "delta_hat_std": 5.173083328146739e-05,
    "lambda_t_mean": 0.00025027214157657745,
    "lambda_t_std": 1.0061513726589593e-05,
    "n_records": 7800
  },
  "layer1.0.conv1.weight": {
    "r_t_mean": 0.011170747538633,
    "r_t_std": 0.0070522700198067684,
    "r_t_min": 0.005901138070833992,
    "r_t_max": 0.5190135667300747,
    "delta_hat_mean": -7.227338111682604e-06,
    "delta_hat_std": 1.3002999702366306e-05,
    "lambda_t_mean": 0.00024997515730368786,
    "lambda_t_std": 5.286978474111148e-06,
    "n_records": 7800
  },
  "layer1.0.conv2.weight": {
    "r_t_mean": 0.011111665129118247,
    "r_t_std": 0.006233910238705576,
    "r_t_min": 0.005964977192831612,
    "r_t_max": 0.428477384377326,
    "delta_hat_mean": -7.536419388852687e-06,
    "delta_hat_std": 1.1109857166700139e-05,
    "lambda_t_mean": 0.0002499500058266597,
    "lambda_t_std": 5.015645958084944e-06,
    "n_records": 7800
  },
  "layer1.1.conv1.weight": {
    "r_t_mean": 0.011539193083580809,
    "r_t_std": 0.004769226552791303,
    "r_t_min": 0.006147282089378966,
    "r_t_max": 0.293175574538074,
    "delta_hat_mean": -7.4263291614432224e-06,
    "delta_hat_std": 1.136063924992603e-05,
    "lambda_t_mean": 0.0002499902647332503,
    "lambda_t_std": 5.280666104144623e-06,
    "n_records": 7800
  },
  "layer1.1.conv2.weight": {
    "r_t_mean": 0.011368723691875991,
    "r_t_std": 0.004640447415003032,
    "r_t_min": 0.006619584164669033,
    "r_t_max": 0.2752854183750393,
    "delta_hat_mean": -7.790404235420846e-06,
    "delta_hat_std": 1.0548840562379905e-05,
    "lambda_t_mean": 0.00025001627855576004,
    "lambda_t_std": 4.898228709349241e-06,
    "n_records": 7800
  },
  "layer1.2.conv1.weight": {
    "r_t_mean": 0.011690139855062969,
    "r_t_std": 0.004361055368279024,
    "r_t_min": 0.005994883040558686,
    "r_t_max": 0.25866013931690746,
    "delta_hat_mean": -7.585111779143643e-06,
    "delta_hat_std": 1.2486033478489738e-05,
    "lambda_t_mean": 0.00025001630637508176,
    "lambda_t_std": 4.89826127315793e-06,
    "n_records": 7800
  },
  "layer1.2.conv2.weight": {
    "r_t_mean": 0.011529835060735126,
    "r_t_std": 0.004162514317766948,
    "r_t_min": 0.006541722052980931,
    "r_t_max": 0.20990092993278728,
    "delta_hat_mean": -7.539674814328572e-06,
    "delta_hat_std": 1.1009909169057602e-05,
    "lambda_t_mean": 0.0002500267397459501,
    "lambda_t_std": 5.350999481419741e-06,
    "n_records": 7800
  },
  "layer2.0.conv1.weight": {
    "r_t_mean": 0.011310399260059924,
    "r_t_std": 0.004436169360620774,
    "r_t_min": 0.005978613364889996,
    "r_t_max": 0.14930593168698542,
    "delta_hat_mean": -7.250690421226471e-06,
    "delta_hat_std": 1.1053097501963352e-05,
    "lambda_t_mean": 0.00025007904570454204,
    "lambda_t_std": 3.483733060371611e-06,
    "n_records": 7800
  },
  "layer2.0.conv2.weight": {
    "r_t_mean": 0.01129147615892494,
    "r_t_std": 0.004848098835492892,
    "r_t_min": 0.006273200701300477,
    "r_t_max": 0.1778577316779079,
    "delta_hat_mean": -7.30747998300881e-06,
    "delta_hat_std": 7.420326108145158e-06,
    "lambda_t_mean": 0.0002499997379325139,
    "lambda_t_std": 2.391066924201311e-06,
    "n_records": 7800
  },
  "layer2.0.shortcut.0.weight": {
    "r_t_mean": 0.010547073105977408,
    "r_t_std": 0.0038215748405863734,
    "r_t_min": 0.005593402148008075,
    "r_t_max": 0.04820325063521172,
    "delta_hat_mean": -6.389623959356233e-06,
    "delta_hat_std": 2.2428214477267973e-05,
    "lambda_t_mean": 0.00025027180989583333,
    "lambda_t_std": 8.916771795828645e-06,
    "n_records": 7800
  },
  "layer2.1.conv1.weight": {
    "r_t_mean": 0.011803476945725313,
    "r_t_std": 0.0044837720307675305,
    "r_t_min": 0.0066038496267818445,
    "r_t_max": 0.16391838219435037,
    "delta_hat_mean": -7.730438285342942e-06,
    "delta_hat_std": 6.706389230534052e-06,
    "lambda_t_mean": 0.00025005383162735365,
    "lambda_t_std": 2.2507471461180624e-06,
    "n_records": 7800
  },
  "layer2.1.conv2.weight": {
    "r_t_mean": 0.011627103954624867,
    "r_t_std": 0.004249137530436305,
    "r_t_min": 0.006471489017182599,
    "r_t_max": 0.14279409094442472,
    "delta_hat_mean": -7.880257612207942e-06,
    "delta_hat_std": 6.715096551799633e-06,
    "lambda_t_mean": 0.00024996124598460317,
    "lambda_t_std": 2.182564513538353e-06,
    "n_records": 7800
  },
  "layer2.2.conv1.weight": {
    "r_t_mean": 0.011999234176388764,
    "r_t_std": 0.004300678017998948,
    "r_t_min": 0.006938428385803833,
    "r_t_max": 0.12010490385411807,
    "delta_hat_mean": -7.64276721429287e-06,
    "delta_hat_std": 6.467224931698299e-06,
    "lambda_t_mean": 0.00025005483327003624,
    "lambda_t_std": 2.3158280000020484e-06,
    "n_records": 7800
  },
  "layer2.2.conv2.weight": {
    "r_t_mean": 0.01163649641106837,
    "r_t_std": 0.003956137328550638,
    "r_t_min": 0.006329630042812198,
    "r_t_max": 0.10962829199794147,
    "delta_hat_mean": -7.8001561922082e-06,
    "delta_hat_std": 6.6837477587306336e-06,
    "lambda_t_mean": 0.0002499617607929768,
    "lambda_t_std": 2.3372206883863558e-06,
    "n_records": 7800
  },
  "layer3.0.conv1.weight": {
    "r_t_mean": 0.011374759263666875,
    "r_t_std": 0.004164944998270198,
    "r_t_min": 0.006291565979909655,
    "r_t_max": 0.08246429679274163,
    "delta_hat_mean": -7.682847504843599e-06,
    "delta_hat_std": 6.4659481864486305e-06,
    "lambda_t_mean": 0.00025000890919222283,
    "lambda_t_std": 1.6824733484491147e-06,
    "n_records": 7800
  },
  "layer3.0.conv2.weight": {
    "r_t_mean": 0.011844933698010015,
    "r_t_std": 0.004538210077302119,
    "r_t_min": 0.006567476367478794,
    "r_t_max": 0.11170719305794619,
    "delta_hat_mean": -7.780728640982574e-06,
    "delta_hat_std": 5.8765242854165965e-06,
    "lambda_t_mean": 0.0002500172540679192,
    "lambda_t_std": 1.1692845117081992e-06,
    "n_records": 7800
  },
  "layer3.0.shortcut.0.weight": {
    "r_t_mean": 0.009804269158753702,
    "r_t_std": 0.00360840494482236,
    "r_t_min": 0.005502117395411241,
    "r_t_max": 0.04632356745759862,
    "delta_hat_mean": -7.595934515014474e-06,
    "delta_hat_std": 1.0062834756208678e-05,
    "lambda_t_mean": 0.0002500655423677885,
    "lambda_t_std": 4.356783207010875e-06,
    "n_records": 7800
  },
  "layer3.1.conv1.weight": {
    "r_t_mean": 0.01200018490915745,
    "r_t_std": 0.00462021624516748,
    "r_t_min": 0.0067684633429982615,
    "r_t_max": 0.10400921212657431,
    "delta_hat_mean": -7.658868324038273e-06,
    "delta_hat_std": 5.7919748757456975e-06,
    "lambda_t_mean": 0.00024997876182771646,
    "lambda_t_std": 1.2127545550471478e-06,
    "n_records": 7800
  },
  "layer3.1.conv2.weight": {
    "r_t_mean": 0.01202455717414411,
    "r_t_std": 0.004346753213077278,
    "r_t_min": 0.006859800654768629,
    "r_t_max": 0.11104812856222945,
    "delta_hat_mean": -7.641617682474218e-06,
    "delta_hat_std": 5.632271032316988e-06,
    "lambda_t_mean": 0.000250024378242401,
    "lambda_t_std": 1.2164414627975916e-06,
    "n_records": 7800
  },
  "layer3.2.conv1.weight": {
    "r_t_mean": 0.011956953819281196,
    "r_t_std": 0.004567714074976681,
    "r_t_min": 0.006702770478898671,
    "r_t_max": 0.10508261483017445,
    "delta_hat_mean": -7.651585219981463e-06,
    "delta_hat_std": 5.756928086649629e-06,
    "lambda_t_mean": 0.00024999801839773475,
    "lambda_t_std": 1.2581799002897406e-06,
    "n_records": 7800
  },
  "layer3.2.conv2.weight": {
    "r_t_mean": 0.011684350888814185,
    "r_t_std": 0.004249410737759235,
    "r_t_min": 0.005645379624581748,
    "r_t_max": 0.10419294497025254,
    "delta_hat_mean": -7.643479590453247e-06,
    "delta_hat_std": 5.64983717427875e-06,
    "lambda_t_mean": 0.0002499485068863783,
    "lambda_t_std": 1.4549732968068535e-06,