{
  "overall_recommendation": "GO",
  "task_id": "igsd_pareto_corrected",
  "pass_criteria_met": true,
  "best_config": {
    "tau": 0.7,
    "t_draft": 16,
    "combined_qas": 1.3993283435290789,
    "gsm8k_acc": 0.425,
    "gsm8k_speedup": 2.812026380808557,
    "gsm8k_acc_ret": 0.5821917808219178
  },
  "pareto_count": 6,
  "t_draft_analysis": {
    "t16_best_acc_ret": 0.6027397260273972,
    "t32_best_acc_ret": 0.678082191780822,
    "t48_best_acc_ret": 0.7328767123287672
  }
}