{
  "features.0.weight": {
    "r_t_mean": 0.021132269233383252,
    "r_t_std": 0.007529392817075007,
    "r_t_min": 0.007415497333456837,
    "r_t_max": 0.20219250809875236,
    "delta_hat_mean": -4.7376058057149516e-07,
    "delta_hat_std": 1.7513094400845058e-05,
    "lambda_t_mean": 0.0004957094885984975,
    "lambda_t_std": 0.00013355932229647537,
    "n_records": 1950
  },
  "features.3.weight": {
    "r_t_mean": 0.021722753681512243,
    "r_t_std": 0.01842080371497201,
    "r_t_min": 0.0064940760233140144,
    "r_t_max": 0.8029568138116037,
    "delta_hat_mean": -1.472887554754561e-07,
    "delta_hat_std": 3.754146059554812e-06,
    "lambda_t_mean": 0.0004909795508147118,
    "lambda_t_std": 0.00011377386928044142,
    "n_records": 1950
  },
  "features.7.weight": {
    "r_t_mean": 0.023039993083455907,
    "r_t_std": 0.011288667462831841,
    "r_t_min": 0.0043504969841687505,
    "r_t_max": 0.4651479705928151,
    "delta_hat_mean": -2.717802715429398e-10,
    "delta_hat_std": 2.974176294355502e-08,
    "lambda_t_mean": 0.0004933278885204987,
    "lambda_t_std": 0.00010991457671449347,
    "n_records": 1950
  },
  "features.10.weight": {
    "r_t_mean": 0.024149649040318497,
    "r_t_std": 0.01341655882021965,
    "r_t_min": 0.003963696858708944,
    "r_t_max": 0.5660271368997207,
    "delta_hat_mean": -1.947948172600982e-10,
    "delta_hat_std": 2.592716255879737e-08,
    "lambda_t_mean": 0.0004936484005043459,
    "lambda_t_std": 0.00010641723671978912,
    "n_records": 1950
  },
  "features.14.weight": {
    "r_t_mean": 0.026247372079603894,
    "r_t_std": 0.010099843777393883,
    "r_t_min": 0.0030122339642094822,
    "r_t_max": 0.34220929080504364,
    "delta_hat_mean": -4.2824235333302415e-08,
    "delta_hat_std": 1.2088192316509331e-06,
    "lambda_t_mean": 0.0004958226947859954,
    "lambda_t_std": 0.00010294535739813572,
    "n_records": 1950
  },
  "features.17.weight": {
    "r_t_mean": 0.02856709273133919,
    "r_t_std": 0.012894417014059545,
    "r_t_min": 0.0024741770014906996,
    "r_t_max": 0.4007593206428966,
    "delta_hat_mean": 1.162510057982916e-09,
    "delta_hat_std": 2.8807972732747904e-08,
    "lambda_t_mean": 0.0004964424862188386,
    "lambda_t_std": 0.00010156161802280786,
    "n_records": 1950
  },
  "features.20.weight": {
    "r_t_mean": 0.028505965139424966,
    "r_t_std": 0.012657757990953422,
    "r_t_min": 0.002803766889016443,
    "r_t_max": 0.3404378097607138,
    "delta_hat_mean": 3.6055079951639263e-09,
    "delta_hat_std": 3.042737298669051e-08,
    "lambda_t_mean": 0.0004968997532247618,
    "lambda_t_std": 9.87701969291425e-05,
    "n_records": 1950
  },
  "features.24.weight": {
    "r_t_mean": 0.0252679157831078,
    "r_t_std": 0.011131524737020265,
    "r_t_min": 0.001458170020916147,
    "r_t_max": 0.21222096058115036,
    "delta_hat_mean": -1.0785490239436275e-08,
    "delta_hat_std": 6.204405575132925e-07,
    "lambda_t_mean": 0.0004967224270491131,
    "lambda_t_std": 9.556951364849547e-05,
    "n_records": 1950
  },
  "features.27.weight": {
    "r_t_mean": 0.02315456303902594,
    "r_t_std": 0.010865857124204287,
    "r_t_min": 0.0010227287079737435,
    "r_t_max": 0.2555062599781231,
    "delta_hat_mean": -3.183419560634718e-08,
    "delta_hat_std": 7.57880481135188e-07,
    "lambda_t_mean": 0.0004952427471780492,
    "lambda_t_std": 9.750418930883587e-05,
    "n_records": 1950
  },
  "features.30.weight": {
    "r_t_mean": 0.01995910708307311,
    "r_t_std": 0.00891164827412154,
    "r_t_min": 0.000873836200155082,
    "r_t_max": 0.21942508376775688,
    "delta_hat_mean": -3.2675226247232307e-08,
    "delta_hat_std": 9.56925838679803e-07,
    "lambda_t_mean": 0.0004933979655742232,
    "lambda_t_std": 0.00010157312093968634,
    "n_records": 1950
  },
  "features.34.weight": {
    "r_t_mean": 0.016268436082389662,
    "r_t_std": 0.006763336793386013,
    "r_t_min": 0.0005770861418670465,
    "r_t_max": 0.20126730927703596,
    "delta_hat_mean": 1.602550981295609e-08,
    "delta_hat_std": 1.9381222670435626e-06,
    "lambda_t_mean": 0.0004929749021367363,
    "lambda_t_std": 0.00011197148419959878,
    "n_records": 1950
  },
  "features.37.weight": {
    "r_t_mean": 0.015397487782940368,
    "r_t_std": 0.005360186208263125,
    "r_t_min": 0.0008961779242256317,
    "r_t_max": 0.16898201721301975,
    "delta_hat_mean": -7.775446570921731e-08,
    "delta_hat_std": 2.230532595329113e-06,
    "lambda_t_mean": 0.0004938555981536969,
    "lambda_t_std": 0.0001052707794297762,
    "n_records": 1950
  },
  "features.40.weight": {
    "r_t_mean": 0.01704065976988327,
    "r_t_std": 0.004595962357545267,
    "r_t_min": 0.004002892340975089,
    "r_t_max": 0.14515148145760892,
    "delta_hat_mean": 1.4607108643788936e-08,
    "delta_hat_std": 2.3740177835582175e-06,
    "lambda_t_mean": 0.0004945348682402825,
    "lambda_t_std": 0.00010005149127244701,
    "n_records": 1950
  },
  "classifier.0.weight": {
    "r_t_mean": 0.02041712693790682,
    "r_t_std": 0.005223870448767868,
    "r_t_min": 0.007892744172639502,
    "r_t_max": 0.09445833315566714,
    "delta_hat_mean": -8.161144962957386e-05,
    "delta_hat_std": 0.016684041663125954,
    "lambda_t_mean": 0.0004951175117078361,
    "lambda_t_std": 0.00010591465639449006,
    "n_records": 1950
  },
  "classifier.3.weight": {
    "r_t_mean": 0.02000802791903407,
    "r_t_std": 0.004848202794912087,
    "r_t_min": 0.012140179185871937,
    "r_t_max": 0.1178706137233778,
    "delta_hat_mean": 0.00016098074842410334,
    "delta_hat_std": 0.011790417463267195,
    "lambda_t_mean": 0.0004970785144622697,
    "lambda_t_std": 7.026412364307559e-05,
    "n_records": 1950
  },
  "classifier.6.weight": {
    "r_t_mean": 0.022498581558858123,
    "r_t_std": 0.009188799168376758,
    "r_t_min": 0.013491468421934006,
    "r_t_max": 0.216151532857212,
    "delta_hat_mean": 0.00045631036016583235,
    "delta_hat_std": 0.012969102113463112,
    "lambda_t_mean": 0.0004972901742355697,
    "lambda_t_std": 5.078692358219301e-05,
    "n_records": 1950
  }
}