{
  "task_id": "latency_benchmark",
  "experiment": "C4: Latency & Throughput Benchmarking (Full 6-method, PILOT)",
  "model": "LLaDA-8B-Instruct",
  "mode": "PILOT",
  "pilot_samples": 16,
  "gen_steps": 128,
  "gen_len": 512,
  "batch_size": 1,
  "seed": 42,
  "methods": [
    "vanilla",
    "metastate_gru",
    "dal_linear",
    "dal_linear_phase",
    "remdm",
    "core"
  ],
  "results": {
    "vanilla": {
      "total_time_s": 108.29756849911064,
      "mean_time_per_sample_s": 6.768598031194415,
      "std_time_per_sample_s": 0.07373452067941094,
      "median_time_per_sample_s": 6.734679485671222,
      "min_time_per_sample_s": 6.696055984124541,
      "max_time_per_sample_s": 6.925046687014401,
      "mean_step_time_s": 0.05287522722687754,
      "peak_gpu_memory_gb": 15.380672931671143,
      "num_samples": 16,
      "overhead_type": "none",
      "overhead_fraction": 0.0
    },
    "metastate_gru": {
      "total_time_s": 110.09237905172631,
      "mean_time_per_sample_s": 6.8807736907328945,
      "std_time_per_sample_s": 0.07137482277269325,
      "median_time_per_sample_s": 6.850574638927355,
      "min_time_per_sample_s": 6.805493584368378,
      "max_time_per_sample_s": 7.031591925770044,
      "mean_step_time_s": 0.053751357678720524,
      "peak_gpu_memory_gb": 18.67014789581299,
      "num_samples": 16,
      "overhead_type": "gru_overhead_fraction",
      "overhead_fraction": 0.01417485760527072
    },
    "dal_linear": {
      "total_time_s": 121.4791584671475,
      "mean_time_per_sample_s": 7.592447404196719,
      "std_time_per_sample_s": 0.10979348256937008,
      "median_time_per_sample_s": 7.545810163486749,
      "min_time_per_sample_s": 7.492444996256381,
      "max_time_per_sample_s": 7.827440028078854,
      "mean_step_time_s": 0.05931122702554603,
      "peak_gpu_memory_gb": 23.266991138458252,
      "num_samples": 16,
      "overhead_type": "ttt_overhead_fraction",
      "overhead_fraction": 0.10635373984613547,
      "ttt_steps_active": 127.5625
    },
    "dal_linear_phase": {
      "total_time_s": 118.68439948931336,
      "mean_time_per_sample_s": 7.417774968082085,
      "std_time_per_sample_s": 0.12009890066342449,
      "median_time_per_sample_s": 7.376137753482908,
      "min_time_per_sample_s": 7.286638340912759,
      "max_time_per_sample_s": 7.673486764077097,
      "mean_step_time_s": 0.05794655563749984,
      "peak_gpu_memory_gb": 23.26681613922119,
      "num_samples": 16,
      "overhead_type": "ttt_overhead_fraction",
      "overhead_fraction": 0.0853707539679493,
      "ttt_steps_active": 100.0
    },
    "remdm": {
      "total_time_s": 108.76863391790539,
      "mean_time_per_sample_s": 6.798039619869087,
      "std_time_per_sample_s": 0.07305860974418928,
      "median_time_per_sample_s": 6.765391165623441,
      "min_time_per_sample_s": 6.734268287196755,
      "max_time_per_sample_s": 6.953727597370744,
      "mean_step_time_s": 0.053106019072856725,
      "peak_gpu_memory_gb": 18.37803363800049,
      "num_samples": 16,
      "overhead_type": "remask_overhead_fraction",
      "overhead_fraction": 0.0029399036141948584
    },
    "core": {
      "total_time_s": 115.79631473403424,
      "mean_time_per_sample_s": 7.23726967087714,
      "std_time_per_sample_s": 0.11621722915467265,
      "median_time_per_sample_s": 7.1875610870774835,
      "min_time_per_sample_s": 7.08063720818609,
      "max_time_per_sample_s": 7.47618911601603,
      "mean_step_time_s": 0.0565373779058973,
      "peak_gpu_memory_gb": 18.60844135284424,
      "num_samples": 16,
      "overhead_type": "remask_overhead_fraction",
      "overhead_fraction": 0.06342930265648013
    }
  },
  "results_with_samples": {
    "vanilla": {
      "total_time_s": 108.29756849911064,
      "mean_time_per_sample_s": 6.768598031194415,
      "std_time_per_sample_s": 0.07373452067941094,
      "median_time_per_sample_s": 6.734679485671222,
      "min_time_per_sample_s": 6.696055984124541,
      "max_time_per_sample_s": 6.925046687014401,
      "mean_step_time_s": 0.05287522722687754,
      "peak_gpu_memory_gb": 15.380672931671143,
      "num_samples": 16,
      "sample_times": [
        6.7445220411755145,
        6.696055984124541,
        6.731089802924544,
        6.719198198057711,
        6.925046687014401,
        6.734082794748247,
        6.731522677931935,
        6.755369173362851,
        6.92053893301636,
        6.734168527182192,
        6.735190444160253,
        6.743368782103062,
        6.749974478036165,
        6.733766322955489,
        6.730105265043676,
        6.913568387273699
      ],
      "overhead_type": "none",
      "overhead_fraction": 0.0
    },
    "metastate_gru": {
      "total_time_s": 110.09237905172631,
      "mean_time_per_sample_s": 6.8807736907328945,
      "std_time_per_sample_s": 0.07137482277269325,
      "median_time_per_sample_s": 6.850574638927355,
      "min_time_per_sample_s": 6.805493584368378,
      "max_time_per_sample_s": 7.031591925770044,
      "mean_step_time_s": 0.053751357678720524,
      "peak_gpu_memory_gb": 18.67014789581299,
      "num_samples": 16,
      "sample_times": [
        6.86044101184234,
        6.805493584368378,
        6.8483226601965725,
        6.828134964220226,
        7.031591925770044,
        6.849069203715771,
        6.839000450912863,
        6.866297099273652,
        7.027624360751361,
        6.8483172548003495,
        6.852080074138939,
        6.8597052837722,
        6.864077632781118,
        6.846921443007886,
        6.845454310066998,
        7.019847792107612
      ],
      "overhead_type": "gru_overhead_fraction",
      "overhead_fraction": 0.01417485760527072
    },
    "dal_linear": {
      "total_time_s": 121.4791584671475,
      "mean_time_per_sample_s": 7.592447404196719,
      "std_time_per_sample_s": 0.10979348256937008,
      "median_time_per_sample_s": 7.545810163486749,
      "min_time_per_sample_s": 7.492444996256381,
      "max_time_per_sample_s": 7.827440028078854,
      "mean_step_time_s": 0.05931122702554603,
      "peak_gpu_memory_gb": 23.266991138458252,
      "num_samples": 16,
      "sample_times": [
        7.56101115886122,
        7.492444996256381,
        7.5457936227321625,
        7.506029111798853,
        7.827440028078854,
        7.545826704241335,
        7.518713374622166,
        7.567177569959313,
        7.818927091080695,
        7.5410983809269965,
        7.5433068429119885,
        7.559374582953751,
        7.561109845060855,
        7.54535643896088,
        7.54005809687078,
        7.805490621831268
      ],
      "overhead_type": "ttt_overhead_fraction",
      "overhead_fraction": 0.10635373984613547,
      "ttt_steps_active": 127.5625
    },
    "dal_linear_phase": {
      "total_time_s": 118.68439948931336,
      "mean_time_per_sample_s": 7.417774968082085,
      "std_time_per_sample_s": 0.12009890066342449,
      "median_time_per_sample_s": 7.376137753482908,
      "min_time_per_sample_s": 7.286638340912759,
      "max_time_per_sample_s": 7.673486764077097,
      "mean_step_time_s": 0.05794655563749984,
      "peak_gpu_memory_gb": 23.26681613922119,
      "num_samples": 16,
      "sample_times": [
        7.3822146519087255,
        7.286638340912759,
        7.374803715851158,
        7.336800897028297,
        7.661430347245187,
        7.377471791114658,
        7.341485416051,
        7.38847647793591,
        7.650414241012186,
        7.358982125297189,
        7.360779045149684,
        7.400374077260494,
        7.384606776759028,
        7.365290196612477,
        7.341144625097513,
        7.673486764077097
      ],
      "overhead_type": "ttt_overhead_fraction",
      "overhead_fraction": 0.0853707539679493,
      "ttt_steps_active": 100.0
    },
    "remdm": {
      "total_time_s": 108.76863391790539,
      "mean_time_per_sample_s": 6.798039619869087,
      "std_time_per_sample_s": 0.07305860974418928,
      "median_time_per_sample_s": 6.765391165623441,