{
  "conv1.weight": {
    "r_t_mean": 0.04635526732714651,
    "r_t_std": 0.02202170663819137,
    "r_t_min": 0.018730096421004316,
    "r_t_max": 0.48142093974614447,
    "delta_hat_mean": -8.363656231511986e-07,
    "delta_hat_std": 5.706451140069459e-05,
    "lambda_t_mean": 0.003675467169353729,
    "lambda_t_std": 4.339591371453838e-19,
    "n_records": 780
  },
  "layer1.0.conv1.weight": {
    "r_t_mean": 0.045797757038919126,
    "r_t_std": 0.023233638286904074,
    "r_t_min": 0.02215854583524888,
    "r_t_max": 0.5191838466639845,
    "delta_hat_mean": 7.102762697085971e-07,
    "delta_hat_std": 1.4851598315009635e-05,
    "lambda_t_mean": 0.003675467169353729,
    "lambda_t_std": 4.339591371453838e-19,
    "n_records": 780
  },
  "layer1.0.conv2.weight": {
    "r_t_mean": 0.04506583752658076,
    "r_t_std": 0.02002884183937001,
    "r_t_min": 0.0248597993950883,
    "r_t_max": 0.4286176471126073,
    "delta_hat_mean": -2.2862929160698087e-07,
    "delta_hat_std": 1.3159282321255264e-05,
    "lambda_t_mean": 0.003675467169353729,
    "lambda_t_std": 4.339591371453838e-19,
    "n_records": 780
  },
  "layer1.1.conv1.weight": {
    "r_t_mean": 0.04572061346073968,
    "r_t_std": 0.01837469080723908,
    "r_t_min": 0.022780318719589108,
    "r_t_max": 0.2932716776049089,
    "delta_hat_mean": -2.1538688370170416e-08,
    "delta_hat_std": 1.4274625350800105e-05,
    "lambda_t_mean": 0.003675467169353729,
    "lambda_t_std": 4.339591371453838e-19,
    "n_records": 780
  },
  "layer1.1.conv2.weight": {
    "r_t_mean": 0.045575350259540695,
    "r_t_std": 0.017637306025229796,
    "r_t_min": 0.023075102826108036,
    "r_t_max": 0.27537537712617305,
    "delta_hat_mean": 3.310865611666349e-07,
    "delta_hat_std": 1.0923164854820113e-05,
    "lambda_t_mean": 0.003675467169353729,
    "lambda_t_std": 4.339591371453838e-19,
    "n_records": 780
  },
  "layer1.2.conv1.weight": {
    "r_t_mean": 0.04602834422705747,
    "r_t_std": 0.017841654759603268,
    "r_t_min": 0.02062734352147085,
    "r_t_max": 0.25874485251507334,
    "delta_hat_mean": -2.963709906275916e-07,
    "delta_hat_std": 9.544293879849296e-06,
    "lambda_t_mean": 0.003675467169353729,
    "lambda_t_std": 4.339591371453838e-19,
    "n_records": 780
  },
  "layer1.2.conv2.weight": {
    "r_t_mean": 0.045417398119895536,
    "r_t_std": 0.016288408551127623,
    "r_t_min": 0.02253415326608699,
    "r_t_max": 0.20996971167858344,
    "delta_hat_mean": -6.000408076320905e-07,
    "delta_hat_std": 1.0674865245662027e-05,
    "lambda_t_mean": 0.003675467169353729,
    "lambda_t_std": 4.339591371453838e-19,
    "n_records": 780
  },
  "layer2.0.conv1.weight": {
    "r_t_mean": 0.04490148698784441,
    "r_t_std": 0.014602360295068064,
    "r_t_min": 0.024253205017647276,
    "r_t_max": 0.14935491498140924,
    "delta_hat_mean": 3.9438922398879404e-07,
    "delta_hat_std": 9.382260297688698e-06,
    "lambda_t_mean": 0.003675467169353729,
    "lambda_t_std": 4.339591371453838e-19,
    "n_records": 780
  },
  "layer2.0.conv2.weight": {
    "r_t_mean": 0.04480927171217901,
    "r_t_std": 0.014650082793626281,
    "r_t_min": 0.02519532256692007,
    "r_t_max": 0.17791603977917472,
    "delta_hat_mean": 8.919691135002899e-08,
    "delta_hat_std": 6.071854892427067e-06,
    "lambda_t_mean": 0.003675467169353729,
    "lambda_t_std": 4.339591371453838e-19,
    "n_records": 780
  },
  "layer2.0.shortcut.0.weight": {
    "r_t_mean": 0.044012141248376345,
    "r_t_std": 0.013671729246479048,
    "r_t_min": 0.023155185470547696,
    "r_t_max": 0.0884885421366146,
    "delta_hat_mean": 1.357203849432327e-06,
    "delta_hat_std": 2.3792258179659033e-05,
    "lambda_t_mean": 0.003675467169353729,
    "lambda_t_std": 4.339591371453838e-19,
    "n_records": 780
  },
  "layer2.1.conv1.weight": {
    "r_t_mean": 0.04607978554860709,
    "r_t_std": 0.016253448273271066,
    "r_t_min": 0.02489772074641088,
    "r_t_max": 0.16397216253946512,
    "delta_hat_mean": -1.1025688677385039e-07,
    "delta_hat_std": 4.105926992339102e-06,
    "lambda_t_mean": 0.003675467169353729,
    "lambda_t_std": 4.339591371453838e-19,
    "n_records": 780
  },
  "layer2.1.conv2.weight": {
    "r_t_mean": 0.04565416502801927,
    "r_t_std": 0.015878015598170765,
    "r_t_min": 0.024459075469998925,
    "r_t_max": 0.14284091129666246,
    "delta_hat_mean": 1.6796197243631518e-07,
    "delta_hat_std": 4.098563401239715e-06,
    "lambda_t_mean": 0.003675467169353729,
    "lambda_t_std": 4.339591371453838e-19,
    "n_records": 780
  },
  "layer2.2.conv1.weight": {
    "r_t_mean": 0.046504603938989496,
    "r_t_std": 0.016108704506519828,
    "r_t_min": 0.02006378718666373,
    "r_t_max": 0.12014433017268564,
    "delta_hat_mean": 2.8281991382019584e-08,
    "delta_hat_std": 4.257554802912006e-06,
    "lambda_t_mean": 0.003675467169353729,
    "lambda_t_std": 4.339591371453838e-19,
    "n_records": 780
  },
  "layer2.2.conv2.weight": {
    "r_t_mean": 0.045705724386458965,
    "r_t_std": 0.015493400123657753,
    "r_t_min": 0.01960764097600298,
    "r_t_max": 0.10966421899721009,
    "delta_hat_mean": 3.139324025579453e-08,
    "delta_hat_std": 4.365283642907498e-06,
    "lambda_t_mean": 0.003675467169353729,
    "lambda_t_std": 4.339591371453838e-19,
    "n_records": 780
  },
  "layer3.0.conv1.weight": {
    "r_t_mean": 0.04483489290330288,
    "r_t_std": 0.013981244552685157,
    "r_t_min": 0.02526362773684076,
    "r_t_max": 0.08582457970147372,
    "delta_hat_mean": -1.0883563461148815e-07,
    "delta_hat_std": 3.1298313453194163e-06,
    "lambda_t_mean": 0.003675467169353729,
    "lambda_t_std": 4.339591371453838e-19,
    "n_records": 780
  },
  "layer3.0.conv2.weight": {
    "r_t_mean": 0.04584948665915001,
    "r_t_std": 0.015045109971144182,
    "r_t_min": 0.025927969182933493,
    "r_t_max": 0.11174383647728826,
    "delta_hat_mean": -5.8240863752236406e-08,
    "delta_hat_std": 2.421624306064034e-06,
    "lambda_t_mean": 0.003675467169353729,
    "lambda_t_std": 4.339591371453838e-19,
    "n_records": 780
  },
  "layer3.0.shortcut.0.weight": {
    "r_t_mean": 0.04289696557768562,
    "r_t_std": 0.012588132044537362,
    "r_t_min": 0.02494754701115611,
    "r_t_max": 0.08039160423606118,
    "delta_hat_mean": 4.2263321736194315e-07,
    "delta_hat_std": 8.07754399533164e-06,
    "lambda_t_mean": 0.003675467169353729,
    "lambda_t_std": 4.339591371453838e-19,
    "n_records": 780
  },
  "layer3.1.conv1.weight": {
    "r_t_mean": 0.046475964052173406,
    "r_t_std": 0.015944069204132997,
    "r_t_min": 0.025250940860529262,
    "r_t_max": 0.10404331652677938,
    "delta_hat_mean": 5.173370014741835e-08,
    "delta_hat_std": 2.428297223944971e-06,
    "lambda_t_mean": 0.003675467169353729,
    "lambda_t_std": 4.339591371453838e-19,
    "n_records": 780
  },
  "layer3.1.conv2.weight": {
    "r_t_mean": 0.046383590699415486,
    "r_t_std": 0.0157965356499464,
    "r_t_min": 0.02569980982370194,
    "r_t_max": 0.11108452451348619,
    "delta_hat_mean": -4.404506002455623e-08,
    "delta_hat_std": 1.7815816489661035e-06,
    "lambda_t_mean": 0.003675467169353729,
    "lambda_t_std": 4.339591371453838e-19,
    "n_records": 780
  },
  "layer3.2.conv1.weight": {
    "r_t_mean": 0.04617558257429895,
    "r_t_std": 0.015031338519369363,
    "r_t_min": 0.025871047543962432,
    "r_t_max": 0.1051170632521264,
    "delta_hat_mean": 1.396247386842867e-07,
    "delta_hat_std": 2.2687625661142873e-06,
    "lambda_t_mean": 0.003675467169353729,
    "lambda_t_std": 4.339591371453838e-19,
    "n_records": 780
  },
  "layer3.2.conv2.weight": {
    "r_t_mean": 0.04396412529107975,
    "r_t_std": 0.01237208858542045,
    "r_t_min": 0.026475754653286335,
    "r_t_max": 0.10422707444446974,
    "delta_hat_mean": -7.710608353344712e-08,
    "delta_hat_std": 2.1217710484693576e-06,
    "lambda_t_mean": 0.003675467169353729,
    "lambda_t_std": 4.339591371453838e-19,
    "n_records": 780
  },
  "fc.weight": {
    "r_t_mean": 0.032502582476735674,