{
  "conv1.weight": {
    "r_t_mean": Infinity,
    "r_t_std": NaN,
    "r_t_min": 4.7864824041454153e-05,
    "r_t_max": Infinity,
    "delta_hat_mean": NaN,
    "delta_hat_std": NaN,
    "lambda_t_mean": 0.0001,
    "lambda_t_std": 0.0,
    "n_records": 1126
  },
  "layer1.0.conv1.weight": {
    "r_t_mean": 0.005006748505191912,
    "r_t_std": 0.007391985790565307,
    "r_t_min": 0.00010150078672542608,
    "r_t_max": 0.24988552792659133,
    "delta_hat_mean": -2.3686874249537773e-06,
    "delta_hat_std": 8.663439831539282e-05,
    "lambda_t_mean": 0.0001,
    "lambda_t_std": 0.0,
    "n_records": 1126
  },
  "layer1.0.conv2.weight": {
    "r_t_mean": 0.005368141506704198,
    "r_t_std": 0.014740937450945565,
    "r_t_min": 4.4905106582453e-05,
    "r_t_max": 0.49867104098365994,
    "delta_hat_mean": -2.1458088868952707e-06,
    "delta_hat_std": 5.029469425379183e-05,
    "lambda_t_mean": 0.0001,
    "lambda_t_std": 0.0,
    "n_records": 1126
  },
  "layer1.0.conv3.weight": {
    "r_t_mean": 0.004800810721855951,
    "r_t_std": 0.007724705698825103,
    "r_t_min": 3.919247859777657e-05,
    "r_t_max": 0.2627521579858893,
    "delta_hat_mean": 7.916512797265039e-08,
    "delta_hat_std": 1.1066652912967205e-05,
    "lambda_t_mean": 0.0001,
    "lambda_t_std": 0.0,
    "n_records": 1126
  },
  "layer1.0.downsample.0.weight": {
    "r_t_mean": 0.005429551451353,
    "r_t_std": 0.008253605551718926,
    "r_t_min": 7.483932833503058e-05,
    "r_t_max": 0.27972599784367697,
    "delta_hat_mean": 4.779539709807681e-07,
    "delta_hat_std": 1.878598582212061e-05,
    "lambda_t_mean": 0.0001,
    "lambda_t_std": 0.0,
    "n_records": 1126
  },
  "layer1.1.conv1.weight": {
    "r_t_mean": 0.0041706167953100585,
    "r_t_std": 0.0019689353555768768,
    "r_t_min": 3.684560296689348e-05,
    "r_t_max": 0.06183220871150089,
    "delta_hat_mean": 2.552681377823762e-07,
    "delta_hat_std": 1.6640033768116978e-05,
    "lambda_t_mean": 0.0001,
    "lambda_t_std": 0.0,
    "n_records": 1126
  },
  "layer1.1.conv2.weight": {
    "r_t_mean": 0.0049565178242252424,
    "r_t_std": 0.00884839499628144,
    "r_t_min": 3.84050998444358e-05,
    "r_t_max": 0.30088501847580534,
    "delta_hat_mean": -1.348026543171637e-07,
    "delta_hat_std": 8.155706904149885e-06,
    "lambda_t_mean": 0.0001,
    "lambda_t_std": 0.0,
    "n_records": 1126
  },
  "layer1.1.conv3.weight": {
    "r_t_mean": 0.004534820473034592,
    "r_t_std": 0.004950644609347212,
    "r_t_min": 5.09972817849719e-05,
    "r_t_max": 0.16919545087430704,
    "delta_hat_mean": -8.719451363739198e-08,
    "delta_hat_std": 5.843906225422526e-06,
    "lambda_t_mean": 0.0001,
    "lambda_t_std": 0.0,
    "n_records": 1126
  },
  "layer1.2.conv1.weight": {
    "r_t_mean": 0.0041317815838885835,
    "r_t_std": 0.0014358704693727086,
    "r_t_min": 4.707613281567418e-05,
    "r_t_max": 0.04313521838089573,
    "delta_hat_mean": 2.42444599584809e-09,
    "delta_hat_std": 1.4496314418438432e-05,
    "lambda_t_mean": 0.0001,
    "lambda_t_std": 0.0,
    "n_records": 1126
  },
  "layer1.2.conv2.weight": {
    "r_t_mean": 0.005037634614076884,
    "r_t_std": 0.005976887257114711,
    "r_t_min": 8.885626669443306e-05,
    "r_t_max": 0.20454431328626413,
    "delta_hat_mean": -5.148618771207958e-09,
    "delta_hat_std": 7.33562264090867e-06,
    "lambda_t_mean": 0.0001,
    "lambda_t_std": 0.0,
    "n_records": 1126
  },
  "layer1.2.conv3.weight": {
    "r_t_mean": 0.0046953982926319525,
    "r_t_std": 0.0033825435019409727,
    "r_t_min": 6.779952249566551e-05,
    "r_t_max": 0.11689783753825295,
    "delta_hat_mean": -6.08763939601363e-08,
    "delta_hat_std": 5.789723627298336e-06,
    "lambda_t_mean": 0.0001,
    "lambda_t_std": 0.0,
    "n_records": 1126
  },
  "layer2.0.conv1.weight": {
    "r_t_mean": 0.004680410428096216,
    "r_t_std": 0.0014977271692907727,
    "r_t_min": 4.728922198158228e-05,
    "r_t_max": 0.04719105748742372,
    "delta_hat_mean": 7.671465017841577e-07,
    "delta_hat_std": 1.964019937809508e-05,
    "lambda_t_mean": 0.0001,
    "lambda_t_std": 0.0,
    "n_records": 1126
  },
  "layer2.0.conv2.weight": {
    "r_t_mean": 0.005051966000334431,
    "r_t_std": 0.004829792513989388,
    "r_t_min": 4.817263587520237e-05,
    "r_t_max": 0.16554777584874755,
    "delta_hat_mean": -1.0444299779433979e-07,
    "delta_hat_std": 3.156296504144664e-06,
    "lambda_t_mean": 0.0001,
    "lambda_t_std": 0.0,
    "n_records": 1126
  },
  "layer2.0.conv3.weight": {
    "r_t_mean": 0.004884030671601575,
    "r_t_std": 0.0026329350540908398,
    "r_t_min": 8.65780191872018e-05,
    "r_t_max": 0.0909547568871865,
    "delta_hat_mean": 4.4967305659995204e-08,
    "delta_hat_std": 3.0343097044835838e-06,
    "lambda_t_mean": 0.0001,
    "lambda_t_std": 0.0,
    "n_records": 1126
  },
  "layer2.0.downsample.0.weight": {
    "r_t_mean": 0.004661980666062669,
    "r_t_std": 0.0018328100592590597,
    "r_t_min": 6.868456155111733e-05,
    "r_t_max": 0.06388895405279295,
    "delta_hat_mean": 8.64948638551954e-09,
    "delta_hat_std": 2.812996706548571e-06,
    "lambda_t_mean": 0.0001,
    "lambda_t_std": 0.0,
    "n_records": 1126
  },
  "layer2.1.conv1.weight": {
    "r_t_mean": 0.003651528319343697,
    "r_t_std": 0.0011942605170848929,
    "r_t_min": 3.6029408918605984e-05,
    "r_t_max": 0.022180354431925696,
    "delta_hat_mean": 4.773017382322986e-08,
    "delta_hat_std": 6.003453511958791e-06,
    "lambda_t_mean": 0.0001,
    "lambda_t_std": 0.0,
    "n_records": 1126
  },
  "layer2.1.conv2.weight": {
    "r_t_mean": 0.004993930510346589,
    "r_t_std": 0.003341169880880009,
    "r_t_min": 9.86028753184721e-05,
    "r_t_max": 0.11418071422039124,
    "delta_hat_mean": -1.673436078321413e-07,
    "delta_hat_std": 4.324134025362515e-06,
    "lambda_t_mean": 0.0001,
    "lambda_t_std": 0.0,
    "n_records": 1126
  },
  "layer2.1.conv3.weight": {
    "r_t_mean": 0.0046222059675921,
    "r_t_std": 0.0019505170999601354,
    "r_t_min": 9.912672654683363e-05,
    "r_t_max": 0.06448672606613118,
    "delta_hat_mean": -6.48548444764711e-08,
    "delta_hat_std": 3.369566697039761e-06,
    "lambda_t_mean": 0.0001,
    "lambda_t_std": 0.0,
    "n_records": 1126
  },
  "layer2.2.conv1.weight": {
    "r_t_mean": 0.0039311607366190665,
    "r_t_std": 0.0010707425395921485,
    "r_t_min": 4.279549687955456e-05,
    "r_t_max": 0.015845987830126276,
    "delta_hat_mean": -2.4935072085903023e-07,
    "delta_hat_std": 3.4709946818108015e-06,
    "lambda_t_mean": 0.0001,
    "lambda_t_std": 0.0,
    "n_records": 1126
  },
  "layer2.2.conv2.weight": {
    "r_t_mean": 0.004993184875765488,
    "r_t_std": 0.002306985805058181,
    "r_t_min": 0.0001250389731868342,
    "r_t_max": 0.08018104034124167,
    "delta_hat_mean": 7.727840988340937e-08,
    "delta_hat_std": 2.929464398456242e-06,
    "lambda_t_mean": 0.0001,
    "lambda_t_std": 0.0,
    "n_records": 1126
  },
  "layer2.2.conv3.weight": {
    "r_t_mean": 0.0048409227943762,
    "r_t_std": 0.0013107851618210634,
    "r_t_min": 0.00015154310185985724,
    "r_t_max": 0.04510000447699884,
    "delta_hat_mean": -9.154218553109859e-08,
    "delta_hat_std": 2.0891901876204257e-06,
    "lambda_t_mean": 0.0001,
    "lambda_t_std": 0.0,
    "n_records": 1126
  },
  "layer2.3.conv1.weight": {
    "r_t_mean": 0.004106866101054273,
    "r_t_std": 0.0008443068810540035,
    "r_t_min": 6.213576139649625e-05,
    "r_t_max": 0.011890212443255749,
    "delta_hat_mean": 4.6833141956345754e-08,
    "delta_hat_std": 2.823445841650895e-06,
    "lambda_t_mean": 0.0001,
    "lambda_t_std": 0.0,
    "n_records": 1126
  },
  "layer2.3.conv2.weight": {
    "r_t_mean": 0.005071436986315568,
    "r_t_std": 0.0017957583972689096,
    "r_t_min": 0.0001907035879232482,
    "r_t_max": 0.06141145073883262,
    "delta_hat_mean": -1.0272060874560612e-07,
    "delta_hat_std": 2.9147933476070094e-06,
    "lambda_t_mean": 0.0001,
    "lambda_t_std": 0.0,
    "n_records": 1126
  },