{
  "variant": "UDWDC_v2",
  "method": "UDWDC_v2_UDWDC_v2",
  "K_p": 0.5,
  "K_i": 0.1,
  "K_d": 0.3,
  "is_baseline": false,
  "seed": 456,
  "epochs": 200,
  "best_test_acc": 71.05,
  "final_test_acc": 70.94,
  "final_train_acc": 99.82171474358974,
  "generalization_gap": 28.88171474358974,
  "total_wd_budget": 0.1997444050298469,
  "v2_cumulative_wd_budget": 234044.40036152452,
  "csi": 0.23927653188222675,
  "nan_inf_detected": false,
  "elapsed_sec": 718.3678538799286
}