{
  "features.0.weight": {
    "r_t_mean": 0.017556852606870923,
    "r_t_std": 0.011337557533828254,
    "r_t_min": 0.0018399310462350496,
    "r_t_max": 0.270697416965183,
    "delta_hat_mean": 8.524538978904026e-08,
    "delta_hat_std": 1.774195349010678e-05,
    "lambda_t_mean": 0.00025000002129415297,
    "lambda_t_std": 4.4354944823030665e-09,
    "n_records": 1950
  },
  "features.3.weight": {
    "r_t_mean": 0.017791518223305488,
    "r_t_std": 0.021449432186341537,
    "r_t_min": 0.0009194880884063931,
    "r_t_max": 0.8902690124438067,
    "delta_hat_mean": -2.0546107353805536e-07,
    "delta_hat_std": 4.087149758382098e-06,
    "lambda_t_mean": 0.00024999994864045107,
    "lambda_t_std": 1.0218018629093511e-09,
    "n_records": 1950
  },
  "features.7.weight": {
    "r_t_mean": 0.019141438736892717,
    "r_t_std": 0.013650398316321678,
    "r_t_min": 0.0010610696458034673,
    "r_t_max": 0.5119791848020387,
    "delta_hat_mean": -5.840034197047449e-10,
    "delta_hat_std": 3.19870052063205e-08,
    "lambda_t_mean": 0.0002499999998541836,
    "lambda_t_std": 7.995172828012407e-12,
    "n_records": 1950
  },
  "features.10.weight": {
    "r_t_mean": 0.0205229051531761,
    "r_t_std": 0.015175829602374695,
    "r_t_min": 0.001215280180374977,
    "r_t_max": 0.5995627009284272,
    "delta_hat_mean": -1.5126508434679607e-09,
    "delta_hat_std": 2.474315571188649e-08,
    "lambda_t_mean": 0.00024999999962038055,
    "lambda_t_std": 6.179428379316932e-12,
    "n_records": 1950
  },
  "features.14.weight": {
    "r_t_mean": 0.022788808639616673,
    "r_t_std": 0.010980281157015596,
    "r_t_min": 0.0010988499247315726,
    "r_t_max": 0.3622621859617264,
    "delta_hat_mean": 2.3145269060192275e-08,
    "delta_hat_std": 1.2319376150442526e-06,
    "lambda_t_mean": 0.00025000000578174916,
    "lambda_t_std": 3.0798587458891276e-10,
    "n_records": 1950
  },
  "features.17.weight": {
    "r_t_mean": 0.025282700307611716,
    "r_t_std": 0.013063385073438771,
    "r_t_min": 0.0009465723795372839,
    "r_t_max": 0.42615100190945593,
    "delta_hat_mean": -7.914619457928575e-10,
    "delta_hat_std": 2.2754574375270116e-08,
    "lambda_t_mean": 0.0002499999998032149,
    "lambda_t_std": 5.6888083491377916e-12,
    "n_records": 1950
  },
  "features.20.weight": {
    "r_t_mean": 0.025511061887693823,
    "r_t_std": 0.01245051826834397,
    "r_t_min": 0.0007857369722181464,
    "r_t_max": 0.35922578768645075,
    "delta_hat_mean": 1.220013456168298e-09,
    "delta_hat_std": 2.8724765166275845e-08,
    "lambda_t_mean": 0.0002500000003006378,
    "lambda_t_std": 7.1817159524166565e-12,
    "n_records": 1950
  },
  "features.24.weight": {
    "r_t_mean": 0.02267867661623452,
    "r_t_std": 0.0103508534531021,
    "r_t_min": 0.00038305826400343357,
    "r_t_max": 0.22139662476323918,
    "delta_hat_mean": -1.6698718320784796e-08,
    "delta_hat_std": 6.286979094989657e-07,
    "lambda_t_mean": 0.0002499999958261206,
    "lambda_t_std": 1.5717715838212394e-10,
    "n_records": 1950
  },
  "features.27.weight": {
    "r_t_mean": 0.020603946901454413,
    "r_t_std": 0.010402196999628898,
    "r_t_min": 0.00038113396391349896,
    "r_t_max": 0.2662527731792872,
    "delta_hat_mean": 8.33196513726173e-09,
    "delta_hat_std": 7.987951047246882e-07,
    "lambda_t_mean": 0.00025000000208342784,
    "lambda_t_std": 1.996994655217824e-10,
    "n_records": 1950
  },
  "features.30.weight": {
    "r_t_mean": 0.01691986020821966,
    "r_t_std": 0.008508629142820285,
    "r_t_min": 0.000317474071105206,
    "r_t_max": 0.22685634457655307,
    "delta_hat_mean": 1.3925966784463129e-08,
    "delta_hat_std": 1.1000863027717964e-06,
    "lambda_t_mean": 0.0002500000034787202,
    "lambda_t_std": 2.7502269993807134e-10,
    "n_records": 1950
  },
  "features.34.weight": {
    "r_t_mean": 0.013235273115984934,
    "r_t_std": 0.006121391702947689,
    "r_t_min": 0.00017480026331411863,
    "r_t_max": 0.20948300211729057,
    "delta_hat_mean": -4.4942467839068865e-09,
    "delta_hat_std": 2.3859729565144517e-06,
    "lambda_t_mean": 0.00024999999887718744,
    "lambda_t_std": 5.964931509302855e-10,
    "n_records": 1950
  },
  "features.37.weight": {
    "r_t_mean": 0.013154336890804403,
    "r_t_std": 0.004859450717523789,
    "r_t_min": 0.00032445602568074376,
    "r_t_max": 0.1751852868085548,
    "delta_hat_mean": 4.799512449078673e-08,
    "delta_hat_std": 2.620793805199883e-06,
    "lambda_t_mean": 0.0002500000120014653,
    "lambda_t_std": 6.552004652152317e-10,
    "n_records": 1950
  },
  "features.40.weight": {
    "r_t_mean": 0.01493974100934222,
    "r_t_std": 0.004359377312245596,
    "r_t_min": 0.0010895936933766677,
    "r_t_max": 0.15074167983046388,
    "delta_hat_mean": 4.0615956866947754e-08,
    "delta_hat_std": 2.5935196566171507e-06,
    "lambda_t_mean": 0.000250000010152508,
    "lambda_t_std": 6.483736352425534e-10,
    "n_records": 1950
  },
  "classifier.0.weight": {
    "r_t_mean": 0.01586802914021933,
    "r_t_std": 0.008445855045352951,
    "r_t_min": 0.0030560231253627976,
    "r_t_max": 0.2492241763886709,
    "delta_hat_mean": -2.4852834042879596e-05,
    "delta_hat_std": 0.014456704736168367,
    "lambda_t_mean": 0.00024999378678724875,
    "lambda_t_std": 3.6141761582673776e-06,
    "n_records": 1950
  },
  "classifier.3.weight": {
    "r_t_mean": 0.018389104707266454,
    "r_t_std": 0.00382751682820151,
    "r_t_min": 0.005707032846428197,
    "r_t_max": 0.08464619011116359,
    "delta_hat_mean": 0.0006225667329037157,
    "delta_hat_std": 0.011865377438419561,
    "lambda_t_mean": 0.0002501556416787158,
    "lambda_t_std": 2.966344354014055e-06,
    "n_records": 1950
  },
  "classifier.6.weight": {
    "r_t_mean": 0.021139756864875157,
    "r_t_std": 0.00776255436303005,
    "r_t_min": 0.013629088456348753,
    "r_t_max": 0.22576504737318506,
    "delta_hat_mean": 0.0008547414123028993,
    "delta_hat_std": 0.012474550621571434,
    "lambda_t_mean": 0.0002502136853355987,
    "lambda_t_std": 3.118637623840651e-06,
    "n_records": 1950
  }
}