{
  "conv1.weight": {
    "r_t_mean": 0.02962249885574978,
    "r_t_std": 0.020519214357738364,
    "r_t_min": 0.010548152661598056,
    "r_t_max": 0.48154346953895355,
    "delta_hat_mean": -3.1030295153719396e-06,
    "delta_hat_std": 6.29664144740971e-05,
    "lambda_t_mean": 0.0035349781960879486,
    "lambda_t_std": 0.0011913686104501895,
    "n_records": 780
  },
  "layer1.0.conv1.weight": {
    "r_t_mean": 0.02725411463846727,
    "r_t_std": 0.021497204678347686,
    "r_t_min": 0.009138056244989978,
    "r_t_max": 0.5193159652297941,
    "delta_hat_mean": 8.905792360071365e-07,
    "delta_hat_std": 1.8554215685645314e-05,
    "lambda_t_mean": 0.003153441757768267,
    "lambda_t_std": 0.0008152048622350637,
    "n_records": 780
  },
  "layer1.0.conv2.weight": {
    "r_t_mean": 0.02660782409131613,
    "r_t_std": 0.018721032348881013,
    "r_t_min": 0.010628604244813772,
    "r_t_max": 0.42872674499546143,
    "delta_hat_mean": -3.3452520013518768e-06,
    "delta_hat_std": 4.9669621979243955e-05,
    "lambda_t_mean": 0.003056179306205838,
    "lambda_t_std": 0.0007466112140841028,
    "n_records": 780
  },
  "layer1.1.conv1.weight": {
    "r_t_mean": 0.025586490774733812,
    "r_t_std": 0.014838903541962064,
    "r_t_min": 0.011284073137663398,
    "r_t_max": 0.2933463341238106,
    "delta_hat_mean": -4.755390563936055e-07,
    "delta_hat_std": 2.0911066181355884e-05,
    "lambda_t_mean": 0.0029813820915611197,
    "lambda_t_std": 0.0006694541651055875,
    "n_records": 780
  },
  "layer1.1.conv2.weight": {
    "r_t_mean": 0.025241770794481342,
    "r_t_std": 0.014102592670328524,
    "r_t_min": 0.009661504022106738,
    "r_t_max": 0.27544547724784374,
    "delta_hat_mean": 1.8736981190979573e-07,
    "delta_hat_std": 1.4923818129689374e-05,
    "lambda_t_mean": 0.0028477097727927806,
    "lambda_t_std": 0.0005774000780527042,
    "n_records": 780
  },
  "layer1.2.conv1.weight": {
    "r_t_mean": 0.02576109740437781,
    "r_t_std": 0.014397877149815856,
    "r_t_min": 0.009893545738944482,
    "r_t_max": 0.25881069886972236,
    "delta_hat_mean": 1.5010203010369685e-06,
    "delta_hat_std": 1.2058294387007037e-05,
    "lambda_t_mean": 0.0028737844077783687,
    "lambda_t_std": 0.0006403301999635617,
    "n_records": 780
  },
  "layer1.2.conv2.weight": {
    "r_t_mean": 0.025148320073493716,
    "r_t_std": 0.01301713728362091,
    "r_t_min": 0.006856141767823785,
    "r_t_max": 0.21002314285232154,
    "delta_hat_mean": 2.004102011221302e-07,
    "delta_hat_std": 1.1668313450701534e-05,
    "lambda_t_mean": 0.0027994421238695935,
    "lambda_t_std": 0.0005486274951357458,
    "n_records": 780
  },
  "layer2.0.conv1.weight": {
    "r_t_mean": 0.024818435394959322,
    "r_t_std": 0.011217027164328198,
    "r_t_min": 0.006837163225434262,
    "r_t_max": 0.14939292746102328,
    "delta_hat_mean": -6.956466541383431e-08,
    "delta_hat_std": 1.033732829642689e-05,
    "lambda_t_mean": 0.0027993232328616634,
    "lambda_t_std": 0.0005537491874790788,
    "n_records": 780
  },
  "layer2.0.conv2.weight": {
    "r_t_mean": 0.024387036983451883,
    "r_t_std": 0.011666036420954885,
    "r_t_min": 0.005549686073867611,
    "r_t_max": 0.17796133714484927,
    "delta_hat_mean": -1.0357987575910663e-07,
    "delta_hat_std": 6.569421792762373e-06,
    "lambda_t_mean": 0.0027127062012533643,
    "lambda_t_std": 0.00047941985744265396,
    "n_records": 780
  },
  "layer2.0.shortcut.0.weight": {
    "r_t_mean": 0.02533187194639433,
    "r_t_std": 0.010734609808217903,
    "r_t_min": 0.007966103185953437,
    "r_t_max": 0.05886263553186352,
    "delta_hat_mean": -8.082965279845084e-07,
    "delta_hat_std": 2.898877050452493e-05,
    "lambda_t_mean": 0.002876887142619336,
    "lambda_t_std": 0.0006195846759763922,
    "n_records": 780
  },
  "layer2.1.conv1.weight": {
    "r_t_mean": 0.025589081028591806,
    "r_t_std": 0.013046618874803956,
    "r_t_min": 0.006611336415560065,
    "r_t_max": 0.16401390016677575,
    "delta_hat_mean": 1.1021517364716543e-08,
    "delta_hat_std": 4.188545001024054e-06,
    "lambda_t_mean": 0.002725671603971737,
    "lambda_t_std": 0.000491126552199059,
    "n_records": 780
  },
  "layer2.1.conv2.weight": {
    "r_t_mean": 0.025189457880663433,
    "r_t_std": 0.012271221165205485,
    "r_t_min": 0.0049034914022249325,
    "r_t_max": 0.14287727080351736,
    "delta_hat_mean": -4.4093210992384566e-08,
    "delta_hat_std": 4.2568273174133855e-06,
    "lambda_t_mean": 0.0027087915503885554,
    "lambda_t_std": 0.0004579294126598679,
    "n_records": 780
  },
  "layer2.2.conv1.weight": {
    "r_t_mean": 0.02511928441223266,
    "r_t_std": 0.011814321622483102,
    "r_t_min": 0.006064486740954636,
    "r_t_max": 0.12017491957844054,
    "delta_hat_mean": 1.6834658367041555e-07,
    "delta_hat_std": 4.574849803657239e-06,
    "lambda_t_mean": 0.0027314499826343566,
    "lambda_t_std": 0.0005113456968855185,
    "n_records": 780
  },
  "layer2.2.conv2.weight": {
    "r_t_mean": 0.024774304289524967,
    "r_t_std": 0.011581999129812589,
    "r_t_min": 0.00586048731974827,
    "r_t_max": 0.1096921340423076,
    "delta_hat_mean": -1.3196472466689922e-07,
    "delta_hat_std": 4.471821715821201e-06,
    "lambda_t_mean": 0.002698255287152909,
    "lambda_t_std": 0.0004742706370782289,
    "n_records": 780
  },
  "layer3.0.conv1.weight": {
    "r_t_mean": 0.024198777598309684,
    "r_t_std": 0.010531841199424926,
    "r_t_min": 0.0052741227641091,
    "r_t_max": 0.08251235090370636,
    "delta_hat_mean": -5.1934799593061196e-08,
    "delta_hat_std": 3.3687160256878514e-06,
    "lambda_t_mean": 0.002650088420688644,
    "lambda_t_std": 0.0004469731552343107,
    "n_records": 780
  },
  "layer3.0.conv2.weight": {
    "r_t_mean": 0.02457451013983119,
    "r_t_std": 0.011223613899254779,
    "r_t_min": 0.010455965438276267,
    "r_t_max": 0.11177228427747737,
    "delta_hat_mean": -3.571936544606758e-08,
    "delta_hat_std": 2.7428548848728745e-06,
    "lambda_t_mean": 0.002645820468904881,
    "lambda_t_std": 0.0004355753868829322,
    "n_records": 780
  },
  "layer3.0.shortcut.0.weight": {
    "r_t_mean": 0.023740156366079405,
    "r_t_std": 0.009669963605359627,
    "r_t_min": 0.012049090453003456,
    "r_t_max": 0.054047453092830516,
    "delta_hat_mean": -8.105849575602592e-09,
    "delta_hat_std": 8.290319827067238e-06,
    "lambda_t_mean": 0.0026737504509606394,
    "lambda_t_std": 0.00043355618841292245,
    "n_records": 780
  },
  "layer3.1.conv1.weight": {
    "r_t_mean": 0.024874260756135337,
    "r_t_std": 0.011561544988723868,
    "r_t_min": 0.007348045370259799,
    "r_t_max": 0.1040697909556756,
    "delta_hat_mean": 6.649907914296049e-08,
    "delta_hat_std": 2.401694445459338e-06,
    "lambda_t_mean": 0.0026492774959801027,
    "lambda_t_std": 0.0004344270882024741,
    "n_records": 780
  },
  "layer3.1.conv2.weight": {
    "r_t_mean": 0.024617285716338266,
    "r_t_std": 0.011362645698121175,
    "r_t_min": 0.0087095494821301,
    "r_t_max": 0.11111280934377271,
    "delta_hat_mean": -1.5925729324753692e-07,
    "delta_hat_std": 2.2531709314153417e-06,
    "lambda_t_mean": 0.0026163680374715437,
    "lambda_t_std": 0.00040267328781904473,
    "n_records": 780
  },
  "layer3.2.conv1.weight": {
    "r_t_mean": 0.025860038713856892,
    "r_t_std": 0.012570599047874513,
    "r_t_min": 0.0067308889589090615,
    "r_t_max": 0.10514381426461726,
    "delta_hat_mean": 2.2706437233147666e-07,
    "delta_hat_std": 2.4323000776503893e-06,
    "lambda_t_mean": 0.0027046273180725854,
    "lambda_t_std": 0.00044646022819928036,
    "n_records": 780
  },
  "layer3.2.conv2.weight": {
    "r_t_mean": 0.024571819647271006,
    "r_t_std": 0.010580659446122086,
    "r_t_min": 0.009196798205481001,
    "r_t_max": 0.10425360279804242,
    "delta_hat_mean": 1.2631908115979264e-07,
    "delta_hat_std": 2.21364619499051e-06,
    "lambda_t_mean": 0.002681678055076131,
    "lambda_t_std": 0.00043935702965417124,
    "n_records": 780
  },