{
  "conv1.weight": {
    "r_t_mean": 0.04339235524618197,
    "r_t_std": 0.030068222991336904,
    "r_t_min": 0.01912158795437135,
    "r_t_max": 0.48125133671618003,
    "delta_hat_mean": 7.665080995663173e-07,
    "delta_hat_std": 3.8380896988040825e-05,
    "lambda_t_mean": 2.0311436912746392e-05,
    "lambda_t_std": 0.0,
    "n_records": 780
  },
  "layer1.0.conv1.weight": {
    "r_t_mean": 0.04296823406166416,
    "r_t_std": 0.026530106720089337,
    "r_t_min": 0.02297655953590931,
    "r_t_max": 0.519000861319847,
    "delta_hat_mean": 5.173113457282796e-07,
    "delta_hat_std": 1.0518997077858912e-05,
    "lambda_t_mean": 2.0311436912746392e-05,
    "lambda_t_std": 0.0,
    "n_records": 780
  },
  "layer1.0.conv2.weight": {
    "r_t_mean": 0.04192232812905201,
    "r_t_std": 0.023759793214690128,
    "r_t_min": 0.02317749596150284,
    "r_t_max": 0.42846658178031394,
    "delta_hat_mean": -5.646105383854241e-07,
    "delta_hat_std": 8.120882163366461e-06,
    "lambda_t_mean": 2.0311436912746392e-05,
    "lambda_t_std": 0.0,
    "n_records": 780
  },
  "layer1.1.conv1.weight": {
    "r_t_mean": 0.04281343530659248,
    "r_t_std": 0.019026928929407633,
    "r_t_min": 0.025535310440851566,
    "r_t_max": 0.2931683234648461,
    "delta_hat_mean": 3.0256057668951394e-07,
    "delta_hat_std": 7.746939328049076e-06,
    "lambda_t_mean": 2.0311436912746392e-05,
    "lambda_t_std": 0.0,
    "n_records": 780
  },
  "layer1.1.conv2.weight": {
    "r_t_mean": 0.042572991850440445,
    "r_t_std": 0.018429266527468416,
    "r_t_min": 0.022895636884160266,
    "r_t_max": 0.2752783524751333,
    "delta_hat_mean": 2.2290502135373477e-07,
    "delta_hat_std": 7.216708670301734e-06,
    "lambda_t_mean": 2.0311436912746392e-05,
    "lambda_t_std": 0.0,
    "n_records": 780
  },
  "layer1.2.conv1.weight": {
    "r_t_mean": 0.045340221419300976,
    "r_t_std": 0.016107473744825834,
    "r_t_min": 0.026016863207932634,
    "r_t_max": 0.2586536887752113,
    "delta_hat_mean": 7.601056909587684e-08,
    "delta_hat_std": 7.476729669045276e-06,
    "lambda_t_mean": 2.0311436912746392e-05,
    "lambda_t_std": 0.0,
    "n_records": 780
  },
  "layer1.2.conv2.weight": {
    "r_t_mean": 0.04217258714710019,
    "r_t_std": 0.01617576621046164,
    "r_t_min": 0.024820817613542854,
    "r_t_max": 0.20989570288163434,
    "delta_hat_mean": -1.6690683904774808e-08,
    "delta_hat_std": 7.016991685827501e-06,
    "lambda_t_mean": 2.0311436912746392e-05,
    "lambda_t_std": 0.0,
    "n_records": 780
  },
  "layer2.0.conv1.weight": {
    "r_t_mean": 0.04186773113422253,
    "r_t_std": 0.016777085492736224,
    "r_t_min": 0.02343681422386703,
    "r_t_max": 0.14930227943511096,
    "delta_hat_mean": -2.035784506805618e-07,
    "delta_hat_std": 7.338416273041057e-06,
    "lambda_t_mean": 2.0311436912746392e-05,
    "lambda_t_std": 0.0,
    "n_records": 780
  },
  "layer2.0.conv2.weight": {
    "r_t_mean": 0.04366270589818034,
    "r_t_std": 0.019577762259326253,
    "r_t_min": 0.024190189935014123,
    "r_t_max": 0.18029902052749067,
    "delta_hat_mean": -2.2116861389602897e-08,
    "delta_hat_std": 4.642701190085186e-06,
    "lambda_t_mean": 2.0311436912746392e-05,
    "lambda_t_std": 0.0,
    "n_records": 780
  },
  "layer2.0.shortcut.0.weight": {
    "r_t_mean": 0.034654243777000576,
    "r_t_std": 0.010260873222907356,
    "r_t_min": 0.01865663060682181,
    "r_t_max": 0.0832507243751345,
    "delta_hat_mean": -3.710248612229168e-07,
    "delta_hat_std": 1.732724030993093e-05,
    "lambda_t_mean": 2.0311436912746392e-05,
    "lambda_t_std": 0.0,
    "n_records": 780
  },
  "layer2.1.conv1.weight": {
    "r_t_mean": 0.04542270022238719,
    "r_t_std": 0.018312221141509696,
    "r_t_min": 0.02635293103146804,
    "r_t_max": 0.1639143692563857,
    "delta_hat_mean": -1.4212881327071776e-07,
    "delta_hat_std": 3.5177986352320525e-06,
    "lambda_t_mean": 2.0311436912746392e-05,
    "lambda_t_std": 0.0,
    "n_records": 780
  },
  "layer2.1.conv2.weight": {
    "r_t_mean": 0.04404842674692023,
    "r_t_std": 0.016960582639344243,
    "r_t_min": 0.025536346156897174,
    "r_t_max": 0.14279057389191285,
    "delta_hat_mean": -4.083269175430688e-08,
    "delta_hat_std": 3.616916405367285e-06,
    "lambda_t_mean": 2.0311436912746392e-05,
    "lambda_t_std": 0.0,
    "n_records": 780
  },
  "layer2.2.conv1.weight": {
    "r_t_mean": 0.04667431519460679,
    "r_t_std": 0.015254596433926048,
    "r_t_min": 0.026827794562960115,
    "r_t_max": 0.12010199121820464,
    "delta_hat_mean": -5.588180154227109e-08,
    "delta_hat_std": 3.0956377300160923e-06,
    "lambda_t_mean": 2.0311436912746392e-05,
    "lambda_t_std": 0.0,
    "n_records": 780
  },
  "layer2.2.conv2.weight": {
    "r_t_mean": 0.044163211838143486,
    "r_t_std": 0.014794293085903939,
    "r_t_min": 0.025537248645067297,
    "r_t_max": 0.12059728332765683,
    "delta_hat_mean": 3.9039143249721174e-08,
    "delta_hat_std": 3.375195202851561e-06,
    "lambda_t_mean": 2.0311436912746392e-05,
    "lambda_t_std": 0.0,
    "n_records": 780
  },
  "layer3.0.conv1.weight": {
    "r_t_mean": 0.043651471897933516,
    "r_t_std": 0.014978423598558263,
    "r_t_min": 0.024758246929920548,
    "r_t_max": 0.10962164889371143,
    "delta_hat_mean": -9.810489738416896e-08,
    "delta_hat_std": 3.3481030578397893e-06,
    "lambda_t_mean": 2.0311436912746392e-05,
    "lambda_t_std": 0.0,
    "n_records": 780
  },
  "layer3.0.conv2.weight": {
    "r_t_mean": 0.04815985186762257,
    "r_t_std": 0.01658234023361784,
    "r_t_min": 0.028064727710682566,
    "r_t_max": 0.126214083787819,
    "delta_hat_mean": -2.013651418286973e-08,
    "delta_hat_std": 1.897848244339967e-06,
    "lambda_t_mean": 2.0311436912746392e-05,
    "lambda_t_std": 0.0,
    "n_records": 780
  },
  "layer3.0.shortcut.0.weight": {
    "r_t_mean": 0.032274979742312464,
    "r_t_std": 0.00948461889548442,
    "r_t_min": 0.01906660490763555,
    "r_t_max": 0.07330558951058522,
    "delta_hat_mean": -3.6709635090130925e-08,
    "delta_hat_std": 7.722296683435836e-06,
    "lambda_t_mean": 2.0311436912746392e-05,
    "lambda_t_std": 0.0,
    "n_records": 780
  },
  "layer3.1.conv1.weight": {
    "r_t_mean": 0.04824992764051694,
    "r_t_std": 0.016820123574366734,
    "r_t_min": 0.028879688526023316,
    "r_t_max": 0.12505001203978647,
    "delta_hat_mean": -5.0005605070695515e-08,
    "delta_hat_std": 1.7545685931024503e-06,
    "lambda_t_mean": 2.0311436912746392e-05,
    "lambda_t_std": 0.0,
    "n_records": 780
  },
  "layer3.1.conv2.weight": {
    "r_t_mean": 0.04815363991680375,
    "r_t_std": 0.013956906806020778,
    "r_t_min": 0.030478455429414786,
    "r_t_max": 0.1110453820154066,
    "delta_hat_mean": -5.462010488827993e-08,
    "delta_hat_std": 1.7114864588244539e-06,
    "lambda_t_mean": 2.0311436912746392e-05,
    "lambda_t_std": 0.0,
    "n_records": 780
  },
  "layer3.2.conv1.weight": {
    "r_t_mean": 0.04886438776558752,
    "r_t_std": 0.012713442712015157,
    "r_t_min": 0.031252781117486354,
    "r_t_max": 0.10508001586557267,
    "delta_hat_mean": -5.706210064260767e-08,
    "delta_hat_std": 1.6931115589185703e-06,
    "lambda_t_mean": 2.0311436912746392e-05,
    "lambda_t_std": 0.0,
    "n_records": 780
  },
  "layer3.2.conv2.weight": {
    "r_t_mean": 0.043794101589128304,
    "r_t_std": 0.012602605428670784,
    "r_t_min": 0.027753478344936494,
    "r_t_max": 0.10419035689795869,
    "delta_hat_mean": -9.32780612140951e-08,
    "delta_hat_std": 1.5465665588845364e-06,
    "lambda_t_mean": 2.0311436912746392e-05,
    "lambda_t_std": 0.0,
    "n_records": 780
  },
  "fc.weight": {
    "r_t_mean": 0.030499161372845324,
    "r_t_std": 0.022135388707832063,
    "r_t_min": 0.014497736207604032,
    "r_t_max": 0.17820510953159688,
    "delta_hat_mean": -0.004414920671219172,
    "delta_hat_std": 0.006594025160770774,
    "lambda_t_mean": 2.0311436912746392e-05,
    "lambda_t_std": 0.0,
    "n_records": 780
  }
}