{
  "task_id": "pilot_feasibility",
  "status": "GO",
  "config": {
    "backbone": "Dream-7B-Instruct",
    "variant": "mlp",
    "d_model": 3584,
    "vocab_size": 152064,
    "num_samples": 16,
    "seq_len": 256,
    "num_denoise_steps": 20,
    "seed": 42
  },
  "experiment_1_lr_sweep": {
    "lrs_tested": [
      0.0001,
      0.001,
      0.01,
      0.05,
      0.1
    ],
    "best_lr": 0.1,
    "best_decrease_pct": 33.26896331014233,
    "results": {
      "0.0001": {
        "lr": 0.0001,
        "avg_trajectory": [
          11.948837876319885,
          11.947555899620056,
          11.952295660972595,
          11.956324577331543,
          11.960402727127075,
          11.963330268859863,
          11.957152366638184,
          11.96235704421997,
          11.969347715377808,
          11.970391035079956,
          11.968676209449768,
          11.96961534023285,
          11.971449732780457,
          11.972618818283081,
          11.974812507629395,
          11.975659251213074,
          11.975059151649475,
          11.977743744850159,
          11.978909015655518,
          11.975887537002563
        ],
        "first_3_avg": 11.949563145637512,
        "last_3_avg": 11.977513432502747,
        "loss_decrease_pct": -0.23390216466146152,
        "monotonicity_pct": 26.31578947368421,
        "max_grad_norm": 2.9375,
        "max_fw_norm": 80.00025796890259,
        "has_nan_inf": false
      },
      "0.001": {
        "lr": 0.001,
        "avg_trajectory": [
          11.951626300811768,
          11.967510223388672,
          11.961199760437012,
          11.968518495559692,
          11.969700932502747,
          11.969797730445862,
          11.967957258224487,
          11.968069911003113,
          11.963590502738953,
          11.961220622062683,
          11.961460590362549,
          11.960996508598328,
          11.962191224098206,
          11.961631298065186,
          11.961266040802002,
          11.960981011390686,
          11.962579011917114,
          11.960890412330627,
          11.960034728050232,
          11.96018385887146
        ],
        "first_3_avg": 11.96011209487915,
        "last_3_avg": 11.96036966641744,
        "loss_decrease_pct": -0.0021535879952183905,
        "monotonicity_pct": 52.63157894736842,
        "max_grad_norm": 2.953125,
        "max_fw_norm": 80.00253677368164,
        "has_nan_inf": false
      },
      "0.01": {
        "lr": 0.01,
        "avg_trajectory": [
          11.951626300811768,
          11.950028777122498,
          11.935844898223877,
          11.936501383781433,
          11.934489250183105,
          11.92821753025055,
          11.92380177974701,
          11.921737909317017,
          11.913612008094788,
          11.907805442810059,
          11.903340220451355,
          11.899649858474731,
          11.896865725517273,
          11.893200755119324,
          11.889123916625977,
          11.881833910942078,
          11.879131078720093,
          11.871371388435364,
          11.866497039794922,
          11.85797667503357
        ],
        "first_3_avg": 11.945833325386047,
        "last_3_avg": 11.865281701087952,
        "loss_decrease_pct": 0.6743072844228936,
        "monotonicity_pct": 94.73684210526315,
        "max_grad_norm": 2.953125,
        "max_fw_norm": 80.02590942382812,
        "has_nan_inf": false
      },
      "0.05": {
        "lr": 0.05,
        "avg_trajectory": [
          11.951626300811768,
          11.769108057022095,
          11.653890490531921,
          11.576567769050598,
          11.502302289009094,
          11.430070996284485,
          11.359362006187439,
          11.284232020378113,
          11.191829442977905,
          11.132866024971008,
          11.087083339691162,
          11.054733157157898,
          11.015886664390564,
          10.964319229125977,
          10.911466240882874,
          10.845160961151123,
          10.784936428070068,
          10.717080473899841,
          10.662625908851624,
          10.573187947273254
        ],
        "first_3_avg": 11.791541616121927,
        "last_3_avg": 10.650964776674906,
        "loss_decrease_pct": 9.672839027999302,
        "monotonicity_pct": 100.0,
        "max_grad_norm": 3.453125,
        "max_fw_norm": 80.084716796875,
        "has_nan_inf": false
      },
      "0.1": {
        "lr": 0.1,
        "avg_trajectory": [
          11.951626300811768,
          11.524490237236023,
          11.251578450202942,
          11.015270113945007,
          10.770952105522156,
          10.527598261833191,
          10.31640899181366,
          10.11024022102356,
          9.887684345245361,
          9.673902869224548,
          9.436290740966797,
          9.220304548740387,
          8.972733438014984,
          8.719075918197632,
          8.497459530830383,
          8.276538491249084,
          8.08815598487854,
          7.898041844367981,
          7.740284502506256,
          7.535824537277222
        ],
        "first_3_avg": 11.57589832941691,
        "last_3_avg": 7.72471696138382,
        "loss_decrease_pct": 33.26896331014233,
        "monotonicity_pct": 100.0,
        "max_grad_norm": 3.046875,
        "max_fw_norm": 80.145751953125,
        "has_nan_inf": false
      }
    }
  },
  "experiment_2_meta_training": {
    "num_steps": 100,
    "k_unroll": 4,
    "meta_lr": 0.0001,
    "ttt_lr": 0.1,
    "first_10_avg": 11.115480542182922,
    "last_10_avg": 5.2543127834796906,
    "decrease_pct": 52.72977390820191,