{
  "conv1.weight": {
    "r_t_mean": 0.0055909007204855464,
    "r_t_std": 0.01734050504209031,
    "r_t_min": 0.0019370548653946283,
    "r_t_max": 0.4812525199231324,
    "delta_hat_mean": -8.323051695778251e-07,
    "delta_hat_std": 4.502134521463029e-05,
    "lambda_t_mean": 1.4485220289258957e-05,
    "lambda_t_std": 4.966446552965636e-07,
    "n_records": 780
  },
  "layer1.0.conv1.weight": {
    "r_t_mean": 0.005660907719527342,
    "r_t_std": 0.01857179097622608,
    "r_t_min": 0.0023163385657432737,
    "r_t_max": 0.5190022730013757,
    "delta_hat_mean": -1.488905272732192e-06,
    "delta_hat_std": 1.3404817620567695e-05,
    "lambda_t_mean": 1.4478155867335036e-05,
    "lambda_t_std": 3.958741002025076e-07,
    "n_records": 780
  },
  "layer1.0.conv2.weight": {
    "r_t_mean": 0.005689707714144375,
    "r_t_std": 0.015348082404042809,
    "r_t_min": 0.0023995482995401106,
    "r_t_max": 0.42846781633526093,
    "delta_hat_mean": -7.568447131666982e-07,
    "delta_hat_std": 1.0124251116169495e-05,
    "lambda_t_mean": 1.4475462365713537e-05,
    "lambda_t_std": 3.1691567430280373e-07,
    "n_records": 780
  },
  "layer1.1.conv1.weight": {
    "r_t_mean": 0.00571632663302657,
    "r_t_std": 0.010556417990822865,
    "r_t_min": 0.0024115798944555826,
    "r_t_max": 0.2931691057210458,
    "delta_hat_mean": -1.3819337884986756e-06,
    "delta_hat_std": 9.499997043735017e-06,
    "lambda_t_mean": 1.4479817104661869e-05,
    "lambda_t_std": 3.0842051244292746e-07,
    "n_records": 780
  },
  "layer1.1.conv2.weight": {
    "r_t_mean": 0.005750267211675623,
    "r_t_std": 0.009908251091190251,
    "r_t_min": 0.0024879250790943797,
    "r_t_max": 0.27527911863951726,
    "delta_hat_mean": -5.476251584566555e-07,
    "delta_hat_std": 1.0480686334602593e-05,
    "lambda_t_mean": 1.4484413848491088e-05,
    "lambda_t_std": 3.3529870908899613e-07,
    "n_records": 780
  },
  "layer1.2.conv1.weight": {
    "r_t_mean": 0.006252016656421157,
    "r_t_std": 0.009249845488519868,
    "r_t_min": 0.0029268539175133427,
    "r_t_max": 0.25865438179319045,
    "delta_hat_mean": -1.0246761333233004e-06,
    "delta_hat_std": 8.19471678468822e-06,
    "lambda_t_mean": 1.4483139655731485e-05,
    "lambda_t_std": 3.0421467753146904e-07,
    "n_records": 780
  },
  "layer1.2.conv2.weight": {
    "r_t_mean": 0.005931300274371509,
    "r_t_std": 0.007571259041296372,
    "r_t_min": 0.0030833357543825005,
    "r_t_max": 0.2098962691329355,
    "delta_hat_mean": -7.805862460248847e-07,
    "delta_hat_std": 8.565490451197174e-06,
    "lambda_t_mean": 1.4493752417920014e-05,
    "lambda_t_std": 2.96964779876105e-07,
    "n_records": 780
  },
  "layer2.0.conv1.weight": {
    "r_t_mean": 0.005797125434161245,
    "r_t_std": 0.0057644891606716325,
    "r_t_min": 0.002521989718129857,
    "r_t_max": 0.1493026780497852,
    "delta_hat_mean": -6.947049586680229e-07,
    "delta_hat_std": 1.017203676707162e-05,
    "lambda_t_mean": 1.4503316819735558e-05,
    "lambda_t_std": 2.2405989901605997e-07,
    "n_records": 780
  },
  "layer2.0.conv2.weight": {
    "r_t_mean": 0.005811595500730342,
    "r_t_std": 0.00678651692627187,
    "r_t_min": 0.002675317670646175,
    "r_t_max": 0.17785383104532068,
    "delta_hat_mean": -7.570123428033654e-07,
    "delta_hat_std": 5.634272792675203e-06,
    "lambda_t_mean": 1.4484962203804434e-05,
    "lambda_t_std": 1.3675506891287704e-07,
    "n_records": 780
  },
  "layer2.0.shortcut.0.weight": {
    "r_t_mean": 0.004896578818353055,
    "r_t_std": 0.003245548042830943,
    "r_t_min": 0.0019525544703801034,
    "r_t_max": 0.04056760467038568,
    "delta_hat_mean": -1.4104973222773564e-06,
    "delta_hat_std": 4.0217936317224395e-05,
    "lambda_t_mean": 1.44774621788538e-05,
    "lambda_t_std": 4.965310582828246e-07,
    "n_records": 780
  },
  "layer2.1.conv1.weight": {
    "r_t_mean": 0.005991696829285017,
    "r_t_std": 0.00612804053001283,
    "r_t_min": 0.002768956928637924,
    "r_t_max": 0.1639148124667475,
    "delta_hat_mean": -8.133417281452893e-07,
    "delta_hat_std": 4.522692299991829e-06,
    "lambda_t_mean": 1.4489466178671445e-05,
    "lambda_t_std": 1.5699780419158947e-07,
    "n_records": 780
  },
  "layer2.1.conv2.weight": {
    "r_t_mean": 0.005873673687361208,
    "r_t_std": 0.0054707826818002165,
    "r_t_min": 0.0027666680356033904,
    "r_t_max": 0.14279095888625792,
    "delta_hat_mean": -1.2343054435449155e-06,
    "delta_hat_std": 4.5745516036721334e-06,
    "lambda_t_mean": 1.4490377464336434e-05,
    "lambda_t_std": 1.492588552496984e-07,
    "n_records": 780
  },
  "layer2.2.conv1.weight": {
    "r_t_mean": 0.00613196510606282,
    "r_t_std": 0.00491776692207302,
    "r_t_min": 0.003048605358524314,
    "r_t_max": 0.12010230609095228,
    "delta_hat_mean": -7.856179008564911e-07,
    "delta_hat_std": 4.344229600741727e-06,
    "lambda_t_mean": 1.4489240391691407e-05,
    "lambda_t_std": 1.4455934075696135e-07,
    "n_records": 780
  },
  "layer2.2.conv2.weight": {
    "r_t_mean": 0.005803496879395987,
    "r_t_std": 0.004492514500778652,
    "r_t_min": 0.002867185791589947,
    "r_t_max": 0.10962586999170006,
    "delta_hat_mean": -8.632114669046208e-07,
    "delta_hat_std": 4.255351917260994e-06,
    "lambda_t_mean": 1.448742587836789e-05,
    "lambda_t_std": 1.4083111102304258e-07,
    "n_records": 780
  },
  "layer3.0.conv1.weight": {
    "r_t_mean": 0.0057294452282533725,
    "r_t_std": 0.003995494516770876,
    "r_t_min": 0.002583678521128917,
    "r_t_max": 0.08246250417507622,
    "delta_hat_mean": -1.0290660802808177e-06,
    "delta_hat_std": 3.835898188278867e-06,
    "lambda_t_mean": 1.4492875440801216e-05,
    "lambda_t_std": 1.0787261046001666e-07,
    "n_records": 780
  },
  "layer3.0.conv2.weight": {
    "r_t_mean": 0.006001801832194378,
    "r_t_std": 0.004845545286892208,
    "r_t_min": 0.0028438499119771907,
    "r_t_max": 0.11170476024153932,
    "delta_hat_mean": -1.106683444772007e-06,
    "delta_hat_std": 2.507033782228625e-06,
    "lambda_t_mean": 1.4497313850783902e-05,
    "lambda_t_std": 6.99227952918761e-08,
    "n_records": 780
  },
  "layer3.0.shortcut.0.weight": {
    "r_t_mean": 0.004632529893374784,
    "r_t_std": 0.0030636329756167755,
    "r_t_min": 0.0019095520507494397,
    "r_t_max": 0.028813443120292596,
    "delta_hat_mean": -1.105886935129719e-06,
    "delta_hat_std": 9.268816709805665e-06,
    "lambda_t_mean": 1.4473778761770645e-05,
    "lambda_t_std": 2.498999503515325e-07,
    "n_records": 780
  },
  "layer3.1.conv1.weight": {
    "r_t_mean": 0.0062720945067778954,
    "r_t_std": 0.004530000636607115,
    "r_t_min": 0.003186652163966066,
    "r_t_max": 0.10400692145510382,
    "delta_hat_mean": -9.733305885856903e-07,
    "delta_hat_std": 2.252043342039907e-06,
    "lambda_t_mean": 1.4488547846126978e-05,
    "lambda_t_std": 7.292005266620787e-08,
    "n_records": 780
  },
  "layer3.1.conv2.weight": {
    "r_t_mean": 0.006274840309637901,
    "r_t_std": 0.004624682162645313,
    "r_t_min": 0.003284517447844274,
    "r_t_max": 0.1110456807963411,
    "delta_hat_mean": -9.323332119946757e-07,
    "delta_hat_std": 1.7463115330777779e-06,
    "lambda_t_mean": 1.4498973116800743e-05,
    "lambda_t_std": 7.554415913501581e-08,
    "n_records": 780
  },
  "layer3.2.conv1.weight": {
    "r_t_mean": 0.006031468804582003,
    "r_t_std": 0.004784491708652513,
    "r_t_min": 0.0029674476348185356,
    "r_t_max": 0.105080297413862,
    "delta_hat_mean": -9.70392614954645e-07,
    "delta_hat_std": 2.254033996450363e-06,
    "lambda_t_mean": 1.44868372108727e-05,
    "lambda_t_std": 7.933719507591018e-08,
    "n_records": 780
  },
  "layer3.2.conv2.weight": {
    "r_t_mean": 0.005927751081051346,
    "r_t_std": 0.004649437619478646,
    "r_t_min": 0.003006445869168267,
    "r_t_max": 0.10419063610289034,
    "delta_hat_mean": -9.182492993481537e-07,
    "delta_hat_std": 1.9804983385614876e-06,
    "lambda_t_mean": 1.449521611780347e-05,
    "lambda_t_std": 8.993619931171053e-08,