{
  "conv1.weight": {
    "r_t_mean": 0.10972829561223357,
    "r_t_std": 0.0323594452710474,
    "r_t_min": 0.050394584256537776,
    "r_t_max": 0.4813084823963346,
    "delta_hat_mean": -3.02683239397539e-06,
    "delta_hat_std": 4.183609016474118e-05,
    "lambda_t_mean": 0.006028514281061438,
    "lambda_t_std": 0.0008269439589066632,
    "n_records": 780
  },
  "layer1.0.conv1.weight": {
    "r_t_mean": 0.10147720412330843,
    "r_t_std": 0.028398868724588463,
    "r_t_min": 0.056363333687470714,
    "r_t_max": 0.5190624937986195,
    "delta_hat_mean": 7.246308549396073e-07,
    "delta_hat_std": 8.902214540952544e-06,
    "lambda_t_mean": 0.00557268423938916,
    "lambda_t_std": 0.0004833649182974284,
    "n_records": 780
  },
  "layer1.0.conv2.weight": {
    "r_t_mean": 0.10032321486562133,
    "r_t_std": 0.02566547140751201,
    "r_t_min": 0.057944546870848594,
    "r_t_max": 0.42851751307856784,
    "delta_hat_mean": -4.602175027598102e-07,
    "delta_hat_std": 9.895164807932332e-06,
    "lambda_t_mean": 0.005491743818092797,
    "lambda_t_std": 0.00043573890435450157,
    "n_records": 780
  },
  "layer1.1.conv1.weight": {
    "r_t_mean": 0.10295735760050385,
    "r_t_std": 0.02725710234597236,
    "r_t_min": 0.05618699301485847,
    "r_t_max": 0.29320316800050167,
    "delta_hat_mean": -5.700266513919417e-07,
    "delta_hat_std": 9.338147520724023e-06,
    "lambda_t_mean": 0.00555508058956421,
    "lambda_t_std": 0.0005021519129414753,
    "n_records": 780
  },
  "layer1.1.conv2.weight": {
    "r_t_mean": 0.100602696631312,
    "r_t_std": 0.02454421567702059,
    "r_t_min": 0.06036534544095836,
    "r_t_max": 0.27531104594691463,
    "delta_hat_mean": 1.4185101039912796e-07,
    "delta_hat_std": 7.82297888538901e-06,
    "lambda_t_mean": 0.005498912354801979,
    "lambda_t_std": 0.0004462988800769348,
    "n_records": 780
  },
  "layer1.2.conv1.weight": {
    "r_t_mean": 0.10409449637638024,
    "r_t_std": 0.027097499703578897,
    "r_t_min": 0.047935354595360066,
    "r_t_max": 0.2586843983659966,
    "delta_hat_mean": 6.279273747793013e-07,
    "delta_hat_std": 8.04229107406175e-06,
    "lambda_t_mean": 0.005492547864558559,
    "lambda_t_std": 0.00044677269356856896,
    "n_records": 780
  },
  "layer1.2.conv2.weight": {
    "r_t_mean": 0.10014843098268461,
    "r_t_std": 0.023721812456148125,
    "r_t_min": 0.05457110793222378,
    "r_t_max": 0.20992064261348523,
    "delta_hat_mean": 5.0701592195323265e-08,
    "delta_hat_std": 7.548302988294028e-06,
    "lambda_t_mean": 0.005486517855766335,
    "lambda_t_std": 0.00044408953565891387,
    "n_records": 780
  },
  "layer2.0.conv1.weight": {
    "r_t_mean": 0.0995295692194914,
    "r_t_std": 0.02039949785289996,
    "r_t_min": 0.05631394070158713,
    "r_t_max": 0.1771031933779871,
    "delta_hat_mean": 1.5100168037330573e-07,
    "delta_hat_std": 7.818946665353499e-06,
    "lambda_t_mean": 0.005436455522851753,
    "lambda_t_std": 0.00039750832099833997,
    "n_records": 780
  },
  "layer2.0.conv2.weight": {
    "r_t_mean": 0.09961160970554435,
    "r_t_std": 0.02030548825952163,
    "r_t_min": 0.06392446532529213,
    "r_t_max": 0.1778744711173285,
    "delta_hat_mean": -2.2638550662580386e-08,
    "delta_hat_std": 4.776095195790117e-06,
    "lambda_t_mean": 0.005400580247025209,
    "lambda_t_std": 0.00036482530640556606,
    "n_records": 780
  },
  "layer2.0.shortcut.0.weight": {
    "r_t_mean": 0.09449036707656852,
    "r_t_std": 0.021179120884508216,
    "r_t_min": 0.025707003911913353,
    "r_t_max": 0.16785643439331382,
    "delta_hat_mean": -1.3861469168406032e-06,
    "delta_hat_std": 1.786831563422857e-05,
    "lambda_t_mean": 0.005478241259790392,
    "lambda_t_std": 0.0004158370444878134,
    "n_records": 780
  },
  "layer2.1.conv1.weight": {
    "r_t_mean": 0.10259329741229066,
    "r_t_std": 0.02349825439921095,
    "r_t_min": 0.061586081012931115,
    "r_t_max": 0.17140860188024623,
    "delta_hat_mean": -1.1016419725795874e-07,
    "delta_hat_std": 3.4695514494549386e-06,
    "lambda_t_mean": 0.005430316053716224,
    "lambda_t_std": 0.00037926460514070185,
    "n_records": 780
  },
  "layer2.1.conv2.weight": {
    "r_t_mean": 0.10152408251621584,
    "r_t_std": 0.023429140263397197,
    "r_t_min": 0.059365923904365694,
    "r_t_max": 0.16816753089208553,
    "delta_hat_mean": 4.5643319597961823e-08,
    "delta_hat_std": 3.5660437760426733e-06,
    "lambda_t_mean": 0.005393909205857949,
    "lambda_t_std": 0.00036415099967776607,
    "n_records": 780
  },
  "layer2.2.conv1.weight": {
    "r_t_mean": 0.10415002332593523,
    "r_t_std": 0.02377584590348563,
    "r_t_min": 0.04761801602346531,
    "r_t_max": 0.19007407523052794,
    "delta_hat_mean": 2.4018076412339713e-09,
    "delta_hat_std": 3.5637143284490936e-06,
    "lambda_t_mean": 0.005431579976090116,
    "lambda_t_std": 0.0003888921250322891,
    "n_records": 780
  },
  "layer2.2.conv2.weight": {
    "r_t_mean": 0.1009779859818919,
    "r_t_std": 0.022750935172239237,
    "r_t_min": 0.06093372601904632,
    "r_t_max": 0.1731193990360045,
    "delta_hat_mean": -2.8121041462616003e-07,
    "delta_hat_std": 3.748208688139564e-06,
    "lambda_t_mean": 0.005391813876520182,
    "lambda_t_std": 0.00035431378663706693,
    "n_records": 780
  },
  "layer3.0.conv1.weight": {
    "r_t_mean": 0.09959820634925975,
    "r_t_std": 0.020205934135720492,
    "r_t_min": 0.05880584382959926,
    "r_t_max": 0.16644787436315414,
    "delta_hat_mean": 1.1236472933417437e-07,
    "delta_hat_std": 3.295103687142258e-06,
    "lambda_t_mean": 0.005373202750011995,
    "lambda_t_std": 0.00035150435406878036,
    "n_records": 780
  },
  "layer3.0.conv2.weight": {
    "r_t_mean": 0.10379331111583966,
    "r_t_std": 0.021980879793098557,
    "r_t_min": 0.06911560773710759,
    "r_t_max": 0.1773665983665027,
    "delta_hat_mean": 7.438513582641439e-08,
    "delta_hat_std": 2.0495287884974627e-06,
    "lambda_t_mean": 0.005356719719365846,
    "lambda_t_std": 0.00034043996512661496,
    "n_records": 780
  },
  "layer3.0.shortcut.0.weight": {
    "r_t_mean": 0.0907542304524457,
    "r_t_std": 0.01886643180479424,
    "r_t_min": 0.025470213562940523,
    "r_t_max": 0.15132449493768108,
    "delta_hat_mean": -2.242668568705973e-07,
    "delta_hat_std": 7.851039326029488e-06,
    "lambda_t_mean": 0.00537693100784023,
    "lambda_t_std": 0.0003573586663050787,
    "n_records": 780
  },
  "layer3.1.conv1.weight": {
    "r_t_mean": 0.10405268694436476,
    "r_t_std": 0.021963928117079642,
    "r_t_min": 0.06506846594568404,
    "r_t_max": 0.17702717650996558,
    "delta_hat_mean": 1.747715174861588e-08,
    "delta_hat_std": 1.9544569943657625e-06,
    "lambda_t_mean": 0.005366217358101634,
    "lambda_t_std": 0.000342603497877713,
    "n_records": 780
  },
  "layer3.1.conv2.weight": {
    "r_t_mean": 0.1036831993618602,
    "r_t_std": 0.02231111999168175,
    "r_t_min": 0.06562643436014012,
    "r_t_max": 0.17089323756627064,
    "delta_hat_mean": -5.8839587789536404e-08,
    "delta_hat_std": 1.7779242948436327e-06,
    "lambda_t_mean": 0.005364682469859909,
    "lambda_t_std": 0.0003242795414333589,
    "n_records": 780
  },
  "layer3.2.conv1.weight": {
    "r_t_mean": 0.10519759073043321,
    "r_t_std": 0.02324659684839923,
    "r_t_min": 0.06421700985556633,
    "r_t_max": 0.17492397032701124,
    "delta_hat_mean": -7.323920258381569e-08,
    "delta_hat_std": 1.798317507930049e-06,
    "lambda_t_mean": 0.005360790498555424,
    "lambda_t_std": 0.0003299098448993541,
    "n_records": 780
  },
  "layer3.2.conv2.weight": {
    "r_t_mean": 0.09682278505350746,
    "r_t_std": 0.016928839928378348,
    "r_t_min": 0.06462623101464993,
    "r_t_max": 0.14513034042237624,
    "delta_hat_mean": -5.105568086037875e-07,
    "delta_hat_std": 1.7815892356061961e-06,
    "lambda_t_mean": 0.005342800103136756,
    "lambda_t_std": 0.00031453356006816907,
    "n_records": 780
  },
  "fc.weight": {
    "r_t_mean": 0.058055909360305726,