{
  "conv1.weight": {
    "r_t_mean": 0.014637159687501535,
    "r_t_std": 0.007187670425415218,
    "r_t_min": 0.006338223344426753,
    "r_t_max": 0.344348152682272,
    "delta_hat_mean": -1.7234612258029336e-06,
    "delta_hat_std": 4.893394255279126e-05,
    "lambda_t_mean": 0.0005,
    "lambda_t_std": 0.0,
    "n_records": 7800
  },
  "layer1.0.conv1.weight": {
    "r_t_mean": 0.014740673846287812,
    "r_t_std": 0.005806983508545085,
    "r_t_min": 0.007660055978001069,
    "r_t_max": 0.35133505400336495,
    "delta_hat_mean": -9.527451575161083e-08,
    "delta_hat_std": 9.921195157514835e-06,
    "lambda_t_mean": 0.0005,
    "lambda_t_std": 0.0,
    "n_records": 7800
  },
  "layer1.0.conv2.weight": {
    "r_t_mean": 0.014720600030350788,
    "r_t_std": 0.005526336166679374,
    "r_t_min": 0.008059412420556255,
    "r_t_max": 0.32864251814584855,
    "delta_hat_mean": -9.02816910793203e-09,
    "delta_hat_std": 1.0515025988953668e-05,
    "lambda_t_mean": 0.0005,
    "lambda_t_std": 0.0,
    "n_records": 7800
  },
  "layer1.1.conv1.weight": {
    "r_t_mean": 0.01509717999562361,
    "r_t_std": 0.005131133695489369,
    "r_t_min": 0.008189773209006308,
    "r_t_max": 0.2808333608946079,
    "delta_hat_mean": 1.4382351426417985e-07,
    "delta_hat_std": 1.0606131077738397e-05,
    "lambda_t_mean": 0.0005,
    "lambda_t_std": 0.0,
    "n_records": 7800
  },
  "layer1.1.conv2.weight": {
    "r_t_mean": 0.014860065781500667,
    "r_t_std": 0.004550685927319031,
    "r_t_min": 0.00825923771198183,
    "r_t_max": 0.21377718570013346,
    "delta_hat_mean": -2.040189696560971e-08,
    "delta_hat_std": 8.596544897221398e-06,
    "lambda_t_mean": 0.0005,
    "lambda_t_std": 0.0,
    "n_records": 7800
  },
  "layer1.2.conv1.weight": {
    "r_t_mean": 0.015008329179180562,
    "r_t_std": 0.005013724896391577,
    "r_t_min": 0.00785179634829074,
    "r_t_max": 0.24478989319409028,
    "delta_hat_mean": 8.218734844783321e-08,
    "delta_hat_std": 8.76248344037551e-06,
    "lambda_t_mean": 0.0005,
    "lambda_t_std": 0.0,
    "n_records": 7800
  },
  "layer1.2.conv2.weight": {
    "r_t_mean": 0.014789757155800148,
    "r_t_std": 0.004902283080101926,
    "r_t_min": 0.00833433790697566,
    "r_t_max": 0.22360022530612678,
    "delta_hat_mean": -6.79655742124998e-09,
    "delta_hat_std": 8.627013312307952e-06,
    "lambda_t_mean": 0.0005,
    "lambda_t_std": 0.0,
    "n_records": 7800
  },
  "layer2.0.conv1.weight": {
    "r_t_mean": 0.014746916867508954,
    "r_t_std": 0.0045099694321138915,
    "r_t_min": 0.00834721438090847,
    "r_t_max": 0.16447902249227164,
    "delta_hat_mean": 1.5032457444528418e-08,
    "delta_hat_std": 8.222621679950649e-06,
    "lambda_t_mean": 0.0005,
    "lambda_t_std": 0.0,
    "n_records": 7800
  },
  "layer2.0.conv2.weight": {
    "r_t_mean": 0.014725070510657952,
    "r_t_std": 0.00472425490119617,
    "r_t_min": 0.008124252155641491,
    "r_t_max": 0.16764270458767683,
    "delta_hat_mean": 1.1208681906081901e-08,
    "delta_hat_std": 5.217050861107908e-06,
    "lambda_t_mean": 0.0005,
    "lambda_t_std": 0.0,
    "n_records": 7800
  },
  "layer2.0.shortcut.0.weight": {
    "r_t_mean": 0.014156297351529927,
    "r_t_std": 0.0038181198837430237,
    "r_t_min": 0.007488173622322067,
    "r_t_max": 0.04979359131825448,
    "delta_hat_mean": 3.4333916043810955e-07,
    "delta_hat_std": 1.8888140380351897e-05,
    "lambda_t_mean": 0.0005,
    "lambda_t_std": 0.0,
    "n_records": 7800
  },
  "layer2.1.conv1.weight": {
    "r_t_mean": 0.015249289853088283,
    "r_t_std": 0.004535792723121548,
    "r_t_min": 0.00889226658972701,
    "r_t_max": 0.16336424361831384,
    "delta_hat_mean": 1.264978484645269e-08,
    "delta_hat_std": 3.6614532791808653e-06,
    "lambda_t_mean": 0.0005,
    "lambda_t_std": 0.0,
    "n_records": 7800
  },
  "layer2.1.conv2.weight": {
    "r_t_mean": 0.015204160555946365,
    "r_t_std": 0.004210425608411894,
    "r_t_min": 0.008674277740182553,
    "r_t_max": 0.1324902186199749,
    "delta_hat_mean": -6.421083581300045e-08,
    "delta_hat_std": 3.6216477813144455e-06,
    "lambda_t_mean": 0.0005,
    "lambda_t_std": 0.0,
    "n_records": 7800
  },
  "layer2.2.conv1.weight": {
    "r_t_mean": 0.015570192019349284,
    "r_t_std": 0.004041451788769418,
    "r_t_min": 0.008774388663477106,
    "r_t_max": 0.12661706050671745,
    "delta_hat_mean": -3.457366262160359e-08,
    "delta_hat_std": 3.787954687590262e-06,
    "lambda_t_mean": 0.0005,
    "lambda_t_std": 0.0,
    "n_records": 7800
  },
  "layer2.2.conv2.weight": {
    "r_t_mean": 0.015278227078840089,
    "r_t_std": 0.003837557073479174,
    "r_t_min": 0.008853497833417783,
    "r_t_max": 0.11284424580027858,
    "delta_hat_mean": -1.4803951299924004e-08,
    "delta_hat_std": 3.641159769324164e-06,
    "lambda_t_mean": 0.0005,
    "lambda_t_std": 0.0,
    "n_records": 7800
  },
  "layer3.0.conv1.weight": {
    "r_t_mean": 0.014862303612481828,
    "r_t_std": 0.004133088449295644,
    "r_t_min": 0.008714260449029319,
    "r_t_max": 0.08782516010569373,
    "delta_hat_mean": 2.0584752304802628e-08,
    "delta_hat_std": 3.635039600819625e-06,
    "lambda_t_mean": 0.0005,
    "lambda_t_std": 0.0,
    "n_records": 7800
  },
  "layer3.0.conv2.weight": {
    "r_t_mean": 0.015335129093907223,
    "r_t_std": 0.004429515286520487,
    "r_t_min": 0.009110633638698481,
    "r_t_max": 0.10971112657588067,
    "delta_hat_mean": -3.599167860719056e-10,
    "delta_hat_std": 2.144977202137017e-06,
    "lambda_t_mean": 0.0005,
    "lambda_t_std": 0.0,
    "n_records": 7800
  },
  "layer3.0.shortcut.0.weight": {
    "r_t_mean": 0.013374144033947068,
    "r_t_std": 0.003215281049694391,
    "r_t_min": 0.007647113411012764,
    "r_t_max": 0.043821830441643,
    "delta_hat_mean": -1.5234314829444576e-07,
    "delta_hat_std": 8.036176793367876e-06,
    "lambda_t_mean": 0.0005,
    "lambda_t_std": 0.0,
    "n_records": 7800
  },
  "layer3.1.conv1.weight": {
    "r_t_mean": 0.015550125798030341,
    "r_t_std": 0.004316227468412713,
    "r_t_min": 0.008920810560050889,
    "r_t_max": 0.0988521483557643,
    "delta_hat_mean": 9.066360830867916e-09,
    "delta_hat_std": 2.0234479727691283e-06,
    "lambda_t_mean": 0.0005,
    "lambda_t_std": 0.0,
    "n_records": 7800
  },
  "layer3.1.conv2.weight": {
    "r_t_mean": 0.015522712201067152,
    "r_t_std": 0.004096157697386188,
    "r_t_min": 0.00924088584736528,
    "r_t_max": 0.0935347390901999,
    "delta_hat_mean": -6.66035468774947e-10,
    "delta_hat_std": 1.4725053485383263e-06,
    "lambda_t_mean": 0.0005,
    "lambda_t_std": 0.0,
    "n_records": 7800
  },
  "layer3.2.conv1.weight": {
    "r_t_mean": 0.01548127644881469,
    "r_t_std": 0.0043036231944830715,
    "r_t_min": 0.009130954633937847,
    "r_t_max": 0.09743876021409392,
    "delta_hat_mean": 6.511052814570024e-09,
    "delta_hat_std": 1.8844854986904748e-06,
    "lambda_t_mean": 0.0005,
    "lambda_t_std": 0.0,
    "n_records": 7800
  },
  "layer3.2.conv2.weight": {
    "r_t_mean": 0.014972976834170903,
    "r_t_std": 0.004037944088280638,
    "r_t_min": 0.00879948964900934,
    "r_t_max": 0.10680988823211049,
    "delta_hat_mean": 3.308882600569852e-09,
    "delta_hat_std": 1.7033028243194764e-06,
    "lambda_t_mean": 0.0005,
    "lambda_t_std": 0.0,
    "n_records": 7800
  },
  "fc.weight": {
    "r_t_mean": 0.011636199177025328,
    "r_t_std": 0.0061946254978722266,
    "r_t_min": 0.004957709842733865,
    "r_t_max": 0.16653375742889384,
    "delta_hat_mean": -0.0029963359729042447,
    "delta_hat_std": 0.005611752467880347,
    "lambda_t_mean": 0.0005,
    "lambda_t_std": 0.0,
    "n_records": 7800
  }
}