{
  "method": "CPR",
  "model": "resnet50",
  "dataset": "imagenet",
  "seed": 42,
  "epochs_completed": 90,
  "batch_size": 432,
  "lr": 0.1,
  "weight_decay": 0.0001,
  "best_val_acc": 74.762,
  "best_val_top5": 91.818,
  "final_val_acc": 74.762,
  "final_val_top5": 91.818,
  "final_train_acc": 83.72150396602336,
  "final_train_loss": 0.668452551352837,
  "total_wd_budget": 1.168914798997543,
  "cumulative_wd_budget_v2": 0.0,
  "gen_gap": 8.959503966023362,
  "elapsed_sec": 102797.39770960808,
  "epoch1_outputs": {
    "train_loss": 5.628675449879536,
    "train_acc": 5.872837424270814,
    "val_acc": 14.608,
    "val_top5": 33.666
  },
  "status": "success",
  "timestamp": "2026-03-31T01:46:53.666764"
}