{
  "method": "CPR",
  "model": "resnet50",
  "dataset": "imagenet",
  "seed": 123,
  "epochs_completed": 90,
  "batch_size": 432,
  "lr": 0.1,
  "weight_decay": 0.0001,
  "best_val_acc": 74.78,
  "best_val_top5": 92.062,
  "final_val_acc": 74.76,
  "final_val_top5": 92.05,
  "final_train_acc": 83.78513209668353,
  "final_train_loss": 0.6654038990830491,
  "total_wd_budget": 1.219826322044173,
  "cumulative_wd_budget_v2": 0.0,
  "gen_gap": 9.025132096683521,
  "elapsed_sec": 102778.12313055992,
  "epoch1_outputs": {
    "train_loss": 5.614570249875922,
    "train_acc": 5.979014427581038,
    "val_acc": 13.856,
    "val_top5": 32.238
  },
  "status": "success",
  "timestamp": "2026-04-01T06:19:52.236923"
}