{
  "method": "CPR",
  "model": "resnet50",
  "dataset": "imagenet",
  "seed": 456,
  "epochs_completed": 90,
  "batch_size": 432,
  "lr": 0.1,
  "weight_decay": 0.0001,
  "best_val_acc": 74.684,
  "best_val_top5": 92.03,
  "final_val_acc": 74.684,
  "final_val_top5": 92.03,
  "final_train_acc": 83.90075573043532,
  "final_train_loss": 0.6618743882512966,
  "total_wd_budget": 1.2180797151575198,
  "cumulative_wd_budget_v2": 0.0,
  "gen_gap": 9.216755730435324,
  "elapsed_sec": 102994.5688970089,
  "epoch1_outputs": {
    "train_loss": 5.5299627077318165,
    "train_acc": 6.518096933358316,
    "val_acc": 14.378,
    "val_top5": 33.428
  },
  "status": "success",
  "timestamp": "2026-04-02T10:56:30.067409"
}