{
  "method": "CWD",
  "model": "resnet50",
  "dataset": "imagenet",
  "seed": 42,
  "epochs_completed": 90,
  "batch_size": 432,
  "lr": 0.1,
  "weight_decay": 0.0001,
  "best_val_acc": 70.66,
  "best_val_top5": 89.366,
  "final_val_acc": 70.58,
  "final_val_top5": 89.358,
  "final_train_acc": 86.40262944225844,
  "final_train_loss": 0.5624872926515834,
  "total_wd_budget": 0.2604186386674643,
  "cumulative_wd_budget_v2": 0.0,
  "gen_gap": 15.822629442258446,
  "elapsed_sec": 104464.9048769474,
  "epoch1_outputs": {
    "train_loss": 5.667991809941464,
    "train_acc": 5.601305352570108,
    "val_acc": 14.714,
    "val_top5": 34.028
  },
  "status": "success",
  "timestamp": "2026-04-02T11:42:24.397142"
}