{
  "method": "FixedWD",
  "model": "resnet50",
  "dataset": "imagenet",
  "seed": 123,
  "epochs_completed": 90,
  "batch_size": 432,
  "lr": 0.1,
  "weight_decay": 0.0001,
  "best_val_acc": 71.96,
  "best_val_top5": 90.038,
  "final_val_acc": 71.924,
  "final_val_top5": 90.05,
  "final_train_acc": 87.09949409780776,
  "final_train_loss": 0.5369437647609646,
  "total_wd_budget": 0.5220000000000012,
  "cumulative_wd_budget_v2": 0.0,
  "gen_gap": 15.175494097807757,
  "elapsed_sec": 101859.27647781372,
  "epoch1_outputs": {
    "train_loss": 5.572122298364494,
    "train_acc": 6.275529323590032,
    "val_acc": 15.878,
    "val_top5": 36.266
  },
  "status": "success",
  "timestamp": "2026-03-28T15:33:22.770420"
}