{
  "method": "FixedWD",
  "model": "resnet50",
  "dataset": "imagenet",
  "seed": 2024,
  "epochs_completed": 90,
  "batch_size": 432,
  "lr": 0.1,
  "weight_decay": 0.0001,
  "best_val_acc": 72.09,
  "best_val_top5": 90.086,
  "final_val_acc": 72.09,
  "final_val_top5": 90.114,
  "final_train_acc": 87.15273874211479,
  "final_train_loss": 0.5339394947328616,
  "total_wd_budget": 0.5220000000000012,
  "cumulative_wd_budget_v2": 0.0,
  "gen_gap": 15.062738742114789,
  "elapsed_sec": 104575.56333637238,
  "epoch1_outputs": {
    "train_loss": 5.556627394336874,
    "train_acc": 6.447832739991256,
    "val_acc": 16.056,
    "val_top5": 36.376
  },
  "status": "success",
  "timestamp": "2026-04-01T06:41:17.832656"
}