{
  "method": "FixedWD",
  "model": "resnet50",
  "dataset": "imagenet",
  "seed": 456,
  "epochs_completed": 90,
  "batch_size": 432,
  "lr": 0.1,
  "weight_decay": 0.0001,
  "best_val_acc": 71.066,
  "best_val_top5": 89.528,
  "final_val_acc": 71.054,
  "final_val_top5": 89.498,
  "final_train_acc": 86.1032259071888,
  "final_train_loss": 0.5744157563976654,
  "total_wd_budget": 0.5220000000000012,
  "cumulative_wd_budget_v2": 0.0,
  "gen_gap": 15.049225907188799,
  "elapsed_sec": 101876.55866837502,
  "epoch1_outputs": {
    "train_loss": 5.7047485099071995,
    "train_acc": 5.3935575541815,
    "val_acc": 14.41,
    "val_top5": 33.648
  },
  "status": "success",
  "timestamp": "2026-03-29T19:51:19.775688"
}