{
  "method": "FixedWD",
  "model": "resnet50",
  "dataset": "imagenet",
  "seed": 42,
  "epochs_completed": 90,
  "batch_size": 432,
  "lr": 0.1,
  "weight_decay": 0.0001,
  "best_val_acc": 71.832,
  "best_val_top5": 89.96,
  "final_val_acc": 71.788,
  "final_val_top5": 90.008,
  "final_train_acc": 86.48796140153644,
  "final_train_loss": 0.5602278403447812,
  "total_wd_budget": 0.5220000000000012,
  "cumulative_wd_budget_v2": 0.0,
  "gen_gap": 14.699961401536441,
  "elapsed_sec": 101983.70866155624,
  "epoch1_outputs": {
    "train_loss": 5.734342073951965,
    "train_acc": 5.168790206732871,
    "val_acc": 12.876,
    "val_top5": 30.274
  },
  "status": "success",
  "timestamp": "2026-03-27T11:15:43.069132"
}