{
  "method": "FixedWD",
  "model": "resnet50",
  "dataset": "imagenet",
  "seed": 789,
  "epochs_completed": 90,
  "batch_size": 432,
  "lr": 0.1,
  "weight_decay": 0.0001,
  "best_val_acc": 71.664,
  "best_val_top5": 89.944,
  "final_val_acc": 71.664,
  "final_val_top5": 89.944,
  "final_train_acc": 86.76394353881706,
  "final_train_loss": 0.5480926326917356,
  "total_wd_budget": 0.5220000000000012,
  "cumulative_wd_budget_v2": 0.0,
  "gen_gap": 15.099943538817058,
  "elapsed_sec": 102281.31847500801,
  "epoch1_outputs": {
    "train_loss": 5.719685700048283,
    "train_acc": 5.087517956404971,
    "val_acc": 12.76,
    "val_top5": 30.62
  },
  "status": "success",
  "timestamp": "2026-03-31T01:38:21.826837"
}