{
  "method": "UDWDC",
  "model": "resnet50",
  "dataset": "imagenet",
  "seed": 123,
  "epochs_completed": 90,
  "batch_size": 432,
  "lr": 0.1,
  "weight_decay": 0.0001,
  "best_val_acc": 69.652,
  "best_val_top5": 88.57,
  "final_val_acc": 69.652,
  "final_val_top5": 88.57,
  "final_train_acc": 85.38551620760727,
  "final_train_loss": 0.6052804755119208,
  "total_wd_budget": 0.6972139329080933,
  "cumulative_wd_budget_v2": 0.0,
  "gen_gap": 15.733516207607266,
  "elapsed_sec": 103445.02483677864,
  "epoch1_outputs": {
    "train_loss": 5.709599589497404,
    "train_acc": 5.352179751420898,
    "val_acc": 13.998,
    "val_top5": 33.018
  },
  "status": "success",
  "timestamp": "2026-04-01T06:39:06.011219"
}