{
  "method": "UDWDC",
  "model": "resnet50",
  "dataset": "imagenet",
  "seed": 42,
  "epochs_completed": 90,
  "batch_size": 432,
  "lr": 0.1,
  "weight_decay": 0.0001,
  "best_val_acc": 70.088,
  "best_val_top5": 88.62,
  "final_val_acc": 70.05,
  "final_val_top5": 88.65,
  "final_train_acc": 85.42330272937356,
  "final_train_loss": 0.6039750419217861,
  "total_wd_budget": 0.7591186622723616,
  "cumulative_wd_budget_v2": 0.0,
  "gen_gap": 15.373302729373563,
  "elapsed_sec": 103280.22397255898,
  "epoch1_outputs": {
    "train_loss": 5.677130781176922,
    "train_acc": 5.569842608206858,
    "val_acc": 14.936,
    "val_top5": 34.464
  },
  "status": "success",
  "timestamp": "2026-03-31T01:55:00.528205"
}