{
  "method": "UDWDC",
  "model": "resnet50",
  "dataset": "imagenet",
  "seed": 456,
  "epochs_completed": 90,
  "batch_size": 432,
  "lr": 0.1,
  "weight_decay": 0.0001,
  "best_val_acc": 70.058,
  "best_val_top5": 88.788,
  "final_val_acc": 70.022,
  "final_val_top5": 88.824,
  "final_train_acc": 85.42908000749485,
  "final_train_loss": 0.6024627253438328,
  "total_wd_budget": 0.6415876310403956,
  "cumulative_wd_budget_v2": 0.0,
  "gen_gap": 15.40708000749484,
  "elapsed_sec": 103507.35137081146,
  "epoch1_outputs": {
    "train_loss": 5.5844535266368025,
    "train_acc": 6.135000936855912,
    "val_acc": 14.824,
    "val_top5": 34.338
  },
  "status": "success",
  "timestamp": "2026-04-02T11:24:18.074438"
}