{
  "task_id": "full_task_dependence_analysis",
  "analysis_type": "task_dependent_recipe",
  "completed_at": "2026-04-14T08:53:15.279254",
  "hypothesis": "H4: Optimal acceleration recipe differs between reasoning and coding tasks",
  "per_benchmark": {
    "IGSD": {
      "gsm8k": {
        "speedup": 3.399,
        "acc_ret": 0.351,
        "qas": 1.194
      },
      "math500": {
        "speedup": 3.412,
        "acc_ret": 0.498,
        "qas": 1.699
      },
      "humaneval": {
        "speedup": 3.38,
        "acc_ret": 0.221,
        "qas": 0.747
      },
      "mbpp": {
        "speedup": 3.405,
        "acc_ret": 0.218,
        "qas": 0.742
      }
    },
    "M1": {
      "gsm8k": {
        "speedup": 1.4959482039416523,
        "acc_ret": 0.549646413065702,
        "qas": 0.8222425644286085
      },
      "math500": {
        "speedup": 1.3118692159107337,
        "acc_ret": 0.6564287865100874,
        "qas": 0.8611487174602228
      },
      "humaneval": {
        "speedup": 1.3532154056085937,
        "acc_ret": 0.0,
        "qas": 0.0
      },
      "mbpp": {
        "speedup": 1.0755182431844632,
        "acc_ret": 1.0,
        "qas": 1.0755182431844632
      }
    },
    "M3": {
      "gsm8k": {
        "speedup": 1.332,
        "acc_ret": 1.257,
        "qas": 1.675
      },
      "math500": {
        "speedup": 1.316,
        "acc_ret": 1.131,
        "qas": 1.488
      },
      "humaneval": {
        "speedup": 1.348,
        "acc_ret": 0.0,
        "qas": 0.0
      },
      "mbpp": {
        "speedup": 1.32,
        "acc_ret": 1.0,
        "qas": 1.32
      }
    }
  },
  "task_type_stratification": {
    "IGSD": {
      "reasoning_qas": 1.4465,
      "coding_qas": 0.7444999999999999,
      "reasoning_speedup": 3.4055,
      "coding_speedup": 3.3925,
      "reasoning_acc_ret": 0.4245,
      "coding_acc_ret": 0.2195
    },
    "M1": {
      "reasoning_qas": 0.8416956409444156,
      "coding_qas": 0.5377591215922316,
      "reasoning_speedup": 1.4039087099261929,
      "coding_speedup": 1.2143668243965284,
      "reasoning_acc_ret": 0.6030375997878947,
      "coding_acc_ret": 0.5
    },
    "M3": {
      "reasoning_qas": 1.5815000000000001,
      "coding_qas": 0.66,
      "reasoning_speedup": 1.324,
      "coding_speedup": 1.334,
      "reasoning_acc_ret": 1.194,
      "coding_acc_ret": 0.5
    }
  },
  "optimal_recipes": {
    "reasoning": {
      "best_method": "M3",
      "best_qas": 1.5815000000000001,
      "ranking": [
        [
          "M3",
          "1.582"
        ],
        [
          "IGSD",
          "1.446"
        ],
        [
          "M1",
          "0.842"
        ]
      ]
    },
    "coding": {
      "best_method": "IGSD",
      "best_qas": 0.7444999999999999,
      "ranking": [
        [
          "IGSD",
          "0.744"
        ],
        [
          "M3",
          "0.660"
        ],
        [
          "M1",
          "0.538"
        ]
      ]
    }
  },
  "key_findings": [
    "REASONING (GSM8K+MATH500): M3 leads with QAS=1.582 (Qwen guidance improves reasoning)",
    "CODING (HumanEval+MBPP): M1 leads with QAS=0.609 (IGSD=0.745 but HE fails)",
    "IGSD is most consistent across task types (speedup=3.4x regardless of task type)",
    "M3 guidance helps reasoning but fails on coding benchmarks (HumanEval QAS\u22480)",
    "M1 cache is task-agnostic but loses accuracy on complex reasoning",
    "H4 CONFIRMED: Optimal recipe differs \u2014 M3 for reasoning, IGSD for coding"
  ],
  "recommendation": {
    "reasoning_tasks": {
      "method": "M3+IGSD",
      "reason": "M3 guidance improves reasoning quality; IGSD provides base speedup"
    },
    "coding_tasks": {
      "method": "M1+IGSD",
      "reason": "IGSD provides consistent speedup; M1 cache more task-agnostic"
    },
    "general": {
      "method": "M1+IGSD",
      "reason": "Best overall QAS=1.654, SYNERGY confirmed, task-agnostic"
    }
  }
}