{
  "conv1.weight": {
    "r_t_mean": 0.019420438336293668,
    "r_t_std": 0.017844809369963556,
    "r_t_min": 0.007971720456812671,
    "r_t_max": 0.4814362833963368,
    "delta_hat_mean": -1.965741702528808e-06,
    "delta_hat_std": 4.954900035903538e-05,
    "lambda_t_mean": 0.0015536785435610885,
    "lambda_t_std": 0.0,
    "n_records": 780
  },
  "layer1.0.conv1.weight": {
    "r_t_mean": 0.019098787821675216,
    "r_t_std": 0.0190252298592283,
    "r_t_min": 0.008528642371463006,
    "r_t_max": 0.5192003646003979,
    "delta_hat_mean": -3.602935542573595e-07,
    "delta_hat_std": 1.4787339754077554e-05,
    "lambda_t_mean": 0.0015536785435610885,
    "lambda_t_std": 0.0,
    "n_records": 780
  },
  "layer1.0.conv2.weight": {
    "r_t_mean": 0.018851611093037297,
    "r_t_std": 0.01594084384263223,
    "r_t_min": 0.009123345387833392,
    "r_t_max": 0.4286312813113895,
    "delta_hat_mean": -7.762924859970136e-08,
    "delta_hat_std": 1.0918231922811726e-05,
    "lambda_t_mean": 0.0015536785435610885,
    "lambda_t_std": 0.0,
    "n_records": 780
  },
  "layer1.1.conv1.weight": {
    "r_t_mean": 0.01911719541596422,
    "r_t_std": 0.011920378764087903,
    "r_t_min": 0.007443464665362649,
    "r_t_max": 0.2932810113553035,
    "delta_hat_mean": -4.932174276243236e-07,
    "delta_hat_std": 1.0283659596075148e-05,
    "lambda_t_mean": 0.0015536785435610885,
    "lambda_t_std": 0.0,
    "n_records": 780
  },
  "layer1.1.conv2.weight": {
    "r_t_mean": 0.01885967818435476,
    "r_t_std": 0.011244122692410674,
    "r_t_min": 0.008870621589880931,
    "r_t_max": 0.27538415188913545,
    "delta_hat_mean": 1.2289667501783277e-07,
    "delta_hat_std": 9.907677557359294e-06,
    "lambda_t_mean": 0.0015536785435610885,
    "lambda_t_std": 0.0,
    "n_records": 780
  },
  "layer1.2.conv1.weight": {
    "r_t_mean": 0.019084242191915745,
    "r_t_std": 0.010975721172997445,
    "r_t_min": 0.006910999586438641,
    "r_t_max": 0.2587530948145129,
    "delta_hat_mean": -4.291537942335548e-08,
    "delta_hat_std": 1.4849477120335614e-05,
    "lambda_t_mean": 0.0015536785435610885,
    "lambda_t_std": 0.0,
    "n_records": 780
  },
  "layer1.2.conv2.weight": {
    "r_t_mean": 0.018901520585685498,
    "r_t_std": 0.009516613249991849,
    "r_t_min": 0.006639002335616345,
    "r_t_max": 0.20997638091515128,
    "delta_hat_mean": -3.9084600289790584e-07,
    "delta_hat_std": 1.0296260024978384e-05,
    "lambda_t_mean": 0.0015536785435610885,
    "lambda_t_std": 0.0,
    "n_records": 780
  },
  "layer2.0.conv1.weight": {
    "r_t_mean": 0.01869164854881368,
    "r_t_std": 0.007637905756286196,
    "r_t_min": 0.009859803554497355,
    "r_t_max": 0.1493596695265467,
    "delta_hat_mean": -4.358506787961202e-07,
    "delta_hat_std": 8.900679684023608e-06,
    "lambda_t_mean": 0.0015536785435610885,
    "lambda_t_std": 0.0,
    "n_records": 780
  },
  "layer2.0.conv2.weight": {
    "r_t_mean": 0.018667035617305212,
    "r_t_std": 0.008313391030545174,
    "r_t_min": 0.010388327851670221,
    "r_t_max": 0.1779217055845014,
    "delta_hat_mean": 1.2690328848490137e-07,
    "delta_hat_std": 5.981860253544929e-06,
    "lambda_t_mean": 0.0015536785435610885,
    "lambda_t_std": 0.0,
    "n_records": 780
  },
  "layer2.0.shortcut.0.weight": {
    "r_t_mean": 0.01822966513769599,
    "r_t_std": 0.005744349813663773,
    "r_t_min": 0.009502178905789983,
    "r_t_max": 0.04058309552496931,
    "delta_hat_mean": -3.496157930226145e-07,
    "delta_hat_std": 2.4506086915491523e-05,
    "lambda_t_mean": 0.0015536785435610885,
    "lambda_t_std": 0.0,
    "n_records": 780
  },
  "layer2.1.conv1.weight": {
    "r_t_mean": 0.019259204420053303,
    "r_t_std": 0.008743285115845996,
    "r_t_min": 0.008310930307383528,
    "r_t_max": 0.16397737708266522,
    "delta_hat_mean": 2.3935053539589284e-07,
    "delta_hat_std": 4.73772980541403e-06,
    "lambda_t_mean": 0.0015536785435610885,
    "lambda_t_std": 0.0,
    "n_records": 780
  },
  "layer2.1.conv2.weight": {
    "r_t_mean": 0.019165164200717285,
    "r_t_std": 0.00816523136646834,
    "r_t_min": 0.008299799013481478,
    "r_t_max": 0.14284546173122856,
    "delta_hat_mean": 2.0682045575749514e-07,
    "delta_hat_std": 4.143968441347148e-06,
    "lambda_t_mean": 0.0015536785435610885,
    "lambda_t_std": 0.0,
    "n_records": 780
  },
  "layer2.2.conv1.weight": {
    "r_t_mean": 0.019204307108645045,
    "r_t_std": 0.007735852989364899,
    "r_t_min": 0.006076774566068479,
    "r_t_max": 0.12014815518504882,
    "delta_hat_mean": 5.45008622463086e-08,
    "delta_hat_std": 4.300864722837681e-06,
    "lambda_t_mean": 0.0015536785435610885,
    "lambda_t_std": 0.0,
    "n_records": 780
  },
  "layer2.2.conv2.weight": {
    "r_t_mean": 0.018899106617799165,
    "r_t_std": 0.007364253025580955,
    "r_t_min": 0.0058987164465741215,
    "r_t_max": 0.10966771460025357,
    "delta_hat_mean": -2.2768669721583679e-07,
    "delta_hat_std": 4.2825790555061016e-06,
    "lambda_t_mean": 0.0015536785435610885,
    "lambda_t_std": 0.0,
    "n_records": 780
  },
  "layer3.0.conv1.weight": {
    "r_t_mean": 0.01866049420964654,
    "r_t_std": 0.006505867608641657,
    "r_t_min": 0.007435881270655761,
    "r_t_max": 0.08249398020911299,
    "delta_hat_mean": 7.16519247668687e-08,
    "delta_hat_std": 3.2182209445279905e-06,
    "lambda_t_mean": 0.0015536785435610885,
    "lambda_t_std": 0.0,
    "n_records": 780
  },
  "layer3.0.conv2.weight": {
    "r_t_mean": 0.019016260753468933,
    "r_t_std": 0.007263805097352889,
    "r_t_min": 0.010371991049216107,
    "r_t_max": 0.1117474017565434,
    "delta_hat_mean": -3.164491346555979e-08,
    "delta_hat_std": 2.48463786594072e-06,
    "lambda_t_mean": 0.0015536785435610885,
    "lambda_t_std": 0.0,
    "n_records": 780
  },
  "layer3.0.shortcut.0.weight": {
    "r_t_mean": 0.01784408334991778,
    "r_t_std": 0.0054244596632226985,
    "r_t_min": 0.00980916181634934,
    "r_t_max": 0.03331790448407455,
    "delta_hat_mean": 3.487966720256576e-07,
    "delta_hat_std": 9.289685104721747e-06,
    "lambda_t_mean": 0.0015536785435610885,
    "lambda_t_std": 0.0,
    "n_records": 780
  },
  "layer3.1.conv1.weight": {
    "r_t_mean": 0.019400304592301233,
    "r_t_std": 0.007645429994862684,
    "r_t_min": 0.00999614458475614,
    "r_t_max": 0.10404662643274407,
    "delta_hat_mean": 2.7809260423510115e-08,
    "delta_hat_std": 2.753858736454772e-06,
    "lambda_t_mean": 0.0015536785435610885,
    "lambda_t_std": 0.0,
    "n_records": 780
  },
  "layer3.1.conv2.weight": {
    "r_t_mean": 0.019318953564419556,
    "r_t_std": 0.007618810549522691,
    "r_t_min": 0.010159759337752015,
    "r_t_max": 0.11108806651746464,
    "delta_hat_mean": 9.699580409744248e-08,
    "delta_hat_std": 1.8316725803297834e-06,
    "lambda_t_mean": 0.0015536785435610885,
    "lambda_t_std": 0.0,
    "n_records": 780
  },
  "layer3.2.conv1.weight": {
    "r_t_mean": 0.01903382984590985,
    "r_t_std": 0.007077957282627385,
    "r_t_min": 0.010290707361975657,
    "r_t_max": 0.10512040096571111,
    "delta_hat_mean": 6.650870394363204e-08,
    "delta_hat_std": 2.3714558646520096e-06,
    "lambda_t_mean": 0.0015536785435610885,
    "lambda_t_std": 0.0,
    "n_records": 780
  },
  "layer3.2.conv2.weight": {
    "r_t_mean": 0.018366237676505758,
    "r_t_std": 0.006284525434458181,
    "r_t_min": 0.010925035822713767,
    "r_t_max": 0.10423039512375619,
    "delta_hat_mean": -3.261764600864945e-08,
    "delta_hat_std": 1.940513044295066e-06,
    "lambda_t_mean": 0.0015536785435610885,
    "lambda_t_std": 0.0,
    "n_records": 780
  },
  "fc.weight": {
    "r_t_mean": 0.01524599579077269,
    "r_t_std": 0.005669452009762677,
    "r_t_min": 0.010094864003717525,
    "r_t_max": 0.1504950183147517,
    "delta_hat_mean": -0.003741030349234419,
    "delta_hat_std": 0.009780773939922984,
    "lambda_t_mean": 0.0015536785435610885,
    "lambda_t_std": 0.0,
    "n_records": 780
  }
}