{
  "task_id": "r4b_shuffled_control",
  "timestamp": "2026-04-13T12:55:55.680771",
  "mode": "PILOT",
  "round": 4,
  "bridge_model": "gpt2-medium",
  "bridge_layer": 20,
  "bridge_d_model": 1024,
  "target_d_in": 2304,
  "n_pilot_cities": 100,
  "n_shuffles": 10,
  "n_sae_configs": 3,
  "sae_configs_evaluated": [
    "L5-16k",
    "L12-16k",
    "L12-65k"
  ],
  "elapsed_sec": 248.4,
  "hierarchies": [
    {
      "hierarchy": "city-continent",
      "n_entities": 100,
      "n_classes": 6,
      "majority_baseline": 0.35,
      "real_probe_cv_acc": 0.5181224004753416,
      "bridge_model": "gpt2-medium",
      "bridge_layer": 20,
      "n_shuffles": 10,
      "per_sae": {
        "L5-16k": {
          "real_rate": 0.00103759765625,
          "r4b_real_rate": 0.00140380859375,
          "shuffled_mean": 0.001055908203125,
          "shuffled_std": 0.00034960946024462124,
          "shuffled_p95": 0.0015777587890624997,
          "real_exceeds_shuffled_p95": false,
          "ratio_real_over_shuffled": 0.9826588664746654,
          "shuffled_rates": [
            0.000732421875,
            0.0006103515625,
            0.00115966796875,
            0.00177001953125,
            0.0009765625,
            0.0010986328125,
            0.00128173828125,
            0.00054931640625,
            0.0013427734375,
            0.00103759765625
          ]
        },
        "L12-16k": {
          "real_rate": 0.00042724609375,
          "r4b_real_rate": 0.00030517578125,
          "shuffled_mean": 0.000299072265625,
          "shuffled_std": 0.00014559155812837602,
          "shuffled_p95": 0.0005218505859374999,
          "real_exceeds_shuffled_p95": false,
          "ratio_real_over_shuffled": 1.4285709509039497,
          "shuffled_rates": [
            0.00030517578125,
            0.0003662109375,
            0.00054931640625,
            0.00018310546875,
            0.000244140625,
            0.00030517578125,
            0.0003662109375,
            0.00048828125,
            6.103515625e-05,
            0.0001220703125
          ]
        },
        "L12-65k": {
          "real_rate": 0.0014801025390625,
          "r4b_real_rate": 0.0013885498046875,
          "shuffled_mean": 0.00130157470703125,
          "shuffled_std": 0.00019624606178669313,
          "shuffled_p95": 0.00163726806640625,
          "real_exceeds_shuffled_p95": false,
          "ratio_real_over_shuffled": 1.137162866910779,
          "shuffled_rates": [
            0.001129150390625,
            0.001251220703125,
            0.0015869140625,
            0.0012969970703125,
            0.0013580322265625,
            0.0013580322265625,
            0.001678466796875,
            0.001220703125,
            0.001129150390625,
            0.001007080078125
          ]
        }
      }
    },
    {
      "hierarchy": "city-country",
      "n_entities": 100,
      "n_classes": 42,
      "majority_baseline": 0.26,
      "real_probe_cv_acc": 0.3909685086155674,
      "bridge_model": "gpt2-medium",
      "bridge_layer": 20,
      "n_shuffles": 10,
      "per_sae": {
        "L5-16k": {
          "real_rate": 0.00738525390625,
          "r4b_real_rate": 0.00927734375,
          "shuffled_mean": 0.007696533203125,
          "shuffled_std": 0.0008432797074953215,
          "shuffled_p95": 0.00888671875,
          "real_exceeds_shuffled_p95": false,
          "ratio_real_over_shuffled": 0.9595558955421383,
          "shuffled_rates": [
            0.00738525390625,
            0.00848388671875,
            0.00836181640625,
            0.00732421875,
            0.00604248046875,
            0.00750732421875,
            0.00921630859375,
            0.00799560546875,
            0.00689697265625,
            0.00775146484375
          ]
        },
        "L12-16k": {
          "real_rate": 0.00189208984375,
          "r4b_real_rate": 0.0025634765625,
          "shuffled_mean": 0.0021240234375,
          "shuffled_std": 0.0003896701586795012,
          "shuffled_p95": 0.00250244140625,
          "real_exceeds_shuffled_p95": false,
          "ratio_real_over_shuffled": 0.8908045557616614,
          "shuffled_rates": [
            0.00238037109375,
            0.002197265625,
            0.00250244140625,
            0.001953125,
            0.001953125,
            0.00244140625,
            0.00238037109375,
            0.00164794921875,
            0.00128173828125,
            0.00250244140625
          ]
        },
        "L12-65k": {
          "real_rate": 0.009185791015625,
          "r4b_real_rate": 0.01043701171875,
          "shuffled_mean": 0.009588623046875,
          "shuffled_std": 0.0004920906244034432,
          "shuffled_p95": 0.010213470458984375,
          "real_exceeds_shuffled_p95": false,
          "ratio_real_over_shuffled": 0.957988532338839,
          "shuffled_rates": [
            0.01007080078125,
            0.0103302001953125,
            0.0089874267578125,
            0.0090789794921875,
            0.009918212890625,
            0.009796142578125,
            0.0095977783203125,
            0.0096282958984375,
            0.0086822509765625,
            0.009796142578125
          ]
        }
      }
    },
    {
      "hierarchy": "city-language",
      "n_entities": 100,
      "n_classes": 29,
      "majority_baseline": 0.41,
      "real_probe_cv_acc": 0.44919786096256686,
      "bridge_model": "gpt2-medium",
      "bridge_layer": 20,
      "n_shuffles": 10,
      "per_sae": {
        "L5-16k": {
          "real_rate": 0.005615234375,
          "r4b_real_rate": 0.0093994140625,
          "shuffled_mean": 0.005517578125,
          "shuffled_std": 0.0006642464775592184,
          "shuffled_p95": 0.0065093994140624995,
          "real_exceeds_shuffled_p95": false,
          "ratio_real_over_shuffled": 1.0176990965995774,
          "shuffled_rates": [
            0.00518798828125,
            0.00640869140625,
            0.00555419921875,
            0.00457763671875,
            0.00457763671875,
            0.00604248046875,
            0.006591796875,
            0.0054931640625,
            0.0057373046875,
            0.0050048828125
          ]
        },
        "L12-16k": {
          "real_rate": 0.0015869140625,
          "r4b_real_rate": 0.00323486328125,
          "shuffled_mean": 0.001544189453125,
          "shuffled_std": 0.00024421690702810736,
          "shuffled_p95": 0.0019592285156249997,
          "real_exceeds_shuffled_p95": false,
          "ratio_real_over_shuffled": 1.0276679176390862,
          "shuffled_rates": [
            0.00146484375,
            0.00189208984375,
            0.0015869140625,
            0.00140380859375,
            0.001708984375,
            0.00140380859375,
            0.00201416015625,
            0.00128173828125,
            0.001220703125,
            0.00146484375
          ]
        },
        "L12-65k": {
          "real_rate": 0.006256103515625,
          "r4b_real_rate": 0.012298583984375,
          "shuffled_mean": 0.006829833984375,
          "shuffled_std": 0.0004057346155913148,
          "shuffled_p95": 0.00750579833984375,
          "real_exceeds_shuffled_p95": false,
          "ratio_real_over_shuffled": 0.9159964119681098,
          "shuffled_rates": [
            0.0062255859375,
            0.007354736328125,
            0.006622314453125,
            0.0068206787109375,
            0.00677490234375,
            0.006500244140625,
            0.00762939453125,
            0.0064849853515625,
            0.0067596435546875,
            0.0071258544921875
          ]
        }
      }
    }
  ],
  "bar_chart_data": [
    {
      "hierarchy": "city-continent",
      "sae_config": "L5-16k",
      "real_rate": 0.00103759765625,
      "shuffled_mean": 0.001055908203125,
      "shuffled_p95": 0.0015777587890624997,
      "ratio_real_over_shuffled": 0.9826588664746654,
      "real_exceeds_shuffled_p95": false,