{
  "task_id": "pilot_steering_diffusion",
  "timestamp": "2026-04-30T12:58:03.665902",
  "config": {
    "seed": 42,
    "n_high_abs": 25,
    "n_low_abs": 25,
    "k_neighbors": 10,
    "layer": 8
  },
  "high_abs_features": [
    51,
    21,
    6,
    66,
    49,
    85,
    83,
    34,
    43,
    92,
    8,
    29,
    11,
    78,
    62,
    31,
    67,
    89,
    36,
    35,
    37,
    33,
    32,
    38,
    30
  ],
  "low_abs_features": [
    57,
    71,
    70,
    69,
    68,
    65,
    64,
    63,
    61,
    60,
    59,
    58,
    72,
    56,
    55,
    54,
    53,
    52,
    98,
    48,
    47,
    46,
    45,
    86,
    97
  ],
  "high_abs_decoder_sims": [
    0.38369306921958923,
    0.6704824566841125,
    0.5367118120193481,
    0.3362111747264862,
    0.48100847005844116,
    0.3317710757255554,
    0.4520784914493561,
    0.3449021279811859,
    0.4167996346950531,
    0.6269152760505676,
    0.34890931844711304,
    0.48579949140548706,
    0.49047350883483887,
    0.4464699625968933,
    0.350247323513031,
    0.47875967621803284,
    0.2936740517616272,
    0.32967275381088257,
    0.39277324080467224,
    0.4871811270713806,
    0.42440900206565857,
    0.4211137890815735,
    0.39374154806137085,
    0.547486424446106,
    0.3662412166595459
  ],
  "low_abs_decoder_sims": [
    0.5881473422050476,
    0.38630056381225586,
    0.4016602635383606,
    0.33460304141044617,
    0.5722925662994385,
    0.48771706223487854,
    0.37505418062210083,
    0.3925403952598572,
    0.46463656425476074,
    0.4524262547492981,
    0.3804542124271393,
    0.4169701635837555,
    0.40205150842666626,
    0.46575313806533813,
    0.4391281008720398,
    0.39991679787635803,
    0.38165146112442017,
    0.4152678847312927,
    0.44804543256759644,
    0.34759530425071716,
    0.5707495808601379,
    0.4208705425262451,
    0.4019247591495514,
    0.34258386492729187,
    0.4904312193393707
  ],
  "statistics": {
    "high_abs_mean": 0.43350104093551634,
    "high_abs_std": 0.0924635695434724,
    "low_abs_mean": 0.4311508882045746,
    "low_abs_std": 0.06747229243891317,
    "t_statistic": 0.09610641699890926,
    "p_value": 0.9242340684132183,
    "cohens_d": 0.02903634337781604
  },
  "hypothesis_results": {
    "H-D1": {
      "pass": false,
      "high_abs_mean": 0.43350104093551634,
      "low_abs_mean": 0.4311508882045746,
      "p_value": 0.9242340684132183
    }
  },
  "pass_criteria": "High-abs have significantly higher decoder-neighbor overlap (p < 0.05)"
}