{
  "task_id": "pilot_sensitivity_first",
  "timestamp": "2026-04-30T12:50:50.835803",
  "config": {
    "seed": 42,
    "n_q3_features": 20,
    "n_tokens": 500,
    "beta": 5.0,
    "random_baseline_n": 100
  },
  "q3_steering_effects": {
    "mean": 0.04559668316351016,
    "std": 0.0009447217937701448,
    "min": 0.04352077443525195,
    "max": 0.046510536895133556,
    "n": 20,
    "values": [
      0.043798096835613254,
      0.0464369780709967,
      0.0464345219116658,
      0.04650567335449159,
      0.04643569764634594,
      0.045723441082984206,
      0.04511862223595381,
      0.045961921395733955,
      0.046510536895133556,
      0.046489848897093906,
      0.046120796591974794,
      0.04599865459091961,
      0.044839526396244764,
      0.04617189497128129,
      0.04626803109049797,
      0.044755798671394585,
      0.04416224087774753,
      0.04352077443525195,
      0.04591875160485506,
      0.044761855714023115
    ]
  },
  "random_baseline": {
    "mean": 0.046436382274243515,
    "std": 8.586902995627462e-05,
    "min": 0.046037480927072466,
    "max": 0.04652456474397332,
    "n": 100
  },
  "statistical_test": {
    "test": "Mann-Whitney U",
    "U_statistic": 360.0,
    "p_value": 6.6930473367918165e-06,
    "rank_biserial_correlation": 0.64,
    "alpha": 0.05
  },
  "test_result": "FAIL",
  "conclusion": "Q3 steering IS significantly different from random baseline (p < 0.05)",
  "pass_criteria": "Q3 steering \u2248 random baseline (p > 0.05)",
  "hypothesis": "H-A"
}