{
  "task_id": "C1B_lv_detector_validation",
  "timestamp": "2026-04-14T23:16:22.228084",
  "mode": "FULL",
  "model": "gpt2-small",
  "model_note": "GPT-2 Small (open-model anchor; Gemma-2-2b requires gated HF access)",
  "sae_release": "gpt2-small-res-jb",
  "sae_id": "blocks.8.hook_resid_pre",
  "d_sae": 24576,
  "calib_letters": [
    "A",
    "B",
    "C",
    "D",
    "E",
    "F",
    "G",
    "H",
    "I",
    "J",
    "K",
    "L",
    "M"
  ],
  "test_letters": [
    "N",
    "O",
    "P",
    "Q",
    "R",
    "S",
    "T",
    "U",
    "V",
    "W",
    "X",
    "Y",
    "Z"
  ],
  "go_no_go": "NO_GO",
  "overall_absorption_rate": 0.35441185168349854,
  "absorption_by_letter": {
    "A": {
      "absorption_rate": 0.46153846153846156,
      "n_absorbed": 6,
      "n_total": 13,
      "absorbed_feature_ids": [
        452,
        17704,
        10063,
        12786,
        18779,
        1915
      ]
    },
    "B": {
      "absorption_rate": 0.42857142857142855,
      "n_absorbed": 12,
      "n_total": 28,
      "absorbed_feature_ids": [
        21801,
        3626,
        7627,
        10157,
        3406,
        13150,
        1458,
        4026,
        16027,
        20924,
        18622
      ]
    },
    "C": {
      "absorption_rate": 0.3225806451612903,
      "n_absorbed": 10,
      "n_total": 31,
      "absorbed_feature_ids": [
        15296,
        19652,
        1768,
        20905,
        20625,
        14333,
        7670,
        16924,
        14557,
        9630
      ]
    },
    "D": {
      "absorption_rate": 0.2727272727272727,
      "n_absorbed": 6,
      "n_total": 22,
      "absorbed_feature_ids": [
        20771,
        23652,
        11788,
        1391,
        4858,
        21277
      ]
    },
    "E": {
      "absorption_rate": 1.0,
      "n_absorbed": 2,
      "n_total": 2,
      "absorbed_feature_ids": [
        4553,
        7468
      ]
    },
    "F": {
      "absorption_rate": 0.2727272727272727,
      "n_absorbed": 3,
      "n_total": 11,
      "absorbed_feature_ids": [
        6153,
        12181
      ]
    },
    "G": {
      "absorption_rate": 0.26666666666666666,
      "n_absorbed": 4,
      "n_total": 15,
      "absorbed_feature_ids": [
        22449,
        2740,
        1133,
        7255
      ]
    },
    "H": {
      "absorption_rate": 0.25,
      "n_absorbed": 2,
      "n_total": 8,
      "absorbed_feature_ids": [
        5127,
        1759
      ]
    },
    "I": {
      "absorption_rate": 0.0,
      "n_absorbed": 0,
      "n_total": 2,
      "absorbed_feature_ids": []
    },
    "J": {
      "absorption_rate": 0.2,
      "n_absorbed": 3,
      "n_total": 15,
      "absorbed_feature_ids": [
        160,
        13771,
        6902
      ]
    },
    "K": {
      "absorption_rate": 0.0,
      "n_absorbed": 0,
      "n_total": 17,
      "absorbed_feature_ids": []
    },
    "L": {
      "absorption_rate": 0.21428571428571427,
      "n_absorbed": 3,
      "n_total": 14,
      "absorbed_feature_ids": [
        19896,
        12304,
        6364
      ]
    },
    "M": {
      "absorption_rate": 0.375,
      "n_absorbed": 6,
      "n_total": 16,
      "absorbed_feature_ids": [
        12170,
        20651,
        3954,
        18075,
        22716,
        4415
      ]
    },
    "N": {
      "absorption_rate": 0.3157894736842105,
      "n_absorbed": 6,
      "n_total": 19,
      "absorbed_feature_ids": [
        18789,
        1958,
        3884,
        13712,
        5746,
        17693
      ]
    },
    "O": {
      "absorption_rate": 1.0,
      "n_absorbed": 2,
      "n_total": 2,
      "absorbed_feature_ids": [
        10330,
        24438
      ]
    },
    "P": {
      "absorption_rate": 0.25,
      "n_absorbed": 2,
      "n_total": 8,
      "absorbed_feature_ids": [
        8929,
        3119
      ]
    },
    "Q": {
      "absorption_rate": 1.0,
      "n_absorbed": 1,
      "n_total": 1,
      "absorbed_feature_ids": [
        717
      ]
    },
    "R": {
      "absorption_rate": 0.4,
      "n_absorbed": 4,
      "n_total": 10,
      "absorbed_feature_ids": [
        7986,
        24279,
        20852,
        3119
      ]
    },
    "S": {
      "absorption_rate": 0.7333333333333333,
      "n_absorbed": 11,
      "n_total": 15,
      "absorbed_feature_ids": [
        16546,
        16675,
        5980,
        20873,
        22481,
        4922,
        23219,
        5201,
        14386,
        5978,
        10876
      ]
    },
    "T": {
      "absorption_rate": 0.3333333333333333,
      "n_absorbed": 5,
      "n_total": 15,
      "absorbed_feature_ids": [
        5591,
        16311,
        6872,
        4922,
        24315
      ]
    },
    "U": {
      "absorption_rate": 0.0,
      "n_absorbed": 0,
      "n_total": 0,
      "absorbed_feature_ids": []
    },
    "V": {
      "absorption_rate": 0.0,
      "n_absorbed": 0,
      "n_total": 9,
      "absorbed_feature_ids": []
    },
    "W": {
      "absorption_rate": 0.6,
      "n_absorbed": 6,
      "n_total": 10,
      "absorbed_feature_ids": [
        4960,
        1153,
        22880,
        19441,
        23634,
        19381
      ]
    },
    "X": {
      "absorption_rate": 0.1111111111111111,
      "n_absorbed": 1,
      "n_total": 9,
      "absorbed_feature_ids": [
        18599
      ]
    },
    "Y": {
      "absorption_rate": 0.05263157894736842,
      "n_absorbed": 1,
      "n_total": 19,
      "absorbed_feature_ids": [
        15742
      ]
    },
    "Z": {
      "absorption_rate": 0.0,
      "n_absorbed": 0,
      "n_total": 10,
      "absorbed_feature_ids": []
    }
  },
  "n_pairs_total": 1900,
  "n_pairs_calib": 1110,
  "n_pairs_test": 790,
  "n_positives_calib": 275,
  "n_positives_test": 195,
  "calibration": {
    "tau_results": {
      "0.5": {
        "precision": 0.1136890951276102,
        "recall": 0.3563636363636364,
        "f1": 0.1723834652594547
      },
      "0.75": {
        "precision": 0.11377245508982035,
        "recall": 0.27636363636363637,
        "f1": 0.16118769883351008
      },
      "1.0": {
        "precision": 0.136,
        "recall": 0.12363636363636364,
        "f1": 0.1295238095238095
      },
      "1.25": {
        "precision": 0.21794871794871795,
        "recall": 0.06181818181818182,
        "f1": 0.09631728045325778
      },
      "1.5": {
        "precision": 0.2903225806451613,
        "recall": 0.03272727272727273,
        "f1": 0.058823529411764705
      }
    },
    "best_tau": 0.5,
    "best_calib_f1": 0.1723834652594547
  },
  "test_evaluation": {
    "tau": 0.5,
    "precision": 0.08532423208191127,
    "recall": 0.2564102564102564,
    "f1": 0.12804097311139565,
    "roc_auc": 0.14801120448179267,
    "tau_results": {
      "0.5": {
        "precision": 0.08532423208191127,
        "recall": 0.2564102564102564,
        "f1": 0.12804097311139565
      },
      "0.75": {
        "precision": 0.07635467980295567,
        "recall": 0.15897435897435896,
        "f1": 0.10316139767054909
      },
      "1.0": {
        "precision": 0.12403100775193798,
        "recall": 0.08205128205128205,
        "f1": 0.09876543209876543
      },
      "1.25": {
        "precision": 0.19444444444444445,
        "recall": 0.035897435897435895,
        "f1": 0.06060606060606061
      },
      "1.5": {
        "precision": 0.25,
        "recall": 0.015384615384615385,
        "f1": 0.028985507246376812
      }
    }
  },
  "cosine_baseline": {
    "best_threshold": 0.2,
    "test_f1": 0.1649048625792812,
    "test_roc_auc": 0.20134453781512604,
    "all_thresholds": {
      "0.15": {
        "calib": {
          "precision": 0.10790598290598291,
          "recall": 0.36727272727272725,
          "f1": 0.16680429397192403
        },
        "test": {
          "precision": 0.09021406727828746,
          "recall": 0.30256410256410254,
          "f1": 0.13898704358068315
        }
      },
      "0.2": {
        "calib": {
          "precision": 0.18295739348370926,