{
  "task_id": "pilot_cv_feature_classification",
  "timestamp": "2026-05-01T19:09:10.632391",
  "pass": true,
  "pass_criteria": {
    "required": "At least 30 features in each CV group (high/low)",
    "n_high_cv": 8248,
    "n_low_cv": 106,
    "met": true
  },
  "statistics": {
    "total_features": 24576,
    "absorbed_features": 8354,
    "high_cv_count": 8248,
    "low_cv_count": 106,
    "high_cv_ratio": 0.9873114675604501,
    "low_cv_ratio": 0.012688532439549916,
    "high_cv_mean_cv": 2.9820754528045654,
    "high_cv_std_cv": 1.0855934619903564,
    "low_cv_mean_cv": 0.7046416401863098,
    "low_cv_std_cv": 0.27754250168800354,
    "overall_cv_mean": 2.9531784057617188,
    "overall_cv_std": 1.1088343858718872
  },
  "groups": {
    "high_cv": {
      "threshold": "> 1.0",
      "count": 8248,
      "mean_cv": 2.9820754528045654,
      "std_cv": 1.0855934619903564,
      "indices": [
        11358,
        6935,
        3619,
        10139,
        3358,
        20249,
        7044,
        13415,
        14518,
        11564,
        17901,
        4655,
        7818,
        10956,
        6669,
        14004,
        9655,
        5459,
        17490,
        1611,
        16132,
        19815,
        17689,
        10837,
        1507,
        8576,
        20274,
        3621,
        14972,
        21734
      ],
      "cv_values": [
        10.403125762939453,
        9.161970138549805,
        8.633180618286133,
        8.115358352661133,
        7.433552265167236,
        7.122003555297852,
        7.119749546051025,
        6.970170974731445,
        6.9287028312683105,
        6.807265281677246,
        6.750505447387695,
        6.7344746589660645,
        6.725207328796387,
        6.712945938110352,
        6.710753440856934,
        6.655513763427734,
        6.600839614868164,
        6.5452070236206055,
        6.54085636138916,
        6.506477355957031,
        6.476763725280762,
        6.472602367401123,
        6.442505359649658,
        6.38336181640625,
        6.367658615112305,
        6.364492893218994,
        6.3290019035339355,
        6.314589500427246,
        6.3063740730285645,
        6.3029561042785645
      ]
    },
    "low_cv": {
      "threshold": "<= 1.0",
      "count": 106,
      "mean_cv": 0.7046416401863098,
      "std_cv": 0.27754250168800354,
      "indices": [
        23373,
        10423,
        23123,
        7496,
        9088,
        316,
        16196,
        23111,
        2039,
        979,
        20611,
        3639,
        18709,
        19151,
        18146,
        13817,
        23636,
        12488,
        16383,
        8487,
        16678,
        20149,
        21409,
        10199,
        17996,
        23861,
        23494,
        19923,
        13749,
        3837
      ],
      "cv_values": [
        0.006825522985309362,
        0.0075994692742824554,
        0.007860712707042694,
        0.00805017352104187,
        0.008144453167915344,
        0.008237113244831562,
        0.008310849778354168,
        0.008424577303230762,
        0.008547747507691383,
        0.008615595288574696,
        0.35488417744636536,
        0.4010513126850128,
        0.40754449367523193,
        0.45240166783332825,
        0.46804186701774597,
        0.47669658064842224,
        0.4812937080860138,
        0.4836390018463135,
        0.4935239851474762,
        0.500025749206543,
        0.5126255750656128,
        0.5246868133544922,
        0.5462193489074707,
        0.5499995350837708,
        0.5503218173980713,
        0.5509291291236877,
        0.5621881484985352,
        0.5846186876296997,
        0.5951036810874939,
        0.6248211860656738
      ]
    }
  },
  "absorption_threshold": 0.1,
  "n_samples": 1000,
  "model": "gpt2-small",
  "sae": "gpt2-small-res-jb",
  "layer": 6
}