{
  "conv1.weight": {
    "r_t_mean": 0.026908018143649903,
    "r_t_std": 0.01978026368324089,
    "r_t_min": 0.00906346500742525,
    "r_t_max": 0.48166240724421744,
    "delta_hat_mean": -3.8835739034461e-06,
    "delta_hat_std": 6.095426497829669e-05,
    "lambda_t_mean": 0.00296274886210107,
    "lambda_t_std": 0.0006399612999453804,
    "n_records": 780
  },
  "layer1.0.conv1.weight": {
    "r_t_mean": 0.026304318036126432,
    "r_t_std": 0.021335684236330237,
    "r_t_min": 0.007237793782210461,
    "r_t_max": 0.5194441806930878,
    "delta_hat_mean": 5.971302838926927e-07,
    "delta_hat_std": 2.433316410826733e-05,
    "lambda_t_mean": 0.0029718979578643384,
    "lambda_t_std": 0.0004366097696637557,
    "n_records": 780
  },
  "layer1.0.conv2.weight": {
    "r_t_mean": 0.02609648924516198,
    "r_t_std": 0.018515657916499523,
    "r_t_min": 0.008002134458536217,
    "r_t_max": 0.4288325859191582,
    "delta_hat_mean": -1.4132952005278062e-07,
    "delta_hat_std": 1.4028432059990548e-05,
    "lambda_t_mean": 0.0029593974242014135,
    "lambda_t_std": 0.00038537840711696733,
    "n_records": 780
  },
  "layer1.1.conv1.weight": {
    "r_t_mean": 0.025943950890083663,
    "r_t_std": 0.014987497638499879,
    "r_t_min": 0.007597719778073283,
    "r_t_max": 0.2934187381474198,
    "delta_hat_mean": -7.251468390770754e-08,
    "delta_hat_std": 1.2464647174266754e-05,
    "lambda_t_mean": 0.002954706092510804,
    "lambda_t_std": 0.0004160839527780996,
    "n_records": 780
  },
  "layer1.1.conv2.weight": {
    "r_t_mean": 0.025780984736193696,
    "r_t_std": 0.014339666778562188,
    "r_t_min": 0.008972323721840874,
    "r_t_max": 0.2755135096109692,
    "delta_hat_mean": 8.93692723972587e-07,
    "delta_hat_std": 1.3495179076103635e-05,
    "lambda_t_mean": 0.0029622846104934352,
    "lambda_t_std": 0.0003725996242938168,
    "n_records": 780
  },
  "layer1.2.conv1.weight": {
    "r_t_mean": 0.02651906484411575,
    "r_t_std": 0.014988837984916431,
    "r_t_min": 0.004244976144365045,
    "r_t_max": 0.25887460293025716,
    "delta_hat_mean": 1.932061097758692e-07,
    "delta_hat_std": 1.0334123127458297e-05,
    "lambda_t_mean": 0.002973422067764085,
    "lambda_t_std": 0.00043311114525580686,
    "n_records": 780
  },
  "layer1.2.conv2.weight": {
    "r_t_mean": 0.02591451130489707,
    "r_t_std": 0.01359440712983797,
    "r_t_min": 0.003474725623172001,
    "r_t_max": 0.210075008641665,
    "delta_hat_mean": -1.814026450676674e-07,
    "delta_hat_std": 1.374628323027438e-05,
    "lambda_t_mean": 0.002958647466940272,
    "lambda_t_std": 0.0003872208730278595,
    "n_records": 780
  },
  "layer2.0.conv1.weight": {
    "r_t_mean": 0.025858714859144694,
    "r_t_std": 0.011719348227790125,
    "r_t_min": 0.0059511377314482965,
    "r_t_max": 0.1494298261518177,
    "delta_hat_mean": 1.9463008736897437e-07,
    "delta_hat_std": 9.57262782532487e-06,
    "lambda_t_mean": 0.0029804169886257902,
    "lambda_t_std": 0.00037444047526221817,
    "n_records": 780
  },
  "layer2.0.conv2.weight": {
    "r_t_mean": 0.02591473846290595,
    "r_t_std": 0.012208233264649442,
    "r_t_min": 0.0075062516561103495,
    "r_t_max": 0.1780052724124806,
    "delta_hat_mean": 6.46731939815183e-07,
    "delta_hat_std": 6.539478935643897e-06,
    "lambda_t_mean": 0.002986433972357842,
    "lambda_t_std": 0.0003246902956524789,
    "n_records": 780
  },
  "layer2.0.shortcut.0.weight": {
    "r_t_mean": 0.025601655642566733,
    "r_t_std": 0.01092064948440516,
    "r_t_min": 0.012023913336606672,
    "r_t_max": 0.07264537451912552,
    "delta_hat_mean": -9.111814528775306e-07,
    "delta_hat_std": 2.296085601586555e-05,
    "lambda_t_mean": 0.0029748105614480027,
    "lambda_t_std": 0.00035831734753456,
    "n_records": 780
  },
  "layer2.1.conv1.weight": {
    "r_t_mean": 0.02655835903227319,
    "r_t_std": 0.013338140319255428,
    "r_t_min": 0.004284624146735507,
    "r_t_max": 0.16405438713296924,
    "delta_hat_mean": 1.742890931634469e-07,
    "delta_hat_std": 4.4106642996361626e-06,
    "lambda_t_mean": 0.0029747316588157355,
    "lambda_t_std": 0.0003498179735952608,
    "n_records": 780
  },
  "layer2.1.conv2.weight": {
    "r_t_mean": 0.0264587574723201,
    "r_t_std": 0.012931964345879446,
    "r_t_min": 0.0045867475335717054,
    "r_t_max": 0.14291255440098363,
    "delta_hat_mean": 2.5987506266011414e-08,
    "delta_hat_std": 4.374517231043558e-06,
    "lambda_t_mean": 0.0029782717374844834,
    "lambda_t_std": 0.00031766796414241314,
    "n_records": 780
  },
  "layer2.2.conv1.weight": {
    "r_t_mean": 0.02655980282534354,
    "r_t_std": 0.012633587650890643,
    "r_t_min": 0.005970665714654552,
    "r_t_max": 0.12020458708839186,
    "delta_hat_mean": -5.325633280242105e-08,
    "delta_hat_std": 4.937051594032039e-06,
    "lambda_t_mean": 0.002988259028030853,
    "lambda_t_std": 0.00034333745248076584,
    "n_records": 780
  },
  "layer2.2.conv2.weight": {
    "r_t_mean": 0.02623311529836885,
    "r_t_std": 0.012194200025494135,
    "r_t_min": 0.005401456213878177,
    "r_t_max": 0.10971922257557477,
    "delta_hat_mean": -9.829628170566506e-08,
    "delta_hat_std": 4.438027073892367e-06,
    "lambda_t_mean": 0.0029792469782106527,
    "lambda_t_std": 0.0003154660935338559,
    "n_records": 780
  },
  "layer3.0.conv1.weight": {
    "r_t_mean": 0.025835455669126366,
    "r_t_std": 0.011216796997503662,
    "r_t_min": 0.006174208145667542,
    "r_t_max": 0.08253272203136801,
    "delta_hat_mean": 1.5216319922563032e-07,
    "delta_hat_std": 3.4518092626743124e-06,
    "lambda_t_mean": 0.0029831723118139064,
    "lambda_t_std": 0.00029484077057091354,
    "n_records": 780
  },
  "layer3.0.conv2.weight": {
    "r_t_mean": 0.02628206457423213,
    "r_t_std": 0.012001474314525909,
    "r_t_min": 0.007484227718001542,
    "r_t_max": 0.1117998803595075,
    "delta_hat_mean": 4.757302326575987e-08,
    "delta_hat_std": 2.6381413195664904e-06,
    "lambda_t_mean": 0.0029856704099627076,
    "lambda_t_std": 0.0002901739353395492,
    "n_records": 780
  },
  "layer3.0.shortcut.0.weight": {
    "r_t_mean": 0.0252220511039105,
    "r_t_std": 0.01026310240840384,
    "r_t_min": 0.01223663453100864,
    "r_t_max": 0.05430278988920631,
    "delta_hat_mean": -5.023802975036901e-07,
    "delta_hat_std": 8.681066642721459e-06,
    "lambda_t_mean": 0.0029848359420757537,
    "lambda_t_std": 0.00026389136251853384,
    "n_records": 780
  },
  "layer3.1.conv1.weight": {
    "r_t_mean": 0.026722048790875867,
    "r_t_std": 0.012697875520679842,
    "r_t_min": 0.010293880309727386,
    "r_t_max": 0.10409549614374417,
    "delta_hat_mean": -1.8534928161707286e-07,
    "delta_hat_std": 2.6867194370492305e-06,
    "lambda_t_mean": 0.0029834248966239345,
    "lambda_t_std": 0.0002877785733413159,
    "n_records": 780
  },
  "layer3.1.conv2.weight": {
    "r_t_mean": 0.026507315645138245,
    "r_t_std": 0.0124327255785746,
    "r_t_min": 0.008899066116471952,
    "r_t_max": 0.11114024523610723,
    "delta_hat_mean": 3.796773536394837e-08,
    "delta_hat_std": 2.094233047547985e-06,
    "lambda_t_mean": 0.0029765440834610413,
    "lambda_t_std": 0.00027088851166462376,
    "n_records": 780
  },
  "layer3.2.conv1.weight": {
    "r_t_mean": 0.02667255089926954,
    "r_t_std": 0.012453807435181156,
    "r_t_min": 0.010963504978005363,
    "r_t_max": 0.1051697761928741,
    "delta_hat_mean": 1.5287095302578374e-07,
    "delta_hat_std": 2.5777499298954918e-06,
    "lambda_t_mean": 0.0029787209156930104,
    "lambda_t_std": 0.0002707928171959686,
    "n_records": 780
  },
  "layer3.2.conv2.weight": {
    "r_t_mean": 0.025564838540089674,
    "r_t_std": 0.010723257375308274,
    "r_t_min": 0.009313091456531043,
    "r_t_max": 0.10427935939407185,
    "delta_hat_mean": -8.140348999689332e-08,
    "delta_hat_std": 2.3091459918920605e-06,
    "lambda_t_mean": 0.00297600141412504,
    "lambda_t_std": 0.0002631981440609742,
    "n_records": 780
  },