{
  "conv1.weight": {
    "r_t_mean": 0.029852433028088834,
    "r_t_std": 0.018558462901327174,
    "r_t_min": 0.013203466550347655,
    "r_t_max": 0.48130088848703734,
    "delta_hat_mean": -3.202147992487821e-05,
    "delta_hat_std": 4.876941618759735e-05,
    "lambda_t_mean": 0.0014092805383017837,
    "lambda_t_std": 4.8991695760501566e-05,
    "n_records": 780
  },
  "layer1.0.conv1.weight": {
    "r_t_mean": 0.030009323036570612,
    "r_t_std": 0.01903683282572601,
    "r_t_min": 0.016286469840534994,
    "r_t_max": 0.5190556510566532,
    "delta_hat_mean": -3.0748585693317594e-05,
    "delta_hat_std": 2.4436976513414433e-05,
    "lambda_t_mean": 0.0014088535327441978,
    "lambda_t_std": 3.1505368047705896e-05,
    "n_records": 780
  },
  "layer1.0.conv2.weight": {
    "r_t_mean": 0.029511131364055844,
    "r_t_std": 0.015817118355906545,
    "r_t_min": 0.017469166441517418,
    "r_t_max": 0.42851314706427535,
    "delta_hat_mean": -3.17906336073329e-05,
    "delta_hat_std": 2.4902374201005438e-05,
    "lambda_t_mean": 0.0014086967369795725,
    "lambda_t_std": 2.8427528736649282e-05,
    "n_records": 780
  },
  "layer1.1.conv1.weight": {
    "r_t_mean": 0.03010222198490923,
    "r_t_std": 0.01167380205421978,
    "r_t_min": 0.01704597856090415,
    "r_t_max": 0.2931996169693311,
    "delta_hat_mean": -3.235742615192026e-05,
    "delta_hat_std": 2.500574323016264e-05,
    "lambda_t_mean": 0.001409833498521406,
    "lambda_t_std": 2.865917534593902e-05,
    "n_records": 780
  },
  "layer1.1.conv2.weight": {
    "r_t_mean": 0.029816903263432698,
    "r_t_std": 0.011227659579899435,
    "r_t_min": 0.01664522398522233,
    "r_t_max": 0.27530891722934897,
    "delta_hat_mean": -3.2286406738003564e-05,
    "delta_hat_std": 2.4789197676372954e-05,
    "lambda_t_mean": 0.0014113700916100764,
    "lambda_t_std": 2.9832840212227923e-05,
    "n_records": 780
  },
  "layer1.2.conv1.weight": {
    "r_t_mean": 0.030849750954589288,
    "r_t_std": 0.010881473786646414,
    "r_t_min": 0.01720589995273307,
    "r_t_max": 0.2586815990127192,
    "delta_hat_mean": -3.155418585467355e-05,
    "delta_hat_std": 2.507343172705522e-05,
    "lambda_t_mean": 0.0014085650309876854,
    "lambda_t_std": 2.6266927961269667e-05,
    "n_records": 780
  },
  "layer1.2.conv2.weight": {
    "r_t_mean": 0.029988707287987314,
    "r_t_std": 0.009575596825862289,
    "r_t_min": 0.017072559940428167,
    "r_t_max": 0.2099182028323567,
    "delta_hat_mean": -3.2174186269670255e-05,
    "delta_hat_std": 2.429943524751313e-05,
    "lambda_t_mean": 0.0014080037033475342,
    "lambda_t_std": 2.8809602250828253e-05,
    "n_records": 780
  },
  "layer2.0.conv1.weight": {
    "r_t_mean": 0.02936893396943574,
    "r_t_std": 0.0076194642511201085,
    "r_t_min": 0.016984338557756336,
    "r_t_max": 0.14931802094554789,
    "delta_hat_mean": -3.126973305925163e-05,
    "delta_hat_std": 2.4550738021503316e-05,
    "lambda_t_mean": 0.00140896250731004,
    "lambda_t_std": 1.9309678308887866e-05,
    "n_records": 780
  },
  "layer2.0.conv2.weight": {
    "r_t_mean": 0.029431986926947172,
    "r_t_std": 0.008577472190773898,
    "r_t_min": 0.017240562652570412,
    "r_t_max": 0.17787229207193733,
    "delta_hat_mean": -3.2087072399435466e-05,
    "delta_hat_std": 2.3614097489835782e-05,
    "lambda_t_mean": 0.0014092553168578287,
    "lambda_t_std": 1.3193392904358473e-05,
    "n_records": 780
  },
  "layer2.0.shortcut.0.weight": {
    "r_t_mean": 0.028199122532601838,
    "r_t_std": 0.0057201127815754964,
    "r_t_min": 0.017542269083512075,
    "r_t_max": 0.06537225352269478,
    "delta_hat_mean": -2.903524278087807e-05,
    "delta_hat_std": 2.9751967464272713e-05,
    "lambda_t_mean": 0.001408147941898436,
    "lambda_t_std": 5.0229369659953014e-05,
    "n_records": 780
  },
  "layer2.1.conv1.weight": {
    "r_t_mean": 0.03046124735255793,
    "r_t_std": 0.008492453435235454,
    "r_t_min": 0.017687204207917816,
    "r_t_max": 0.16393166821786487,
    "delta_hat_mean": -3.212929102387235e-05,
    "delta_hat_std": 2.322555239022521e-05,
    "lambda_t_mean": 0.001409360370679022,
    "lambda_t_std": 1.3478074061303404e-05,
    "n_records": 780
  },
  "layer2.1.conv2.weight": {
    "r_t_mean": 0.03027924500332967,
    "r_t_std": 0.007906202353609143,
    "r_t_min": 0.01758548564538174,
    "r_t_max": 0.1428057567286904,
    "delta_hat_mean": -3.297710917716146e-05,
    "delta_hat_std": 2.3463899737234328e-05,
    "lambda_t_mean": 0.0014085348446883194,
    "lambda_t_std": 1.4547106818132212e-05,
    "n_records": 780
  },
  "layer2.2.conv1.weight": {
    "r_t_mean": 0.031272392916423794,
    "r_t_std": 0.0073302661642989445,
    "r_t_min": 0.017612960638279572,
    "r_t_max": 0.12011455242293262,
    "delta_hat_mean": -3.23746805578004e-05,
    "delta_hat_std": 2.3253732624277748e-05,
    "lambda_t_mean": 0.0014093039260383254,
    "lambda_t_std": 1.4141713487742838e-05,
    "n_records": 780
  },
  "layer2.2.conv2.weight": {
    "r_t_mean": 0.03051785814336503,
    "r_t_std": 0.006952795398387684,
    "r_t_min": 0.01795761597008453,
    "r_t_max": 0.10963727753688032,
    "delta_hat_mean": -3.318475521034076e-05,
    "delta_hat_std": 2.373316622586622e-05,
    "lambda_t_mean": 0.0014083208218997327,
    "lambda_t_std": 1.3531979005928312e-05,
    "n_records": 780
  },
  "layer3.0.conv1.weight": {
    "r_t_mean": 0.029724691110082673,
    "r_t_std": 0.006348106029551103,
    "r_t_min": 0.018354660430965494,
    "r_t_max": 0.0824709813828615,
    "delta_hat_mean": -3.2620180820304045e-05,
    "delta_hat_std": 2.3255954667714127e-05,
    "lambda_t_mean": 0.0014091806460353581,
    "lambda_t_std": 1.0114707018065523e-05,
    "n_records": 780
  },
  "layer3.0.conv2.weight": {
    "r_t_mean": 0.0308794176176147,
    "r_t_std": 0.007222582756922321,
    "r_t_min": 0.019261209636037502,
    "r_t_max": 0.11171627958411551,
    "delta_hat_mean": -3.30481832052375e-05,
    "delta_hat_std": 2.344863251390861e-05,
    "lambda_t_mean": 0.0014089748496294472,
    "lambda_t_std": 6.8304877681835704e-06,
    "n_records": 780
  },
  "layer3.0.shortcut.0.weight": {
    "r_t_mean": 0.02667174030966161,
    "r_t_std": 0.004887719848827539,
    "r_t_min": 0.017071913292574768,
    "r_t_max": 0.06327115160336845,
    "delta_hat_mean": -3.228234259383592e-05,
    "delta_hat_std": 2.397040587924269e-05,
    "lambda_t_mean": 0.0014094303278226546,
    "lambda_t_std": 2.4229255031925616e-05,
    "n_records": 780
  },
  "layer3.1.conv1.weight": {
    "r_t_mean": 0.031052413616652216,
    "r_t_std": 0.007525348893837116,
    "r_t_min": 0.018793559296216282,
    "r_t_max": 0.104017679923575,
    "delta_hat_mean": -3.2730321038539245e-05,
    "delta_hat_std": 2.3113600223598038e-05,
    "lambda_t_mean": 0.0014084773248224038,
    "lambda_t_std": 7.16876463334498e-06,
    "n_records": 780
  },
  "layer3.1.conv2.weight": {
    "r_t_mean": 0.03108186582689844,
    "r_t_std": 0.007107929259408445,
    "r_t_min": 0.018885246256954816,
    "r_t_max": 0.11105719657897321,
    "delta_hat_mean": -3.286974886791929e-05,
    "delta_hat_std": 2.3246537688526394e-05,
    "lambda_t_mean": 0.001408848631194327,
    "lambda_t_std": 7.511386459252443e-06,
    "n_records": 780
  },
  "layer3.2.conv1.weight": {
    "r_t_mean": 0.031237662529453643,
    "r_t_std": 0.006908117857134309,
    "r_t_min": 0.019148439687815804,
    "r_t_max": 0.10509120315663399,
    "delta_hat_mean": -3.257345690150365e-05,
    "delta_hat_std": 2.317950988220221e-05,
    "lambda_t_mean": 0.0014083613941835245,
    "lambda_t_std": 7.611437266702401e-06,
    "n_records": 780
  },
  "layer3.2.conv2.weight": {
    "r_t_mean": 0.029430366125229805,
    "r_t_std": 0.005762103009771863,
    "r_t_min": 0.018110161228597817,
    "r_t_max": 0.10420153700346729,
    "delta_hat_mean": -3.284945333000918e-05,
    "delta_hat_std": 2.3215858165539434e-05,
    "lambda_t_mean": 0.001407667868103288,
    "lambda_t_std": 9.717072628098731e-06,
    "n_records": 780
  },