{
  "task_id": "train_dino_wm",
  "timestamp": "2026-04-15T04:00:57.362602",
  "mode": "FULL",
  "seeds": [
    42,
    7,
    13
  ],
  "n_epochs": 200,
  "batch_size": 217,
  "lr": 0.0001,
  "split": "split_0",
  "n_train_combos": 18,
  "n_holdout_combos": 9,
  "n_train_sequences": 205200,
  "model_params": {
    "total": 25486592,
    "trainable": 3949952,
    "frozen": 21536640
  },
  "gpu_profile": {
    "gpu_name": "NVIDIA RTX PRO 6000 Blackwell Server Edition",
    "vram_total_mb": 97250,
    "vram_free_mb": 97130,
    "max_batch_size": 256,
    "effective_batch_size": 217
  },
  "seed_results": [
    {
      "seed": 42,
      "n_epochs": 200,
      "loss_history": [
        1.863398,
        1.56526,
        1.340683,
        1.16778,
        1.037959,
        0.94409,
        0.880262,
        0.839919,
        0.816317,
        0.801814,
        0.79022,
        0.779045,
        0.767546,
        0.755441,
        0.743853,
        0.731567,
        0.719612,
        0.708218,
        0.697009,
        0.686216,
        0.675871,
        0.666,
        0.656234,
        0.647104,
        0.63822,
        0.629957,
        0.621658,
        0.613767,
        0.606029,
        0.598527,
        0.591497,
        0.584536,
        0.577694,
        0.571451,
        0.565001,
        0.558841,
        0.55311,
        0.547244,
        0.54188,
        0.536605,
        0.531453,
        0.526577,
        0.521737,
        0.517184,
        0.512497,
        0.50832,
        0.503864,
        0.499928,
        0.496016,
        0.491895,
        0.488327,
        0.484495,
        0.48082,
        0.477413,
        0.473952,
        0.47064,
        0.467488,
        0.46446,
        0.461254,
        0.458343,
        0.455347,
        0.452421,
        0.449521,
        0.446929,
        0.444185,
        0.441655,
        0.43905,
        0.43652,
        0.433901,
        0.431709,
        0.429445,
        0.426931,
        0.424908,
        0.422543,
        0.420409,
        0.418304,
        0.416186,
        0.414083,
        0.412177,
        0.410291,
        0.408201,
        0.406333,
        0.404471,
        0.402662,
        0.400951,
        0.399206,
        0.397322,
        0.395689,
        0.393893,
        0.392378,
        0.390825,
        0.389069,
        0.387495,
        0.386009,
        0.384596,
        0.383079,
        0.381594,
        0.380145,
        0.378798,
        0.377204,
        0.375904,
        0.374547,
        0.373211,
        0.372019,
        0.370749,
        0.369338,
        0.368088,
        0.366872,
        0.365721,
        0.364518,
        0.36331,
        0.362089,
        0.361001,
        0.359887,
        0.3588,
        0.357785,
        0.356648,
        0.355594,
        0.354671,
        0.353638,
        0.352565,
        0.351624,
        0.350675,
        0.349714,
        0.3488,
        0.347864,
        0.347007,
        0.346072,
        0.34518,
        0.344354,
        0.343578,
        0.342715,
        0.341931,
        0.341149,
        0.340385,
        0.339541,
        0.338843,
        0.338107,
        0.337413,
        0.336713,
        0.335991,
        0.335321,
        0.334717,
        0.334078,
        0.333431,
        0.332797,
        0.33218,
        0.331631,
        0.331096,
        0.330506,
        0.32997,
        0.329475,
        0.328962,
        0.328474,
        0.327988,
        0.327505,
        0.327071,
        0.326635,
        0.326198,
        0.325776,
        0.325393,
        0.325011,
        0.324636,
        0.324285,
        0.323941,
        0.323622,
        0.323286,
        0.323005,
        0.3227,
        0.322422,
        0.322166,
        0.321906,
        0.32167,
        0.321451,
        0.321232,
        0.321024,
        0.320846,
        0.320669,
        0.320482,
        0.32032,
        0.320171,
        0.320033,
        0.31991,
        0.319788,
        0.319684,
        0.31958,
        0.319485,
        0.319406,
        0.319335,
        0.31927,
        0.319202,
        0.319141,
        0.319098,
        0.319061,
        0.319029,
        0.318989,
        0.318978,
        0.318956,
        0.318944,
        0.318922
      ],
      "initial_loss": 1.863398,
      "final_loss": 0.318922,
      "loss_drop_pct": 82.9,
      "total_time_min": 147.4,
      "checkpoint_final": "/home/qhxie/AutoResearch-SibylSystem/workspaces/lewm-generalization/current/exp/results/full/dino_wm/seed_42_final.pt",
      "linear_probe": {
        "joint_angle_mean": {
          "train_r2": 0.7183,
          "test_r2": -0.3758
        },
        "com_velocity_x": {
          "train_r2": 0.6307,
          "test_r2": -0.7867
        }
      }
    },
    {
      "seed": 7,
      "n_epochs": 200,