{
  "features.0.weight": {
    "r_t_mean": 3.809124888715196e-09,
    "r_t_std": 5.678564910995879e-09,
    "r_t_min": 1.259930748452962e-09,
    "r_t_max": 6.949162406702913e-08,
    "delta_hat_mean": 0.0010853582588682014,
    "delta_hat_std": 0.024839134564342395,
    "lambda_t_mean": 0.0,
    "lambda_t_std": 0.0,
    "n_records": 1950
  },
  "features.2.weight": {
    "r_t_mean": 1.8676832799150713e-08,
    "r_t_std": 2.7700673902317682e-08,
    "r_t_min": 6.1472302616719835e-09,
    "r_t_max": 3.339335290068907e-07,
    "delta_hat_mean": 0.00031201405268849414,
    "delta_hat_std": 0.005910133745219382,
    "lambda_t_mean": 0.0,
    "lambda_t_std": 0.0,
    "n_records": 1950
  },
  "features.5.weight": {
    "r_t_mean": 1.4092928640220998e-08,
    "r_t_std": 2.0706786591198795e-08,
    "r_t_min": 4.8567101344052536e-09,
    "r_t_max": 2.547150464142072e-07,
    "delta_hat_mean": 0.00020705071994085207,
    "delta_hat_std": 0.004068007939004225,
    "lambda_t_mean": 0.0,
    "lambda_t_std": 0.0,
    "n_records": 1950
  },
  "features.7.weight": {
    "r_t_mean": 2.0816630339496015e-08,
    "r_t_std": 3.0887913973947236e-08,
    "r_t_min": 7.0660000084508885e-09,
    "r_t_max": 4.101023321936226e-07,
    "delta_hat_mean": 0.00011393441351290862,
    "delta_hat_std": 0.002831267087808789,
    "lambda_t_mean": 0.0,
    "lambda_t_std": 0.0,
    "n_records": 1950
  },
  "features.10.weight": {
    "r_t_mean": 1.636430117715176e-08,
    "r_t_std": 2.4228887632939045e-08,
    "r_t_min": 5.185145799999362e-09,
    "r_t_max": 3.2382896511012594e-07,
    "delta_hat_mean": 5.3129751269504295e-05,
    "delta_hat_std": 0.001827929896595154,
    "lambda_t_mean": 0.0,
    "lambda_t_std": 0.0,
    "n_records": 1950
  },
  "features.12.weight": {
    "r_t_mean": 2.817927930128452e-08,
    "r_t_std": 4.156825654350661e-08,
    "r_t_min": 8.55457067756908e-09,
    "r_t_max": 5.843205003275373e-07,
    "delta_hat_mean": 4.558715460607579e-05,
    "delta_hat_std": 0.0012769679799080277,
    "lambda_t_mean": 0.0,
    "lambda_t_std": 0.0,
    "n_records": 1950
  },
  "features.14.weight": {
    "r_t_mean": 3.906430885870615e-08,
    "r_t_std": 5.808498069987866e-08,
    "r_t_min": 1.1295141871300046e-08,
    "r_t_max": 8.363195196376789e-07,
    "delta_hat_mean": 3.2801670036097e-05,
    "delta_hat_std": 0.0015543682055099658,
    "lambda_t_mean": 0.0,
    "lambda_t_std": 0.0,
    "n_records": 1950
  },
  "features.17.weight": {
    "r_t_mean": 6.603355581150904e-08,
    "r_t_std": 9.810571357739844e-08,
    "r_t_min": 1.7709945324310112e-08,
    "r_t_max": 1.3363159315992331e-06,
    "delta_hat_mean": 9.639003633046318e-06,
    "delta_hat_std": 0.0008019053389260245,
    "lambda_t_mean": 0.0,
    "lambda_t_std": 0.0,
    "n_records": 1950
  },
  "features.19.weight": {
    "r_t_mean": 2.224808890486163e-07,
    "r_t_std": 3.3324252568863253e-07,
    "r_t_min": 6.169134585679071e-08,
    "r_t_max": 4.658832137485764e-06,
    "delta_hat_mean": -1.5342860375219457e-06,
    "delta_hat_std": 0.0007297443843415491,
    "lambda_t_mean": 0.0,
    "lambda_t_std": 0.0,
    "n_records": 1950
  },
  "features.21.weight": {
    "r_t_mean": 4.564754637537945e-07,
    "r_t_std": 6.864476787812094e-07,
    "r_t_min": 1.3102221483946047e-07,
    "r_t_max": 9.528647200648347e-06,
    "delta_hat_mean": -1.0695120774547225e-05,
    "delta_hat_std": 0.0007874353894105835,
    "lambda_t_mean": 0.0,
    "lambda_t_std": 0.0,
    "n_records": 1950
  },
  "features.24.weight": {
    "r_t_mean": 1.3192811992942494e-06,
    "r_t_std": 2.004083808872677e-06,
    "r_t_min": 3.975445292857156e-07,
    "r_t_max": 2.804967053544526e-05,
    "delta_hat_mean": -8.787773747732566e-06,
    "delta_hat_std": 0.0006873722978831123,
    "lambda_t_mean": 0.0,
    "lambda_t_std": 0.0,
    "n_records": 1950
  },
  "features.26.weight": {
    "r_t_mean": 3.87445559689325e-06,
    "r_t_std": 5.904046856849481e-06,
    "r_t_min": 1.171455740072665e-06,
    "r_t_max": 8.050194096674958e-05,
    "delta_hat_mean": 1.7126438772557335e-05,
    "delta_hat_std": 0.000586066608701807,
    "lambda_t_mean": 0.0,
    "lambda_t_std": 0.0,
    "n_records": 1950
  },
  "features.28.weight": {
    "r_t_mean": 1.3926186101480474e-05,
    "r_t_std": 2.1640139497576325e-05,
    "r_t_min": 4.126499841359359e-06,
    "r_t_max": 0.00028991382269278156,
    "delta_hat_mean": -1.8600507308267658e-05,
    "delta_hat_std": 0.0010840626323754662,
    "lambda_t_mean": 0.0,
    "lambda_t_std": 0.0,
    "n_records": 1950
  },
  "classifier.0.weight": {
    "r_t_mean": 2.912358497818266e-05,
    "r_t_std": 3.742333509399748e-05,
    "r_t_min": 9.766887999055004e-06,
    "r_t_max": 0.0003949741951449064,
    "delta_hat_mean": -4.593512050073164e-05,
    "delta_hat_std": 0.00234793299504883,
    "lambda_t_mean": 0.0,
    "lambda_t_std": 0.0,
    "n_records": 1950
  },
  "classifier.3.weight": {
    "r_t_mean": 0.00022529543465069703,
    "r_t_std": 0.0002501645429964818,
    "r_t_min": 8.221527632515251e-05,
    "r_t_max": 0.0024945359210008567,
    "delta_hat_mean": 5.986160071297666e-05,
    "delta_hat_std": 0.0024971781058211514,
    "lambda_t_mean": 0.0,
    "lambda_t_std": 0.0,
    "n_records": 1950
  },
  "classifier.6.weight": {
    "r_t_mean": 0.0008255836236624833,
    "r_t_std": 0.0014099240516700958,
    "r_t_min": 6.439964224477337e-05,
    "r_t_max": 0.012503122126211184,
    "delta_hat_mean": 0.0002708255944460875,
    "delta_hat_std": 0.004612435802930996,
    "lambda_t_mean": 0.0,
    "lambda_t_std": 0.0,
    "n_records": 1950
  }
}