{
  "features.0.weight": {
    "r_t_mean": 0.01579094435518728,
    "r_t_std": 0.009851502340645127,
    "r_t_min": 0.0013470081147173817,
    "r_t_max": 0.25606083037369515,
    "delta_hat_mean": 1.1264224553733162e-06,
    "delta_hat_std": 1.911824566546952e-05,
    "lambda_t_mean": 0.000626799144110608,
    "lambda_t_std": 0.00011460839625378766,
    "n_records": 1950
  },
  "features.3.weight": {
    "r_t_mean": 0.016338215278073755,
    "r_t_std": 0.019893507873215414,
    "r_t_min": 0.0011447156220655147,
    "r_t_max": 0.8270349611456688,
    "delta_hat_mean": -7.620569397395535e-08,
    "delta_hat_std": 4.1761124413397985e-06,
    "lambda_t_mean": 0.0006114809623922192,
    "lambda_t_std": 0.00010342936196157347,
    "n_records": 1950
  },
  "features.7.weight": {
    "r_t_mean": 0.017847224497225603,
    "r_t_std": 0.012990227836968137,
    "r_t_min": 0.0013778112428602476,
    "r_t_max": 0.4841270852718258,
    "delta_hat_mean": -6.14397115626628e-10,
    "delta_hat_std": 3.1271193555699057e-08,
    "lambda_t_mean": 0.0006091903955680436,
    "lambda_t_std": 0.00010494445307746438,
    "n_records": 1950
  },
  "features.10.weight": {
    "r_t_mean": 0.01913144502927923,
    "r_t_std": 0.014550512568318246,
    "r_t_min": 0.0016300250241351156,
    "r_t_max": 0.5725026398500889,
    "delta_hat_mean": 1.0530318979829778e-09,
    "delta_hat_std": 2.416141638363336e-08,
    "lambda_t_mean": 0.0006057911264499978,
    "lambda_t_std": 0.0001028886312361562,
    "n_records": 1950
  },
  "features.14.weight": {
    "r_t_mean": 0.02012193979750824,
    "r_t_std": 0.010148573134114623,
    "r_t_min": 0.0018183506180864538,
    "r_t_max": 0.34592552975818847,
    "delta_hat_mean": 2.235110277664497e-09,
    "delta_hat_std": 1.2858986818232479e-06,
    "lambda_t_mean": 0.0006038633159764675,
    "lambda_t_std": 9.736292951402049e-05,
    "n_records": 1950
  },
  "features.17.weight": {
    "r_t_mean": 0.02046167483328698,
    "r_t_std": 0.01137728310762475,
    "r_t_min": 0.0018894486362763655,
    "r_t_max": 0.40929988370225573,
    "delta_hat_mean": 9.41382779081609e-10,
    "delta_hat_std": 1.9292520816594847e-08,
    "lambda_t_mean": 0.0006025906262991284,
    "lambda_t_std": 9.484789571212771e-05,
    "n_records": 1950
  },
  "features.20.weight": {
    "r_t_mean": 0.018593148987642385,
    "r_t_std": 0.009760466234578758,
    "r_t_min": 0.0017425214269973044,
    "r_t_max": 0.34290107054741276,
    "delta_hat_mean": 8.037134939449128e-10,
    "delta_hat_std": 2.775165416061398e-08,
    "lambda_t_mean": 0.000601347125154224,
    "lambda_t_std": 9.260364227700419e-05,
    "n_records": 1950
  },
  "features.24.weight": {
    "r_t_mean": 0.013968179969571944,
    "r_t_std": 0.006600392620118941,
    "r_t_min": 0.0012134985234857766,
    "r_t_max": 0.21340179862228134,
    "delta_hat_mean": 4.553825682808183e-09,
    "delta_hat_std": 9.025680281378692e-07,
    "lambda_t_mean": 0.0006019069760503292,
    "lambda_t_std": 9.394503679623878e-05,
    "n_records": 1950
  },
  "features.27.weight": {
    "r_t_mean": 0.011610526473824932,
    "r_t_std": 0.0067741389133608625,
    "r_t_min": 0.00098939209374942,
    "r_t_max": 0.2541675343738269,
    "delta_hat_mean": 1.4725844547006736e-08,
    "delta_hat_std": 1.1887103314214193e-06,
    "lambda_t_mean": 0.0006056769949057368,
    "lambda_t_std": 9.578326407354754e-05,
    "n_records": 1950
  },
  "features.30.weight": {
    "r_t_mean": 0.010658101949089989,
    "r_t_std": 0.005822222990971361,
    "r_t_min": 0.0009530177232148642,
    "r_t_max": 0.2167810180780735,
    "delta_hat_mean": -9.795508804430688e-09,
    "delta_hat_std": 1.0671638005315713e-06,
    "lambda_t_mean": 0.0006063412298978812,
    "lambda_t_std": 9.207926270444711e-05,
    "n_records": 1950
  },
  "features.34.weight": {
    "r_t_mean": 0.00964940080980095,
    "r_t_std": 0.005382680542859308,
    "r_t_min": 0.0008525862711599868,
    "r_t_max": 0.20007623919431336,
    "delta_hat_mean": -1.1255312764850245e-08,
    "delta_hat_std": 2.2360697466820993e-06,
    "lambda_t_mean": 0.000612019801410378,
    "lambda_t_std": 9.384077688264626e-05,
    "n_records": 1950
  },
  "features.37.weight": {
    "r_t_mean": 0.009504800753915275,
    "r_t_std": 0.0048182667595760625,
    "r_t_min": 0.0007428808197824184,
    "r_t_max": 0.1700577905845455,
    "delta_hat_mean": 9.908840308270328e-08,
    "delta_hat_std": 2.5707952159069873e-06,
    "lambda_t_mean": 0.0006116557697688288,
    "lambda_t_std": 9.264725367098382e-05,
    "n_records": 1950
  },
  "features.40.weight": {
    "r_t_mean": 0.009906793926673457,
    "r_t_std": 0.004837123025556464,
    "r_t_min": 0.0007280981653449564,
    "r_t_max": 0.1456929114725323,
    "delta_hat_mean": -6.516303896361637e-08,
    "delta_hat_std": 4.186511518350543e-06,
    "lambda_t_mean": 0.0006080035243138226,
    "lambda_t_std": 8.95621175252605e-05,
    "n_records": 1950
  },
  "classifier.0.weight": {
    "r_t_mean": 0.010270911077949162,
    "r_t_std": 0.00591860815545531,
    "r_t_min": 0.0007145096428333186,
    "r_t_max": 0.10630118593405881,
    "delta_hat_mean": -0.004349842531119066,
    "delta_hat_std": 0.020608780882589068,
    "lambda_t_mean": 0.0006122108899965767,
    "lambda_t_std": 0.00010242054073946883,
    "n_records": 1950
  },
  "classifier.3.weight": {
    "r_t_mean": 0.012266884431908565,
    "r_t_std": 0.006445427813215021,
    "r_t_min": 0.0008254379121799604,
    "r_t_max": 0.09918552227548295,
    "delta_hat_mean": -0.002670074460432214,
    "delta_hat_std": 0.013399135604910498,
    "lambda_t_mean": 0.0005951948473627306,
    "lambda_t_std": 8.892136887389867e-05,
    "n_records": 1950
  },
  "classifier.6.weight": {
    "r_t_mean": 0.021070895799292808,
    "r_t_std": 0.02138314882426364,
    "r_t_min": 0.001243396347932442,
    "r_t_max": 0.5632123157220653,
    "delta_hat_mean": -0.0098153842062353,
    "delta_hat_std": 0.04807180487423809,
    "lambda_t_mean": 0.0005951015926511479,
    "lambda_t_std": 8.458141738846016e-05,
    "n_records": 1950
  }
}