{
  "variant": "Kd_only",
  "method": "UDWDC_v2_Kd_only",
  "K_p": 0.0,
  "K_i": 0.0,
  "K_d": 0.3,
  "is_baseline": false,
  "seed": 42,
  "epochs": 200,
  "best_test_acc": 70.24,
  "final_test_acc": 70.24,
  "final_train_acc": 99.79767628205128,
  "generalization_gap": 29.55767628205129,
  "total_wd_budget": 0.5950557315293077,
  "v2_cumulative_wd_budget": 399117.4329762764,
  "csi": 0.23927682990948906,
  "nan_inf_detected": false,
  "elapsed_sec": 715.1245534420013
}