{
  "task": "p1_h1_statistics",
  "h1_pass": true,
  "absorption_summary": {
    "trained_sae": {
      "mean": 0.5,
      "std": 0.0
    },
    "random_decoder": {
      "mean": 0.059000000000000004,
      "std": 0.06941901756723443,
      "delta_vs_trained": -0.441
    },
    "shuffled_features": {
      "mean": 0.48700000000000004,
      "std": 0.03363034344160047,
      "delta_vs_trained": -0.012999999999999956
    },
    "permuted_encoder": {
      "mean": 0.48400000000000004,
      "std": 0.036660605559646724,
      "delta_vs_trained": -0.01599999999999996
    }
  },
  "statistical_tests": {
    "vs_random_decoder": {
      "t_statistic": 63.20882593001817,
      "p_value": 3.160095459765745e-133,
      "cohens_d": 8.939076077238866
    },
    "vs_shuffled_features": {
      "t_statistic": 3.846180371261307,
      "p_value": 0.0001617027859981894,
      "cohens_d": 0.5439318168509809
    },
    "vs_permuted_encoder": {
      "t_statistic": 4.342481186734464,
      "p_value": 2.2472917831997926e-05,
      "cohens_d": 0.6141193431487939
    }
  },
  "key_finding": "Trained SAEs show significantly higher absorption (0.50) than random decoder baseline (0.059), with very large effect size (d=8.94). Shuffled and permuted baselines show intermediate absorption (~0.48), suggesting encoder weight structure contributes to absorption patterns.",
  "timestamp": "2026-04-28T00:51:25.841678"
}