{
  "task_id": "h7_temporal_gate",
  "mode": "full",
  "polynomial_degree": 4,
  "gate_decision": "PASS",
  "gate_passes": true,
  "h7_falsified": false,
  "gate_threshold_pct": 70.0,
  "r2_threshold": 0.85,
  "statistics": {
    "total_layer_method_combinations": 2640,
    "valid_r2_count": 2640,
    "mean_r2": 0.27879538715462054,
    "median_r2": 0.03565224496393471,
    "std_r2": 0.3749533433227886,
    "min_r2": 0.0002617580766870464,
    "max_r2": 0.9348964687415584,
    "q25_r2": 0.014765745155309262,
    "q75_r2": 0.7939267222950516,
    "q10_r2": 0.0073062590025649195,
    "q90_r2": 0.8883229785185279,
    "pct_r2_above_085": 18.106060606060606,
    "count_r2_above_085": 478,
    "pct_r2_above_070": 27.992424242424242,
    "pct_r2_above_050": 29.62121212121212,
    "pct_r2_below_030": 69.20454545454545
  },
  "per_method_stats": {
    "CPR": {
      "mean_r2": 0.28966018443482666,
      "median_r2": 0.028056393941493396,
      "std_r2": 0.38066596182143125,
      "pct_high_r2": 18.46153846153846,
      "pct_above_070": 30.76923076923077,
      "n_layers": 195
    },
    "CWD": {
      "mean_r2": 0.29485865227277086,
      "median_r2": 0.030820885067482262,
      "std_r2": 0.39321095611001633,
      "pct_high_r2": 21.53846153846154,
      "pct_above_070": 30.76923076923077,
      "n_layers": 195
    },
    "DefazioCorrective": {
      "mean_r2": 0.2888331192296179,
      "median_r2": 0.03208302490292769,
      "std_r2": 0.3851547283048505,
      "pct_high_r2": 17.94871794871795,
      "pct_above_070": 30.76923076923077,
      "n_layers": 195
    },
    "FixedWD": {
      "mean_r2": 0.28631010158881254,
      "median_r2": 0.03745862570531272,
      "std_r2": 0.38070502369223136,
      "pct_high_r2": 20.303030303030305,
      "pct_above_070": 28.78787878787879,
      "n_layers": 330
    },
    "NoWD": {
      "mean_r2": 0.2832672811876077,
      "median_r2": 0.03158394988544144,
      "std_r2": 0.3764799437726526,
      "pct_high_r2": 15.384615384615385,
      "pct_above_070": 30.256410256410255,
      "n_layers": 195
    },
    "SWD": {
      "mean_r2": 0.2908112601194231,
      "median_r2": 0.030678002208898048,
      "std_r2": 0.38699219352656444,
      "pct_high_r2": 21.025641025641026,
      "pct_above_070": 30.256410256410255,
      "n_layers": 195
    },
    "UDWDC": {
      "mean_r2": 0.28696477563495576,
      "median_r2": 0.028224692322428302,
      "std_r2": 0.3863278463852643,
      "pct_high_r2": 15.384615384615385,
      "pct_above_070": 31.28205128205128,
      "n_layers": 195
    },
    "UDWDC-v2": {
      "mean_r2": 0.2930043685859498,
      "median_r2": 0.03310805304386022,
      "std_r2": 0.39071549192126315,
      "pct_high_r2": 20.0,
      "pct_above_070": 31.28205128205128,
      "n_layers": 195
    },
    "UDWDC_v2_Full_PID": {
      "mean_r2": 0.25257112569226714,
      "median_r2": 0.0399120276098216,
      "std_r2": 0.3471554793291577,
      "pct_high_r2": 14.814814814814815,
      "pct_above_070": 21.48148148148148,
      "n_layers": 135
    },
    "UDWDC_v2_Kd_only": {
      "mean_r2": 0.28140362135011704,
      "median_r2": 0.04372127731626019,
      "std_r2": 0.37860070711496585,
      "pct_high_r2": 24.444444444444443,
      "pct_above_070": 27.40740740740741,
      "n_layers": 135
    },
    "UDWDC_v2_Ki_only": {
      "mean_r2": 0.2540234727502093,
      "median_r2": 0.04556978642405918,
      "std_r2": 0.34900532604291085,
      "pct_high_r2": 14.814814814814815,
      "pct_above_070": 23.703703703703702,
      "n_layers": 135
    },
    "UDWDC_v2_Kp_only": {
      "mean_r2": 0.2615386534687882,
      "median_r2": 0.03716342610693568,
      "std_r2": 0.36551369424153446,
      "pct_high_r2": 19.25925925925926,
      "pct_above_070": 24.444444444444443,
      "n_layers": 135
    },
    "UDWDC_v2_PD_control": {
      "mean_r2": 0.2633371688113992,
      "median_r2": 0.05300643715513964,
      "std_r2": 0.3468471339373717,
      "pct_high_r2": 14.814814814814815,
      "pct_above_070": 23.703703703703702,
      "n_layers": 135
    },
    "UDWDC_v2_PI_control": {
      "mean_r2": 0.2582182283696589,
      "median_r2": 0.04346683185552247,
      "std_r2": 0.3556356104267136,
      "pct_high_r2": 14.074074074074074,
      "pct_above_070": 23.703703703703702,
      "n_layers": 135
    },
    "UDWDC_v2_UDWDC_v2": {
      "mean_r2": 0.25257112569226714,
      "median_r2": 0.0399120276098216,
      "std_r2": 0.3471554793291577,
      "pct_high_r2": 14.814814814814815,
      "pct_above_070": 21.48148148148148,
      "n_layers": 135
    }
  },
  "per_source_stats": {
    "ablation_cifar100": {
      "mean_r2": 0.2625761876184206,
      "median_r2": 0.04397655285068869,
      "pct_high_r2": 17.59259259259259,
      "n_layers": 1080
    },
    "diagnostic_cifar10": {
      "mean_r2": 0.29002406375660505,
      "median_r2": 0.030565542936985546,
      "pct_high_r2": 18.46153846153846,
      "n_layers": 1560
    }
  },
  "per_layer_type_stats": {
    "bn/bias": {
      "mean_r2": 0.023662833664543758,
      "median_r2": 0.01763438096542408,
      "std_r2": 0.021077890766823815,
      "pct_high_r2": 0.0,
      "n_layers": 456
    },
    "bn/weight": {
      "mean_r2": 0.02569382662091272,
      "median_r2": 0.016894977854858828,
      "std_r2": 0.030045200705328606,
      "pct_high_r2": 0.0,
      "n_layers": 456
    },
    "conv/bias": {
      "mean_r2": 0.03418618328360341,
      "median_r2": 0.02778313404881544,
      "std_r2": 0.0299627627221272,
      "pct_high_r2": 0.0,
      "n_layers": 312
    },
    "conv/weight": {
      "mean_r2": 0.5949440957268048,
      "median_r2": 0.8251121452920469,
      "std_r2": 0.3777185156296925,
      "pct_high_r2": 41.2962962962963,
      "n_layers": 1080
    },
    "fc/bias": {
      "mean_r2": 0.061772228891808695,
      "median_r2": 0.03154351144562639,
      "std_r2": 0.06011202524492777,
      "pct_high_r2": 0.0,
      "n_layers": 96
    },
    "fc/weight": {
      "mean_r2": 0.11549916728599519,
      "median_r2": 0.10912877003292615,
      "std_r2": 0.05512358884635611,
      "pct_high_r2": 0.0,
      "n_layers": 96
    },
    "shortcut": {
      "mean_r2": 0.30062096108005065,
      "median_r2": 0.027517389245727386,
      "std_r2": 0.3986245734711076,
      "pct_high_r2": 22.22222222222222,
      "n_layers": 144
    }
  },
  "per_seed_stats": {
    "42": {
      "mean_r2": 0.2772610797519798,
      "pct_high_r2": 18.977272727272727,
      "n_layers": 880
    },
    "123": {
      "mean_r2": 0.2724448205344326,
      "pct_high_r2": 15.681818181818182,
      "n_layers": 880
    },
    "456": {
      "mean_r2": 0.2866802611774491,
      "pct_high_r2": 19.65909090909091,
      "n_layers": 880
    }
  },
  "residual_analysis": {
    "mean_residual_std": 0.06959774062931193,
    "median_residual_std": 0.049049567504863535,
    "mean_lag1_autocorr": 0.04040722658496362,
    "pct_autocorr_above_05": 0.6818181818181818,
    "interpretation": "High residual autocorrelation suggests structured non-polynomial dynamics in alignment \u2014 alignment carries temporally complex information."
  },
  "histogram": {
    "counts": [
      0,
      0,
      0,
      0,
      0,
      0,
      0,
      0,
      0,
      0,
      1515,
      204,
      67,
      23,
      13,
      5,
      6,
      4,
      10,
      11,
      8,
      12,
      9,
      14,
      22,
      64,
      175,
      297,
      181,
      0
    ],