{
  "features.0.weight": {
    "r_t_mean": 3.3634708388787432e-09,
    "r_t_std": 5.450842467927114e-09,
    "r_t_min": 4.648822426057168e-10,
    "r_t_max": 7.0572750286155e-08,
    "delta_hat_mean": -0.00018146302523839553,
    "delta_hat_std": 0.023609719569926513,
    "lambda_t_mean": 0.0,
    "lambda_t_std": 0.0,
    "n_records": 1950
  },
  "features.2.weight": {
    "r_t_mean": 1.5711757520306648e-08,
    "r_t_std": 2.5796251830831337e-08,
    "r_t_min": 2.3184248355735696e-09,
    "r_t_max": 3.402764347990701e-07,
    "delta_hat_mean": 7.146420121455613e-07,
    "delta_hat_std": 0.006123105230812771,
    "lambda_t_mean": 5.121020867364991e-11,
    "lambda_t_std": 4.50996401330756e-12,
    "n_records": 1950
  },
  "features.5.weight": {
    "r_t_mean": 1.1957173766021086e-08,
    "r_t_std": 1.9464659794619663e-08,
    "r_t_min": 2.017863265698188e-09,
    "r_t_max": 2.5893114579733035e-07,
    "delta_hat_mean": -8.30463877340056e-08,
    "delta_hat_std": 0.004022668533212797,
    "lambda_t_mean": 0.0,
    "lambda_t_std": 0.0,
    "n_records": 1950
  },
  "features.7.weight": {
    "r_t_mean": 1.697979925885186e-08,
    "r_t_std": 2.7507365131392353e-08,
    "r_t_min": 2.855528808048589e-09,
    "r_t_max": 3.506262692293599e-07,
    "delta_hat_mean": 1.3824051066375175e-05,
    "delta_hat_std": 0.002944230922203977,
    "lambda_t_mean": 3.6321290913589565e-11,
    "lambda_t_std": 2.1806465638311215e-12,
    "n_records": 1950
  },
  "features.10.weight": {
    "r_t_mean": 1.3620689771637934e-08,
    "r_t_std": 2.216436756783733e-08,
    "r_t_min": 2.4062604263120206e-09,
    "r_t_max": 2.971852158995589e-07,
    "delta_hat_mean": 1.177649945965151e-05,
    "delta_hat_std": 0.001930243616650849,
    "lambda_t_mean": 0.0,
    "lambda_t_std": 0.0,
    "n_records": 1950
  },
  "features.12.weight": {
    "r_t_mean": 2.152881143183435e-08,
    "r_t_std": 3.5221222949521816e-08,
    "r_t_min": 3.84353383450469e-09,
    "r_t_max": 4.499603718579887e-07,
    "delta_hat_mean": 2.2394691052515836e-05,
    "delta_hat_std": 0.0016845166566427892,
    "lambda_t_mean": 0.0,
    "lambda_t_std": 0.0,
    "n_records": 1950
  },
  "features.14.weight": {
    "r_t_mean": 3.381249326551236e-08,
    "r_t_std": 5.5870065026110546e-08,
    "r_t_min": 5.70953138568824e-09,
    "r_t_max": 7.174778864212648e-07,
    "delta_hat_mean": 1.4951364630458277e-05,
    "delta_hat_std": 0.0014415565609713792,
    "lambda_t_mean": 5.060311680804088e-11,
    "lambda_t_std": 7.230870994110837e-12,
    "n_records": 1950
  },
  "features.17.weight": {
    "r_t_mean": 5.172534353990267e-08,
    "r_t_std": 8.577896280846847e-08,
    "r_t_min": 7.994471482190447e-09,
    "r_t_max": 1.1125289199831746e-06,
    "delta_hat_mean": -6.9826469603635075e-06,
    "delta_hat_std": 0.0009381190425713568,
    "lambda_t_mean": 0.0,
    "lambda_t_std": 0.0,
    "n_records": 1950
  },
  "features.19.weight": {
    "r_t_mean": 1.7433680569906798e-07,
    "r_t_std": 2.893864669427707e-07,
    "r_t_min": 2.8909219443725513e-08,
    "r_t_max": 3.6092510199021598e-06,
    "delta_hat_mean": 2.446334384060651e-05,
    "delta_hat_std": 0.0007595330554549922,
    "lambda_t_mean": 3.519261514092767e-12,
    "lambda_t_std": 1.285931257537973e-11,
    "n_records": 1950
  },
  "features.21.weight": {
    "r_t_mean": 3.749054992586098e-07,
    "r_t_std": 6.26425157237075e-07,
    "r_t_min": 5.8761290386741253e-08,
    "r_t_max": 8.075603795302617e-06,
    "delta_hat_mean": 3.680244158916369e-05,
    "delta_hat_std": 0.0006842015131573323,
    "lambda_t_mean": 5.614422742568316e-13,
    "lambda_t_std": 4.492690313656532e-12,
    "n_records": 1950
  },
  "features.24.weight": {
    "r_t_mean": 1.0667167685264993e-06,
    "r_t_std": 1.7856483263814647e-06,
    "r_t_min": 1.6644104420722794e-07,
    "r_t_max": 2.2907951455528198e-05,
    "delta_hat_mean": 1.0689049414622786e-05,
    "delta_hat_std": 0.0005576504211022928,
    "lambda_t_mean": 8.983947124050941e-13,
    "lambda_t_std": 5.893392905110995e-12,
    "n_records": 1950
  },
  "features.26.weight": {
    "r_t_mean": 3.6789939046494614e-06,
    "r_t_std": 6.213412710064383e-06,
    "r_t_min": 5.84192468117378e-07,
    "r_t_max": 7.738872169158851e-05,
    "delta_hat_mean": 3.319809076384235e-05,
    "delta_hat_std": 0.0007984989628908688,
    "lambda_t_mean": 3.5578659477981926e-13,
    "lambda_t_std": 5.537015463755422e-12,
    "n_records": 1950
  },
  "features.28.weight": {
    "r_t_mean": 1.3410164806219389e-05,
    "r_t_std": 2.293522869483482e-05,
    "r_t_min": 2.121223874422302e-06,
    "r_t_max": 0.0002867520156798932,
    "delta_hat_mean": 4.192638648741346e-05,
    "delta_hat_std": 0.0011396017833793049,
    "lambda_t_mean": 3.857542210294611e-12,
    "lambda_t_std": 5.066608046833221e-11,
    "n_records": 1950
  },
  "classifier.0.weight": {
    "r_t_mean": 2.7545188873594673e-05,
    "r_t_std": 3.681765671753686e-05,
    "r_t_min": 5.158377852932889e-06,
    "r_t_max": 0.00037183681738308543,
    "delta_hat_mean": 0.0001316835306200422,
    "delta_hat_std": 0.0025815151177528695,
    "lambda_t_mean": 4.674068337036406e-13,
    "lambda_t_std": 1.4602709165872648e-11,
    "n_records": 1950
  },
  "classifier.3.weight": {
    "r_t_mean": 0.00021044123380347434,
    "r_t_std": 0.0002500912496943099,
    "r_t_min": 4.163349877801452e-05,
    "r_t_max": 0.002125549597827035,
    "delta_hat_mean": 0.00011988918520582723,
    "delta_hat_std": 0.0030913425998563586,
    "lambda_t_mean": 8.792152049372794e-08,
    "lambda_t_std": 1.3996960593207287e-08,
    "n_records": 1950
  },
  "classifier.6.weight": {
    "r_t_mean": 0.0007383132771452148,
    "r_t_std": 0.0014056345793906524,
    "r_t_min": 1.4526771293448434e-05,
    "r_t_max": 0.012855153730988719,
    "delta_hat_mean": 0.000347373826382817,
    "delta_hat_std": 0.004683583510414066,
    "lambda_t_mean": 1.6432180479870436e-06,
    "lambda_t_std": 2.7148556538354045e-07,
    "n_records": 1950
  }
}