{
  "overall_recommendation": "GO",
  "task_id": "diagnostic_cifar10",
  "mode": "pilot",
  "model": "resnet20",
  "dataset": "cifar10",
  "epochs": 10,
  "seed": 42,
  "methods": [
    "FixedWD",
    "CWD",
    "SWD",
    "CPR",
    "DefazioCorrective",
    "NoWD",
    "UDWDC",
    "UDWDC-v2"
  ],
  "checks": {
    "all_methods_complete": {
      "passed": true,
      "detail": "8/8 methods completed"
    },
    "rho_t_nontrivial": {
      "passed": true,
      "detail": {
        "FixedWD": {
          "std": 0.020147874642027618,
          "passed": true
        },
        "CWD": {
          "std": 0.01624690789837776,
          "passed": true
        },
        "SWD": {
          "std": 0.01982897823562752,
          "passed": true
        },
        "CPR": {
          "std": 0.02225649410178282,
          "passed": true
        },
        "DefazioCorrective": {
          "std": 0.020118521467313816,
          "passed": true
        },
        "NoWD": {
          "std": 0.022510249658828252,
          "passed": true
        },
        "UDWDC": {
          "std": 0.019315210633261755,
          "passed": true
        },
        "UDWDC-v2": {
          "std": 0.018621259997758578,
          "passed": true
        }
      }
    },
    "udwdc_v2_wd_budget": {
      "passed": true,
      "detail": "UDWDC-v2 cumulative WD budget = 4.028075e+02 (should be > 0)",
      "cumulative_wd_budget": 402.80749181710166
    },
    "fixedwd_cv_convergence": {
      "passed": true,
      "detail": "CV=0.5336, mean_rho=0.0143, std_rho=0.0076",
      "cv": 0.533552791193613,
      "mean_rho": 0.014327236018244685,
      "std_rho": 0.007644336820979397,
      "n_wd_layers": 65
    }
  },
  "per_method": {
    "FixedWD": {
      "best_acc": 82.06,
      "final_test_acc": 82.06,
      "final_train_acc": 83.46153846153847,
      "elapsed_sec": 33.21880483627319,
      "n_layers": 65,
      "mean_rho_trajectory": [
        0.04285587163561036,
        0.02879150122928435,
        0.020348771170203502,
        0.0199104098210513,
        0.019883849947991788,
        0.013890979831528762,
        0.014820074488430847,
        0.015342359375110142,
        0.015546966695480917,
        0.014327236018244685
      ]
    },
    "CWD": {
      "best_acc": 81.26,
      "final_test_acc": 81.26,
      "final_train_acc": 84.42908653846153,
      "elapsed_sec": 58.01990556716919,
      "n_layers": 65,
      "mean_rho_trajectory": [
        0.034044731960815325,
        0.02381013107338078,
        0.020341935268881676,
        0.020179000430490764,
        0.01663389536875846,
        0.015007355889621647,
        0.016537507834449898,
        0.0160772734362395,
        0.014846307915857285,
        0.013034638410554316
      ]
    },
    "SWD": {
      "best_acc": 80.1,
      "final_test_acc": 80.1,
      "final_train_acc": 83.73998397435898,
      "elapsed_sec": 62.41825580596924,
      "n_layers": 65,
      "mean_rho_trajectory": [
        0.03372814827716021,
        0.027582729214174852,
        0.02187124427641869,
        0.021693125913851273,
        0.016270907930200536,
        0.015207775417347332,
        0.017252774527603217,
        0.015496814563279254,
        0.01614808306137375,
        0.015323646378796301
      ]
    },
    "CPR": {
      "best_acc": 80.52,
      "final_test_acc": 77.29,
      "final_train_acc": 83.39142628205128,
      "elapsed_sec": 62.29529666900635,
      "n_layers": 65,
      "mean_rho_trajectory": [
        0.04909305175145212,
        0.026424780008129898,
        0.021752825202086972,
        0.021287193932860833,
        0.01879108671115705,
        0.0167455450107878,
        0.01727708772965239,
        0.016974732650209885,
        0.014516626950895237,
        0.0146407271845582
      ]
    },
    "DefazioCorrective": {
      "best_acc": 80.63,
      "final_test_acc": 80.63,
      "final_train_acc": 83.39142628205128,
      "elapsed_sec": 34.861090660095215,
      "n_layers": 65,
      "mean_rho_trajectory": [
        0.04285587163561036,
        0.02879150122928435,
        0.020348771170203502,
        0.0199104098210513,
        0.019151538620236438,
        0.014343122018822796,
        0.014518409748791731,
        0.015488872811386814,
        0.01643732685941295,
        0.014453779842367592
      ]
    },
    "NoWD": {
      "best_acc": 80.97,
      "final_test_acc": 80.54,
      "final_train_acc": 83.84415064102564,
      "elapsed_sec": 34.95884466171265,
      "n_layers": 65,
      "mean_rho_trajectory": [
        0.0454068832413825,
        0.031912447646279665,
        0.02030615753716386,
        0.019927280300216888,
        0.016498765206495222,
        0.016750280425682152,
        0.020921509279614885,
        0.01661677817993564,
        0.016182320292669024,
        0.012645333566050075
      ]
    },
    "UDWDC": {
      "best_acc": 81.78,
      "final_test_acc": 81.78,
      "final_train_acc": 83.9423076923077,
      "elapsed_sec": 101.87862396240234,
      "n_layers": 65,
      "mean_rho_trajectory": [
        0.03929290227969719,
        0.024542435789734196,
        0.02131604599109746,
        0.01739555575598464,
        0.01844881711162413,
        0.01550748514155388,
        0.0166741113394003,
        0.016892073865236085,
        0.016098790354091074,
        0.013663775107020507
      ]
    },
    "UDWDC-v2": {
      "best_acc": 81.26,
      "final_test_acc": 81.26,
      "final_train_acc": 83.82011217948718,
      "elapsed_sec": 100.60885643959045,
      "n_layers": 65,
      "mean_rho_trajectory": [
        0.03762140904986269,
        0.026199776485487554,
        0.01850509967241199,
        0.019685581065277718,
        0.016823313970172487,
        0.014945193882359376,
        0.016815168447011593,
        0.016312639476322627,
        0.01678510803263186,
        0.014213779622199227
      ],
      "cumulative_wd_budget": 402.80749181710166
    }
  },
  "total_elapsed_sec": 488.6879415512085,
  "key_observations": [
    "UDWDC (81.78%) vs UDWDC-v2 (81.26%) at 10 epochs",
    "UDWDC-v2 cumulative WD budget: 4.0281e+02 (>0 confirms stability fix)",
    "All 8 methods completed successfully with per-layer diagnostics",
    "10-epoch ranking: FixedWD(82.06%) > UDWDC(81.78%) > CWD(81.26%) > UDWDC-v2(81.26%) > NoWD(80.97%) > DefazioCorrective(80.63%) > CPR(80.52%) > SWD(80.10%)",
    "Runtime ~33-102s per method"
  ]
}