{
  "task_id": "e4_pilot",
  "selected_families": [
    "BatchTopK",
    "TopK"
  ],
  "stratum": {
    "model": "EleutherAI/pythia-160m-deduped",
    "hook_point": "resid_post_layer_8",
    "width": 16384
  },
  "checkpoints": [
    {
      "location": "BatchTopK_pythia-160m-deduped__0108/resid_post_layer_8/trainer_0",
      "family": "BatchTopK",
      "trainer": "trainer_0",
      "official_absorption_full": 0.5467248785958828,
      "official_absorption_fraction": 0.5435469211314347,
      "dead_neuron_fraction": 0.25335693359375,
      "l0": 21.84882164001465,
      "explained_variance": 0.9455755911767483,
      "sae_id": "saebench_pythia-160m-deduped_width-2pow14_date-0108_BatchTopK_pythia-160m-deduped__0108_resid_post_layer_8_trainer_0",
      "sparse_probing_acc": 0.9351125385612249,
      "sparse_probing_top1_acc": 0.7347062499999999,
      "official_absorption_full_norm": 0.9409741693958408,
      "explained_variance_norm": 0.08227231014985756,
      "dead_neuron_fraction_norm": 0.4586894586894587,
      "sparse_probing_acc_norm": 0.21118833421101066,
      "norm_absorption": 0.059025830604159224,
      "norm_recon": 0.08227231014985756,
      "norm_dead": 0.5413105413105412,
      "norm_sparse": 0.21118833421101066
    },
    {
      "location": "BatchTopK_pythia-160m-deduped__0108/resid_post_layer_8/trainer_3",
      "family": "BatchTopK",
      "trainer": "trainer_3",
      "official_absorption_full": 0.034558282960635574,
      "official_absorption_fraction": 0.058397585862058544,
      "dead_neuron_fraction": 0.35772705078125,
      "l0": 177.67349243164062,
      "explained_variance": 0.9794499110430479,
      "sae_id": "saebench_pythia-160m-deduped_width-2pow14_date-0108_BatchTopK_pythia-160m-deduped__0108_resid_post_layer_8_trainer_3",
      "sparse_probing_acc": 0.9386375352740287,
      "sparse_probing_top1_acc": 0.76504375,
      "official_absorption_full_norm": 0.0,
      "explained_variance_norm": 1.0,
      "dead_neuron_fraction_norm": 1.0,
      "sparse_probing_acc_norm": 1.0,
      "norm_absorption": 1.0,
      "norm_recon": 1.0,
      "norm_dead": 0.0,
      "norm_sparse": 1.0
    },
    {
      "location": "TopK_pythia-160m-deduped__0108/resid_post_layer_8/trainer_0",
      "family": "TopK",
      "trainer": "trainer_0",
      "official_absorption_full": 0.578852284106371,
      "official_absorption_fraction": 0.5599751499080501,
      "dead_neuron_fraction": 0.2174072265625,
      "l0": 20.0,
      "explained_variance": 0.9425388313829899,
      "sae_id": "saebench_pythia-160m-deduped_width-2pow14_date-0108_TopK_pythia-160m-deduped__0108_resid_post_layer_8_trainer_0",
      "sparse_probing_acc": 0.934168792143464,
      "sparse_probing_top1_acc": 0.72725,
      "official_absorption_full_norm": 1.0,
      "explained_variance_norm": 0.0,
      "dead_neuron_fraction_norm": 0.2722380500158278,
      "sparse_probing_acc_norm": 0.0,
      "norm_absorption": 0.0,
      "norm_recon": 0.0,
      "norm_dead": 0.7277619499841722,
      "norm_sparse": 0.0
    },
    {
      "location": "TopK_pythia-160m-deduped__0108/resid_post_layer_8/trainer_3",
      "family": "TopK",
      "trainer": "trainer_3",
      "official_absorption_full": 0.07571875719471557,
      "official_absorption_fraction": 0.09643413476604647,
      "dead_neuron_fraction": 0.1649169921875,
      "l0": 160.0,
      "explained_variance": 0.9767585601657629,
      "sae_id": "saebench_pythia-160m-deduped_width-2pow14_date-0108_TopK_pythia-160m-deduped__0108_resid_post_layer_8_trainer_3",
      "sparse_probing_acc": 0.9374562911689281,
      "sparse_probing_top1_acc": 0.763525,
      "official_absorption_full_norm": 0.075621767183613,
      "explained_variance_norm": 0.9270855552838962,
      "dead_neuron_fraction_norm": 0.0,
      "sparse_probing_acc_norm": 0.7356652484629825,
      "norm_absorption": 0.924378232816387,
      "norm_recon": 0.9270855552838962,
      "norm_dead": 1.0,
      "norm_sparse": 0.7356652484629825
    }
  ],
  "pareto_fronts": {
    "BatchTopK": [
      {
        "location": "BatchTopK_pythia-160m-deduped__0108/resid_post_layer_8/trainer_3",
        "trainer": "trainer_3",
        "official_absorption_full": 0.034558282960635574,
        "explained_variance": 0.9794499110430479,
        "dead_neuron_fraction": 0.35772705078125,
        "sparse_probing_acc": 0.9386375352740287
      }
    ],
    "TopK": [
      {
        "location": "TopK_pythia-160m-deduped__0108/resid_post_layer_8/trainer_3",
        "trainer": "trainer_3",
        "official_absorption_full": 0.07571875719471557,
        "explained_variance": 0.9767585601657629,
        "dead_neuron_fraction": 0.1649169921875,
        "sparse_probing_acc": 0.9374562911689281
      }
    ]
  },
  "dominance_tests": [
    {
      "n_a": 2,
      "n_b": 2,
      "u_stat": 1.0,
      "p_value": 0.6666666666666666,
      "significant": false,
      "family_a": "BatchTopK",
      "family_b": "TopK",
      "metric": "official_absorption_full"
    },
    {
      "n_a": 2,
      "n_b": 2,
      "u_stat": 3.0,
      "p_value": 0.6666666666666666,
      "significant": false,
      "family_a": "BatchTopK",
      "family_b": "TopK",
      "metric": "explained_variance"
    },
    {
      "n_a": 2,
      "n_b": 2,
      "u_stat": 4.0,
      "p_value": 0.3333333333333333,
      "significant": false,
      "family_a": "BatchTopK",
      "family_b": "TopK",
      "metric": "dead_neuron_fraction"
    },
    {
      "n_a": 2,
      "n_b": 2,
      "u_stat": 3.0,
      "p_value": 0.6666666666666666,
      "significant": false,
      "family_a": "BatchTopK",
      "family_b": "TopK",
      "metric": "sparse_probing_acc"
    }
  ],
  "total_time_sec": 0.0033032894134521484,
  "timestamp": "2026-04-15T16:39:31.675351"
}