{
  "conv1.weight": {
    "r_t_mean": 0.016814873053554974,
    "r_t_std": 0.008105429336939902,
    "r_t_min": 0.007339755177266348,
    "r_t_max": 0.4812751498758097,
    "delta_hat_mean": -5.801919863460766e-07,
    "delta_hat_std": 4.859103891443673e-05,
    "lambda_t_mean": 0.0006544341566014891,
    "lambda_t_std": 0.00011976859965860311,
    "n_records": 7800
  },
  "layer1.0.conv1.weight": {
    "r_t_mean": 0.016085238618602088,
    "r_t_std": 0.007056943830648416,
    "r_t_min": 0.008385593619618867,
    "r_t_max": 0.5190265442655931,
    "delta_hat_mean": -2.0218966186271214e-08,
    "delta_hat_std": 1.641568055740778e-05,
    "lambda_t_mean": 0.000599474213271081,
    "lambda_t_std": 8.047636715522348e-05,
    "n_records": 7800
  },
  "layer1.0.conv2.weight": {
    "r_t_mean": 0.01595473907086292,
    "r_t_std": 0.0062801948910679,
    "r_t_min": 0.008637380310660994,
    "r_t_max": 0.42848783475481467,
    "delta_hat_mean": -1.0231539699228474e-07,
    "delta_hat_std": 1.2063902141672376e-05,
    "lambda_t_mean": 0.0005908865470268459,
    "lambda_t_std": 7.149318474140479e-05,
    "n_records": 7800
  },
  "layer1.1.conv1.weight": {
    "r_t_mean": 0.016411895308930138,
    "r_t_std": 0.0052517871543804285,
    "r_t_min": 0.009011558122452669,
    "r_t_max": 0.29318285605967587,
    "delta_hat_mean": -1.823172603489278e-07,
    "delta_hat_std": 9.565516028251683e-06,
    "lambda_t_mean": 0.0005958544402122418,
    "lambda_t_std": 7.602655565840295e-05,
    "n_records": 7800
  },
  "layer1.1.conv2.weight": {
    "r_t_mean": 0.016132413603956126,
    "r_t_std": 0.005025921389640528,
    "r_t_min": 0.008376422032580912,
    "r_t_max": 0.2752919738113606,
    "delta_hat_mean": 2.705873631593276e-08,
    "delta_hat_std": 8.666031259944511e-06,
    "lambda_t_mean": 0.0005923121300740051,
    "lambda_t_std": 7.37818343627531e-05,
    "n_records": 7800
  },
  "layer1.2.conv1.weight": {
    "r_t_mean": 0.01689618553937947,
    "r_t_std": 0.004768732361576482,
    "r_t_min": 0.00883701640487832,
    "r_t_max": 0.25866648355189337,
    "delta_hat_mean": -4.5093470118652306e-08,
    "delta_hat_std": 7.186891540201082e-06,
    "lambda_t_mean": 0.0005982695498874292,
    "lambda_t_std": 7.821472014468807e-05,
    "n_records": 7800
  },
  "layer1.2.conv2.weight": {
    "r_t_mean": 0.016529421284150553,
    "r_t_std": 0.004320928462212832,
    "r_t_min": 0.008976436699924789,
    "r_t_max": 0.2099061136822812,
    "delta_hat_mean": -1.3631068082014088e-07,
    "delta_hat_std": 9.030571320859188e-06,
    "lambda_t_mean": 0.0005897342889266051,
    "lambda_t_std": 7.205542347642558e-05,
    "n_records": 7800
  },
  "layer2.0.conv1.weight": {
    "r_t_mean": 0.016001928545812328,
    "r_t_std": 0.004367365230030287,
    "r_t_min": 0.008446147238874307,
    "r_t_max": 0.1493096810871661,
    "delta_hat_mean": -9.919866900394034e-08,
    "delta_hat_std": 9.157249016514163e-06,
    "lambda_t_mean": 0.0005852282484125446,
    "lambda_t_std": 6.909657352564863e-05,
    "n_records": 7800
  },
  "layer2.0.conv2.weight": {
    "r_t_mean": 0.015957237802687197,
    "r_t_std": 0.004815805599602085,
    "r_t_min": 0.00888580996617751,
    "r_t_max": 0.17786216738774682,
    "delta_hat_mean": -2.6117437734089006e-09,
    "delta_hat_std": 5.263139979119068e-06,
    "lambda_t_mean": 0.0005799055845566002,
    "lambda_t_std": 6.528356049410641e-05,
    "n_records": 7800
  },
  "layer2.0.shortcut.0.weight": {
    "r_t_mean": 0.015140743567356783,
    "r_t_std": 0.003911312044098429,
    "r_t_min": 0.008100945488830362,
    "r_t_max": 0.06263239306598142,
    "delta_hat_mean": 2.979020086229935e-07,
    "delta_hat_std": 2.1291445602571297e-05,
    "lambda_t_mean": 0.0005879326134295838,
    "lambda_t_std": 7.044454224080848e-05,
    "n_records": 7800
  },
  "layer2.1.conv1.weight": {
    "r_t_mean": 0.016351534891609513,
    "r_t_std": 0.004884598880920517,
    "r_t_min": 0.008786602593763924,
    "r_t_max": 0.16392249116725782,
    "delta_hat_mean": 2.3112668278673486e-08,
    "delta_hat_std": 3.8053194976274038e-06,
    "lambda_t_mean": 0.000583303920995431,
    "lambda_t_std": 6.819142031051546e-05,
    "n_records": 7800
  },
  "layer2.1.conv2.weight": {
    "r_t_mean": 0.01613676366921978,
    "r_t_std": 0.0044525415428665815,
    "r_t_min": 0.009046668429457718,
    "r_t_max": 0.1427976393889528,
    "delta_hat_mean": 1.1929032712486832e-08,
    "delta_hat_std": 3.688365350735281e-06,
    "lambda_t_mean": 0.0005776689831575058,
    "lambda_t_std": 6.385073177563158e-05,
    "n_records": 7800
  },
  "layer2.2.conv1.weight": {
    "r_t_mean": 0.016627226369834373,
    "r_t_std": 0.0042379805629448545,
    "r_t_min": 0.009241189655728215,
    "r_t_max": 0.12010794784081062,
    "delta_hat_mean": -1.0881645307307925e-08,
    "delta_hat_std": 3.636225854473706e-06,
    "lambda_t_mean": 0.0005824457810377522,
    "lambda_t_std": 6.697546138347151e-05,
    "n_records": 7800
  },
  "layer2.2.conv2.weight": {
    "r_t_mean": 0.016192914862194166,
    "r_t_std": 0.0038511158346309655,
    "r_t_min": 0.009181808921880839,
    "r_t_max": 0.10963100988814509,
    "delta_hat_mean": 1.6373676987135592e-08,
    "delta_hat_std": 3.98642147796818e-06,
    "lambda_t_mean": 0.0005776029645814681,
    "lambda_t_std": 6.379681872266647e-05,
    "n_records": 7800
  },
  "layer3.0.conv1.weight": {
    "r_t_mean": 0.015840722210161022,
    "r_t_std": 0.00406777036384032,
    "r_t_min": 0.008831823775212643,
    "r_t_max": 0.08246637120474248,
    "delta_hat_mean": 5.437252276962015e-09,
    "delta_hat_std": 3.3141940103824676e-06,
    "lambda_t_mean": 0.0005758298697048846,
    "lambda_t_std": 6.18413746573292e-05,
    "n_records": 7800
  },
  "layer3.0.conv2.weight": {
    "r_t_mean": 0.01631682294264473,
    "r_t_std": 0.004437862296444013,
    "r_t_min": 0.009312255113556052,
    "r_t_max": 0.1117099949635886,
    "delta_hat_mean": 1.6625216649585905e-08,
    "delta_hat_std": 2.0435833306941982e-06,
    "lambda_t_mean": 0.0005743001361925338,
    "lambda_t_std": 6.127198318909376e-05,
    "n_records": 7800
  },
  "layer3.0.shortcut.0.weight": {
    "r_t_mean": 0.014375686102678406,
    "r_t_std": 0.0035051289165900423,
    "r_t_min": 0.007839542414720705,
    "r_t_max": 0.061360405056168056,
    "delta_hat_mean": 7.92444407332473e-08,
    "delta_hat_std": 7.835601586808445e-06,
    "lambda_t_mean": 0.000575746718530586,
    "lambda_t_std": 6.104503849633295e-05,
    "n_records": 7800
  },
  "layer3.1.conv1.weight": {
    "r_t_mean": 0.016418099581171294,
    "r_t_std": 0.004667351352065324,
    "r_t_min": 0.009503934584226105,
    "r_t_max": 0.10401180263363909,
    "delta_hat_mean": -5.483393206034543e-09,
    "delta_hat_std": 1.9676075263304724e-06,
    "lambda_t_mean": 0.0005748890102180342,
    "lambda_t_std": 6.154670522718596e-05,
    "n_records": 7800
  },
  "layer3.1.conv2.weight": {
    "r_t_mean": 0.016412127195606318,
    "r_t_std": 0.0043298720136885705,
    "r_t_min": 0.009088258534517855,
    "r_t_max": 0.11105088673760102,
    "delta_hat_mean": -6.5735065731912605e-09,
    "delta_hat_std": 1.5868803518990458e-06,
    "lambda_t_mean": 0.000573774673162341,
    "lambda_t_std": 6.0651385429072155e-05,
    "n_records": 7800
  },
  "layer3.2.conv1.weight": {
    "r_t_mean": 0.01658013894648791,
    "r_t_std": 0.004253387907790654,
    "r_t_min": 0.00912165814291267,
    "r_t_max": 0.10508522475316463,
    "delta_hat_mean": 2.2822766860472892e-08,
    "delta_hat_std": 1.9106280792922038e-06,
    "lambda_t_mean": 0.0005735352736671825,
    "lambda_t_std": 6.018527491989622e-05,
    "n_records": 7800
  },
  "layer3.2.conv2.weight": {
    "r_t_mean": 0.015965726772402426,
    "r_t_std": 0.0038986412296196007,
    "r_t_min": 0.009158933599024878,
    "r_t_max": 0.10419551169174969,
    "delta_hat_mean": -2.1567748516735177e-08,
    "delta_hat_std": 1.6333071856035442e-06,
    "lambda_t_mean": 0.000573268003785301,
    "lambda_t_std": 5.963854525054239e-05,
    "n_records": 7800
  },