{
  "conv1.weight": {
    "r_t_mean": 0.016128775548862086,
    "r_t_std": 0.015117567813267174,
    "r_t_min": 0.0032755877521871784,
    "r_t_max": 0.3976654327973974,
    "delta_hat_mean": -1.0446891445100211e-07,
    "delta_hat_std": 4.1346984638990554e-05,
    "lambda_t_mean": 0.0005,
    "lambda_t_std": 0.0,
    "n_records": 1950
  },
  "layer1.0.conv1.weight": {
    "r_t_mean": 0.01549388267111215,
    "r_t_std": 0.012785064540727559,
    "r_t_min": 0.004928724817653499,
    "r_t_max": 0.4875949694779707,
    "delta_hat_mean": -6.00519645424869e-08,
    "delta_hat_std": 1.0464590337241601e-05,
    "lambda_t_mean": 0.0005,
    "lambda_t_std": 0.0,
    "n_records": 1950
  },
  "layer1.0.conv2.weight": {
    "r_t_mean": 0.01563621140169011,
    "r_t_std": 0.010947891772560168,
    "r_t_min": 0.005429690645955058,
    "r_t_max": 0.3887544787470612,
    "delta_hat_mean": -2.2353515601226128e-07,
    "delta_hat_std": 9.743864259164358e-06,
    "lambda_t_mean": 0.0005,
    "lambda_t_std": 0.0,
    "n_records": 1950
  },
  "layer1.1.conv1.weight": {
    "r_t_mean": 0.016565195056903247,
    "r_t_std": 0.008335748317569584,
    "r_t_min": 0.0057152300782993,
    "r_t_max": 0.2770598691740061,
    "delta_hat_mean": -3.674193816316791e-08,
    "delta_hat_std": 8.32035745605653e-06,
    "lambda_t_mean": 0.0005,
    "lambda_t_std": 0.0,
    "n_records": 1950
  },
  "layer1.1.conv2.weight": {
    "r_t_mean": 0.01627436669798933,
    "r_t_std": 0.00853299341740248,
    "r_t_min": 0.0058675303875894095,
    "r_t_max": 0.26261789499507726,
    "delta_hat_mean": 1.1803200925883882e-07,
    "delta_hat_std": 7.012867675002276e-06,
    "lambda_t_mean": 0.0005,
    "lambda_t_std": 0.0,
    "n_records": 1950
  },
  "layer1.2.conv1.weight": {
    "r_t_mean": 0.017693034450367694,
    "r_t_std": 0.007643102373044401,
    "r_t_min": 0.006716951600574668,
    "r_t_max": 0.23429482311879085,
    "delta_hat_mean": -1.5241148288612754e-07,
    "delta_hat_std": 8.13135875686619e-06,
    "lambda_t_mean": 0.0005,
    "lambda_t_std": 0.0,
    "n_records": 1950
  },
  "layer1.2.conv2.weight": {
    "r_t_mean": 0.016696513978973333,
    "r_t_std": 0.008013526834916471,
    "r_t_min": 0.005682300025773358,
    "r_t_max": 0.189398588754468,
    "delta_hat_mean": 2.2736592998630666e-07,
    "delta_hat_std": 7.437644799987359e-06,
    "lambda_t_mean": 0.0005,
    "lambda_t_std": 0.0,
    "n_records": 1950
  },
  "layer2.0.conv1.weight": {
    "r_t_mean": 0.016877884869563757,
    "r_t_std": 0.007384014586734072,
    "r_t_min": 0.0055532759413078284,
    "r_t_max": 0.14666268940305785,
    "delta_hat_mean": -8.140288167296079e-08,
    "delta_hat_std": 8.393205690846436e-06,
    "lambda_t_mean": 0.0005,
    "lambda_t_std": 0.0,
    "n_records": 1950
  },
  "layer2.0.conv2.weight": {
    "r_t_mean": 0.01751335251684179,
    "r_t_std": 0.008181384667320659,
    "r_t_min": 0.005982938942375274,
    "r_t_max": 0.1801026466505386,
    "delta_hat_mean": 2.6564793718610354e-09,
    "delta_hat_std": 5.304210340823603e-06,
    "lambda_t_mean": 0.0005,
    "lambda_t_std": 0.0,
    "n_records": 1950
  },
  "layer2.0.shortcut.0.weight": {
    "r_t_mean": 0.01490652114559066,
    "r_t_std": 0.005002430524990668,
    "r_t_min": 0.0049111195704159,
    "r_t_max": 0.043659651841703916,
    "delta_hat_mean": 4.723623424719465e-07,
    "delta_hat_std": 1.7897284237027695e-05,
    "lambda_t_mean": 0.0005,
    "lambda_t_std": 0.0,
    "n_records": 1950
  },
  "layer2.1.conv1.weight": {
    "r_t_mean": 0.0177346536062884,
    "r_t_std": 0.007389447057447065,
    "r_t_min": 0.00622274618349076,
    "r_t_max": 0.1616532346407033,
    "delta_hat_mean": 1.1667802309900957e-07,
    "delta_hat_std": 4.142644575486564e-06,
    "lambda_t_mean": 0.0005,
    "lambda_t_std": 0.0,
    "n_records": 1950
  },
  "layer2.1.conv2.weight": {
    "r_t_mean": 0.017517186449228336,
    "r_t_std": 0.007269151686503324,
    "r_t_min": 0.006337923452380607,
    "r_t_max": 0.13667074659314252,
    "delta_hat_mean": -3.5376267885676676e-08,
    "delta_hat_std": 3.971331652380148e-06,
    "lambda_t_mean": 0.0005,
    "lambda_t_std": 0.0,
    "n_records": 1950
  },
  "layer2.2.conv1.weight": {
    "r_t_mean": 0.01906212507675471,
    "r_t_std": 0.006153482793339045,
    "r_t_min": 0.007614227125809899,
    "r_t_max": 0.12362912613489882,
    "delta_hat_mean": 5.63322964619299e-08,
    "delta_hat_std": 4.04452481052839e-06,
    "lambda_t_mean": 0.0005,
    "lambda_t_std": 0.0,
    "n_records": 1950
  },
  "layer2.2.conv2.weight": {
    "r_t_mean": 0.018044984085406227,
    "r_t_std": 0.006347967986370795,
    "r_t_min": 0.006657100154083238,
    "r_t_max": 0.1386466060871329,
    "delta_hat_mean": -1.637321273379327e-07,
    "delta_hat_std": 4.340705601816719e-06,
    "lambda_t_mean": 0.0005,
    "lambda_t_std": 0.0,
    "n_records": 1950
  },
  "layer3.0.conv1.weight": {
    "r_t_mean": 0.017913644934116308,
    "r_t_std": 0.0066999868844255395,
    "r_t_min": 0.005958918618316468,
    "r_t_max": 0.13555839276599527,
    "delta_hat_mean": -1.1724144201634245e-07,
    "delta_hat_std": 3.511592907870101e-06,
    "lambda_t_mean": 0.0005,
    "lambda_t_std": 0.0,
    "n_records": 1950
  },
  "layer3.0.conv2.weight": {
    "r_t_mean": 0.019062480260360136,
    "r_t_std": 0.007800369593323625,
    "r_t_min": 0.0066750247626262155,
    "r_t_max": 0.1874874007544666,
    "delta_hat_mean": -4.323479962606505e-08,
    "delta_hat_std": 2.675978402544103e-06,
    "lambda_t_mean": 0.0005,
    "lambda_t_std": 0.0,
    "n_records": 1950
  },
  "layer3.0.shortcut.0.weight": {
    "r_t_mean": 0.014445071068779134,
    "r_t_std": 0.005241155158239439,
    "r_t_min": 0.004742755611930065,
    "r_t_max": 0.07175205044698454,
    "delta_hat_mean": -2.2994122788716345e-07,
    "delta_hat_std": 8.225984692877777e-06,
    "lambda_t_mean": 0.0005,
    "lambda_t_std": 0.0,
    "n_records": 1950
  },
  "layer3.1.conv1.weight": {
    "r_t_mean": 0.01997741286179844,
    "r_t_std": 0.006976391631129344,
    "r_t_min": 0.007145029760908053,
    "r_t_max": 0.17783703846203783,
    "delta_hat_mean": 2.6054811283752854e-08,
    "delta_hat_std": 2.335986265758397e-06,
    "lambda_t_mean": 0.0005,
    "lambda_t_std": 0.0,
    "n_records": 1950
  },
  "layer3.1.conv2.weight": {
    "r_t_mean": 0.019798117991414833,
    "r_t_std": 0.007259590366956071,
    "r_t_min": 0.0073720543481297345,
    "r_t_max": 0.21564506174881873,
    "delta_hat_mean": 2.2384122018956842e-08,
    "delta_hat_std": 2.24759283062063e-06,
    "lambda_t_mean": 0.0005,
    "lambda_t_std": 0.0,
    "n_records": 1950
  },
  "layer3.2.conv1.weight": {
    "r_t_mean": 0.019535177720567096,
    "r_t_std": 0.006640768398656797,
    "r_t_min": 0.007692762007195681,
    "r_t_max": 0.18638175712851368,
    "delta_hat_mean": 1.1366412956512124e-07,
    "delta_hat_std": 2.7237329718955194e-06,
    "lambda_t_mean": 0.0005,
    "lambda_t_std": 0.0,
    "n_records": 1950
  },
  "layer3.2.conv2.weight": {
    "r_t_mean": 0.016800256860765972,
    "r_t_std": 0.0069357145055890974,
    "r_t_min": 0.005974320650531991,
    "r_t_max": 0.1950942509742263,
    "delta_hat_mean": -3.573188331770711e-09,
    "delta_hat_std": 3.3432763930052034e-06,
    "lambda_t_mean": 0.0005,
    "lambda_t_std": 0.0,
    "n_records": 1950
  },
  "fc.weight": {
    "r_t_mean": 0.01672398070011112,
    "r_t_std": 0.04157208196023756,
    "r_t_min": 0.0023054328912453354,
    "r_t_max": 1.135655891936818,
    "delta_hat_mean": -0.010200662123039737,
    "delta_hat_std": 0.032596913267047244,
    "lambda_t_mean": 0.0005,
    "lambda_t_std": 0.0,
    "n_records": 1950
  }
}