{
  "conv1.weight": {
    "r_t_mean": 0.011303780936785817,
    "r_t_std": 0.017336194896614105,
    "r_t_min": 0.0050065833922809085,
    "r_t_max": 0.48128994184467877,
    "delta_hat_mean": 1.5941535453205364e-06,
    "delta_hat_std": 4.5191870545320795e-05,
    "lambda_t_mean": 0.00044410569471339887,
    "lambda_t_std": 9.694090699596404e-05,
    "n_records": 780
  },
  "layer1.0.conv1.weight": {
    "r_t_mean": 0.01156313089259842,
    "r_t_std": 0.018341873177237535,
    "r_t_min": 0.006235922657093519,
    "r_t_max": 0.5190425091534813,
    "delta_hat_mean": -2.7860906382017085e-07,
    "delta_hat_std": 1.1190294913158736e-05,
    "lambda_t_mean": 0.0004442309336458302,
    "lambda_t_std": 6.391330788991844e-05,
    "n_records": 780
  },
  "layer1.0.conv2.weight": {
    "r_t_mean": 0.011439667537365772,
    "r_t_std": 0.015140892956607848,
    "r_t_min": 0.006670694873676161,
    "r_t_max": 0.42850101971358817,
    "delta_hat_mean": -1.147189750351247e-06,
    "delta_hat_std": 1.3314340211623777e-05,
    "lambda_t_mean": 0.00044384562173458943,
    "lambda_t_std": 6.037066661856834e-05,
    "n_records": 780
  },
  "layer1.1.conv1.weight": {
    "r_t_mean": 0.011365814450769847,
    "r_t_std": 0.010377201888174521,
    "r_t_min": 0.006208483417246329,
    "r_t_max": 0.2931918832414816,
    "delta_hat_mean": 3.000025333659113e-07,
    "delta_hat_std": 1.0517254361259626e-05,
    "lambda_t_mean": 0.00044419749243929585,
    "lambda_t_std": 6.186091259222735e-05,
    "n_records": 780
  },
  "layer1.1.conv2.weight": {
    "r_t_mean": 0.011374684594753857,
    "r_t_std": 0.009757339117150092,
    "r_t_min": 0.006980442990599044,
    "r_t_max": 0.2753004594501264,
    "delta_hat_mean": -4.6092407944628647e-07,
    "delta_hat_std": 9.198355064918232e-06,
    "lambda_t_mean": 0.00044651574173899144,
    "lambda_t_std": 5.656077511953007e-05,
    "n_records": 780
  },
  "layer1.2.conv1.weight": {
    "r_t_mean": 0.011766102251017626,
    "r_t_std": 0.009206964007397591,
    "r_t_min": 0.0066897512048499546,
    "r_t_max": 0.25867445427139685,
    "delta_hat_mean": 2.0275284711328384e-07,
    "delta_hat_std": 1.1500117739898831e-05,
    "lambda_t_mean": 0.0004454141492538708,
    "lambda_t_std": 6.119537690699205e-05,
    "n_records": 780
  },
  "layer1.2.conv2.weight": {
    "r_t_mean": 0.011331247541068727,
    "r_t_std": 0.007492339132836169,
    "r_t_min": 0.006429687596900522,
    "r_t_max": 0.2099125610557034,
    "delta_hat_mean": -4.543278195821807e-07,
    "delta_hat_std": 1.0489782885826653e-05,
    "lambda_t_mean": 0.0004433341648152654,
    "lambda_t_std": 5.554945951958221e-05,
    "n_records": 780
  },
  "layer2.0.conv1.weight": {
    "r_t_mean": 0.011320584463070193,
    "r_t_std": 0.005723384365474118,
    "r_t_min": 0.006207392371180691,
    "r_t_max": 0.14931427112650691,
    "delta_hat_mean": -6.081092177009276e-07,
    "delta_hat_std": 1.0236369240886588e-05,
    "lambda_t_mean": 0.00044587567589467344,
    "lambda_t_std": 5.6425888028344885e-05,
    "n_records": 780
  },
  "layer2.0.conv2.weight": {
    "r_t_mean": 0.011247667126977763,
    "r_t_std": 0.006643176312919655,
    "r_t_min": 0.006554878225337557,
    "r_t_max": 0.17786763405215708,
    "delta_hat_mean": 1.4004205390313529e-07,
    "delta_hat_std": 5.8464636721670165e-06,
    "lambda_t_mean": 0.00044617606320975476,
    "lambda_t_std": 4.801623841553937e-05,
    "n_records": 780
  },
  "layer2.0.shortcut.0.weight": {
    "r_t_mean": 0.010452650011176009,
    "r_t_std": 0.003125622546237399,
    "r_t_min": 0.006197108875690662,
    "r_t_max": 0.040570757572267704,
    "delta_hat_mean": 1.8814111052428838e-06,
    "delta_hat_std": 2.3993753463036502e-05,
    "lambda_t_mean": 0.0004453208060170816,
    "lambda_t_std": 5.143672768506271e-05,
    "n_records": 780
  },
  "layer2.1.conv1.weight": {
    "r_t_mean": 0.011674676067571662,
    "r_t_std": 0.006204378025380331,
    "r_t_min": 0.006455306304069516,
    "r_t_max": 0.16392753482377195,
    "delta_hat_mean": 3.7037690702435864e-08,
    "delta_hat_std": 4.25302258331535e-06,
    "lambda_t_mean": 0.00044698146767671696,
    "lambda_t_std": 5.30533729363514e-05,
    "n_records": 780
  },
  "layer2.1.conv2.weight": {
    "r_t_mean": 0.011598849501199613,
    "r_t_std": 0.005434649189702569,
    "r_t_min": 0.0067807422753409325,
    "r_t_max": 0.14280204137020483,
    "delta_hat_mean": 7.105370760936325e-08,
    "delta_hat_std": 3.835035724616964e-06,
    "lambda_t_mean": 0.0004465823521036239,
    "lambda_t_std": 4.882134586834631e-05,
    "n_records": 780
  },
  "layer2.2.conv1.weight": {
    "r_t_mean": 0.012012248233988053,
    "r_t_std": 0.004737319149333157,
    "r_t_min": 0.007245782080170852,
    "r_t_max": 0.12011163057118875,
    "delta_hat_mean": 3.4487344239930434e-07,
    "delta_hat_std": 4.3469025795091625e-06,
    "lambda_t_mean": 0.0004480930973394407,
    "lambda_t_std": 5.099491993800814e-05,
    "n_records": 780
  },
  "layer2.2.conv2.weight": {
    "r_t_mean": 0.011581123435531733,
    "r_t_std": 0.004316577548047522,
    "r_t_min": 0.00676884657646443,
    "r_t_max": 0.10963437546247194,
    "delta_hat_mean": -1.3064083476890596e-07,
    "delta_hat_std": 4.073384657916937e-06,
    "lambda_t_mean": 0.00044695133828466174,
    "lambda_t_std": 4.795675031607866e-05,
    "n_records": 780
  },
  "layer3.0.conv1.weight": {
    "r_t_mean": 0.01131314076715739,
    "r_t_std": 0.003703440016371057,
    "r_t_min": 0.006739604104489011,
    "r_t_max": 0.08246890673892232,
    "delta_hat_mean": -1.8073138422787693e-07,
    "delta_hat_std": 3.5334705066215677e-06,
    "lambda_t_mean": 0.00044605350836126055,
    "lambda_t_std": 4.515667715825866e-05,
    "n_records": 780
  },
  "layer3.0.conv2.weight": {
    "r_t_mean": 0.01172027849589224,
    "r_t_std": 0.0045679790754510575,
    "r_t_min": 0.006869712252746782,
    "r_t_max": 0.11171343123728988,
    "delta_hat_mean": -2.216282116632803e-08,
    "delta_hat_std": 2.345398365514756e-06,
    "lambda_t_mean": 0.0004468688618671665,
    "lambda_t_std": 4.398311358980718e-05,
    "n_records": 780
  },
  "layer3.0.shortcut.0.weight": {
    "r_t_mean": 0.00995451316355248,
    "r_t_std": 0.002685840804864857,
    "r_t_min": 0.00610870533586251,
    "r_t_max": 0.03399192988137433,
    "delta_hat_mean": 2.1187723922922467e-07,
    "delta_hat_std": 9.011284663526313e-06,
    "lambda_t_mean": 0.0004463476412208858,
    "lambda_t_std": 4.174670357087019e-05,
    "n_records": 780
  },
  "layer3.1.conv1.weight": {
    "r_t_mean": 0.011846444600883113,
    "r_t_std": 0.004558328279381893,
    "r_t_min": 0.006762553235577312,
    "r_t_max": 0.10401500347967568,
    "delta_hat_mean": -3.719769515834563e-08,
    "delta_hat_std": 2.1000413832104666e-06,
    "lambda_t_mean": 0.0004477729883686751,
    "lambda_t_std": 4.264183093465158e-05,
    "n_records": 780
  },
  "layer3.1.conv2.weight": {
    "r_t_mean": 0.01183093438129358,
    "r_t_std": 0.004585622582282483,
    "r_t_min": 0.0071361356742323575,
    "r_t_max": 0.11105430016931757,
    "delta_hat_mean": 4.80199273108694e-08,
    "delta_hat_std": 1.7389907911434981e-06,
    "lambda_t_mean": 0.00044719939298055826,
    "lambda_t_std": 4.232641580457963e-05,
    "n_records": 780
  },
  "layer3.2.conv1.weight": {
    "r_t_mean": 0.011904550296913844,
    "r_t_std": 0.004405174573851007,
    "r_t_min": 0.007373101024620126,
    "r_t_max": 0.10508845214011592,
    "delta_hat_mean": -1.3223877723813387e-07,
    "delta_hat_std": 1.987405543157726e-06,
    "lambda_t_mean": 0.00044711831939999764,
    "lambda_t_std": 4.281940522901609e-05,
    "n_records": 780
  },
  "layer3.2.conv2.weight": {
    "r_t_mean": 0.011537839775615158,
    "r_t_std": 0.004160939208773002,
    "r_t_min": 0.007377102807515927,
    "r_t_max": 0.10419871221620011,
    "delta_hat_mean": -6.621353859050426e-08,
    "delta_hat_std": 1.7853197677599477e-06,
    "lambda_t_mean": 0.00044637683593772335,
    "lambda_t_std": 4.0911698539502685e-05,