{
  "conv1.weight": {
    "r_t_mean": 0.03885722897902171,
    "r_t_std": 0.01985578446232809,
    "r_t_min": 0.016191423704541914,
    "r_t_max": 0.4813517821196566,
    "delta_hat_mean": -1.9545311420625484e-09,
    "delta_hat_std": 6.265119668020655e-05,
    "lambda_t_mean": 0.0025059867581283743,
    "lambda_t_std": 0.0005062017468149753,
    "n_records": 780
  },
  "layer1.0.conv1.weight": {
    "r_t_mean": 0.038745251269434525,
    "r_t_std": 0.020182704914698518,
    "r_t_min": 0.019256650134899002,
    "r_t_max": 0.519109257364473,
    "delta_hat_mean": 1.2516349301723751e-09,
    "delta_hat_std": 1.3117872340031465e-05,
    "lambda_t_mean": 0.0025163839457167454,
    "lambda_t_std": 0.0003501386532505012,
    "n_records": 780
  },
  "layer1.0.conv2.weight": {
    "r_t_mean": 0.03852551408190574,
    "r_t_std": 0.017357932005633396,
    "r_t_min": 0.019866102616307755,
    "r_t_max": 0.42855606134767904,
    "delta_hat_mean": -1.2871543510811625e-07,
    "delta_hat_std": 1.2224286940505341e-05,
    "lambda_t_mean": 0.0025154085148020983,
    "lambda_t_std": 0.00030923851135991013,
    "n_records": 780
  },
  "layer1.1.conv1.weight": {
    "r_t_mean": 0.03947676809629353,
    "r_t_std": 0.015290863738127894,
    "r_t_min": 0.019252932671010015,
    "r_t_max": 0.29322953258266526,
    "delta_hat_mean": 9.010397852442054e-07,
    "delta_hat_std": 1.3309374989085545e-05,
    "lambda_t_mean": 0.0025035727519692247,
    "lambda_t_std": 0.0003184933636997916,
    "n_records": 780
  },
  "layer1.1.conv2.weight": {
    "r_t_mean": 0.03903469074815883,
    "r_t_std": 0.014146460704964428,
    "r_t_min": 0.020490436781525727,
    "r_t_max": 0.275335826641272,
    "delta_hat_mean": 1.901040948989947e-07,
    "delta_hat_std": 1.1288813888870923e-05,
    "lambda_t_mean": 0.0025165936089680354,
    "lambda_t_std": 0.00028252399331317246,
    "n_records": 780
  },
  "layer1.2.conv1.weight": {
    "r_t_mean": 0.03913541829996945,
    "r_t_std": 0.01386884247378033,
    "r_t_min": 0.01752696189610373,
    "r_t_max": 0.25870767533515127,
    "delta_hat_mean": -2.1639457352545373e-07,
    "delta_hat_std": 1.1950888548645784e-05,
    "lambda_t_mean": 0.0025150964576715804,
    "lambda_t_std": 0.0003035474617552123,
    "n_records": 780
  },
  "layer1.2.conv2.weight": {
    "r_t_mean": 0.03877016345185869,
    "r_t_std": 0.012304888132995373,
    "r_t_min": 0.020447723299127026,
    "r_t_max": 0.20993953105238922,
    "delta_hat_mean": 3.6628842649188404e-07,
    "delta_hat_std": 1.0290289676266723e-05,
    "lambda_t_mean": 0.0025285438450554495,
    "lambda_t_std": 0.0002823065373735473,
    "n_records": 780
  },
  "layer2.0.conv1.weight": {
    "r_t_mean": 0.03842144272694099,
    "r_t_std": 0.010386796305180072,
    "r_t_min": 0.020427358698225925,
    "r_t_max": 0.14933346399553254,
    "delta_hat_mean": -2.3102288033932802e-07,
    "delta_hat_std": 9.59007176307778e-06,
    "lambda_t_mean": 0.002526550261653022,
    "lambda_t_std": 0.0002732900339098969,
    "n_records": 780
  },
  "layer2.0.conv2.weight": {
    "r_t_mean": 0.03845716064929434,
    "r_t_std": 0.010899208626997437,
    "r_t_min": 0.0221924486687064,
    "r_t_max": 0.17789048286660997,
    "delta_hat_mean": 7.732832884790661e-08,
    "delta_hat_std": 5.651349504176727e-06,
    "lambda_t_mean": 0.002527793393167907,
    "lambda_t_std": 0.000254934853418747,
    "n_records": 780
  },
  "layer2.0.shortcut.0.weight": {
    "r_t_mean": 0.03750779100456854,
    "r_t_std": 0.009656485106277982,
    "r_t_min": 0.01639393272181824,
    "r_t_max": 0.06771481406229371,
    "delta_hat_mean": 1.994576252185035e-07,
    "delta_hat_std": 2.111665115144936e-05,
    "lambda_t_mean": 0.002534233870907315,
    "lambda_t_std": 0.0002875576734492512,
    "n_records": 780
  },
  "layer2.1.conv1.weight": {
    "r_t_mean": 0.0397812312674349,
    "r_t_std": 0.012197735255627612,
    "r_t_min": 0.020146065676566564,
    "r_t_max": 0.16394859933771863,
    "delta_hat_mean": -1.6396282873529163e-07,
    "delta_hat_std": 3.860675949027716e-06,
    "lambda_t_mean": 0.0025348495727200576,
    "lambda_t_std": 0.0002729373271814773,
    "n_records": 780
  },
  "layer2.1.conv2.weight": {
    "r_t_mean": 0.039414020523980436,
    "r_t_std": 0.01185248182409773,
    "r_t_min": 0.02027858008355987,
    "r_t_max": 0.1428203910852045,
    "delta_hat_mean": -5.3113801275668965e-08,
    "delta_hat_std": 3.717575102841354e-06,
    "lambda_t_mean": 0.0025276308360992314,
    "lambda_t_std": 0.0002458301274956338,
    "n_records": 780
  },
  "layer2.2.conv1.weight": {
    "r_t_mean": 0.04004116718848965,
    "r_t_std": 0.01192668239547062,
    "r_t_min": 0.019489412143444556,
    "r_t_max": 0.12012706375484349,
    "delta_hat_mean": 3.932594956232367e-08,
    "delta_hat_std": 4.085000947375318e-06,
    "lambda_t_mean": 0.0025273862308087727,
    "lambda_t_std": 0.0002660509232946606,
    "n_records": 780
  },
  "layer2.2.conv2.weight": {
    "r_t_mean": 0.03921506541294046,
    "r_t_std": 0.011149683805450198,
    "r_t_min": 0.021051004519079108,
    "r_t_max": 0.10964846355288668,
    "delta_hat_mean": -1.0645582351098977e-07,
    "delta_hat_std": 3.7607064532725077e-06,
    "lambda_t_mean": 0.0025288819571817585,
    "lambda_t_std": 0.0002514550622898023,
    "n_records": 780
  },
  "layer3.0.conv1.weight": {
    "r_t_mean": 0.03860417492579668,
    "r_t_std": 0.010108007590016456,
    "r_t_min": 0.021915709211412206,
    "r_t_max": 0.08247950303177394,
    "delta_hat_mean": 1.2010654153141887e-07,
    "delta_hat_std": 3.191794273555703e-06,
    "lambda_t_mean": 0.002527924094226752,
    "lambda_t_std": 0.00024400525682617734,
    "n_records": 780
  },
  "layer3.0.conv2.weight": {
    "r_t_mean": 0.0396706365170358,
    "r_t_std": 0.010918368111452997,
    "r_t_min": 0.022534638493891344,
    "r_t_max": 0.11172778976831749,
    "delta_hat_mean": -5.919410108005489e-08,
    "delta_hat_std": 2.115529519480416e-06,
    "lambda_t_mean": 0.0025274987516551483,
    "lambda_t_std": 0.00023538059068097395,
    "n_records": 780
  },
  "layer3.0.shortcut.0.weight": {
    "r_t_mean": 0.03636313200502183,
    "r_t_std": 0.00893590656597603,
    "r_t_min": 0.020858673544701604,
    "r_t_max": 0.06111964741325147,
    "delta_hat_mean": -1.1546646120836776e-07,
    "delta_hat_std": 7.741624919127634e-06,
    "lambda_t_mean": 0.0025279437353707868,
    "lambda_t_std": 0.0002281062425569423,
    "n_records": 780
  },
  "layer3.1.conv1.weight": {
    "r_t_mean": 0.04014782106520251,
    "r_t_std": 0.011599887710093251,
    "r_t_min": 0.022255188163189044,
    "r_t_max": 0.10402836566017687,
    "delta_hat_mean": -5.247278779206519e-08,
    "delta_hat_std": 2.1051039404169955e-06,
    "lambda_t_mean": 0.0025286729392929494,
    "lambda_t_std": 0.00022636598260160608,
    "n_records": 780
  },
  "layer3.1.conv2.weight": {
    "r_t_mean": 0.03995414664705865,
    "r_t_std": 0.011298771803632375,
    "r_t_min": 0.02245737296637351,
    "r_t_max": 0.11106856529764789,
    "delta_hat_mean": -7.46941779470835e-08,
    "delta_hat_std": 1.7143824329028457e-06,
    "lambda_t_mean": 0.002526511524277808,
    "lambda_t_std": 0.00021884140392545003,
    "n_records": 780
  },
  "layer3.2.conv1.weight": {
    "r_t_mean": 0.040173039708830745,
    "r_t_std": 0.010926441608440043,
    "r_t_min": 0.022510551531880862,
    "r_t_max": 0.10510195949728073,
    "delta_hat_mean": 5.244098062917875e-08,
    "delta_hat_std": 2.1550007743583404e-06,
    "lambda_t_mean": 0.0025265697845045583,
    "lambda_t_std": 0.00021959107542455356,
    "n_records": 780
  },
  "layer3.2.conv2.weight": {
    "r_t_mean": 0.03787902598670084,
    "r_t_std": 0.008714837729728577,
    "r_t_min": 0.022393787193663597,
    "r_t_max": 0.10421209640481936,
    "delta_hat_mean": 9.176332866871872e-08,
    "delta_hat_std": 1.9798312879778015e-06,
    "lambda_t_mean": 0.0025255869981405115,
    "lambda_t_std": 0.0002101649928264657,
    "n_records": 780
  },