{
  "conv1.weight": {
    "r_t_mean": 0.013712436759828937,
    "r_t_std": 0.006897367441385726,
    "r_t_min": 0.005748114650062252,
    "r_t_max": 0.3443309352386183,
    "delta_hat_mean": -7.178891220127035e-07,
    "delta_hat_std": 4.851002595325912e-05,
    "lambda_t_mean": 0.00042000532917714896,
    "lambda_t_std": 2.6227358587247848e-05,
    "n_records": 7800
  },
  "layer1.0.conv1.weight": {
    "r_t_mean": 0.01331951966515779,
    "r_t_std": 0.0057669410813100275,
    "r_t_min": 0.006495989451457212,
    "r_t_max": 0.35131746330962743,
    "delta_hat_mean": 8.255126470103368e-08,
    "delta_hat_std": 1.446539539605419e-05,
    "lambda_t_mean": 0.000393009049396585,
    "lambda_t_std": 2.7775509247576143e-05,
    "n_records": 7800
  },
  "layer1.0.conv2.weight": {
    "r_t_mean": 0.013298174083428732,
    "r_t_std": 0.005435625412123173,
    "r_t_min": 0.006179923478862708,
    "r_t_max": 0.32862609439950924,
    "delta_hat_mean": 6.494844582764887e-08,
    "delta_hat_std": 1.0972916805574874e-05,
    "lambda_t_mean": 0.0003859355479641731,
    "lambda_t_std": 2.9315637367864226e-05,
    "n_records": 7800
  },
  "layer1.1.conv1.weight": {
    "r_t_mean": 0.013633592931262428,
    "r_t_std": 0.004906322313701858,
    "r_t_min": 0.006533670861312984,
    "r_t_max": 0.28081930658212606,
    "delta_hat_mean": 1.1435135271624196e-07,
    "delta_hat_std": 9.505645651806441e-06,
    "lambda_t_mean": 0.0003908729543834338,
    "lambda_t_std": 3.592789314209981e-05,
    "n_records": 7800
  },
  "layer1.1.conv2.weight": {
    "r_t_mean": 0.013358191910663083,
    "r_t_std": 0.004549499368424143,
    "r_t_min": 0.007104478950015239,
    "r_t_max": 0.21376647664794113,
    "delta_hat_mean": 1.2644452455139996e-07,
    "delta_hat_std": 9.20986125686523e-06,
    "lambda_t_mean": 0.00038360241503042494,
    "lambda_t_std": 3.479295688243796e-05,
    "n_records": 7800
  },
  "layer1.2.conv1.weight": {
    "r_t_mean": 0.013738380919694773,
    "r_t_std": 0.004572567590328345,
    "r_t_min": 0.007624899392393806,
    "r_t_max": 0.24477764187243892,
    "delta_hat_mean": 1.2979128151893512e-07,
    "delta_hat_std": 9.176602709568699e-06,
    "lambda_t_mean": 0.0003834309733333267,
    "lambda_t_std": 3.8989844760250374e-05,
    "n_records": 7800
  },
  "layer1.2.conv2.weight": {
    "r_t_mean": 0.013389030252661601,
    "r_t_std": 0.004457002848870765,
    "r_t_min": 0.0071584322744958845,
    "r_t_max": 0.22358906006882825,
    "delta_hat_mean": -7.344831822263787e-08,
    "delta_hat_std": 7.791777642063357e-06,
    "lambda_t_mean": 0.00037598219747909814,
    "lambda_t_std": 3.7134173420604456e-05,
    "n_records": 7800
  },
  "layer2.0.conv1.weight": {
    "r_t_mean": 0.013606242526492156,
    "r_t_std": 0.004367205582123157,
    "r_t_min": 0.00760975232482354,
    "r_t_max": 0.16447080132817105,
    "delta_hat_mean": 3.975773707929e-08,
    "delta_hat_std": 8.937282748156634e-06,
    "lambda_t_mean": 0.0003967202936915684,
    "lambda_t_std": 3.9543880091854094e-05,
    "n_records": 7800
  },
  "layer2.0.conv2.weight": {
    "r_t_mean": 0.013747638043908064,
    "r_t_std": 0.004643231192407688,
    "r_t_min": 0.007702782656389231,
    "r_t_max": 0.1676343105511466,
    "delta_hat_mean": 3.5504728452234026e-08,
    "delta_hat_std": 5.113064086296581e-06,
    "lambda_t_mean": 0.000410992816332475,
    "lambda_t_std": 3.65013740872782e-05,
    "n_records": 7800
  },
  "layer2.0.shortcut.0.weight": {
    "r_t_mean": 0.012052399546113712,
    "r_t_std": 0.0037621315296883155,
    "r_t_min": 0.0057581990943117185,
    "r_t_max": 0.060872247581201105,
    "delta_hat_mean": 2.6928197917571356e-07,
    "delta_hat_std": 1.9927865412592033e-05,
    "lambda_t_mean": 0.0003498331047164058,
    "lambda_t_std": 3.756957436279187e-05,
    "n_records": 7800
  },
  "layer2.1.conv1.weight": {
    "r_t_mean": 0.014112872542657345,
    "r_t_std": 0.004486796291452622,
    "r_t_min": 0.007891310671734892,
    "r_t_max": 0.16335608158743245,
    "delta_hat_mean": -3.264252265723953e-08,
    "delta_hat_std": 3.5857752634991546e-06,
    "lambda_t_mean": 0.00040935554497673277,
    "lambda_t_std": 3.901511502695984e-05,
    "n_records": 7800
  },
  "layer2.1.conv2.weight": {
    "r_t_mean": 0.013716879288564314,
    "r_t_std": 0.004305533159480787,
    "r_t_min": 0.00794420135295495,
    "r_t_max": 0.13248360407562626,
    "delta_hat_mean": -2.990576071511442e-08,
    "delta_hat_std": 3.5777688345177414e-06,
    "lambda_t_mean": 0.0003994073262514172,
    "lambda_t_std": 3.804213609964814e-05,
    "n_records": 7800
  },
  "layer2.2.conv1.weight": {
    "r_t_mean": 0.014397969275133983,
    "r_t_std": 0.0041039982077783425,
    "r_t_min": 0.007994949901101467,
    "r_t_max": 0.12661073721897445,
    "delta_hat_mean": 3.434632134685218e-08,
    "delta_hat_std": 3.3694031582875754e-06,
    "lambda_t_mean": 0.00040803515087302355,
    "lambda_t_std": 4.662108330772208e-05,
    "n_records": 7800
  },
  "layer2.2.conv2.weight": {
    "r_t_mean": 0.013791015888505127,
    "r_t_std": 0.0038830568387618843,
    "r_t_min": 0.0075742636234837,
    "r_t_max": 0.11283859929475748,
    "delta_hat_mean": -5.645047955578246e-10,
    "delta_hat_std": 3.6334764152984035e-06,
    "lambda_t_mean": 0.00039082291380176855,
    "lambda_t_std": 4.392448847737597e-05,
    "n_records": 7800
  },
  "layer3.0.conv1.weight": {
    "r_t_mean": 0.013623556116898061,
    "r_t_std": 0.004090846127279694,
    "r_t_min": 0.007663442716462765,
    "r_t_max": 0.08782076831208023,
    "delta_hat_mean": -5.910923823457188e-08,
    "delta_hat_std": 3.265463938119601e-06,
    "lambda_t_mean": 0.00040220523197166387,
    "lambda_t_std": 4.1955009169976174e-05,
    "n_records": 7800
  },
  "layer3.0.conv2.weight": {
    "r_t_mean": 0.014439973916162373,
    "r_t_std": 0.004468031694081735,
    "r_t_min": 0.008521066133255562,
    "r_t_max": 0.11472602085143958,
    "delta_hat_mean": -2.961840269401466e-08,
    "delta_hat_std": 2.116970288526329e-06,
    "lambda_t_mean": 0.0004249305746629647,
    "lambda_t_std": 3.982393563773351e-05,
    "n_records": 7800
  },
  "layer3.0.shortcut.0.weight": {
    "r_t_mean": 0.011079147316137843,
    "r_t_std": 0.003428979165841976,
    "r_t_min": 0.005911712715788893,
    "r_t_max": 0.04438821578287124,
    "delta_hat_mean": 7.930767398231152e-08,
    "delta_hat_std": 7.888231500239398e-06,
    "lambda_t_mean": 0.0003278504640741591,
    "lambda_t_std": 3.3441370197368624e-05,
    "n_records": 7800
  },
  "layer3.1.conv1.weight": {
    "r_t_mean": 0.014540910272821209,
    "r_t_std": 0.004509689642478971,
    "r_t_min": 0.008426629833413898,
    "r_t_max": 0.09884720747868503,
    "delta_hat_mean": -1.6429589651342138e-08,
    "delta_hat_std": 1.948348471668559e-06,
    "lambda_t_mean": 0.00042672555313961026,
    "lambda_t_std": 3.897226827985598e-05,
    "n_records": 7800
  },
  "layer3.1.conv2.weight": {
    "r_t_mean": 0.014535194317482106,
    "r_t_std": 0.004236793585971289,
    "r_t_min": 0.008494715148193376,
    "r_t_max": 0.10543309217377797,
    "delta_hat_mean": 1.2878761485626335e-08,
    "delta_hat_std": 1.5630387704374226e-06,
    "lambda_t_mean": 0.00042175947649514,
    "lambda_t_std": 3.89622683343925e-05,
    "n_records": 7800
  },
  "layer3.2.conv1.weight": {
    "r_t_mean": 0.014746044708783311,
    "r_t_std": 0.004015669539735037,
    "r_t_min": 0.008657633597377215,
    "r_t_max": 0.10071118956680528,
    "delta_hat_mean": 1.822716999088633e-08,
    "delta_hat_std": 1.8671343564765043e-06,
    "lambda_t_mean": 0.00042171105526918817,
    "lambda_t_std": 4.37712961863878e-05,
    "n_records": 7800
  },
  "layer3.2.conv2.weight": {
    "r_t_mean": 0.014105973947320594,
    "r_t_std": 0.0039015117420229876,
    "r_t_min": 0.00788916285916678,
    "r_t_max": 0.12494681842521818,
    "delta_hat_mean": -8.650915263308523e-09,
    "delta_hat_std": 1.5590989178426184e-06,
    "lambda_t_mean": 0.0004117476598849782,
    "lambda_t_std": 4.0705211718652556e-05,