{
  "features.0.weight": {
    "r_t_mean": 1.6490236423757225e-09,
    "r_t_std": 5.560723340466578e-09,
    "r_t_min": 2.5163696087078623e-11,
    "r_t_max": 6.496066156531382e-08,
    "delta_hat_mean": -0.0010307108741499879,
    "delta_hat_std": 0.01931198693412377,
    "lambda_t_mean": 0.00024963705026950593,
    "lambda_t_std": 7.817509965179778e-06,
    "n_records": 1950
  },
  "features.2.weight": {
    "r_t_mean": 7.853548013625346e-09,
    "r_t_std": 2.6303757323800728e-08,
    "r_t_min": 1.0866130242279493e-10,
    "r_t_max": 3.0754333863065393e-07,
    "delta_hat_mean": -0.0002596382473050723,
    "delta_hat_std": 0.005882632556608323,
    "lambda_t_mean": 0.00024997346700001983,
    "lambda_t_std": 1.4170761542907736e-06,
    "n_records": 1950
  },
  "features.5.weight": {
    "r_t_mean": 6.2237084627579736e-09,
    "r_t_std": 2.1162898691602123e-08,
    "r_t_min": 9.68932065997888e-11,
    "r_t_max": 2.6467390692765855e-07,
    "delta_hat_mean": -0.00015009110074474963,
    "delta_hat_std": 0.004006366069850583,
    "lambda_t_mean": 0.000248491731163783,
    "lambda_t_std": 1.775943415969169e-06,
    "n_records": 1950
  },
  "features.7.weight": {
    "r_t_mean": 8.694157437502761e-09,
    "r_t_std": 2.9228548584775928e-08,
    "r_t_min": 1.401069407422926e-10,
    "r_t_max": 3.4595354305620655e-07,
    "delta_hat_mean": -0.00012397167910281636,
    "delta_hat_std": 0.0029064077285226907,
    "lambda_t_mean": 0.00024198935135816917,
    "lambda_t_std": 5.760823351268739e-06,
    "n_records": 1950
  },
  "features.10.weight": {
    "r_t_mean": 6.970434410690961e-09,
    "r_t_std": 2.2747321975100803e-08,
    "r_t_min": 1.4799252795805756e-10,
    "r_t_max": 2.7664586712291334e-07,
    "delta_hat_mean": -9.069131924841273e-05,
    "delta_hat_std": 0.0020419298737742934,
    "lambda_t_mean": 0.00019937958026543644,
    "lambda_t_std": 2.0209811043335775e-05,
    "n_records": 1950
  },
  "features.12.weight": {
    "r_t_mean": 1.2642107730210791e-08,
    "r_t_std": 3.931097305213483e-08,
    "r_t_min": 4.206224857519802e-10,
    "r_t_max": 4.834700488469147e-07,
    "delta_hat_mean": -4.081710159396561e-05,
    "delta_hat_std": 0.001566943593753738,
    "lambda_t_mean": 0.00015642894248931835,
    "lambda_t_std": 2.671159535712938e-05,
    "n_records": 1950
  },
  "features.14.weight": {
    "r_t_mean": 2.158911590933325e-08,
    "r_t_std": 6.271061740093283e-08,
    "r_t_min": 9.341981652436036e-10,
    "r_t_max": 7.509094299818526e-07,
    "delta_hat_mean": -3.126798176364714e-05,
    "delta_hat_std": 0.0013639264716669155,
    "lambda_t_mean": 0.00010966614563877767,
    "lambda_t_std": 1.7757046320218185e-05,
    "n_records": 1950
  },
  "features.17.weight": {
    "r_t_mean": 3.466066057214043e-08,
    "r_t_std": 9.401753405387302e-08,
    "r_t_min": 2.075771990221189e-09,
    "r_t_max": 1.1314445210790624e-06,
    "delta_hat_mean": -1.242191720679423e-05,
    "delta_hat_std": 0.0008950453355303652,
    "lambda_t_mean": 8.556602931939638e-05,
    "lambda_t_std": 8.897293876856643e-06,
    "n_records": 1950
  },
  "features.19.weight": {
    "r_t_mean": 1.3449652090295414e-07,
    "r_t_std": 3.378588268241956e-07,
    "r_t_min": 1.0006558429968687e-08,
    "r_t_max": 4.047026751005344e-06,
    "delta_hat_mean": -1.2014960839238508e-05,
    "delta_hat_std": 0.0006527775581143471,
    "lambda_t_mean": 9.015359480411578e-05,
    "lambda_t_std": 5.494050665428361e-06,
    "n_records": 1950
  },
  "features.21.weight": {
    "r_t_mean": 2.9924808682312383e-07,
    "r_t_std": 7.137261860327418e-07,
    "r_t_min": 2.5577493094362792e-08,
    "r_t_max": 8.791570105586242e-06,
    "delta_hat_mean": -5.843596612379178e-06,
    "delta_hat_std": 0.0008223410053292545,
    "lambda_t_mean": 8.326717111926813e-05,
    "lambda_t_std": 3.1513207845434866e-06,
    "n_records": 1950
  },
  "features.24.weight": {
    "r_t_mean": 9.731762269510871e-07,
    "r_t_std": 2.170226567070045e-06,
    "r_t_min": 1.0101993365227431e-07,
    "r_t_max": 2.5683786795701126e-05,
    "delta_hat_mean": 1.5607293451923034e-05,
    "delta_hat_std": 0.0006671360045882004,
    "lambda_t_mean": 7.636759692277664e-05,
    "lambda_t_std": 1.428043674843662e-06,
    "n_records": 1950
  },
  "features.26.weight": {
    "r_t_mean": 3.3879341367870337e-06,
    "r_t_std": 7.00038820696864e-06,
    "r_t_min": 4.263591822096867e-07,
    "r_t_max": 8.191223867038007e-05,
    "delta_hat_mean": -3.4686101215052134e-05,
    "delta_hat_std": 0.0007559055273025161,
    "lambda_t_mean": 6.789549543689458e-05,
    "lambda_t_std": 6.986887862322344e-07,
    "n_records": 1950
  },
  "features.28.weight": {
    "r_t_mean": 1.1711096993714257e-05,
    "r_t_std": 2.2852868502768673e-05,
    "r_t_min": 1.6754812509587452e-06,
    "r_t_max": 0.00026415035934084755,
    "delta_hat_mean": -1.1544149790260678e-05,
    "delta_hat_std": 0.0011206158871245276,
    "lambda_t_mean": 1.5055245511138286e-05,
    "lambda_t_std": 1.244149233722042e-06,
    "n_records": 1950
  },
  "classifier.0.weight": {
    "r_t_mean": 2.849063938952347e-05,
    "r_t_std": 4.220005284433834e-05,
    "r_t_min": 4.837113739429798e-06,
    "r_t_max": 0.00036200614776893565,
    "delta_hat_mean": 2.6846301052413623e-05,
    "delta_hat_std": 0.0025149498837804016,
    "lambda_t_mean": 1.4845583989070012e-05,
    "lambda_t_std": 3.462998555420124e-06,
    "n_records": 1950
  },
  "classifier.3.weight": {
    "r_t_mean": 0.0002263025770116366,
    "r_t_std": 0.0003043158007713454,
    "r_t_min": 4.112871219528217e-05,
    "r_t_max": 0.0023427657091987055,
    "delta_hat_mean": -7.291307747108861e-05,
    "delta_hat_std": 0.003064750138902032,
    "lambda_t_mean": 3.3932475554637423e-06,
    "lambda_t_std": 7.961494688174817e-06,
    "n_records": 1950
  },
  "classifier.6.weight": {
    "r_t_mean": 0.000735825598539091,
    "r_t_std": 0.0015440704196209494,
    "r_t_min": 2.03707081026758e-05,
    "r_t_max": 0.011692031835583299,
    "delta_hat_mean": 0.00017183870535649685,
    "delta_hat_std": 0.004375767867957315,
    "lambda_t_mean": 2.0437559617731052e-05,
    "lambda_t_std": 2.779878298676228e-05,
    "n_records": 1950
  }
}