{
  "conv1.weight": {
    "r_t_mean": 0.11983873612890227,
    "r_t_std": 0.03861392597506575,
    "r_t_min": 0.050357557705964534,
    "r_t_max": 0.48134620893941227,
    "delta_hat_mean": 4.263611199536927e-07,
    "delta_hat_std": 4.75136207972389e-05,
    "lambda_t_mean": 0.00759161418632793,
    "lambda_t_std": 0.0,
    "n_records": 780
  },
  "layer1.0.conv1.weight": {
    "r_t_mean": 0.11774934322277955,
    "r_t_std": 0.03665769071801465,
    "r_t_min": 0.06406083850460041,
    "r_t_max": 0.5191032281389638,
    "delta_hat_mean": -3.38367835625219e-08,
    "delta_hat_std": 9.719937293617862e-06,
    "lambda_t_mean": 0.00759161418632793,
    "lambda_t_std": 0.0,
    "n_records": 780
  },
  "layer1.0.conv2.weight": {
    "r_t_mean": 0.11648300135130615,
    "r_t_std": 0.03398474243162712,
    "r_t_min": 0.06285219707121417,
    "r_t_max": 0.4285511211362959,
    "delta_hat_mean": 1.0682244263394162e-07,
    "delta_hat_std": 1.1546896851131923e-05,
    "lambda_t_mean": 0.00759161418632793,
    "lambda_t_std": 0.0,
    "n_records": 780
  },
  "layer1.1.conv1.weight": {
    "r_t_mean": 0.11670319560473483,
    "r_t_std": 0.03241231136863823,
    "r_t_min": 0.065346582575526,
    "r_t_max": 0.29322613140559617,
    "delta_hat_mean": -8.336212656441415e-07,
    "delta_hat_std": 1.0300512353798742e-05,
    "lambda_t_mean": 0.00759161418632793,
    "lambda_t_std": 0.0,
    "n_records": 780
  },
  "layer1.1.conv2.weight": {
    "r_t_mean": 0.11629574750919747,
    "r_t_std": 0.03184567149090858,
    "r_t_min": 0.06604194433819784,
    "r_t_max": 0.27533261880864623,
    "delta_hat_mean": -1.7080976875423658e-07,
    "delta_hat_std": 8.320986427854714e-06,
    "lambda_t_mean": 0.00759161418632793,
    "lambda_t_std": 0.0,
    "n_records": 780
  },
  "layer1.2.conv1.weight": {
    "r_t_mean": 0.11963607244934027,
    "r_t_std": 0.03577759661461784,
    "r_t_min": 0.04986238684197549,
    "r_t_max": 0.25870468882308656,
    "delta_hat_mean": -1.6196382086665387e-07,
    "delta_hat_std": 8.362131975435038e-06,
    "lambda_t_mean": 0.00759161418632793,
    "lambda_t_std": 0.0,
    "n_records": 780
  },
  "layer1.2.conv2.weight": {
    "r_t_mean": 0.11718763491407014,
    "r_t_std": 0.03281279645380667,
    "r_t_min": 0.06672019766097122,
    "r_t_max": 0.22000427444257142,
    "delta_hat_mean": 1.6222468189003445e-07,
    "delta_hat_std": 8.307721599133096e-06,
    "lambda_t_mean": 0.00759161418632793,
    "lambda_t_std": 0.0,
    "n_records": 780
  },
  "layer2.0.conv1.weight": {
    "r_t_mean": 0.11585760069104555,
    "r_t_std": 0.029827684975736315,
    "r_t_min": 0.056358477502843014,
    "r_t_max": 0.19680630633851315,
    "delta_hat_mean": 1.2403987921922192e-07,
    "delta_hat_std": 9.36362915252151e-06,
    "lambda_t_mean": 0.00759161418632793,
    "lambda_t_std": 0.0,
    "n_records": 780
  },
  "layer2.0.conv2.weight": {
    "r_t_mean": 0.11630456848474821,
    "r_t_std": 0.028620685918728867,
    "r_t_min": 0.0668289718268164,
    "r_t_max": 0.20734876389522572,
    "delta_hat_mean": 1.0479536335002611e-07,
    "delta_hat_std": 4.623332526610025e-06,
    "lambda_t_mean": 0.00759161418632793,
    "lambda_t_std": 0.0,
    "n_records": 780
  },
  "layer2.0.shortcut.0.weight": {
    "r_t_mean": 0.11127847111294054,
    "r_t_std": 0.029236674603383448,
    "r_t_min": 0.0228478616906232,
    "r_t_max": 0.19840284499906385,
    "delta_hat_mean": -1.0680446054131756e-06,
    "delta_hat_std": 1.9469780523497874e-05,
    "lambda_t_mean": 0.00759161418632793,
    "lambda_t_std": 0.0,
    "n_records": 780
  },
  "layer2.1.conv1.weight": {
    "r_t_mean": 0.11958010232580903,
    "r_t_std": 0.03286543798362342,
    "r_t_min": 0.051491510553391746,
    "r_t_max": 0.21854928231397644,
    "delta_hat_mean": 5.177357035526584e-08,
    "delta_hat_std": 3.59902480025386e-06,
    "lambda_t_mean": 0.00759161418632793,
    "lambda_t_std": 0.0,
    "n_records": 780
  },
  "layer2.1.conv2.weight": {
    "r_t_mean": 0.11829260993095787,
    "r_t_std": 0.03286082970185127,
    "r_t_min": 0.060142749826109426,
    "r_t_max": 0.22034137936087864,
    "delta_hat_mean": 2.817887570519618e-07,
    "delta_hat_std": 3.824228910720519e-06,
    "lambda_t_mean": 0.00759161418632793,
    "lambda_t_std": 0.0,
    "n_records": 780
  },
  "layer2.2.conv1.weight": {
    "r_t_mean": 0.12118830679956362,
    "r_t_std": 0.03436386712701964,
    "r_t_min": 0.04056629432172313,
    "r_t_max": 0.23719110326182674,
    "delta_hat_mean": -2.102961527532361e-07,
    "delta_hat_std": 3.55075050446156e-06,
    "lambda_t_mean": 0.00759161418632793,
    "lambda_t_std": 0.0,
    "n_records": 780
  },
  "layer2.2.conv2.weight": {
    "r_t_mean": 0.11816119289005579,
    "r_t_std": 0.03292409159302361,
    "r_t_min": 0.04594766031822176,
    "r_t_max": 0.21281609247199676,
    "delta_hat_mean": -1.0799878865396495e-07,
    "delta_hat_std": 3.748075962228238e-06,
    "lambda_t_mean": 0.00759161418632793,
    "lambda_t_std": 0.0,
    "n_records": 780
  },
  "layer3.0.conv1.weight": {
    "r_t_mean": 0.11622714883246271,
    "r_t_std": 0.02941236085666528,
    "r_t_min": 0.04782537619005073,
    "r_t_max": 0.20663331003394478,
    "delta_hat_mean": -9.967748007900249e-08,
    "delta_hat_std": 3.089196545601099e-06,
    "lambda_t_mean": 0.00759161418632793,
    "lambda_t_std": 0.0,
    "n_records": 780
  },
  "layer3.0.conv2.weight": {
    "r_t_mean": 0.12037352889649333,
    "r_t_std": 0.03181470962478037,
    "r_t_min": 0.06451764321858067,
    "r_t_max": 0.21494665044668276,
    "delta_hat_mean": -7.093671503191409e-08,
    "delta_hat_std": 2.0748868236997843e-06,
    "lambda_t_mean": 0.00759161418632793,
    "lambda_t_std": 0.0,
    "n_records": 780
  },
  "layer3.0.shortcut.0.weight": {
    "r_t_mean": 0.10869606790185722,
    "r_t_std": 0.028002041245041593,
    "r_t_min": 0.02547221083054067,
    "r_t_max": 0.1859247118415137,
    "delta_hat_mean": 1.0994663651154612e-07,
    "delta_hat_std": 7.4586982710162914e-06,
    "lambda_t_mean": 0.00759161418632793,
    "lambda_t_std": 0.0,
    "n_records": 780
  },
  "layer3.1.conv1.weight": {
    "r_t_mean": 0.12038174189951562,
    "r_t_std": 0.03131213053588693,
    "r_t_min": 0.06332889233683589,
    "r_t_max": 0.2124820416944662,
    "delta_hat_mean": -2.7842627211190536e-08,
    "delta_hat_std": 2.1034121623693114e-06,
    "lambda_t_mean": 0.00759161418632793,
    "lambda_t_std": 0.0,
    "n_records": 780
  },
  "layer3.1.conv2.weight": {
    "r_t_mean": 0.11988098693574575,
    "r_t_std": 0.03133471730436841,
    "r_t_min": 0.07273959030772179,
    "r_t_max": 0.20878012012960648,
    "delta_hat_mean": -1.1687720527779433e-07,
    "delta_hat_std": 1.8621742555026584e-06,
    "lambda_t_mean": 0.00759161418632793,
    "lambda_t_std": 0.0,
    "n_records": 780
  },
  "layer3.2.conv1.weight": {
    "r_t_mean": 0.1212778644500563,
    "r_t_std": 0.032533566053305436,
    "r_t_min": 0.05987766516749445,
    "r_t_max": 0.22156186891310553,
    "delta_hat_mean": 3.928909555814477e-08,
    "delta_hat_std": 1.9097514942871877e-06,
    "lambda_t_mean": 0.00759161418632793,
    "lambda_t_std": 0.0,
    "n_records": 780
  },
  "layer3.2.conv2.weight": {
    "r_t_mean": 0.11360046308124946,
    "r_t_std": 0.025783330916522403,
    "r_t_min": 0.07113054577411991,
    "r_t_max": 0.18627404516670854,
    "delta_hat_mean": -6.461300407301939e-07,
    "delta_hat_std": 1.945095910183886e-06,
    "lambda_t_mean": 0.00759161418632793,
    "lambda_t_std": 0.0,
    "n_records": 780
  },
  "fc.weight": {
    "r_t_mean": 0.06694964403488393,
    "r_t_std": 0.015034374212658722,
    "r_t_min": 0.04209645139777605,
    "r_t_max": 0.17528386041919494,
    "delta_hat_mean": -0.009397468046016655,
    "delta_hat_std": 0.009157034612907356,
    "lambda_t_mean": 0.00759161418632793,
    "lambda_t_std": 0.0,
    "n_records": 780
  }
}