{
  "features.0.weight": {
    "r_t_mean": 0.01982384573445175,
    "r_t_std": 0.007602995238660005,
    "r_t_min": 0.0012541711368519947,
    "r_t_max": 0.25168940714360405,
    "delta_hat_mean": -8.019945681105866e-06,
    "delta_hat_std": 1.806165800242261e-05,
    "lambda_t_mean": 0.00025030018518368405,
    "lambda_t_std": 4.740367485994535e-06,
    "n_records": 1950
  },
  "features.3.weight": {
    "r_t_mean": 0.019942314420845642,
    "r_t_std": 0.018674147478649584,
    "r_t_min": 0.0010410867379423115,
    "r_t_max": 0.8178108674223962,
    "delta_hat_mean": -7.279801240016991e-06,
    "delta_hat_std": 6.496680804316297e-06,
    "lambda_t_mean": 0.0002501339045472634,
    "lambda_t_std": 2.720255116580833e-06,
    "n_records": 1950
  },
  "features.7.weight": {
    "r_t_mean": 0.021452837114966858,
    "r_t_std": 0.011042907327906628,
    "r_t_min": 0.0008302258076042308,
    "r_t_max": 0.4650921566844552,
    "delta_hat_mean": -7.475047824499182e-06,
    "delta_hat_std": 5.311538574376511e-06,
    "lambda_t_mean": 0.0002500658543828206,
    "lambda_t_std": 1.5287108644409665e-06,
    "n_records": 1950
  },
  "features.10.weight": {
    "r_t_mean": 0.022732281271195816,
    "r_t_std": 0.01312144017120079,
    "r_t_min": 0.0007006341023886769,
    "r_t_max": 0.5595060319591858,
    "delta_hat_mean": -7.5607733823075855e-06,
    "delta_hat_std": 5.296075262681546e-06,
    "lambda_t_mean": 0.0002499818901908703,
    "lambda_t_std": 1.0312367592339871e-06,
    "n_records": 1950
  },
  "features.14.weight": {
    "r_t_mean": 0.02430557547960815,
    "r_t_std": 0.009597559353612093,
    "r_t_min": 0.0007203026012998358,
    "r_t_max": 0.3404908989403605,
    "delta_hat_mean": -7.605528299890944e-06,
    "delta_hat_std": 5.462309226154306e-06,
    "lambda_t_mean": 0.00025000391497061804,
    "lambda_t_std": 7.21225685713932e-07,
    "n_records": 1950
  },
  "features.17.weight": {
    "r_t_mean": 0.026392717994869763,
    "r_t_std": 0.01212324175690365,
    "r_t_min": 0.0006562120435650135,
    "r_t_max": 0.403912175021057,
    "delta_hat_mean": -7.522184289581186e-06,
    "delta_hat_std": 5.354331732803321e-06,
    "lambda_t_mean": 0.00025000634000087396,
    "lambda_t_std": 6.215820560495056e-07,
    "n_records": 1950
  },
  "features.20.weight": {
    "r_t_mean": 0.026196921193751686,
    "r_t_std": 0.011458491851528084,
    "r_t_min": 0.0006891629030718003,
    "r_t_max": 0.33774022060547293,
    "delta_hat_mean": -7.575534848604351e-06,
    "delta_hat_std": 5.393484478072507e-06,
    "lambda_t_mean": 0.0002499218016862869,
    "lambda_t_std": 8.150724003038269e-07,
    "n_records": 1950
  },
  "features.24.weight": {
    "r_t_mean": 0.023032949947910733,
    "r_t_std": 0.009857032816512462,
    "r_t_min": 0.0003484963834606623,
    "r_t_max": 0.21389901470288117,
    "delta_hat_mean": -7.5744736311619745e-06,
    "delta_hat_std": 5.43039165685351e-06,
    "lambda_t_mean": 0.00025003965668953383,
    "lambda_t_std": 6.732839612133647e-07,
    "n_records": 1950
  },
  "features.27.weight": {
    "r_t_mean": 0.021159102706302182,
    "r_t_std": 0.009892578140441652,
    "r_t_min": 0.00024921086569556236,
    "r_t_max": 0.2583723293720872,
    "delta_hat_mean": -7.506563727933252e-06,
    "delta_hat_std": 5.362450211918553e-06,
    "lambda_t_mean": 0.0002499225045320315,
    "lambda_t_std": 7.733294396770264e-07,
    "n_records": 1950
  },
  "features.30.weight": {
    "r_t_mean": 0.01822542586911088,
    "r_t_std": 0.007927778742808733,
    "r_t_min": 0.00022089953401931362,
    "r_t_max": 0.2207162527577199,
    "delta_hat_mean": -7.465369437379438e-06,
    "delta_hat_std": 5.264971185976684e-06,
    "lambda_t_mean": 0.0002498446165292691,
    "lambda_t_std": 1.2622678435180294e-06,
    "n_records": 1950
  },
  "features.34.weight": {
    "r_t_mean": 0.014231415237491624,
    "r_t_std": 0.005973139063780724,
    "r_t_min": 0.00016535928332753853,
    "r_t_max": 0.2036435747629994,
    "delta_hat_mean": -7.0948785531629506e-06,
    "delta_hat_std": 5.0418940707164025e-06,
    "lambda_t_mean": 0.00024993453212273427,
    "lambda_t_std": 2.5328591478866415e-06,
    "n_records": 1950
  },
  "features.37.weight": {
    "r_t_mean": 0.01312951033826269,
    "r_t_std": 0.004871608824659388,
    "r_t_min": 0.00036725510825930927,
    "r_t_max": 0.17337485678164344,
    "delta_hat_mean": -6.59541756684191e-06,
    "delta_hat_std": 4.766622639574769e-06,
    "lambda_t_mean": 0.0002253485351113173,
    "lambda_t_std": 7.803548736063432e-06,
    "n_records": 1950
  },
  "features.40.weight": {
    "r_t_mean": 0.01525292816971156,
    "r_t_std": 0.004173172975320351,
    "r_t_min": 0.0019003066551991903,
    "r_t_max": 0.15023728018627397,
    "delta_hat_mean": -6.073668746740031e-06,
    "delta_hat_std": 4.375814439815436e-06,
    "lambda_t_mean": 0.00024012285799552234,
    "lambda_t_std": 9.78381992125615e-06,
    "n_records": 1950
  },
  "classifier.0.weight": {
    "r_t_mean": 0.018703670200726448,
    "r_t_std": 0.0038195289589246194,
    "r_t_min": 0.00487238682697175,
    "r_t_max": 0.06493875109849932,
    "delta_hat_mean": 0.0008271719946009025,
    "delta_hat_std": 0.015272546265117594,
    "lambda_t_mean": 0.00010593001341208435,
    "lambda_t_std": 3.363417795456622e-05,
    "n_records": 1950
  },
  "classifier.3.weight": {
    "r_t_mean": 0.01748852491325904,
    "r_t_std": 0.0043630312657336225,
    "r_t_min": 0.008080491427162736,
    "r_t_max": 0.08616010088312814,
    "delta_hat_mean": 0.0010256075873367547,
    "delta_hat_std": 0.010674153337690765,
    "lambda_t_mean": 9.881140488844651e-05,
    "lambda_t_std": 3.362142979649388e-05,
    "n_records": 1950
  },
  "classifier.6.weight": {
    "r_t_mean": 0.020676139803997576,
    "r_t_std": 0.008999296586619007,
    "r_t_min": 0.010405831264850222,
    "r_t_max": 0.21326788914151396,
    "delta_hat_mean": 0.0011690339847514107,
    "delta_hat_std": 0.011349790760368284,
    "lambda_t_mean": 0.00018496420337603644,
    "lambda_t_std": 1.0637194367178668e-05,
    "n_records": 1950
  }
}