{
  "conv1.weight": {
    "r_t_mean": 0.0430537967394939,
    "r_t_std": 0.029814125594611655,
    "r_t_min": 0.015876667807158414,
    "r_t_max": 0.48125123811586334,
    "delta_hat_mean": -2.383750337669309e-06,
    "delta_hat_std": 3.925028921980177e-05,
    "lambda_t_mean": 1.4446218462978615e-05,
    "lambda_t_std": 5.791196039413648e-07,
    "n_records": 780
  },
  "layer1.0.conv1.weight": {
    "r_t_mean": 0.041525421304251846,
    "r_t_std": 0.026023413964524705,
    "r_t_min": 0.02132438631252659,
    "r_t_max": 0.519000807024557,
    "delta_hat_mean": 1.3763106178322514e-07,
    "delta_hat_std": 8.662907863533734e-06,
    "lambda_t_mean": 1.443741512578008e-05,
    "lambda_t_std": 2.716708642786906e-07,
    "n_records": 780
  },
  "layer1.0.conv2.weight": {
    "r_t_mean": 0.04099149268610858,
    "r_t_std": 0.022560511451086895,
    "r_t_min": 0.022473450170421225,
    "r_t_max": 0.4284665376891974,
    "delta_hat_mean": -2.8799393932723627e-07,
    "delta_hat_std": 8.752705943596472e-06,
    "lambda_t_mean": 1.44410617540549e-05,
    "lambda_t_std": 2.5246706287622204e-07,
    "n_records": 780
  },
  "layer1.1.conv1.weight": {
    "r_t_mean": 0.04222315128656894,
    "r_t_std": 0.018323838587800314,
    "r_t_min": 0.023018067296717615,
    "r_t_max": 0.2931682933781526,
    "delta_hat_mean": -2.8296493719783307e-07,
    "delta_hat_std": 8.17160391417254e-06,
    "lambda_t_mean": 1.4446106025759743e-05,
    "lambda_t_std": 2.646978532985232e-07,
    "n_records": 780
  },
  "layer1.1.conv2.weight": {
    "r_t_mean": 0.04105987795953175,
    "r_t_std": 0.017403447914172032,
    "r_t_min": 0.024050338974333608,
    "r_t_max": 0.2752783240987566,
    "delta_hat_mean": -5.715157823290203e-08,
    "delta_hat_std": 7.846478805011929e-06,
    "lambda_t_mean": 1.4440130045818206e-05,
    "lambda_t_std": 2.901661720866345e-07,
    "n_records": 780
  },
  "layer1.2.conv1.weight": {
    "r_t_mean": 0.04367477116196831,
    "r_t_std": 0.01664312801798438,
    "r_t_min": 0.027091157415293082,
    "r_t_max": 0.25865363546628983,
    "delta_hat_mean": -2.8154571279032233e-07,
    "delta_hat_std": 7.461608492556231e-06,
    "lambda_t_mean": 1.4444628083897574e-05,
    "lambda_t_std": 2.5919465086904894e-07,
    "n_records": 780
  },
  "layer1.2.conv2.weight": {
    "r_t_mean": 0.041039678168852095,
    "r_t_std": 0.015461501950095883,
    "r_t_min": 0.02478416202641669,
    "r_t_max": 0.20989568110279916,
    "delta_hat_mean": 2.111643902698764e-08,
    "delta_hat_std": 7.4132192179399145e-06,
    "lambda_t_mean": 1.442494909091336e-05,
    "lambda_t_std": 2.431868808205006e-07,
    "n_records": 780
  },
  "layer2.0.conv1.weight": {
    "r_t_mean": 0.041618540474954904,
    "r_t_std": 0.016260227821223928,
    "r_t_min": 0.024354772983068856,
    "r_t_max": 0.14930226866177093,
    "delta_hat_mean": -3.1064482941089703e-07,
    "delta_hat_std": 7.459724619085118e-06,
    "lambda_t_mean": 1.4436370919656155e-05,
    "lambda_t_std": 1.8028855280792993e-07,
    "n_records": 780
  },
  "layer2.0.conv2.weight": {
    "r_t_mean": 0.043051527439245445,
    "r_t_std": 0.018721706328758834,
    "r_t_min": 0.02575757275874529,
    "r_t_max": 0.17785333532500477,
    "delta_hat_mean": -2.950536314643832e-07,
    "delta_hat_std": 4.4052041858196145e-06,
    "lambda_t_mean": 1.4438744465463815e-05,
    "lambda_t_std": 1.240884905891553e-07,
    "n_records": 780
  },
  "layer2.0.shortcut.0.weight": {
    "r_t_mean": 0.03401907647641054,
    "r_t_std": 0.009917231365493821,
    "r_t_min": 0.02029455161174022,
    "r_t_max": 0.07529298928114829,
    "delta_hat_mean": -1.0795303156877858e-06,
    "delta_hat_std": 1.645974961717013e-05,
    "lambda_t_mean": 1.4417197816942603e-05,
    "lambda_t_std": 4.875466808949026e-07,
    "n_records": 780
  },
  "layer2.1.conv1.weight": {
    "r_t_mean": 0.044516720768927424,
    "r_t_std": 0.01857017272861016,
    "r_t_min": 0.027134357980423122,
    "r_t_max": 0.16391435727776052,
    "delta_hat_mean": -2.0496212456030878e-07,
    "delta_hat_std": 3.3967222024090672e-06,
    "lambda_t_mean": 1.4437166093202291e-05,
    "lambda_t_std": 1.2751637855675897e-07,
    "n_records": 780
  },
  "layer2.1.conv2.weight": {
    "r_t_mean": 0.04306332155545716,
    "r_t_std": 0.016829161866030635,
    "r_t_min": 0.02741029258698055,
    "r_t_max": 0.14279055308146685,
    "delta_hat_mean": -2.002002615857197e-07,
    "delta_hat_std": 3.511041660472654e-06,
    "lambda_t_mean": 1.44324190688737e-05,
    "lambda_t_std": 1.2747293818672778e-07,
    "n_records": 780
  },
  "layer2.2.conv1.weight": {
    "r_t_mean": 0.04583589675784731,
    "r_t_std": 0.015300629611110936,
    "r_t_min": 0.029492017338902405,
    "r_t_max": 0.12010197372532262,
    "delta_hat_mean": 9.25909296222986e-08,
    "delta_hat_std": 3.2651352123888433e-06,
    "lambda_t_mean": 1.4432828723686178e-05,
    "lambda_t_std": 1.2710234259934306e-07,
    "n_records": 780
  },
  "layer2.2.conv2.weight": {
    "r_t_mean": 0.04350138583793713,
    "r_t_std": 0.014499220100606471,
    "r_t_min": 0.02738352063170444,
    "r_t_max": 0.10962556624929469,
    "delta_hat_mean": -1.6492504611400104e-07,
    "delta_hat_std": 3.254950861435757e-06,
    "lambda_t_mean": 1.4441202301681552e-05,
    "lambda_t_std": 1.3429252481878854e-07,
    "n_records": 780
  },
  "layer3.0.conv1.weight": {
    "r_t_mean": 0.04314903593318013,
    "r_t_std": 0.014362108519073933,
    "r_t_min": 0.027216773453922843,
    "r_t_max": 0.10737418665902917,
    "delta_hat_mean": 5.049594440542933e-08,
    "delta_hat_std": 3.2223854474085046e-06,
    "lambda_t_mean": 1.443535085071411e-05,
    "lambda_t_std": 9.594254054082688e-08,
    "n_records": 780
  },
  "layer3.0.conv2.weight": {
    "r_t_mean": 0.04761269366811828,
    "r_t_std": 0.015629541081754204,
    "r_t_min": 0.030204993804499626,
    "r_t_max": 0.12531394686595998,
    "delta_hat_mean": -4.965143120382292e-08,
    "delta_hat_std": 1.960791862564504e-06,
    "lambda_t_mean": 1.442988688523818e-05,
    "lambda_t_std": 6.543310299195238e-08,
    "n_records": 780
  },
  "layer3.0.shortcut.0.weight": {
    "r_t_mean": 0.03203096793234186,
    "r_t_std": 0.00914604175364312,
    "r_t_min": 0.018801046541919716,
    "r_t_max": 0.065373315759404,
    "delta_hat_mean": 5.473741318958639e-07,
    "delta_hat_std": 7.586761954852637e-06,
    "lambda_t_mean": 1.44450295473787e-05,
    "lambda_t_std": 2.4792149879264257e-07,
    "n_records": 780
  },
  "layer3.1.conv1.weight": {
    "r_t_mean": 0.04785657765498476,
    "r_t_std": 0.015951309229218454,
    "r_t_min": 0.02977690125599823,
    "r_t_max": 0.11356230886508918,
    "delta_hat_mean": -9.947553679810156e-08,
    "delta_hat_std": 1.8205797204395969e-06,
    "lambda_t_mean": 1.4436217285313213e-05,
    "lambda_t_std": 7.249541387003596e-08,
    "n_records": 780
  },
  "layer3.1.conv2.weight": {
    "r_t_mean": 0.04765149202053626,
    "r_t_std": 0.0135773363788037,
    "r_t_min": 0.03109262408531057,
    "r_t_max": 0.11104537052386432,
    "delta_hat_mean": -1.8136804976269907e-07,
    "delta_hat_std": 1.6902387740575463e-06,
    "lambda_t_mean": 1.4432304620774535e-05,
    "lambda_t_std": 7.280862953052224e-08,
    "n_records": 780
  },
  "layer3.2.conv1.weight": {
    "r_t_mean": 0.048226859635307956,
    "r_t_std": 0.012191499040078992,
    "r_t_min": 0.03158190709098498,
    "r_t_max": 0.10508000503682244,
    "delta_hat_mean": -1.9463627385726183e-07,
    "delta_hat_std": 1.7591551140262149e-06,
    "lambda_t_mean": 1.4437594823249496e-05,
    "lambda_t_std": 8.080719025956986e-08,
    "n_records": 780
  },
  "layer3.2.conv2.weight": {
    "r_t_mean": 0.043291958698870606,
    "r_t_std": 0.012180571657102037,
    "r_t_min": 0.02713147057971605,
    "r_t_max": 0.10419033542071823,
    "delta_hat_mean": -2.0789389608044946e-07,
    "delta_hat_std": 1.6129733498352309e-06,
    "lambda_t_mean": 1.4426176985381576e-05,
    "lambda_t_std": 9.308939512745777e-08,
    "n_records": 780
  },