{
  "task_id": "f1_uad_gpt2_full",
  "model": "gpt2-small",
  "layer": 8,
  "seed": 42,
  "n_samples": 1000,
  "d_sae": 24576,
  "top_indices_count": 500,
  "n_clusters": 50,
  "supervised_labels": {
    "0": 20644,
    "1": 12453,
    "2": 18486,
    "3": 5247,
    "4": 18821,
    "5": 12453,
    "6": 4941,
    "7": 5247,
    "8": 18486,
    "9": 4206,
    "10": 3972,
    "11": 20663,
    "12": 14899,
    "13": 5247,
    "14": 18486,
    "15": 18486,
    "16": 7678,
    "17": 5247,
    "18": 12453,
    "19": 16086,
    "20": 18486,
    "21": 20663,
    "22": 3972,
    "23": 20663,
    "24": 3972,
    "25": 5247
  },
  "evaluation": {
    "precision": 0.5686274509803921,
    "recall": 1.0,
    "f1": 0.725,
    "true_positives": 29,
    "same_cluster_pairs": 51,
    "supervised_collisions": 29
  },
  "feature_activity_stats": {
    "mean": 31.561279296875,
    "std": 168.07191467285156,
    "max": 8600.0,
    "min": 0.0
  },
  "elapsed_seconds": 7.621440649032593,
  "timestamp": "2026-04-28T12:42:07.783511"
}