{
  "conv1.weight": {
    "r_t_mean": 0.02145256720000457,
    "r_t_std": 0.020075624268761586,
    "r_t_min": 0.009440774523227507,
    "r_t_max": 0.48125646398832655,
    "delta_hat_mean": -4.795019360624673e-06,
    "delta_hat_std": 4.0576112447738254e-05,
    "lambda_t_mean": 0.00020541787312603128,
    "lambda_t_std": 7.669887187957775e-06,
    "n_records": 780
  },
  "layer1.0.conv1.weight": {
    "r_t_mean": 0.02144066621585048,
    "r_t_std": 0.019734943433205965,
    "r_t_min": 0.012003600258621693,
    "r_t_max": 0.5190065623885223,
    "delta_hat_mean": -4.184693714821154e-06,
    "delta_hat_std": 8.965563517472905e-06,
    "lambda_t_mean": 0.0002051000414377125,
    "lambda_t_std": 4.339713929658911e-06,
    "n_records": 780
  },
  "layer1.0.conv2.weight": {
    "r_t_mean": 0.020909413422129246,
    "r_t_std": 0.01682921800454232,
    "r_t_min": 0.012291285088794023,
    "r_t_max": 0.4284714759506555,
    "delta_hat_mean": -4.594684537296008e-06,
    "delta_hat_std": 1.0868716056741875e-05,
    "lambda_t_mean": 0.00020530370911713114,
    "lambda_t_std": 4.074821940492869e-06,
    "n_records": 780
  },
  "layer1.1.conv1.weight": {
    "r_t_mean": 0.02146376835931097,
    "r_t_std": 0.012615046161459849,
    "r_t_min": 0.01247046416200817,
    "r_t_max": 0.29317157286409734,
    "delta_hat_mean": -3.464062949813769e-06,
    "delta_hat_std": 9.786990615150021e-06,
    "lambda_t_mean": 0.00020491623752448524,
    "lambda_t_std": 3.8252974223201156e-06,
    "n_records": 780
  },
  "layer1.1.conv2.weight": {
    "r_t_mean": 0.021274942464316528,
    "r_t_std": 0.012375377822761236,
    "r_t_min": 0.012964256478691915,
    "r_t_max": 0.2752815590433889,
    "delta_hat_mean": -3.4148049047817317e-06,
    "delta_hat_std": 8.640292924937097e-06,
    "lambda_t_mean": 0.00020511990570559963,
    "lambda_t_std": 4.022562191081029e-06,
    "n_records": 780
  },
  "layer1.2.conv1.weight": {
    "r_t_mean": 0.0228162520399249,
    "r_t_std": 0.011230470808612752,
    "r_t_min": 0.013621225399899727,
    "r_t_max": 0.2586565941446664,
    "delta_hat_mean": -3.850655370641631e-06,
    "delta_hat_std": 7.752872538471472e-06,
    "lambda_t_mean": 0.00020527562511272194,
    "lambda_t_std": 3.925055548490671e-06,
    "n_records": 780
  },
  "layer1.2.conv2.weight": {
    "r_t_mean": 0.02152175287667296,
    "r_t_std": 0.010140957444718598,
    "r_t_min": 0.013618206554732141,
    "r_t_max": 0.2098980550224366,
    "delta_hat_mean": -3.478150210596162e-06,
    "delta_hat_std": 8.018998376451454e-06,
    "lambda_t_mean": 0.00020491692287226805,
    "lambda_t_std": 3.8014736695172432e-06,
    "n_records": 780
  },
  "layer2.0.conv1.weight": {
    "r_t_mean": 0.02150427316784847,
    "r_t_std": 0.009760900727349218,
    "r_t_min": 0.012765730404593317,
    "r_t_max": 0.1493039277744529,
    "delta_hat_mean": -4.30949439079133e-06,
    "delta_hat_std": 8.116568812271856e-06,
    "lambda_t_mean": 0.00020515312718447727,
    "lambda_t_std": 2.687092777160703e-06,
    "n_records": 780
  },
  "layer2.0.conv2.weight": {
    "r_t_mean": 0.021674134598756327,
    "r_t_std": 0.01081831996910563,
    "r_t_min": 0.013155237023377552,
    "r_t_max": 0.17785531822284886,
    "delta_hat_mean": -3.3524455181540482e-06,
    "delta_hat_std": 5.1745562202379675e-06,
    "lambda_t_mean": 0.0002052821897548866,
    "lambda_t_std": 1.8437357697580761e-06,
    "n_records": 780
  },
  "layer2.0.shortcut.0.weight": {
    "r_t_mean": 0.018276488620203712,
    "r_t_std": 0.007097730593377322,
    "r_t_min": 0.010858157768103987,
    "r_t_max": 0.05215305406962725,
    "delta_hat_mean": -3.2296334931713452e-06,
    "delta_hat_std": 1.9788115889800504e-05,
    "lambda_t_mean": 0.0002049099567950945,
    "lambda_t_std": 6.792191817892438e-06,
    "n_records": 780
  },
  "layer2.1.conv1.weight": {
    "r_t_mean": 0.02266781515464053,
    "r_t_std": 0.010020834806998434,
    "r_t_min": 0.013980225323873843,
    "r_t_max": 0.16391617804887718,
    "delta_hat_mean": -3.67130226275382e-06,
    "delta_hat_std": 4.330901184560186e-06,
    "lambda_t_mean": 0.0002052269338133068,
    "lambda_t_std": 1.9883888612012424e-06,
    "n_records": 780
  },
  "layer2.1.conv2.weight": {
    "r_t_mean": 0.021946519805773456,
    "r_t_std": 0.008975662275931372,
    "r_t_min": 0.014122964263379934,
    "r_t_max": 0.14279215550355753,
    "delta_hat_mean": -3.6895056272920546e-06,
    "delta_hat_std": 4.762010285187545e-06,
    "lambda_t_mean": 0.00020523806510989542,
    "lambda_t_std": 2.040218374798379e-06,
    "n_records": 780
  },
  "layer2.2.conv1.weight": {
    "r_t_mean": 0.023287497821722958,
    "r_t_std": 0.008524622949259058,
    "r_t_min": 0.015072028848341723,
    "r_t_max": 0.12010329445224592,
    "delta_hat_mean": -3.667578751255827e-06,
    "delta_hat_std": 4.07155444045857e-06,
    "lambda_t_mean": 0.00020513548905048393,
    "lambda_t_std": 1.9440082195356245e-06,
    "n_records": 780
  },
  "layer2.2.conv2.weight": {
    "r_t_mean": 0.022222499816054467,
    "r_t_std": 0.007784028232425397,
    "r_t_min": 0.014512479784256519,
    "r_t_max": 0.10962679721577007,
    "delta_hat_mean": -3.6803424309069145e-06,
    "delta_hat_std": 4.547997910976305e-06,
    "lambda_t_mean": 0.00020504153209310833,
    "lambda_t_std": 1.959462464026835e-06,
    "n_records": 780
  },
  "layer3.0.conv1.weight": {
    "r_t_mean": 0.022017619558704894,
    "r_t_std": 0.008103844123672438,
    "r_t_min": 0.013818406235077399,
    "r_t_max": 0.08246318706785416,
    "delta_hat_mean": -3.445520029789242e-06,
    "delta_hat_std": 4.010235561219806e-06,
    "lambda_t_mean": 0.00020522251062819613,
    "lambda_t_std": 1.451820868725953e-06,
    "n_records": 780
  },
  "layer3.0.conv2.weight": {
    "r_t_mean": 0.02354083655175025,
    "r_t_std": 0.008951053231651284,
    "r_t_min": 0.015113605780763706,
    "r_t_max": 0.11170569415378956,
    "delta_hat_mean": -3.566417489824339e-06,
    "delta_hat_std": 3.3736230689954408e-06,
    "lambda_t_mean": 0.00020512512901707937,
    "lambda_t_std": 9.000652628891831e-07,
    "n_records": 780
  },
  "layer3.0.shortcut.0.weight": {
    "r_t_mean": 0.017681399072477257,
    "r_t_std": 0.006099148523426065,
    "r_t_min": 0.010871140777586127,
    "r_t_max": 0.045687279278716,
    "delta_hat_mean": -4.00250867128212e-06,
    "delta_hat_std": 8.13604793901491e-06,
    "lambda_t_mean": 0.00020521819867844526,
    "lambda_t_std": 3.385857929146459e-06,
    "n_records": 780
  },
  "layer3.1.conv1.weight": {
    "r_t_mean": 0.023778998027450052,
    "r_t_std": 0.008804747556714145,
    "r_t_min": 0.0155055073625697,
    "r_t_max": 0.10400779917710788,
    "delta_hat_mean": -3.4786863005265865e-06,
    "delta_hat_std": 3.087330703394791e-06,
    "lambda_t_mean": 0.00020515652386867903,
    "lambda_t_std": 1.0122347936171426e-06,
    "n_records": 780
  },
  "layer3.1.conv2.weight": {
    "r_t_mean": 0.023725222070259896,
    "r_t_std": 0.00808328398915837,
    "r_t_min": 0.016044481814767007,
    "r_t_max": 0.11104661162417474,
    "delta_hat_mean": -3.606649092764026e-06,
    "delta_hat_std": 2.9686268928392754e-06,
    "lambda_t_mean": 0.00020515830697384867,
    "lambda_t_std": 1.0353723193719008e-06,
    "n_records": 780
  },
  "layer3.2.conv1.weight": {
    "r_t_mean": 0.024046654155897115,
    "r_t_std": 0.007761042938959537,
    "r_t_min": 0.01565277003949367,
    "r_t_max": 0.10508118538373422,
    "delta_hat_mean": -3.607960157083813e-06,
    "delta_hat_std": 3.222602755690843e-06,
    "lambda_t_mean": 0.00020511954895287057,
    "lambda_t_std": 1.1529449619082761e-06,
    "n_records": 780
  },
  "layer3.2.conv2.weight": {
    "r_t_mean": 0.022361818302634954,
    "r_t_std": 0.0075520968113465745,
    "r_t_min": 0.014869791173851205,
    "r_t_max": 0.10419151668209212,
    "delta_hat_mean": -3.5003115470922684e-06,
    "delta_hat_std": 3.086058268923461e-06,
    "lambda_t_mean": 0.00020503733694440476,
    "lambda_t_std": 1.3442984677659874e-06,
    "n_records": 780
  },