{
  "task_id": "h7_temporal_gate",
  "mode": "pilot",
  "polynomial_degree": 4,
  "gate_decision": "PASS",
  "gate_passes": true,
  "h7_falsified": false,
  "gate_threshold_pct": 70.0,
  "r2_threshold": 0.85,
  "statistics": {
    "total_layer_method_combinations": 1150,
    "valid_r2_count": 1150,
    "mean_r2": 0.528515396918362,
    "median_r2": 0.5254639748649266,
    "std_r2": 0.2418728770968122,
    "min_r2": 0.028650381068954567,
    "max_r2": 0.9961366643682755,
    "q25_r2": 0.34185676870762044,
    "q75_r2": 0.7235869388793199,
    "pct_r2_above_085": 11.826086956521738,
    "count_r2_above_085": 136
  },
  "per_method_stats": {
    "CPR": {
      "mean_r2": 0.47913947524281764,
      "median_r2": 0.4683982270063355,
      "std_r2": 0.20855741140563308,
      "pct_high_r2": 3.076923076923077,
      "n_layers": 65
    },
    "CWD": {
      "mean_r2": 0.5341077398895161,
      "median_r2": 0.5357674487920887,
      "std_r2": 0.17852068126605347,
      "pct_high_r2": 3.076923076923077,
      "n_layers": 65
    },
    "DefazioCorrective": {
      "mean_r2": 0.5818321909501367,
      "median_r2": 0.5779855676588482,
      "std_r2": 0.2499979369090559,
      "pct_high_r2": 20.0,
      "n_layers": 65
    },
    "FixedWD": {
      "mean_r2": 0.5696322990049542,
      "median_r2": 0.5880716245666542,
      "std_r2": 0.25946253499186395,
      "pct_high_r2": 19.090909090909093,
      "n_layers": 110
    },
    "NoWD": {
      "mean_r2": 0.49150712365224086,
      "median_r2": 0.4931210291925022,
      "std_r2": 0.22831127545448857,
      "pct_high_r2": 1.5384615384615385,
      "n_layers": 65
    },
    "SWD": {
      "mean_r2": 0.49930323758737705,
      "median_r2": 0.5038407890860517,
      "std_r2": 0.2273961377727437,
      "pct_high_r2": 6.153846153846154,
      "n_layers": 65
    },
    "UDWDC": {
      "mean_r2": 0.5449109638926015,
      "median_r2": 0.5598429596255515,
      "std_r2": 0.20645398483550803,
      "pct_high_r2": 7.6923076923076925,
      "n_layers": 65
    },
    "UDWDC-v2": {
      "mean_r2": 0.5448682284251949,
      "median_r2": 0.5651007651122895,
      "std_r2": 0.24894245287456393,
      "pct_high_r2": 10.76923076923077,
      "n_layers": 65
    },
    "UDWDC_Full_PID": {
      "mean_r2": 0.48810632161427525,
      "median_r2": 0.472580197765175,
      "std_r2": 0.23531689670472236,
      "pct_high_r2": 2.2222222222222223,
      "n_layers": 45
    },
    "UDWDC_Kd_only": {
      "mean_r2": 0.5201250910321332,
      "median_r2": 0.4791987535164335,
      "std_r2": 0.2798297791241356,
      "pct_high_r2": 15.555555555555555,
      "n_layers": 45
    },
    "UDWDC_Ki_only": {
      "mean_r2": 0.5245217480474157,
      "median_r2": 0.4831835396540579,
      "std_r2": 0.25086175909779357,
      "pct_high_r2": 15.555555555555555,
      "n_layers": 45
    },
    "UDWDC_Kp_only": {
      "mean_r2": 0.5312562557343729,
      "median_r2": 0.5241841525116825,
      "std_r2": 0.24982455592508498,
      "pct_high_r2": 20.0,
      "n_layers": 45
    },
    "UDWDC_PD_control": {
      "mean_r2": 0.5312562557343729,
      "median_r2": 0.5241841525116825,
      "std_r2": 0.24982455592508498,
      "pct_high_r2": 20.0,
      "n_layers": 45
    },
    "UDWDC_PI_control": {
      "mean_r2": 0.6343823990591967,
      "median_r2": 0.6147257583980605,
      "std_r2": 0.22478470084573968,
      "pct_high_r2": 26.666666666666668,
      "n_layers": 45
    },
    "UDWDC_v2_Full_PID": {
      "mean_r2": 0.5298064758175282,
      "median_r2": 0.5088984426908398,
      "std_r2": 0.26470412114099867,
      "pct_high_r2": 20.0,
      "n_layers": 45
    },
    "UDWDC_v2_Kd_only": {
      "mean_r2": 0.5441010612313244,
      "median_r2": 0.5218057135350103,
      "std_r2": 0.2163798051797077,
      "pct_high_r2": 6.666666666666667,
      "n_layers": 45
    },
    "UDWDC_v2_Ki_only": {
      "mean_r2": 0.44953139494818284,
      "median_r2": 0.49110820568735947,
      "std_r2": 0.20793914635967783,
      "pct_high_r2": 0.0,
      "n_layers": 45
    },
    "UDWDC_v2_Kp_only": {
      "mean_r2": 0.6061829919186938,
      "median_r2": 0.6206183692268393,
      "std_r2": 0.22147331242423038,
      "pct_high_r2": 15.555555555555555,
      "n_layers": 45
    },
    "UDWDC_v2_PD_control": {
      "mean_r2": 0.4831749071600617,
      "median_r2": 0.46594381169564036,
      "std_r2": 0.2359270909578541,
      "pct_high_r2": 8.88888888888889,
      "n_layers": 45
    },
    "UDWDC_v2_PI_control": {
      "mean_r2": 0.43251909275110917,
      "median_r2": 0.3847410452936061,
      "std_r2": 0.26628088388304705,
      "pct_high_r2": 8.88888888888889,
      "n_layers": 45
    },
    "UDWDC_v2_UDWDC_v2": {
      "mean_r2": 0.5298064758175282,
      "median_r2": 0.5088984426908398,
      "std_r2": 0.26470412114099867,
      "pct_high_r2": 20.0,
      "n_layers": 45
    }
  },
  "per_source_stats": {
    "ablation_cifar100": {
      "mean_r2": 0.5278022158858487,
      "median_r2": 0.5236034314606093,
      "pct_high_r2": 13.968253968253968,
      "n_layers": 630
    },
    "diagnostic_cifar10": {
      "mean_r2": 0.5293794431692913,
      "median_r2": 0.5332237482625573,
      "pct_high_r2": 9.230769230769232,
      "n_layers": 520
    }
  },
  "layer_type_stats": {
    "conv/weight": {
      "mean_r2": 0.6914086738826167,
      "pct_high_r2": 26.31578947368421,
      "n_layers": 152
    },
    "bn/weight": {
      "mean_r2": 0.4418820220538868,
      "pct_high_r2": 0.6578947368421052,
      "n_layers": 152
    },
    "bn/bias": {
      "mean_r2": 0.4790901096651831,
      "pct_high_r2": 1.9736842105263157,
      "n_layers": 152
    },
    "fc/weight": {
      "mean_r2": 0.3747277959871677,
      "pct_high_r2": 1.0,
      "n_layers": 100
    },
    "other": {
      "mean_r2": 0.528515396918362,
      "pct_high_r2": 11.826086956521738,
      "n_layers": 1150
    }
  },
  "histogram": {
    "counts": [
      0,
      0,
      0,
      0,
      0,
      0,
      0,
      29,
      70,
      86,
      84,
      102,
      128,
      107,
      120,
      105,
      97,
      86,
      86,
      50
    ],
    "bin_edges": [
      -0.5,
      -0.425,
      -0.35,
      -0.275,
      -0.2,
      -0.125,
      -0.050000000000000044,
      0.025000000000000022,
      0.09999999999999998,
      0.17499999999999993,
      0.25,
      0.32499999999999996,
      0.3999999999999999,
      0.475,
      0.55,
      0.625,
      0.7,
      0.7749999999999999,
      0.8499999999999999,
      0.925,
      1.0
    ]
  },
  "recommendation": "Alignment signal carries information beyond time. Proceed with direct alignment comparisons.",
  "sources_used": [
    "ablation_cifar100",
    "diagnostic_cifar10"
  ],
  "data_epochs": 10,
  "data_seed": 42,
  "timestamp": "2026-03-25T13:13:33.526572"
}