{
  "H1_feature_specific": {
    "layer_4": {
      "n": 26,
      "pearson_r": 0.007724066046432997,
      "pearson_p": 0.9701273281788715,
      "spearman_rho": 0.028830999027232185,
      "spearman_p": 0.8888113628778493,
      "R2": 5.9661196289658346e-05,
      "slope": 0.023902829950215133,
      "intercept": 0.7990652761398372,
      "std_err": 0.6316620226840624,
      "passes": false
    },
    "layer_8": {
      "n": 26,
      "pearson_r": -0.30051138349649265,
      "pearson_p": 0.13578311962233672,
      "spearman_rho": -0.22243558449066594,
      "spearman_p": 0.27475542970699446,
      "R2": 0.09030709161097604,
      "slope": -0.6298740079534727,
      "intercept": 0.8770729329043351,
      "std_err": 0.4080698826906359,
      "passes": false
    }
  },
  "H1b_steering_delta": {
    "layer_4": {
      "n": 26,
      "pearson_r": 0.24523058952126178,
      "pearson_p": 0.2272465398637557,
      "spearman_rho": 0.23126249850825914,
      "spearman_p": 0.2556593395667908,
      "R2": 0.060138042036945574,
      "slope": 1.4411274854609304,
      "intercept": 0.39941371767717104,
      "std_err": 1.1629316059944892,
      "passes": false
    },
    "layer_8": {
      "n": 26,
      "pearson_r": -0.4312704523611132,
      "pearson_p": 0.027825150948467228,
      "spearman_rho": -0.5024326694915014,
      "spearman_p": 0.00890327505338947,
      "R2": 0.18599420307975933,
      "slope": -2.491313639921956,
      "intercept": 0.5611846959768044,
      "std_err": 1.0638657548204653,
      "passes": true
    }
  },
  "H2_probing": {
    "layer_4": {
      "n": 26,
      "pearson_r": -0.003272317718288072,
      "pearson_p": 0.9873421046669328,
      "spearman_rho": 0.024155118470831436,
      "spearman_p": 0.9067596774417571,
      "R2": 1.0708063249421688e-05,
      "slope": -0.010121035106683636,
      "intercept": 0.48065132879642813,
      "std_err": 0.6313374056833322,
      "passes": false
    },
    "layer_8": {
      "n": 26,
      "pearson_r": -0.10668256241459427,
      "pearson_p": 0.6039647852920279,
      "spearman_rho": -0.0060633972211490555,
      "spearman_p": 0.9765479632573112,
      "R2": 0.01138116912334381,
      "slope": -0.28550852663262205,
      "intercept": 0.4933258438315138,
      "std_err": 0.5431683584537603,
      "passes": false
    }
  },
  "H3_consistency": {
    "cv_h1": 1.5257822558085783,
    "cv_h2": 1.317380857085333,
    "h1_slopes": [
      0.023902829950215133,
      -0.6298740079534727
    ],
    "h2_slopes": [
      -0.010121035106683636,
      -0.28550852663262205
    ],
    "signs_h1_consistent": false,
    "signs_h2_consistent": true,
    "passes": false
  },
  "overall": {
    "H1_passes": false,
    "H1b_passes": true,
    "H2_passes": false,
    "H3_passes": false,
    "any_passes": true
  }
}