{
  "layer_4": {
    "feature_results": {
      "A": {
        "absorption_rate": 0.07749183624982833,
        "ec50": 15.0,
        "ec25": 10.0,
        "ec75": 20.0,
        "hill_fit": {
          "s_max": 1.0148335816936156,
          "ec50": 14.37998332184236,
          "n": 3.2443558394436387,
          "R2": 0.9987619467441463
        },
        "max_success": 1.0
      },
      "B": {
        "absorption_rate": 0.0,
        "ec50": 20.0,
        "ec25": 14.444444444444445,
        "ec75": 45.0,
        "hill_fit": {
          "s_max": 0.8070504758592679,
          "ec50": 18.00040240558275,
          "n": 4.630097809992437,
          "R2": 0.9999921687536565
        },
        "max_success": 0.8
      },
      "C": {
        "absorption_rate": 0.0,
        "ec50": 37.64705882352941,
        "ec25": 28.823529411764707,
        "ec75": 46.470588235294116,
        "hill_fit": {
          "s_max": 1.9999999957793426,
          "ec50": 53.126008807270615,
          "n": 4.999999999999999,
          "R2": 0.9996250938332608
        },
        "max_success": 0.85
      },
      "D": {
        "absorption_rate": 0.0,
        "ec50": 31.538461538461537,
        "ec25": 20.0,
        "ec75": 43.07692307692307,
        "hill_fit": {
          "s_max": 0.9250138847380589,
          "ec50": 24.411555749169125,
          "n": 4.999999999999999,
          "R2": 0.9998286162977776
        },
        "max_success": 0.9
      },
      "E": {
        "absorption_rate": 0.0,
        "ec50": 43.33333333333333,
        "ec25": 26.666666666666668,
        "ec75": null,
        "hill_fit": {
          "s_max": 0.6192986990348572,
          "ec50": 25.139299334021604,
          "n": 4.999999999999996,
          "R2": 0.9998703320861361
        },
        "max_success": 0.6
      },
      "F": {
        "absorption_rate": 0.0,
        "ec50": 16.666666666666668,
        "ec25": 12.5,
        "ec75": 26.000000000000007,
        "hill_fit": {
          "s_max": 0.9552408072672173,
          "ec50": 16.028731669976363,
          "n": 4.5607460051946145,
          "R2": 0.9999751115308296
        },
        "max_success": 0.95
      },
      "G": {
        "absorption_rate": 0.14643311500549316,
        "ec50": 17.272727272727273,
        "ec25": 12.727272727272727,
        "ec75": 39.99999999999999,
        "hill_fit": {
          "s_max": 0.8019971677840033,
          "ec50": 14.877733394297636,
          "n": 4.914579357404518,
          "R2": 0.9999788196379659
        },
        "max_success": 0.8
      },
      "H": {
        "absorption_rate": 0.0,
        "ec50": 50.0,
        "ec25": 31.25,
        "ec75": null,
        "hill_fit": {
          "s_max": 0.5216443130820352,
          "ec50": 26.68180974090397,
          "n": 4.999999999999998,
          "R2": 0.9999264503521835
        },
        "max_success": 0.5
      },
      "I": {
        "absorption_rate": 0.0,
        "ec50": 40.769230769230774,
        "ec25": 29.230769230769234,
        "ec75": null,
        "hill_fit": {
          "s_max": 0.8089632612824258,
          "ec50": 34.4666947511463,
          "n": 4.999798601998792,
          "R2": 0.9999930725605385
        },
        "max_success": 0.7
      },
      "J": {
        "absorption_rate": 0.13273156464099883,
        "ec50": 14.285714285714286,
        "ec25": 10.714285714285714,
        "ec75": 17.857142857142858,
        "hill_fit": {
          "s_max": 1.0053557418880108,
          "ec50": 13.16676747912225,
          "n": 4.999999999997312,
          "R2": 0.9998972500775252
        },
        "max_success": 1.0
      },
      "K": {
        "absorption_rate": 0.0,
        "ec50": 15.0,
        "ec25": 9.166666666666668,
        "ec75": null,
        "hill_fit": {
          "s_max": 0.6862230836509462,
          "ec50": 10.46629049506634,
          "n": 4.999999999999999,
          "R2": 0.9942363071342066
        },
        "max_success": 0.7
      },
      "L": {
        "absorption_rate": 0.0,
        "ec50": 32.35294117647059,
        "ec25": 23.529411764705884,
        "ec75": 41.1764705882353,
        "hill_fit": {
          "s_max": 1.0624032810786836,
          "ec50": 28.70807714803462,
          "n": 4.999999999999991,
          "R2": 0.999963264809136
        },
        "max_success": 1.0
      },
      "M": {
        "absorption_rate": 0.0,
        "ec50": 40.0,
        "ec25": 27.5,
        "ec75": null,
        "hill_fit": {
          "s_max": 0.746418531224036,
          "ec50": 29.059142401000088,
          "n": 4.999999999999999,
          "R2": 0.9999672375373854
        },
        "max_success": 0.7
      },
      "N": {
        "absorption_rate": 0.0,
        "ec50": 19.0,
        "ec25": 14.0,
        "ec75": 43.99999999999999,
        "hill_fit": {
          "s_max": 0.8039094910543905,
          "ec50": 17.140580263079247,
          "n": 4.999999957661004,
          "R2": 0.9999939237618469
        },
        "max_success": 0.8
      },
      "O": {
        "absorption_rate": 0.0,
        "ec50": 16.666666666666664,
        "ec25": 11.11111111111111,
        "ec75": 31.999999999999996,
        "hill_fit": {
          "s_max": 0.9171949869859778,
          "ec50": 15.099021879730293,
          "n": 3.231152044097479,
          "R2": 0.9990589970369341
        },
        "max_success": 0.9
      },
      "P": {
        "absorption_rate": 0.14829882860183716,
        "ec50": 41.42857142857143,
        "ec25": 30.714285714285715,
        "ec75": null,
        "hill_fit": {
          "s_max": 1.9999999999660087,
          "ec50": 56.596458942990836,
          "n": 4.999999999999998,
          "R2": 0.9997053153187837
        },
        "max_success": 0.7
      },
      "Q": {
        "absorption_rate": 0.1599999976158142,
        "ec50": 33.63636363636364,
        "ec25": 20.0,
        "ec75": 47.27272727272727,
        "hill_fit": {
          "s_max": 0.8187810338034578,
          "ec50": 23.59296728296033,
          "n": 4.999999999999999,
          "R2": 0.9997634352684225
        },
        "max_success": 0.8
      },
      "R": {
        "absorption_rate": 0.13999999761581422,
        "ec50": null,
        "ec25": 32.0,
        "ec75": null,
        "hill_fit": {
          "s_max": 0.407138505035166,
          "ec50": 22.302376723645132,
          "n": 4.999999999999999,
          "R2": 0.9995995825488126
        },
        "max_success": 0.4
      },
      "S": {
        "absorption_rate": 0.09878683611750602,
        "ec50": 11.25,
        "ec25": 7.142857142857143,
        "ec75": 17.5,
        "hill_fit": {
          "s_max": 1.0115903255397132,
          "ec50": 10.88962511696067,
          "n": 2.7878081200329827,
          "R2": 0.9998574356169896
        },
        "max_success": 1.0
      },
      "T": {
        "absorption_rate": 0.0,
        "ec50": 42.5,
        "ec25": 17.142857142857142,
        "ec75": null,
        "hill_fit": {
          "s_max": 0.5554826158492945,
          "ec50": 18.127927872894144,
          "n": 4.999999999999999,
          "R2": 0.9973711388146422
        },
        "max_success": 0.55
      },
      "U": {
        "absorption_rate": 0.0,
        "ec50": 10.0,
        "ec25": 7.5,
        "ec75": 15.0,
        "hill_fit": {
          "s_max": 1.0157840474884254,
          "ec50": 10.073726863694436,
          "n": 4.999999999999981,
          "R2": 0.9988557009851571
        },
        "max_success": 1.0
      },
      "V": {
        "absorption_rate": 0.0,
        "ec50": 35.0,
        "ec25": 25.625,
        "ec75": 44.375,
        "hill_fit": {
          "s_max": 0.9813489529051904,
          "ec50": 30.91647253532277,
          "n": 4.999997858980985,
          "R2": 0.9999816080552905
        },
        "max_success": 0.9
      },
      "W": {
        "absorption_rate": 0.11299184329807758,
        "ec50": 14.545454545454545,
        "ec25": 10.0,
        "ec75": 19.09090909090909,
        "hill_fit": {
          "s_max": 0.8998126730190752,