{
  "conv1.weight": {
    "r_t_mean": 0.015598655008833102,
    "r_t_std": 0.006206807282183386,
    "r_t_min": 0.006414434387792168,
    "r_t_max": 0.19039438218222107,
    "delta_hat_mean": 1.3117341513034188e-07,
    "delta_hat_std": 5.0776752668450016e-05,
    "lambda_t_mean": 0.0005745416973077881,
    "lambda_t_std": 5.688758411150959e-05,
    "n_records": 7800
  },
  "layer1.0.conv1.weight": {
    "r_t_mean": 0.015411095551447438,
    "r_t_std": 0.006133623074533224,
    "r_t_min": 0.007664716180145404,
    "r_t_max": 0.3938065334119518,
    "delta_hat_mean": -7.697793207334815e-09,
    "delta_hat_std": 1.7886556516885517e-05,
    "lambda_t_mean": 0.0005508885167837556,
    "lambda_t_std": 4.045881991196513e-05,
    "n_records": 7800
  },
  "layer1.0.conv2.weight": {
    "r_t_mean": 0.015274760365026606,
    "r_t_std": 0.005584215722608938,
    "r_t_min": 0.008756444330452754,
    "r_t_max": 0.3468161042721274,
    "delta_hat_mean": -7.097108547518621e-08,
    "delta_hat_std": 1.1616451672554698e-05,
    "lambda_t_mean": 0.0005469033505390299,
    "lambda_t_std": 3.688702335689632e-05,
    "n_records": 7800
  },
  "layer1.1.conv1.weight": {
    "r_t_mean": 0.015702574599737576,
    "r_t_std": 0.0049570122074908945,
    "r_t_min": 0.007968380254902329,
    "r_t_max": 0.2691155922877668,
    "delta_hat_mean": 8.074931094234486e-08,
    "delta_hat_std": 9.374774955272471e-06,
    "lambda_t_mean": 0.0005493766345968837,
    "lambda_t_std": 3.95292897966798e-05,
    "n_records": 7800
  },
  "layer1.1.conv2.weight": {
    "r_t_mean": 0.015464535264459114,
    "r_t_std": 0.004917070083803363,
    "r_t_min": 0.008306203031977641,
    "r_t_max": 0.2702883300094199,
    "delta_hat_mean": -6.711309078268377e-08,
    "delta_hat_std": 9.29064802001681e-06,
    "lambda_t_mean": 0.0005448145610528597,
    "lambda_t_std": 3.587131937472575e-05,
    "n_records": 7800
  },
  "layer1.2.conv1.weight": {
    "r_t_mean": 0.015969684524374268,
    "r_t_std": 0.004438078056579635,
    "r_t_min": 0.008175221975469037,
    "r_t_max": 0.21314303833193476,
    "delta_hat_mean": -7.893516190357466e-08,
    "delta_hat_std": 8.387323883849185e-06,
    "lambda_t_mean": 0.0005457860466183369,
    "lambda_t_std": 3.670148663466372e-05,
    "n_records": 7800
  },
  "layer1.2.conv2.weight": {
    "r_t_mean": 0.015607323615259171,
    "r_t_std": 0.004132266637310612,
    "r_t_min": 0.008504984199110497,
    "r_t_max": 0.16884720097912823,
    "delta_hat_mean": 3.617040873488273e-08,
    "delta_hat_std": 7.164106310989604e-06,
    "lambda_t_mean": 0.0005441074140761577,
    "lambda_t_std": 3.565140461805564e-05,
    "n_records": 7800
  },
  "layer2.0.conv1.weight": {
    "r_t_mean": 0.015363136613088154,
    "r_t_std": 0.0043265445158839535,
    "r_t_min": 0.008528232146763352,
    "r_t_max": 0.13626434420761205,
    "delta_hat_mean": 8.430115018475667e-09,
    "delta_hat_std": 8.422553975682291e-06,
    "lambda_t_mean": 0.0005437513015145162,
    "lambda_t_std": 3.470289708584089e-05,
    "n_records": 7800
  },
  "layer2.0.conv2.weight": {
    "r_t_mean": 0.015388753635462027,
    "r_t_std": 0.004646833243699808,
    "r_t_min": 0.008752667862189732,
    "r_t_max": 0.15406894533109203,
    "delta_hat_mean": -1.1485490510673926e-08,
    "delta_hat_std": 5.27816789783516e-06,
    "lambda_t_mean": 0.0005406502002223379,
    "lambda_t_std": 3.3677042614600836e-05,
    "n_records": 7800
  },
  "layer2.0.shortcut.0.weight": {
    "r_t_mean": 0.014601754627398206,
    "r_t_std": 0.0037992070546577833,
    "r_t_min": 0.007971372759372552,
    "r_t_max": 0.04588210199757046,
    "delta_hat_mean": -6.301173677332355e-08,
    "delta_hat_std": 2.1286015258187416e-05,
    "lambda_t_mean": 0.0005444588338516856,
    "lambda_t_std": 3.550782460465915e-05,
    "n_records": 7800
  },
  "layer2.1.conv1.weight": {
    "r_t_mean": 0.01593237522816712,
    "r_t_std": 0.004484929974327266,
    "r_t_min": 0.008778352486978919,
    "r_t_max": 0.13839325099582186,
    "delta_hat_mean": -2.8341687131680717e-09,
    "delta_hat_std": 4.001399822822213e-06,
    "lambda_t_mean": 0.0005420539722547869,
    "lambda_t_std": 3.463367895688516e-05,
    "n_records": 7800
  },
  "layer2.1.conv2.weight": {
    "r_t_mean": 0.015818916726825998,
    "r_t_std": 0.004374804406012793,
    "r_t_min": 0.008873641329771906,
    "r_t_max": 0.12187263647342261,
    "delta_hat_mean": 1.3726859140522487e-08,
    "delta_hat_std": 3.4197201777477504e-06,
    "lambda_t_mean": 0.0005400834279141808,
    "lambda_t_std": 3.2911970501078465e-05,
    "n_records": 7800
  },
  "layer2.2.conv1.weight": {
    "r_t_mean": 0.015964689229298574,
    "r_t_std": 0.004452089720131936,
    "r_t_min": 0.009010530275535467,
    "r_t_max": 0.10788367096964584,
    "delta_hat_mean": 2.7671594727146214e-10,
    "delta_hat_std": 3.574590087872516e-06,
    "lambda_t_mean": 0.0005419755091423211,
    "lambda_t_std": 3.402774606645986e-05,
    "n_records": 7800
  },
  "layer2.2.conv2.weight": {
    "r_t_mean": 0.015579794887946863,
    "r_t_std": 0.004020958518887504,
    "r_t_min": 0.008977892525467945,
    "r_t_max": 0.09720753939609042,
    "delta_hat_mean": -4.268461593555337e-08,
    "delta_hat_std": 3.923207287022932e-06,
    "lambda_t_mean": 0.0005393759485084679,
    "lambda_t_std": 3.212137392220688e-05,
    "n_records": 7800
  },
  "layer3.0.conv1.weight": {
    "r_t_mean": 0.015377463686159326,
    "r_t_std": 0.004105731322987462,
    "r_t_min": 0.008267710709314128,
    "r_t_max": 0.07375217540324347,
    "delta_hat_mean": 8.27554220603424e-09,
    "delta_hat_std": 3.5897217804371646e-06,
    "lambda_t_mean": 0.0005387961545123409,
    "lambda_t_std": 3.177568541822626e-05,
    "n_records": 7800
  },
  "layer3.0.conv2.weight": {
    "r_t_mean": 0.0158424974930036,
    "r_t_std": 0.004479077709584786,
    "r_t_min": 0.008920093297368939,
    "r_t_max": 0.10069556158828366,
    "delta_hat_mean": 5.48045856930425e-08,
    "delta_hat_std": 2.074740289036024e-06,
    "lambda_t_mean": 0.0005381006079865504,
    "lambda_t_std": 3.113026684519555e-05,
    "n_records": 7800
  },
  "layer3.0.shortcut.0.weight": {
    "r_t_mean": 0.01399754359438653,
    "r_t_std": 0.0033848553305991873,
    "r_t_min": 0.008122130178262035,
    "r_t_max": 0.045068640471789524,
    "delta_hat_mean": -6.170397355900106e-08,
    "delta_hat_std": 8.119486851422505e-06,
    "lambda_t_mean": 0.0005389845328131854,
    "lambda_t_std": 3.1885657906871184e-05,
    "n_records": 7800
  },
  "layer3.1.conv1.weight": {
    "r_t_mean": 0.015943209579999618,
    "r_t_std": 0.004561022537366312,
    "r_t_min": 0.008901977364558342,
    "r_t_max": 0.09003801862201354,
    "delta_hat_mean": 3.1457265868673994e-08,
    "delta_hat_std": 2.005334011518577e-06,
    "lambda_t_mean": 0.0005384835426787835,
    "lambda_t_std": 3.122738257723644e-05,
    "n_records": 7800
  },
  "layer3.1.conv2.weight": {
    "r_t_mean": 0.01594796535930887,
    "r_t_std": 0.004274793806813094,
    "r_t_min": 0.009036569817286504,
    "r_t_max": 0.0917081028657219,
    "delta_hat_mean": 8.27566621037558e-09,
    "delta_hat_std": 1.5752246277586667e-06,
    "lambda_t_mean": 0.0005379327438717485,
    "lambda_t_std": 3.10827887048684e-05,
    "n_records": 7800
  },
  "layer3.2.conv1.weight": {
    "r_t_mean": 0.015993048883074207,
    "r_t_std": 0.004215334301475763,
    "r_t_min": 0.00897679615339393,
    "r_t_max": 0.08735763691754075,
    "delta_hat_mean": 1.8884648203327903e-08,
    "delta_hat_std": 1.92516977901343e-06,
    "lambda_t_mean": 0.0005375898653131568,
    "lambda_t_std": 3.062860794669047e-05,
    "n_records": 7800
  },
  "layer3.2.conv2.weight": {
    "r_t_mean": 0.015443645029912228,
    "r_t_std": 0.003951836576889505,
    "r_t_min": 0.00912125581868215,
    "r_t_max": 0.11198486702411663,
    "delta_hat_mean": -9.911516013259099e-09,
    "delta_hat_std": 1.6612896076446302e-06,
    "lambda_t_mean": 0.0005371706627327716,
    "lambda_t_std": 3.0431288885973693e-05,
    "n_records": 7800
  },