{
  "features.0.weight": {
    "r_t_mean": 1.4100757936008421e-09,
    "r_t_std": 5.775409322404011e-09,
    "r_t_min": 0.0,
    "r_t_max": 6.812088420580269e-08,
    "delta_hat_mean": -0.00013480545087751476,
    "delta_hat_std": 0.011344142275524629,
    "lambda_t_mean": 0.00024996629830580894,
    "lambda_t_std": 2.836049105476453e-06,
    "n_records": 1950
  },
  "features.2.weight": {
    "r_t_mean": 6.874938121205634e-09,
    "r_t_std": 2.8268284413562533e-08,
    "r_t_min": 0.0,
    "r_t_max": 3.3366761855247257e-07,
    "delta_hat_mean": -3.5356373057719534e-05,
    "delta_hat_std": 0.003198297927458894,
    "lambda_t_mean": 0.00024999116088126146,
    "lambda_t_std": 7.995768373493855e-07,
    "n_records": 1950
  },
  "features.5.weight": {
    "r_t_mean": 5.21225321560247e-09,
    "r_t_std": 2.1179974424733686e-08,
    "r_t_min": 0.0,
    "r_t_max": 2.566409790595248e-07,
    "delta_hat_mean": -1.8289402325378362e-05,
    "delta_hat_std": 0.0023318559128377076,
    "lambda_t_mean": 0.0002499954276576238,
    "lambda_t_std": 5.829654834365076e-07,
    "n_records": 1950
  },
  "features.7.weight": {
    "r_t_mean": 7.768024331639887e-09,
    "r_t_std": 3.1595412371174475e-08,
    "r_t_min": 0.0,
    "r_t_max": 4.102028895840572e-07,
    "delta_hat_mean": -1.5471845120909843e-05,
    "delta_hat_std": 0.0016960363442122507,
    "lambda_t_mean": 0.0002499961320579416,
    "lambda_t_std": 4.2400999709480447e-07,
    "n_records": 1950
  },
  "features.10.weight": {
    "r_t_mean": 6.128283670596246e-09,
    "r_t_std": 2.4713113558960642e-08,
    "r_t_min": 0.0,
    "r_t_max": 3.2221625995729823e-07,
    "delta_hat_mean": 3.041570962872916e-06,
    "delta_hat_std": 0.0012372662142654158,
    "lambda_t_mean": 0.0002500007604175675,
    "lambda_t_std": 3.093171028084249e-07,
    "n_records": 1950
  },
  "features.12.weight": {
    "r_t_mean": 1.1075499916485937e-08,
    "r_t_std": 4.287378884415404e-08,
    "r_t_min": 0.0,
    "r_t_max": 5.832575715300447e-07,
    "delta_hat_mean": -1.2694826655249996e-05,
    "delta_hat_std": 0.0009574288941224356,
    "lambda_t_mean": 0.0002499968262937422,
    "lambda_t_std": 2.393574651142509e-07,
    "n_records": 1950
  },
  "features.14.weight": {
    "r_t_mean": 1.63541018823683e-08,
    "r_t_std": 6.032192416786916e-08,
    "r_t_min": 0.0,
    "r_t_max": 8.335131207282509e-07,
    "delta_hat_mean": -1.5547016037439438e-05,
    "delta_hat_std": 0.0011558303026645328,
    "lambda_t_mean": 0.0002499961132449197,
    "lambda_t_std": 2.8895776111859096e-07,
    "n_records": 1950
  },
  "features.17.weight": {
    "r_t_mean": 2.927915105475765e-08,
    "r_t_std": 1.0249208426801946e-07,
    "r_t_min": 0.0,
    "r_t_max": 1.3369175429459566e-06,
    "delta_hat_mean": -2.7686481135009882e-06,
    "delta_hat_std": 0.0008405348150673862,
    "lambda_t_mean": 0.00024999930783804514,
    "lambda_t_std": 2.1013374118159964e-07,
    "n_records": 1950
  },
  "features.19.weight": {
    "r_t_mean": 1.051492266953126e-07,
    "r_t_std": 3.509438466916856e-07,
    "r_t_min": 0.0,
    "r_t_max": 4.655112537081713e-06,
    "delta_hat_mean": -1.0011618954673068e-06,
    "delta_hat_std": 0.0007135720517530565,
    "lambda_t_mean": 0.0002499997497101092,
    "lambda_t_std": 1.783930220275046e-07,
    "n_records": 1950
  },
  "features.21.weight": {
    "r_t_mean": 2.2686059119690399e-07,
    "r_t_std": 7.215077277332457e-07,
    "r_t_min": 0.0,
    "r_t_max": 9.534996315115174e-06,
    "delta_hat_mean": -2.631779971874966e-05,
    "delta_hat_std": 0.0008690085221753509,
    "lambda_t_mean": 0.0002499934205495987,
    "lambda_t_std": 2.172521347763145e-07,
    "n_records": 1950
  },
  "features.24.weight": {
    "r_t_mean": 6.924375276301697e-07,
    "r_t_std": 2.1097472264854667e-06,
    "r_t_min": 0.0,
    "r_t_max": 2.804463752438176e-05,
    "delta_hat_mean": -1.4216955476728962e-05,
    "delta_hat_std": 0.0007870863735183988,
    "lambda_t_mean": 0.000249996445759716,
    "lambda_t_std": 1.9677159254822655e-07,
    "n_records": 1950
  },
  "features.26.weight": {
    "r_t_mean": 2.1697854851395573e-06,
    "r_t_std": 6.245764766531608e-06,
    "r_t_min": 0.0,
    "r_t_max": 8.041514419424885e-05,
    "delta_hat_mean": -1.973547685102298e-06,
    "delta_hat_std": 0.0006560742132734708,
    "lambda_t_mean": 0.0002499995066130469,
    "lambda_t_std": 1.640185525013161e-07,
    "n_records": 1950
  },
  "features.28.weight": {
    "r_t_mean": 8.431331426773457e-06,
    "r_t_std": 2.3013138429003518e-05,
    "r_t_min": 0.0,
    "r_t_max": 0.0002897381644214978,
    "delta_hat_mean": 3.0776278116957495e-05,
    "delta_hat_std": 0.0009652149055646541,
    "lambda_t_mean": 0.00025000769406996275,
    "lambda_t_std": 2.413037255852572e-07,
    "n_records": 1950
  },
  "classifier.0.weight": {
    "r_t_mean": 1.845077058796438e-05,
    "r_t_std": 4.1200170041090195e-05,
    "r_t_min": 0.0,
    "r_t_max": 0.00039491808292708096,
    "delta_hat_mean": 5.3687334736878254e-05,
    "delta_hat_std": 0.0022584400729216583,
    "lambda_t_mean": 0.00025001342183217953,
    "lambda_t_std": 5.646100186645896e-07,
    "n_records": 1950
  },
  "classifier.3.weight": {
    "r_t_mean": 0.00014602898744848336,
    "r_t_std": 0.0002810785246572964,
    "r_t_min": 0.0,
    "r_t_max": 0.002501891065607248,
    "delta_hat_mean": 0.00011311021003367526,
    "delta_hat_std": 0.002799820019501141,
    "lambda_t_mean": 0.00025002827754837275,
    "lambda_t_std": 6.999550047077382e-07,
    "n_records": 1950
  },
  "classifier.6.weight": {
    "r_t_mean": 0.0005830258670991153,
    "r_t_std": 0.0015186644803795557,
    "r_t_min": 0.0,
    "r_t_max": 0.01252920897840024,
    "delta_hat_mean": 0.00026060044031988254,
    "delta_hat_std": 0.004709979704190795,
    "lambda_t_mean": 0.00025006515011785624,
    "lambda_t_std": 1.1774949266552238e-06,
    "n_records": 1950
  }
}