{
  "task_id": "alignment_diagnostic",
  "hypothesis": "H3: delta_hat contains information beyond (g_norm, w_norm)",
  "results": {
    "CIFAR-100/ResNet-20": {
      "conv1.weight": {
        "ais": {
          "mi_delta_gw": 0.0,
          "residual_variance_ratio": 0.9908010664755961,
          "n_samples": 200
        },
        "bootstrap": {
          "mean": 0.9826803945035059,
          "std": 0.01513633137881596,
          "ci_lower": 0.9361156346526096,
          "ci_upper": 0.9987855154092975,
          "includes_zero": false
        }
      },
      "layer1.0.conv1.weight": {
        "ais": {
          "mi_delta_gw": 0.0,
          "residual_variance_ratio": 0.9986939706075466,
          "n_samples": 200
        },
        "bootstrap": {
          "mean": 0.9917541079965945,
          "std": 0.011241875557683747,
          "ci_lower": 0.9570600625563964,
          "ci_upper": 0.9998061881954685,
          "includes_zero": false
        }
      },
      "layer1.0.conv2.weight": {
        "ais": {
          "mi_delta_gw": 0.0,
          "residual_variance_ratio": 0.9876894153276942,
          "n_samples": 200
        },
        "bootstrap": {
          "mean": 0.9831223299662346,
          "std": 0.010843813889326231,
          "ci_lower": 0.9592397913338594,
          "ci_upper": 0.999133290824129,
          "includes_zero": false
        }
      },
      "layer1.1.conv1.weight": {
        "ais": {
          "mi_delta_gw": 0.0,
          "residual_variance_ratio": 0.9833674680012121,
          "n_samples": 200
        },
        "bootstrap": {
          "mean": 0.9774855715433753,
          "std": 0.01423608525598292,
          "ci_lower": 0.9441715432121857,
          "ci_upper": 0.9975560099892176,
          "includes_zero": false
        }
      },
      "layer1.1.conv2.weight": {
        "ais": {
          "mi_delta_gw": 0.0,
          "residual_variance_ratio": 0.9966828824398636,
          "n_samples": 200
        },
        "bootstrap": {
          "mean": 0.986659054158626,
          "std": 0.012164569826086146,
          "ci_lower": 0.9559314644498256,
          "ci_upper": 0.9994676530278929,
          "includes_zero": false
        }
      },
      "layer1.2.conv1.weight": {
        "ais": {
          "mi_delta_gw": 0.0,
          "residual_variance_ratio": 0.9979848501994494,
          "n_samples": 200
        },
        "bootstrap": {
          "mean": 0.9908162175408676,
          "std": 0.008451719435575822,
          "ci_lower": 0.9683674470943155,
          "ci_upper": 0.9994623938933633,
          "includes_zero": false
        }
      },
      "layer1.2.conv2.weight": {
        "ais": {
          "mi_delta_gw": 0.0,
          "residual_variance_ratio": 0.9930397240785791,
          "n_samples": 200
        },
        "bootstrap": {
          "mean": 0.9858082232353675,
          "std": 0.012850929154738311,
          "ci_lower": 0.9586492307847704,
          "ci_upper": 0.9994916632271619,
          "includes_zero": false
        }
      },
      "layer2.0.conv1.weight": {
        "ais": {
          "mi_delta_gw": 0.0,
          "residual_variance_ratio": 0.995257146570207,
          "n_samples": 200
        },
        "bootstrap": {
          "mean": 0.9882795862481748,
          "std": 0.010941106199484962,
          "ci_lower": 0.9564485305629142,
          "ci_upper": 0.9995920697832108,
          "includes_zero": false
        }
      },
      "layer2.0.conv2.weight": {
        "ais": {
          "mi_delta_gw": 0.0,
          "residual_variance_ratio": 0.9956516598413004,
          "n_samples": 200
        },
        "bootstrap": {
          "mean": 0.9867527640817226,
          "std": 0.012470823976481965,
          "ci_lower": 0.9614434479402588,
          "ci_upper": 0.9994149437751331,
          "includes_zero": false
        }
      },
      "layer2.0.shortcut.0.weight": {
        "ais": {
          "mi_delta_gw": 0.0,
          "residual_variance_ratio": 0.9963378990878087,
          "n_samples": 200
        },
        "bootstrap": {
          "mean": 0.9879124295701146,
          "std": 0.013484563931204462,
          "ci_lower": 0.9527483719517654,
          "ci_upper": 0.999613610668879,
          "includes_zero": false
        }
      },
      "layer2.1.conv1.weight": {
        "ais": {
          "mi_delta_gw": 0.0,
          "residual_variance_ratio": 0.9806413237452777,
          "n_samples": 200
        },
        "bootstrap": {
          "mean": 0.9713241885729963,
          "std": 0.02132360813799138,
          "ci_lower": 0.9152906928554824,
          "ci_upper": 0.9984752389872803,
          "includes_zero": false
        }
      },
      "layer2.1.conv2.weight": {
        "ais": {
          "mi_delta_gw": 0.0,
          "residual_variance_ratio": 0.9893976949861076,
          "n_samples": 200
        },
        "bootstrap": {
          "mean": 0.9766021391362969,
          "std": 0.021761954474051718,
          "ci_lower": 0.9226987139794957,
          "ci_upper": 0.9995715430569728,
          "includes_zero": false
        }
      },
      "layer2.2.conv1.weight": {
        "ais": {
          "mi_delta_gw": 0.0,
          "residual_variance_ratio": 0.9980853066782162,
          "n_samples": 200
        },
        "bootstrap": {
          "mean": 0.9878112021297816,
          "std": 0.011874415074267038,
          "ci_lower": 0.9570378316346112,
          "ci_upper": 0.9996236759722101,
          "includes_zero": false
        }
      },
      "layer2.2.conv2.weight": {
        "ais": {
          "mi_delta_gw": 0.0,
          "residual_variance_ratio": 0.9718981291706421,
          "n_samples": 200
        },
        "bootstrap": {
          "mean": 0.9622401152028366,
          "std": 0.0227801623855602,
          "ci_lower": 0.9122732453060334,
          "ci_upper": 0.9960249183401821,
          "includes_zero": false
        }
      },
      "layer3.0.conv1.weight": {
        "ais": {
          "mi_delta_gw": 0.0,
          "residual_variance_ratio": 0.9604589801912985,
          "n_samples": 200
        },
        "bootstrap": {
          "mean": 0.9555847081609073,
          "std": 0.026724107252925698,
          "ci_lower": 0.8965883724553951,
          "ci_upper": 0.9930967711692941,
          "includes_zero": false
        }
      },
      "layer3.0.conv2.weight": {
        "ais": {
          "mi_delta_gw": 0.0,
          "residual_variance_ratio": 0.9921792673806968,
          "n_samples": 200
        },
        "bootstrap": {
          "mean": 0.9825703555232518,
          "std": 0.016425945795624397,
          "ci_lower": 0.9446624862039829,
          "ci_upper": 0.9996566397374812,
          "includes_zero": false
        }
      },
      "layer3.0.shortcut.0.weight": {
        "ais": {
          "mi_delta_gw": 0.0,
          "residual_variance_ratio": 0.999755482369176,
          "n_samples": 200
        },
        "bootstrap": {
          "mean": 0.9918889183151868,
          "std": 0.008691989628284649,
          "ci_lower": 0.9656099935148488,
          "ci_upper": 0.9997364160820283,
          "includes_zero": false
        }
      },
      "layer3.1.conv1.weight": {
        "ais": {
          "mi_delta_gw": 0.0,
          "residual_variance_ratio": 0.9961849703728973,
          "n_samples": 200
        },
        "bootstrap": {
          "mean": 0.9875109140055238,
          "std": 0.011177835225640226,
          "ci_lower": 0.9572434915642234,
          "ci_upper": 0.9996114664244306,
          "includes_zero": false
        }
      },
      "layer3.1.conv2.weight": {
        "ais": {
          "mi_delta_gw": 0.0,
          "residual_variance_ratio": 0.9897712133517504,
          "n_samples": 200
        },
        "bootstrap": {
          "mean": 0.975440348247144,
          "std": 0.021848576701106723,
          "ci_lower": 0.9135553447843564,
          "ci_upper": 0.9990115201226939,
          "includes_zero": false
        }
      },