{
  "cifar100_resnet20": {
    "NoWD": {
      "mean": 63.736666666666665,
      "std": 0.4850085909892038
    },
    "FixedWD": {
      "mean": 65.19333333333333,
      "std": 0.2532455988429671
    },
    "SWD": {
      "mean": 64.84,
      "std": 0.12489995996796473
    },
    "CWD": {
      "mean": 64.54666666666667,
      "std": 0.12741009902410438
    },
    "CPR": {
      "mean": 65.18666666666667,
      "std": 0.08082903768655321
    },
    "CAWD": {
      "mean": 64.51666666666667,
      "std": 0.6137045977775729
    },
    "EqWD": {
      "mean": 65.05333333333333,
      "std": 0.36226141573914905
    }
  },
  "imagenet_resnet50": {
    "NoWD": {
      "mean": 70.11066666666666,
      "std": 0.15341881675118124
    },
    "FixedWD": {
      "mean": 71.89133333333334,
      "std": 0.23529839211804035
    },
    "SWD": {
      "mean": 72.044,
      "std": 0.40149719799769296
    },
    "CWD": {
      "mean": 71.39066666666666,
      "std": 0.3237550514406375
    },
    "CPR": {
      "mean": 71.382,
      "std": 0.5203537258442521
    },
    "CAWD": {
      "mean": 71.43933333333334,
      "std": 0.15427680750304718
    },
    "EqWD": {
      "mean": 72.27133333333333,
      "std": 0.19698054049406832
    }
  },
  "best_method": "EqWD",
  "imagenet_improvement_over_fixed": 0.37999999999999545
}