{
  "conv1.weight": {
    "r_t_mean": 0.028032588209482033,
    "r_t_std": 0.02340042559257796,
    "r_t_min": 0.01254505206555026,
    "r_t_max": 0.48125133671618003,
    "delta_hat_mean": 1.6711591453344727e-07,
    "delta_hat_std": 4.055873516200341e-05,
    "lambda_t_mean": 1.3519522196130039e-05,
    "lambda_t_std": 0.0,
    "n_records": 780
  },
  "layer1.0.conv1.weight": {
    "r_t_mean": 0.02821666596553749,
    "r_t_std": 0.022362911354437638,
    "r_t_min": 0.014532675687324748,
    "r_t_max": 0.519000861319847,
    "delta_hat_mean": 2.5508253259386693e-07,
    "delta_hat_std": 9.195502520064214e-06,
    "lambda_t_mean": 1.3519522196130039e-05,
    "lambda_t_std": 0.0,
    "n_records": 780
  },
  "layer1.0.conv2.weight": {
    "r_t_mean": 0.0281596101246122,
    "r_t_std": 0.019347003413235697,
    "r_t_min": 0.014925161478982804,
    "r_t_max": 0.42846658178031394,
    "delta_hat_mean": 2.44405280378729e-07,
    "delta_hat_std": 7.712327897182678e-06,
    "lambda_t_mean": 1.3519522196130039e-05,
    "lambda_t_std": 0.0,
    "n_records": 780
  },
  "layer1.1.conv1.weight": {
    "r_t_mean": 0.028412169904544853,
    "r_t_std": 0.015559425095325154,
    "r_t_min": 0.015277309993507175,
    "r_t_max": 0.2931683234648461,
    "delta_hat_mean": -1.6293158357707845e-07,
    "delta_hat_std": 8.20451318753679e-06,
    "lambda_t_mean": 1.3519522196130039e-05,
    "lambda_t_std": 0.0,
    "n_records": 780
  },
  "layer1.1.conv2.weight": {
    "r_t_mean": 0.02788933375133996,
    "r_t_std": 0.01521328812929056,
    "r_t_min": 0.015415188474818755,
    "r_t_max": 0.2752783524751333,
    "delta_hat_mean": -4.1390611046383133e-07,
    "delta_hat_std": 7.053335073181148e-06,
    "lambda_t_mean": 1.3519522196130039e-05,
    "lambda_t_std": 0.0,
    "n_records": 780
  },
  "layer1.2.conv1.weight": {
    "r_t_mean": 0.030008204750057124,
    "r_t_std": 0.013339407330183762,
    "r_t_min": 0.01737570932145161,
    "r_t_max": 0.2586536887752113,
    "delta_hat_mean": 2.2771853513958717e-08,
    "delta_hat_std": 7.332906230632174e-06,
    "lambda_t_mean": 1.3519522196130039e-05,
    "lambda_t_std": 0.0,
    "n_records": 780
  },
  "layer1.2.conv2.weight": {
    "r_t_mean": 0.028600092893515845,
    "r_t_std": 0.012982972889789477,
    "r_t_min": 0.015498503998003402,
    "r_t_max": 0.20989570288163434,
    "delta_hat_mean": -4.0012438442993686e-07,
    "delta_hat_std": 8.184612926033466e-06,
    "lambda_t_mean": 1.3519522196130039e-05,
    "lambda_t_std": 0.0,
    "n_records": 780
  },
  "layer2.0.conv1.weight": {
    "r_t_mean": 0.028483262926704056,
    "r_t_std": 0.013079185088715393,
    "r_t_min": 0.015510141059394232,
    "r_t_max": 0.14930227943511096,
    "delta_hat_mean": 3.691258847141126e-07,
    "delta_hat_std": 7.360533217451799e-06,
    "lambda_t_mean": 1.3519522196130039e-05,
    "lambda_t_std": 0.0,
    "n_records": 780
  },
  "layer2.0.conv2.weight": {
    "r_t_mean": 0.029191846872483596,
    "r_t_std": 0.0150811255844068,
    "r_t_min": 0.015761745493203045,
    "r_t_max": 0.17785334837024083,
    "delta_hat_mean": 1.624597363200855e-07,
    "delta_hat_std": 4.817111814334142e-06,
    "lambda_t_mean": 1.3519522196130039e-05,
    "lambda_t_std": 0.0,
    "n_records": 780
  },
  "layer2.0.shortcut.0.weight": {
    "r_t_mean": 0.023624220647679488,
    "r_t_std": 0.008765443438160686,
    "r_t_min": 0.01311583453657919,
    "r_t_max": 0.09132890845829161,
    "delta_hat_mean": -1.1360496615226296e-08,
    "delta_hat_std": 1.6726289476201878e-05,
    "lambda_t_mean": 1.3519522196130039e-05,
    "lambda_t_std": 0.0,
    "n_records": 780
  },
  "layer2.1.conv1.weight": {
    "r_t_mean": 0.030261433042164484,
    "r_t_std": 0.013031057397985879,
    "r_t_min": 0.01685566853287877,
    "r_t_max": 0.1639143692563857,
    "delta_hat_mean": -2.1605850025837507e-07,
    "delta_hat_std": 3.141503566317497e-06,
    "lambda_t_mean": 1.3519522196130039e-05,
    "lambda_t_std": 0.0,
    "n_records": 780
  },
  "layer2.1.conv2.weight": {
    "r_t_mean": 0.029398425619310102,
    "r_t_std": 0.012084929929783599,
    "r_t_min": 0.017562303983964824,
    "r_t_max": 0.14279057389191285,
    "delta_hat_mean": -5.4921517434199275e-08,
    "delta_hat_std": 3.705444700439043e-06,
    "lambda_t_mean": 1.3519522196130039e-05,
    "lambda_t_std": 0.0,
    "n_records": 780
  },
  "layer2.2.conv1.weight": {
    "r_t_mean": 0.03162289699658899,
    "r_t_std": 0.010810559879579075,
    "r_t_min": 0.019560257154457705,
    "r_t_max": 0.12010199121820464,
    "delta_hat_mean": -5.6725245335142153e-08,
    "delta_hat_std": 3.472001002955856e-06,
    "lambda_t_mean": 1.3519522196130039e-05,
    "lambda_t_std": 0.0,
    "n_records": 780
  },
  "layer2.2.conv2.weight": {
    "r_t_mean": 0.029775223061697557,
    "r_t_std": 0.010321747916984406,
    "r_t_min": 0.018272101397100282,
    "r_t_max": 0.10962557424249432,
    "delta_hat_mean": -1.8892285773393252e-08,
    "delta_hat_std": 3.62441764387528e-06,
    "lambda_t_mean": 1.3519522196130039e-05,
    "lambda_t_std": 0.0,
    "n_records": 780
  },
  "layer3.0.conv1.weight": {
    "r_t_mean": 0.029233212040981334,
    "r_t_std": 0.01125936549486294,
    "r_t_min": 0.017657307922331444,
    "r_t_max": 0.08246228223735864,
    "delta_hat_mean": -8.295160435126765e-08,
    "delta_hat_std": 3.1213878277066723e-06,
    "lambda_t_mean": 1.3519522196130039e-05,
    "lambda_t_std": 0.0,
    "n_records": 780
  },
  "layer3.0.conv2.weight": {
    "r_t_mean": 0.031812094297897955,
    "r_t_std": 0.012107912662991507,
    "r_t_min": 0.018627082853712652,
    "r_t_max": 0.1117044604705475,
    "delta_hat_mean": -1.9814923338032576e-08,
    "delta_hat_std": 1.8519751666431146e-06,
    "lambda_t_mean": 1.3519522196130039e-05,
    "lambda_t_std": 0.0,
    "n_records": 780
  },
  "layer3.0.shortcut.0.weight": {
    "r_t_mean": 0.022679574542355595,
    "r_t_std": 0.008729889702912623,
    "r_t_min": 0.01255847560558796,
    "r_t_max": 0.07038065296701762,
    "delta_hat_mean": 1.245637887304377e-07,
    "delta_hat_std": 7.504004445856638e-06,
    "lambda_t_mean": 1.3519522196130039e-05,
    "lambda_t_std": 0.0,
    "n_records": 780
  },
  "layer3.1.conv1.weight": {
    "r_t_mean": 0.03190584436768887,
    "r_t_std": 0.012633451549022583,
    "r_t_min": 0.01865774313070569,
    "r_t_max": 0.10400664315609823,
    "delta_hat_mean": -4.3942826970909646e-08,
    "delta_hat_std": 2.1647055132282315e-06,
    "lambda_t_mean": 1.3519522196130039e-05,
    "lambda_t_std": 0.0,
    "n_records": 780
  },
  "layer3.1.conv2.weight": {
    "r_t_mean": 0.032013876077350775,
    "r_t_std": 0.010778845365688907,
    "r_t_min": 0.01981770444005726,
    "r_t_max": 0.1110453820154066,
    "delta_hat_mean": -7.238985368718823e-08,
    "delta_hat_std": 1.7093611242687387e-06,
    "lambda_t_mean": 1.3519522196130039e-05,
    "lambda_t_std": 0.0,
    "n_records": 780
  },
  "layer3.2.conv1.weight": {
    "r_t_mean": 0.032463371118894066,
    "r_t_std": 0.010252914331534694,
    "r_t_min": 0.0208244328359871,
    "r_t_max": 0.10508001586557267,
    "delta_hat_mean": 3.98943751704023e-08,
    "delta_hat_std": 1.8378736861424458e-06,
    "lambda_t_mean": 1.3519522196130039e-05,
    "lambda_t_std": 0.0,
    "n_records": 780
  },
  "layer3.2.conv2.weight": {
    "r_t_mean": 0.0298134713428859,
    "r_t_std": 0.010016560811422867,
    "r_t_min": 0.018815186875296007,
    "r_t_max": 0.10419035689795869,
    "delta_hat_mean": 1.9937886328249897e-08,
    "delta_hat_std": 1.5294038387826257e-06,
    "lambda_t_mean": 1.3519522196130039e-05,
    "lambda_t_std": 0.0,
    "n_records": 780
  },
  "fc.weight": {
    "r_t_mean": 0.022303487034854314,
    "r_t_std": 0.017654683640370757,
    "r_t_min": 0.010185724894122112,
    "r_t_max": 0.1642076993227542,
    "delta_hat_mean": -0.0033061603272877176,
    "delta_hat_std": 0.006748676299811476,
    "lambda_t_mean": 1.3519522196130039e-05,
    "lambda_t_std": 0.0,
    "n_records": 780
  }
}