{
  "features.0.weight": {
    "r_t_mean": 0.02269449027466465,
    "r_t_std": 0.01059504063468135,
    "r_t_min": 0.0001943785951943936,
    "r_t_max": 0.2707041925369013,
    "delta_hat_mean": -1.5796634163332502e-07,
    "delta_hat_std": 1.7439532950826253e-05,
    "lambda_t_mean": 0.0007074512081184734,
    "lambda_t_std": 0.00024275151655519232,
    "n_records": 1950
  },
  "features.3.weight": {
    "r_t_mean": 0.02258409598185008,
    "r_t_std": 0.021231019264969352,
    "r_t_min": 0.0001807268716099105,
    "r_t_max": 0.8902912505882729,
    "delta_hat_mean": -4.388414659012723e-09,
    "delta_hat_std": 3.850686872320494e-06,
    "lambda_t_mean": 0.0006639797654295973,
    "lambda_t_std": 0.00022101281081433514,
    "n_records": 1950
  },
  "features.7.weight": {
    "r_t_mean": 0.024124567710002043,
    "r_t_std": 0.013692182508117287,
    "r_t_min": 0.000166807550857688,
    "r_t_max": 0.5119920311765076,
    "delta_hat_mean": -6.029303768857635e-11,
    "delta_hat_std": 3.72414125350069e-08,
    "lambda_t_mean": 0.0006510286192070683,
    "lambda_t_std": 0.0002040748766737995,
    "n_records": 1950
  },
  "features.10.weight": {
    "r_t_mean": 0.025601508997897544,
    "r_t_std": 0.015470614720805277,
    "r_t_min": 0.00014619863101143646,
    "r_t_max": 0.5995776944458986,
    "delta_hat_mean": -8.544646458868561e-10,
    "delta_hat_std": 2.5538227949422607e-08,
    "lambda_t_mean": 0.0006444904718957011,
    "lambda_t_std": 0.00019450016266639388,
    "n_records": 1950
  },
  "features.14.weight": {
    "r_t_mean": 0.027705125500918474,
    "r_t_std": 0.012388484326131413,
    "r_t_min": 9.438919625149995e-05,
    "r_t_max": 0.3622712820891992,
    "delta_hat_mean": -4.1922762163999086e-08,
    "delta_hat_std": 1.2329828619191227e-06,
    "lambda_t_mean": 0.0006319543689541677,
    "lambda_t_std": 0.0001754161500468836,
    "n_records": 1950
  },
  "features.17.weight": {
    "r_t_mean": 0.03006872629879517,
    "r_t_std": 0.015460867985141739,
    "r_t_min": 0.00011098007461805513,
    "r_t_max": 0.4261616554038474,
    "delta_hat_mean": 1.0215128219799479e-10,
    "delta_hat_std": 2.758514989880903e-08,
    "lambda_t_mean": 0.0006237974012897117,
    "lambda_t_std": 0.00017172052848061145,
    "n_records": 1950
  },
  "features.20.weight": {
    "r_t_mean": 0.029548121716180622,
    "r_t_std": 0.014975546209835882,
    "r_t_min": 0.0001374562818612757,
    "r_t_max": 0.3592347658139185,
    "delta_hat_mean": 3.069686945100649e-09,
    "delta_hat_std": 3.718459412933564e-08,
    "lambda_t_mean": 0.0006190052051044969,
    "lambda_t_std": 0.00016868102150070557,
    "n_records": 1950
  },
  "features.24.weight": {
    "r_t_mean": 0.026549051031624638,
    "r_t_std": 0.013464955898568606,
    "r_t_min": 7.758796702807578e-05,
    "r_t_max": 0.253720028367003,
    "delta_hat_mean": -1.2543979645306659e-08,
    "delta_hat_std": 6.668266414215477e-07,
    "lambda_t_mean": 0.0006143727352523853,
    "lambda_t_std": 0.00016840444431039174,
    "n_records": 1950
  },
  "features.27.weight": {
    "r_t_mean": 0.024949099515793584,
    "r_t_std": 0.013527821998602578,
    "r_t_min": 7.097637774737723e-05,
    "r_t_max": 0.2662594407601167,
    "delta_hat_mean": 9.82957043004474e-09,
    "delta_hat_std": 8.065697752682737e-07,
    "lambda_t_mean": 0.0006165178852698004,
    "lambda_t_std": 0.00017427649563568252,
    "n_records": 1950
  },
  "features.30.weight": {
    "r_t_mean": 0.021780197752560744,
    "r_t_std": 0.0115169583916416,
    "r_t_min": 6.2123101649172e-05,
    "r_t_max": 0.2437809043561563,
    "delta_hat_mean": 1.1798924179508037e-08,
    "delta_hat_std": 1.1010259829397044e-06,
    "lambda_t_mean": 0.0006300505038169987,
    "lambda_t_std": 0.00018396848165794035,
    "n_records": 1950
  },
  "features.34.weight": {
    "r_t_mean": 0.017732679383766662,
    "r_t_std": 0.008162021684229897,
    "r_t_min": 4.661597666810367e-05,
    "r_t_max": 0.20948824723472545,
    "delta_hat_mean": -6.875680846053528e-08,
    "delta_hat_std": 2.330360165016407e-06,
    "lambda_t_mean": 0.0006466976091103415,
    "lambda_t_std": 0.0001787974958075615,
    "n_records": 1950
  },
  "features.37.weight": {
    "r_t_mean": 0.01661268578809999,
    "r_t_std": 0.0059531582246746964,
    "r_t_min": 0.00010608020709011753,
    "r_t_max": 0.17518967528869087,
    "delta_hat_mean": 8.12164508087458e-08,
    "delta_hat_std": 2.502572977874753e-06,
    "lambda_t_mean": 0.0006335647623859984,
    "lambda_t_std": 0.00015355753560189188,
    "n_records": 1950
  },
  "features.40.weight": {
    "r_t_mean": 0.018039753713871346,
    "r_t_std": 0.005158571539530008,
    "r_t_min": 0.0003618581789976279,
    "r_t_max": 0.150745456055368,
    "delta_hat_mean": -1.0145417511055509e-08,
    "delta_hat_std": 2.8201319060014372e-06,
    "lambda_t_mean": 0.0006246782310747438,
    "lambda_t_std": 0.0001701347405103016,
    "n_records": 1950
  },
  "classifier.0.weight": {
    "r_t_mean": 0.020308946720010265,
    "r_t_std": 0.00977042208500597,
    "r_t_min": 0.0010956579456820653,
    "r_t_max": 0.2728501424414639,
    "delta_hat_mean": 2.1013071446782888e-05,
    "delta_hat_std": 0.016953235437158428,
    "lambda_t_mean": 0.0006455533856308518,
    "lambda_t_std": 0.00026472811417791044,
    "n_records": 1950
  },
  "classifier.3.weight": {
    "r_t_mean": 0.021115430657835294,
    "r_t_std": 0.003735501071589326,
    "r_t_min": 0.0027074410068755753,
    "r_t_max": 0.07760135356816049,
    "delta_hat_mean": 0.0005480413546033211,
    "delta_hat_std": 0.012868080019435693,
    "lambda_t_mean": 0.0005794113746434134,
    "lambda_t_std": 9.915805227071425e-05,
    "n_records": 1950
  },
  "classifier.6.weight": {
    "r_t_mean": 0.023380326595107845,
    "r_t_std": 0.007325734784114017,
    "r_t_min": 0.00827286987714077,
    "r_t_max": 0.19847480596986786,
    "delta_hat_mean": 0.0008037404851338345,
    "delta_hat_std": 0.012486154121632927,
    "lambda_t_mean": 0.000569141279252845,
    "lambda_t_std": 7.714918753627881e-05,
    "n_records": 1950
  }
}