{
  "conv1.weight": {
    "r_t_mean": 0.013631578923217402,
    "r_t_std": 0.008124508375714738,
    "r_t_min": 0.00581271043045106,
    "r_t_max": 0.48125104091535104,
    "delta_hat_mean": -1.7779244137926787e-06,
    "delta_hat_std": 4.890947297580974e-05,
    "lambda_t_mean": 0.00041886539528172595,
    "lambda_t_std": 2.465632863622639e-05,
    "n_records": 7800
  },
  "layer1.0.conv1.weight": {
    "r_t_mean": 0.013590827366619406,
    "r_t_std": 0.006970630647104506,
    "r_t_min": 0.006830780523775326,
    "r_t_max": 0.519000644138755,
    "delta_hat_mean": -1.706366997512331e-08,
    "delta_hat_std": 1.0053552412892073e-05,
    "lambda_t_mean": 0.0004046286715799458,
    "lambda_t_std": 2.7599791172452928e-05,
    "n_records": 7800
  },
  "layer1.0.conv2.weight": {
    "r_t_mean": 0.013524596646215699,
    "r_t_std": 0.0062211872087380455,
    "r_t_min": 0.007357985845047883,
    "r_t_max": 0.42846640541590225,
    "delta_hat_mean": -1.5192150651698792e-07,
    "delta_hat_std": 9.703266075511145e-06,
    "lambda_t_mean": 0.0003995325172278596,
    "lambda_t_std": 3.1094963748458985e-05,
    "n_records": 7800
  },
  "layer1.1.conv1.weight": {
    "r_t_mean": 0.013853300972828698,
    "r_t_std": 0.004978094488516154,
    "r_t_min": 0.007501488169307441,
    "r_t_max": 0.29316817303144016,
    "delta_hat_mean": -4.1493468967096635e-09,
    "delta_hat_std": 7.986540723861705e-06,
    "lambda_t_mean": 0.00039197442216385803,
    "lambda_t_std": 3.862382962927616e-05,
    "n_records": 7800
  },
  "layer1.1.conv2.weight": {
    "r_t_mean": 0.013536228319538032,
    "r_t_std": 0.004795951162673371,
    "r_t_min": 0.007082416476785336,
    "r_t_max": 0.27527823896966136,
    "delta_hat_mean": -1.3916125923015105e-07,
    "delta_hat_std": 9.09257772284899e-06,
    "lambda_t_mean": 0.0003849359939569297,
    "lambda_t_std": 3.735288393673162e-05,
    "n_records": 7800
  },
  "layer1.2.conv1.weight": {
    "r_t_mean": 0.013871990647285587,
    "r_t_std": 0.004456115871132008,
    "r_t_min": 0.007569299834102107,
    "r_t_max": 0.2586535555029488,
    "delta_hat_mean": 2.5376380590078002e-08,
    "delta_hat_std": 8.366993490548163e-06,
    "lambda_t_mean": 0.00037916789983562514,
    "lambda_t_std": 4.2363167992324364e-05,
    "n_records": 7800
  },
  "layer1.2.conv2.weight": {
    "r_t_mean": 0.013542566395189207,
    "r_t_std": 0.004159240633613676,
    "r_t_min": 0.007236192681294546,
    "r_t_max": 0.2098956157663207,
    "delta_hat_mean": 1.6894144136969656e-08,
    "delta_hat_std": 7.653481594280329e-06,
    "lambda_t_mean": 0.0003715021453896844,
    "lambda_t_std": 3.98104628082518e-05,
    "n_records": 7800
  },
  "layer2.0.conv1.weight": {
    "r_t_mean": 0.013587961281968822,
    "r_t_std": 0.004306695335097995,
    "r_t_min": 0.0074870498970144505,
    "r_t_max": 0.1493022147950941,
    "delta_hat_mean": 1.1191818235712943e-07,
    "delta_hat_std": 8.186854809615018e-06,
    "lambda_t_mean": 0.00039698096742794614,
    "lambda_t_std": 3.995293381938703e-05,
    "n_records": 7800
  },
  "layer2.0.conv2.weight": {
    "r_t_mean": 0.013776213808063367,
    "r_t_std": 0.004648095785372052,
    "r_t_min": 0.00811999338673397,
    "r_t_max": 0.17785327009885313,
    "delta_hat_mean": -4.3588113708955743e-08,
    "delta_hat_std": 5.245320308759908e-06,
    "lambda_t_mean": 0.00041046523336359277,
    "lambda_t_std": 3.650229105205846e-05,
    "n_records": 7800
  },
  "layer2.0.shortcut.0.weight": {
    "r_t_mean": 0.011789327095138375,
    "r_t_std": 0.0036966256446728995,
    "r_t_min": 0.0059309970900535735,
    "r_t_max": 0.0449816323838453,
    "delta_hat_mean": -1.138196735781043e-07,
    "delta_hat_std": 2.03259366400045e-05,
    "lambda_t_mean": 0.0003432516671777602,
    "lambda_t_std": 3.733808391713367e-05,
    "n_records": 7800
  },
  "layer2.1.conv1.weight": {
    "r_t_mean": 0.014136823811704979,
    "r_t_std": 0.00441159297482576,
    "r_t_min": 0.008338461508759417,
    "r_t_max": 0.16391429738466098,
    "delta_hat_mean": -7.270754811128412e-08,
    "delta_hat_std": 3.865577690426201e-06,
    "lambda_t_mean": 0.0004068025775504636,
    "lambda_t_std": 4.313146279200314e-05,
    "n_records": 7800
  },
  "layer2.1.conv2.weight": {
    "r_t_mean": 0.013823122127680098,
    "r_t_std": 0.004059453065253395,
    "r_t_min": 0.007637014923804601,
    "r_t_max": 0.14279051146059304,
    "delta_hat_mean": 5.3254621338886055e-08,
    "delta_hat_std": 3.531944949485093e-06,
    "lambda_t_mean": 0.00039511700383192296,
    "lambda_t_std": 4.263058163365133e-05,
    "n_records": 7800
  },
  "layer2.2.conv1.weight": {
    "r_t_mean": 0.014373895960050334,
    "r_t_std": 0.0040835832392517235,
    "r_t_min": 0.008053127511242191,
    "r_t_max": 0.12010193873957388,
    "delta_hat_mean": 4.2369209856659904e-08,
    "delta_hat_std": 3.657096047135999e-06,
    "lambda_t_mean": 0.00040635794165755357,
    "lambda_t_std": 4.685897658209093e-05,
    "n_records": 7800
  },
  "layer2.2.conv2.weight": {
    "r_t_mean": 0.013880873202801762,
    "r_t_std": 0.003719515622352347,
    "r_t_min": 0.00811902701472507,
    "r_t_max": 0.10962552628331403,
    "delta_hat_mean": 5.171146702959293e-08,
    "delta_hat_std": 3.3656467520989845e-06,
    "lambda_t_mean": 0.0003934319698831914,
    "lambda_t_std": 4.609146836265413e-05,
    "n_records": 7800
  },
  "layer3.0.conv1.weight": {
    "r_t_mean": 0.013681261817500266,
    "r_t_std": 0.0039034653654613258,
    "r_t_min": 0.008272127472657933,
    "r_t_max": 0.08246224809320042,
    "delta_hat_mean": -2.4109305924133684e-08,
    "delta_hat_std": 3.5636404388069056e-06,
    "lambda_t_mean": 0.00040192731862891904,
    "lambda_t_std": 4.523056734790141e-05,
    "n_records": 7800
  },
  "layer3.0.conv2.weight": {
    "r_t_mean": 0.014451956847659101,
    "r_t_std": 0.004260713760338829,
    "r_t_min": 0.008575635175211937,
    "r_t_max": 0.11170441435207618,
    "delta_hat_mean": 8.778636874601373e-09,
    "delta_hat_std": 2.0754027606879054e-06,
    "lambda_t_mean": 0.0004239055148864529,
    "lambda_t_std": 4.190708979520689e-05,
    "n_records": 7800
  },
  "layer3.0.shortcut.0.weight": {
    "r_t_mean": 0.011040683098409651,
    "r_t_std": 0.0033377911687542485,
    "r_t_min": 0.005924172291471642,
    "r_t_max": 0.04774867590236754,
    "delta_hat_mean": 8.12036362480156e-08,
    "delta_hat_std": 8.466484330608513e-06,
    "lambda_t_mean": 0.00032359883250550786,
    "lambda_t_std": 3.378779089217979e-05,
    "n_records": 7800
  },
  "layer3.1.conv1.weight": {
    "r_t_mean": 0.014614995785985095,
    "r_t_std": 0.004403170123254216,
    "r_t_min": 0.008749182562258075,
    "r_t_max": 0.10400660034099879,
    "delta_hat_mean": 2.7720007823996746e-08,
    "delta_hat_std": 2.0402225227159408e-06,
    "lambda_t_mean": 0.00042456593457894766,
    "lambda_t_std": 4.131795735447852e-05,
    "n_records": 7800
  },
  "layer3.1.conv2.weight": {
    "r_t_mean": 0.014583704630890829,
    "r_t_std": 0.004114742697834729,
    "r_t_min": 0.008599084072315617,
    "r_t_max": 0.11104532455771893,
    "delta_hat_mean": -1.6216895129642583e-08,
    "delta_hat_std": 1.5758423562421393e-06,
    "lambda_t_mean": 0.0004210613266042674,
    "lambda_t_std": 4.1262823022894274e-05,
    "n_records": 7800
  },
  "layer3.2.conv1.weight": {
    "r_t_mean": 0.014614446865682234,
    "r_t_std": 0.0041320297659458854,
    "r_t_min": 0.00851562830217117,
    "r_t_max": 0.10507996172184385,
    "delta_hat_mean": 5.682427640487923e-08,
    "delta_hat_std": 1.8899992989716555e-06,
    "lambda_t_mean": 0.00042400848364857526,
    "lambda_t_std": 4.22110545917698e-05,
    "n_records": 7800
  },
  "layer3.2.conv2.weight": {
    "r_t_mean": 0.014024899272390689,
    "r_t_std": 0.003948259403705748,
    "r_t_min": 0.007785091740195085,
    "r_t_max": 0.10419030320487416,
    "delta_hat_mean": 2.452137865997474e-08,
    "delta_hat_std": 1.6405345536019777e-06,
    "lambda_t_mean": 0.00041336056836849234,
    "lambda_t_std": 4.001388260579704e-05,