{
  "task_id": "pilot_A_pipeline",
  "timestamp": "2026-04-13T21:28:26.602916",
  "mode": "PILOT",
  "elapsed_sec": 22.1191565990448,
  "config": {
    "model": "gpt2-small",
    "sae_release": "gpt2-small-res-jb",
    "sae_id": "blocks.6.hook_resid_pre",
    "layer": 6,
    "d_sae": 24576,
    "d_in": 768,
    "seed": 42,
    "probe_cos_threshold": 0.32,
    "parent_freq_threshold": 0.001,
    "n_owt_tokens": 1068,
    "l0_empirical": 49.04213483146067,
    "lambda_rd": 0.02039062947476946,
    "n_parent_features": 7163,
    "n_letters_with_probes": 19,
    "letters_with_probes": [
      "a",
      "b",
      "c",
      "d",
      "e",
      "f",
      "g",
      "h",
      "k",
      "l",
      "m",
      "n",
      "o",
      "p",
      "r",
      "s",
      "t",
      "v",
      "w"
    ]
  },
  "labels": {
    "n_pos": 71,
    "n_neg": 24505,
    "base_rate": 0.0028889973958333335,
    "label_method": "probe_decoder_alignment",
    "label_threshold": 0.32,
    "note": "Expected n_pos=67 from task plan; got 71 at threshold=0.32",
    "sample_letter_feature_ids": [
      368,
      505,
      765,
      2014,
      2392,
      2406,
      2788,
      2820,
      2888,
      3226,
      3898,
      3943,
      4091,
      4176,
      4703,
      5019,
      5200,
      5768,
      5783,
      6083
    ]
  },
  "metrics": {
    "ASI": {
      "auroc": 0.47641383908429147,
      "auprc": 0.0027596183996212794,
      "auprc_over_base": 0.9552133385332744,
      "prec_at_50": 0.0,
      "prec_at_100": 0.0,
      "prec_at_500": 0.002,
      "cohens_d": -0.11339081638498984,
      "null_mean": 0.4962493742294617,
      "null_std": 0.03508390770732569,
      "passes_055": false,
      "passes_null_1sd": false,
      "positive_mean": 84648.67728865638,
      "negative_mean": 109981.03018496429
    },
    "RD_threshold": {
      "auroc": 0.4103244235870231,
      "auprc": 0.0026893188702906226,
      "prec_at_50": 0.0,
      "prec_at_100": 0.0,
      "prec_at_500": 0.0,
      "cohens_d": -0.44051490792069786,
      "null_mean": 0.5051284762235934,
      "null_std": 0.028102355042110234,
      "passes_055": false,
      "passes_null_1sd": false,
      "positive_mean": 1.573028847382775e-05,
      "negative_mean": 4.1275156802155814e-05
    },
    "EDA_baseline": {
      "auroc": 0.681037787631728,
      "auprc": 0.005897865236753317,
      "prec_at_50": 0.0,
      "prec_at_100": 0.0,
      "prec_at_500": 0.008,
      "cohens_d": 0.7000221048995341,
      "null_mean": 0.5020883866759012,
      "null_std": 0.03314962099954831,
      "reference_iter001": 0.629,
      "note": "Weight-only metric: EDA = 1 - cos(enc_j, dec_j)"
    },
    "probe_cos_supervised": {
      "auroc": 1.0,
      "auprc": 1.0,
      "note": "Oracle upper bound: uses probe directions directly"
    },
    "random_baseline": {
      "auroc": 0.5,
      "auprc": 0.0028889973958333335
    }
  },
  "null_distribution": {
    "ASI": {
      "mean": 0.4962493742294617,
      "std": 0.03508390770732569,
      "p5": 0.4413835060967724,
      "p95": 0.5520648128723369,
      "values_sample": [
        0.5270473688899362,
        0.4778067712539263,
        0.4997698084035739,
        0.4901276255779935,
        0.45034557477490944,
        0.5305361653701026,
        0.46243480060119957,
        0.44930669509815474,
        0.5028111538030469,
        0.478925255265525,
        0.47829129438947493,
        0.4819332645536553,
        0.47337824129022255,
        0.5032304416172613,
        0.4750272292806009,
        0.5138445445166407,
        0.5069232780892661,
        0.5235137410876194,
        0.5096723577539507,
        0.4725597822807073
      ]
    },
    "RD": {
      "mean": 0.5051284762235934,
      "std": 0.028102355042110234,
      "values_sample": [
        0.5091613956335441,
        0.5515200979391961,
        0.5162211793511529,
        0.5303407467863701,
        0.5091613956335441,
        0.5232809630687615,
        0.5021016119159355,
        0.5091613956335441,
        0.5444603142215875,
        0.4809222607631096,
        0.5162211793511529,
        0.5021016119159355,
        0.5374005305039787,
        0.5021016119159355,
        0.5162211793511529,
        0.5232809630687615,
        0.4950418281983269,
        0.5374005305039787,
        0.5091613956335441,
        0.5303407467863701
      ]
    },
    "EDA": {
      "mean": 0.5020883866759012,
      "std": 0.03314962099954831
    }
  },
  "pass_criteria_check": {
    "ASI_AUROC_gt_0.55": false,
    "RD_AUROC_gt_0.55": false,
    "ASI_above_null_1SD": false,
    "RD_above_null_1SD": false,
    "overall_go_nogo": "NO_GO",
    "note": "Failure does not halt; flag for design review per task plan.",
    "design_review_flags": [
      "ASI AUROC 0.4764 BELOW 0.55",
      "RD AUROC 0.4103 BELOW 0.55",
      "Consider: ASI may be anti-correlated with letter features (letter features have low freq \u2192 low ASI)",
      "Consider: RD threshold too aggressive (lambda too small?) \u2014 most parents satisfy threshold"
    ]
  },
  "feature_scores_sample": {
    "top10_by_ASI": [
      {
        "feature_id": 8141,
        "score": 6028450.8748000935,
        "is_letter_feature": false,
        "freq": 0.0,
        "max_probe_cos": 0.04650451729921573,
        "eda": 0.7034962773323059
      },
      {
        "feature_id": 20611,
        "score": 4979613.808433661,
        "is_letter_feature": false,
        "freq": 0.0,
        "max_probe_cos": 0.02651304146917629,
        "eda": 0.886306643486023
      },
      {
        "feature_id": 17093,
        "score": 4501666.363035696,
        "is_letter_feature": false,
        "freq": 0.0,
        "max_probe_cos": 0.017044004885551793,
        "eda": 0.5551761388778687
      },
      {
        "feature_id": 16018,
        "score": 4415028.701337536,
        "is_letter_feature": false,
        "freq": 0.0,
        "max_probe_cos": 0.062479662388231876,
        "eda": 0.6186808347702026
      },
      {
        "feature_id": 22070,
        "score": 4365577.573856611,
        "is_letter_feature": false,
        "freq": 0.0,
        "max_probe_cos": 0.04477902786243253,
        "eda": 0.4658927917480469
      },
      {
        "feature_id": 21406,
        "score": 4274843.557831947,
        "is_letter_feature": false,
        "freq": 0.0,
        "max_probe_cos": 0.046539335204204293,
        "eda": 0.6158028841018677
      },
      {
        "feature_id": 3039,
        "score": 4144148.637404603,
        "is_letter_feature": false,
        "freq": 0.0,
        "max_probe_cos": 0.016188402510204532,
        "eda": 0.5606093406677246
      },
      {
        "feature_id": 12555,
        "score": 3814470.94377507,
        "is_letter_feature": false,
        "freq": 0.0,
        "max_probe_cos": 0.057293347132106556,
        "eda": 0.5905219316482544
      },
      {
        "feature_id": 24069,
        "score": 3639492.652054583,
        "is_letter_feature": false,
        "freq": 0.0,
        "max_probe_cos": 0.034786336664880284,
        "eda": 0.6471781730651855
      },
      {
        "feature_id": 13905,
        "score": 3580763.475613648,
        "is_letter_feature": false,
        "freq": 0.0,
        "max_probe_cos": 0.0726952657694928,
        "eda": 0.7258060574531555
      }
    ],
    "top10_by_RD": [
      {
        "feature_id": 2039,
        "score": 0.0013960631020522127,
        "is_letter_feature": false,
        "freq": 0.0299625468164794,
        "max_probe_cos": 0.0420693582856958,
        "eda": 0.7704575061798096
      },
      {
        "feature_id": 7496,
        "score": 0.0013960631020522127,
        "is_letter_feature": false,
        "freq": 0.035580524344569285,
        "max_probe_cos": 0.0420856594529643,
        "eda": 0.6664051413536072
      },
      {
        "feature_id": 23123,
        "score": 0.0013960631020522127,
        "is_letter_feature": false,
        "freq": 0.056179775280898875,
        "max_probe_cos": 0.04207420106515669,