{
  "conv1.weight": {
    "r_t_mean": 0.028789391321702804,
    "r_t_std": 0.022582937206680715,
    "r_t_min": 0.0134783432755429,
    "r_t_max": 0.4812520269195285,
    "delta_hat_mean": -3.502266028440259e-06,
    "delta_hat_std": 4.295496235640098e-05,
    "lambda_t_mean": 5.51515735001814e-05,
    "lambda_t_std": 2.1849585603594967e-06,
    "n_records": 780
  },
  "layer1.0.conv1.weight": {
    "r_t_mean": 0.027829291680405738,
    "r_t_std": 0.021327603552183032,
    "r_t_min": 0.01532893056580306,
    "r_t_max": 0.519001675750561,
    "delta_hat_mean": -6.466911396448183e-07,
    "delta_hat_std": 1.2171389047598993e-05,
    "lambda_t_mean": 5.5167385589177885e-05,
    "lambda_t_std": 1.2270756770918868e-06,
    "n_records": 780
  },
  "layer1.0.conv2.weight": {
    "r_t_mean": 0.027744718326307954,
    "r_t_std": 0.018898463029673834,
    "r_t_min": 0.015978782445825956,
    "r_t_max": 0.4284672872394125,
    "delta_hat_mean": -8.65738194618574e-07,
    "delta_hat_std": 9.883995154524331e-06,
    "lambda_t_mean": 5.5203024215074756e-05,
    "lambda_t_std": 1.042059042425862e-06,
    "n_records": 780
  },
  "layer1.1.conv1.weight": {
    "r_t_mean": 0.02826773845286723,
    "r_t_std": 0.01513729703185989,
    "r_t_min": 0.01591532359195301,
    "r_t_max": 0.2931688048527826,
    "delta_hat_mean": -7.646059594072596e-07,
    "delta_hat_std": 9.283971942381434e-06,
    "lambda_t_mean": 5.516670967175746e-05,
    "lambda_t_std": 1.0794711065135188e-06,
    "n_records": 780
  },
  "layer1.1.conv2.weight": {
    "r_t_mean": 0.028077793351663893,
    "r_t_std": 0.01511403886756113,
    "r_t_min": 0.016666412417771,
    "r_t_max": 0.27527883487443333,
    "delta_hat_mean": -6.031452611070065e-07,
    "delta_hat_std": 8.911179067694082e-06,
    "lambda_t_mean": 5.52536555780798e-05,
    "lambda_t_std": 1.0893564637402823e-06,
    "n_records": 780
  },
  "layer1.2.conv1.weight": {
    "r_t_mean": 0.030621678845756985,
    "r_t_std": 0.012662554345405511,
    "r_t_min": 0.018475994247334013,
    "r_t_max": 0.25865411524737436,
    "delta_hat_mean": -6.468353567400643e-07,
    "delta_hat_std": 7.50304713571327e-06,
    "lambda_t_mean": 5.5216050601316283e-05,
    "lambda_t_std": 1.069305878167223e-06,
    "n_records": 780
  },
  "layer1.2.conv2.weight": {
    "r_t_mean": 0.02860401268584769,
    "r_t_std": 0.011937561186925282,
    "r_t_min": 0.017303380826768845,
    "r_t_max": 0.20989605134361194,
    "delta_hat_mean": -1.1768951084254407e-06,
    "delta_hat_std": 7.598460281643428e-06,
    "lambda_t_mean": 5.5231535140263354e-05,
    "lambda_t_std": 9.607530063520584e-07,
    "n_records": 780
  },
  "layer2.0.conv1.weight": {
    "r_t_mean": 0.02817374929281213,
    "r_t_std": 0.012534160808027781,
    "r_t_min": 0.016643236232963435,
    "r_t_max": 0.14930252722236084,
    "delta_hat_mean": -7.534699080407447e-07,
    "delta_hat_std": 7.835457801500358e-06,
    "lambda_t_mean": 5.522892370979621e-05,
    "lambda_t_std": 6.987373385091266e-07,
    "n_records": 780
  },
  "layer2.0.conv2.weight": {
    "r_t_mean": 0.029119290111500183,
    "r_t_std": 0.01421764497201837,
    "r_t_min": 0.016925644213940393,
    "r_t_max": 0.1778536353659185,
    "delta_hat_mean": -7.16303859383844e-07,
    "delta_hat_std": 4.796474421917189e-06,
    "lambda_t_mean": 5.522124286492264e-05,
    "lambda_t_std": 4.945630748203709e-07,
    "n_records": 780
  },
  "layer2.0.shortcut.0.weight": {
    "r_t_mean": 0.024195830104709135,
    "r_t_std": 0.008843240313303049,
    "r_t_min": 0.013938931969964135,
    "r_t_max": 0.06771653445032491,
    "delta_hat_mean": -1.4579874840727245e-06,
    "delta_hat_std": 1.752050039921953e-05,
    "lambda_t_mean": 5.527672804762076e-05,
    "lambda_t_std": 1.964584546781603e-06,
    "n_records": 780
  },
  "layer2.1.conv1.weight": {
    "r_t_mean": 0.030111468580571323,
    "r_t_std": 0.013157962992122263,
    "r_t_min": 0.017660063311462484,
    "r_t_max": 0.1639146327865822,
    "delta_hat_mean": -3.846389793281355e-07,
    "delta_hat_std": 3.080501449045497e-06,
    "lambda_t_mean": 5.520801667205398e-05,
    "lambda_t_std": 5.214621905072823e-07,
    "n_records": 780
  },
  "layer2.1.conv2.weight": {
    "r_t_mean": 0.02936506473720281,
    "r_t_std": 0.012260294960964965,
    "r_t_min": 0.018283490884349374,
    "r_t_max": 0.14279080280721915,
    "delta_hat_mean": -5.837221395013422e-07,
    "delta_hat_std": 3.444073796022796e-06,
    "lambda_t_mean": 5.521471418749498e-05,
    "lambda_t_std": 4.905893450177253e-07,
    "n_records": 780
  },
  "layer2.2.conv1.weight": {
    "r_t_mean": 0.031615756599430556,
    "r_t_std": 0.011088492984980856,
    "r_t_min": 0.01963325691162269,
    "r_t_max": 0.12010218364024312,
    "delta_hat_mean": -6.250639742637449e-07,
    "delta_hat_std": 3.4495876334596635e-06,
    "lambda_t_mean": 5.522385438821125e-05,
    "lambda_t_std": 5.311182653844845e-07,
    "n_records": 780
  },
  "layer2.2.conv2.weight": {
    "r_t_mean": 0.029986285851060644,
    "r_t_std": 0.01035879345906417,
    "r_t_min": 0.01936959494743969,
    "r_t_max": 0.10962575808640751,
    "delta_hat_mean": -6.199639206267868e-07,
    "delta_hat_std": 3.7247092632848774e-06,
    "lambda_t_mean": 5.520701820850457e-05,
    "lambda_t_std": 5.243440097538158e-07,
    "n_records": 780
  },
  "layer3.0.conv1.weight": {
    "r_t_mean": 0.029226466990480558,
    "r_t_std": 0.01124155993253003,
    "r_t_min": 0.017339010315991166,
    "r_t_max": 0.08285188925536838,
    "delta_hat_mean": -9.448547274217617e-07,
    "delta_hat_std": 3.313741716596747e-06,
    "lambda_t_mean": 5.522071279954719e-05,
    "lambda_t_std": 3.772985195049192e-07,
    "n_records": 780
  },
  "layer3.0.conv2.weight": {
    "r_t_mean": 0.03170728794897249,
    "r_t_std": 0.012242070165739569,
    "r_t_min": 0.01873568482292189,
    "r_t_max": 0.1117046449448136,
    "delta_hat_mean": -6.711878811308325e-07,
    "delta_hat_std": 2.0636238259084576e-06,
    "lambda_t_mean": 5.521179936587249e-05,
    "lambda_t_std": 2.5560224618283045e-07,
    "n_records": 780
  },
  "layer3.0.shortcut.0.weight": {
    "r_t_mean": 0.02247065887445013,
    "r_t_std": 0.007985488677066919,
    "r_t_min": 0.013145722268317459,
    "r_t_max": 0.059650952997935526,
    "delta_hat_mean": -5.030174911445611e-07,
    "delta_hat_std": 7.566787159649426e-06,
    "lambda_t_mean": 5.518382180122111e-05,
    "lambda_t_std": 9.638318668572646e-07,
    "n_records": 780
  },
  "layer3.1.conv1.weight": {
    "r_t_mean": 0.03188821948073513,
    "r_t_std": 0.012492958095910934,
    "r_t_min": 0.019028852503729377,
    "r_t_max": 0.10400681441684849,
    "delta_hat_mean": -7.004977571841054e-07,
    "delta_hat_std": 2.196202094612795e-06,
    "lambda_t_mean": 5.5213370208724836e-05,
    "lambda_t_std": 2.831521755850861e-07,
    "n_records": 780
  },
  "layer3.1.conv2.weight": {
    "r_t_mean": 0.03210000080634577,
    "r_t_std": 0.010711836652289032,
    "r_t_min": 0.019477447817944717,
    "r_t_max": 0.11104556588040679,
    "delta_hat_mean": -6.473920536131369e-07,
    "delta_hat_std": 1.7303296227804624e-06,
    "lambda_t_mean": 5.522002175222907e-05,
    "lambda_t_std": 2.8488285586026564e-07,
    "n_records": 780
  },
  "layer3.2.conv1.weight": {
    "r_t_mean": 0.03250476734059779,
    "r_t_std": 0.00992569813082768,
    "r_t_min": 0.020528351233362538,
    "r_t_max": 0.10508018912587987,
    "delta_hat_mean": -7.130920909158538e-07,
    "delta_hat_std": 1.8553082672618252e-06,
    "lambda_t_mean": 5.519137261167003e-05,
    "lambda_t_std": 2.978623653379165e-07,
    "n_records": 780
  },
  "layer3.2.conv2.weight": {
    "r_t_mean": 0.029843238410042848,
    "r_t_std": 0.009750072655969092,
    "r_t_min": 0.01783570421088715,
    "r_t_max": 0.10419051797754432,
    "delta_hat_mean": -6.813774207731501e-07,
    "delta_hat_std": 1.718940086664073e-06,
    "lambda_t_mean": 5.519999034571294e-05,
    "lambda_t_std": 3.736702629358262e-07,
    "n_records": 780
  },