{
  "conv1.weight": {
    "r_t_mean": 0.014727005306284595,
    "r_t_std": 0.0060683080539345804,
    "r_t_min": 0.006294806621057827,
    "r_t_max": 0.19039438218222107,
    "delta_hat_mean": -5.124288494873515e-07,
    "delta_hat_std": 4.529748323384222e-05,
    "lambda_t_mean": 0.0004976513923327921,
    "lambda_t_std": 9.746172897890676e-05,
    "n_records": 7800
  },
  "layer1.0.conv1.weight": {
    "r_t_mean": 0.014681403364876623,
    "r_t_std": 0.00580363385337809,
    "r_t_min": 0.008087301073675982,
    "r_t_max": 0.3938065334119518,
    "delta_hat_mean": 1.6581606965225075e-08,
    "delta_hat_std": 1.1220558908057943e-05,
    "lambda_t_mean": 0.0004981858787717188,
    "lambda_t_std": 7.227420256340643e-05,
    "n_records": 7800
  },
  "layer1.0.conv2.weight": {
    "r_t_mean": 0.014712722880456462,
    "r_t_std": 0.005347053359766929,
    "r_t_min": 0.008667235876688708,
    "r_t_max": 0.3468161042721274,
    "delta_hat_mean": -1.0919949778658403e-07,
    "delta_hat_std": 9.658759046931064e-06,
    "lambda_t_mean": 0.0004983781658053147,
    "lambda_t_std": 6.552320846525148e-05,
    "n_records": 7800
  },
  "layer1.1.conv1.weight": {
    "r_t_mean": 0.015130745142682358,
    "r_t_std": 0.004712127458469211,
    "r_t_min": 0.008397995221778358,
    "r_t_max": 0.2691155922877668,
    "delta_hat_mean": 7.023339772912673e-08,
    "delta_hat_std": 8.74968602119508e-06,
    "lambda_t_mean": 0.0004985385622201064,
    "lambda_t_std": 6.691189934556606e-05,
    "n_records": 7800
  },
  "layer1.1.conv2.weight": {
    "r_t_mean": 0.015031578449826378,
    "r_t_std": 0.004787822928957464,
    "r_t_min": 0.007608915793183318,
    "r_t_max": 0.2702883300094199,
    "delta_hat_mean": -2.211149049188772e-08,
    "delta_hat_std": 8.257246881046094e-06,
    "lambda_t_mean": 0.0004986744189156241,
    "lambda_t_std": 6.552093454918929e-05,
    "n_records": 7800
  },
  "layer1.2.conv1.weight": {
    "r_t_mean": 0.015516774615519017,
    "r_t_std": 0.0045386028332436235,
    "r_t_min": 0.008837842949176876,
    "r_t_max": 0.21314303833193476,
    "delta_hat_mean": 1.3124442923476783e-09,
    "delta_hat_std": 8.085065519867362e-06,
    "lambda_t_mean": 0.0004981233483668489,
    "lambda_t_std": 6.527696063737283e-05,
    "n_records": 7800
  },
  "layer1.2.conv2.weight": {
    "r_t_mean": 0.015072744503900282,
    "r_t_std": 0.0041463404925324845,
    "r_t_min": 0.008619584311126515,
    "r_t_max": 0.16884720097912823,
    "delta_hat_mean": 1.8343610443616321e-07,
    "delta_hat_std": 8.230698489814659e-06,
    "lambda_t_mean": 0.0004986094031595305,
    "lambda_t_std": 6.386344527207885e-05,
    "n_records": 7800
  },
  "layer2.0.conv1.weight": {
    "r_t_mean": 0.014957678075686773,
    "r_t_std": 0.004362740074971514,
    "r_t_min": 0.00855027721529536,
    "r_t_max": 0.13626434420761205,
    "delta_hat_mean": -4.5430043022323746e-08,
    "delta_hat_std": 8.05966662501881e-06,
    "lambda_t_mean": 0.0004992801868702956,
    "lambda_t_std": 6.095222121388126e-05,
    "n_records": 7800
  },
  "layer2.0.conv2.weight": {
    "r_t_mean": 0.01488693737151685,
    "r_t_std": 0.004764358339762637,
    "r_t_min": 0.008358993027087881,
    "r_t_max": 0.15406894533109203,
    "delta_hat_mean": 3.126265376892133e-08,
    "delta_hat_std": 5.443355038107377e-06,
    "lambda_t_mean": 0.0004991579138414785,
    "lambda_t_std": 5.6805986574575164e-05,
    "n_records": 7800
  },
  "layer2.0.shortcut.0.weight": {
    "r_t_mean": 0.014178183106967838,
    "r_t_std": 0.0038296892854091085,
    "r_t_min": 0.007778472691263999,
    "r_t_max": 0.05825341709194455,
    "delta_hat_mean": 2.5855248593231313e-07,
    "delta_hat_std": 1.9672823498074443e-05,
    "lambda_t_mean": 0.0005002185025031316,
    "lambda_t_std": 6.266213424078437e-05,
    "n_records": 7800
  },
  "layer2.1.conv1.weight": {
    "r_t_mean": 0.015434532395621382,
    "r_t_std": 0.004491836284277852,
    "r_t_min": 0.008343947399763794,
    "r_t_max": 0.13839325099582186,
    "delta_hat_mean": -1.0534456539722059e-08,
    "delta_hat_std": 3.820012735716957e-06,
    "lambda_t_mean": 0.0004995220142436049,
    "lambda_t_std": 6.107187861896396e-05,
    "n_records": 7800
  },
  "layer2.1.conv2.weight": {
    "r_t_mean": 0.015362842108283266,
    "r_t_std": 0.00416568913466482,
    "r_t_min": 0.008487615674679759,
    "r_t_max": 0.12187263647342261,
    "delta_hat_mean": -9.814477077764484e-09,
    "delta_hat_std": 3.4234501324661018e-06,
    "lambda_t_mean": 0.0004996447275463312,
    "lambda_t_std": 5.7379486999950546e-05,
    "n_records": 7800
  },
  "layer2.2.conv1.weight": {
    "r_t_mean": 0.01563963195533394,
    "r_t_std": 0.00410228699611382,
    "r_t_min": 0.008808747658621323,
    "r_t_max": 0.10788367096964584,
    "delta_hat_mean": 4.9041820447603396e-08,
    "delta_hat_std": 3.8826126848584354e-06,
    "lambda_t_mean": 0.0004995200712429407,
    "lambda_t_std": 5.9436607651556756e-05,
    "n_records": 7800
  },
  "layer2.2.conv2.weight": {
    "r_t_mean": 0.015294914420882712,
    "r_t_std": 0.0037887275152624564,
    "r_t_min": 0.008112234709114161,
    "r_t_max": 0.09720753939609042,
    "delta_hat_mean": -1.5989126717998716e-08,
    "delta_hat_std": 3.7325628786805315e-06,
    "lambda_t_mean": 0.0004994856056614302,
    "lambda_t_std": 5.6325951112272715e-05,
    "n_records": 7800
  },
  "layer3.0.conv1.weight": {
    "r_t_mean": 0.014935968019587681,
    "r_t_std": 0.0041350717164290686,
    "r_t_min": 0.008485879468348825,
    "r_t_max": 0.07375217540324347,
    "delta_hat_mean": 2.303042584021575e-08,
    "delta_hat_std": 3.2545097131165898e-06,
    "lambda_t_mean": 0.0004994714087341818,
    "lambda_t_std": 5.422127965062808e-05,
    "n_records": 7800
  },
  "layer3.0.conv2.weight": {
    "r_t_mean": 0.015427759145875315,
    "r_t_std": 0.004428806978789797,
    "r_t_min": 0.0086346983536394,
    "r_t_max": 0.10069556158828366,
    "delta_hat_mean": 2.2178824605642505e-09,
    "delta_hat_std": 2.1423422249500826e-06,
    "lambda_t_mean": 0.0004995444887192642,
    "lambda_t_std": 5.345458533706864e-05,
    "n_records": 7800
  },
  "layer3.0.shortcut.0.weight": {
    "r_t_mean": 0.013481292251705126,
    "r_t_std": 0.003361299049873033,
    "r_t_min": 0.008011803643743657,
    "r_t_max": 0.04750012422373969,
    "delta_hat_mean": -1.732701670922947e-08,
    "delta_hat_std": 8.638606971401432e-06,
    "lambda_t_mean": 0.0004996899070421289,
    "lambda_t_std": 5.4124936188124994e-05,
    "n_records": 7800
  },
  "layer3.1.conv1.weight": {
    "r_t_mean": 0.015577813195522042,
    "r_t_std": 0.004546867090561309,
    "r_t_min": 0.008736588958743217,
    "r_t_max": 0.09343955313545893,
    "delta_hat_mean": -9.24163523774019e-09,
    "delta_hat_std": 2.0712976033944614e-06,
    "lambda_t_mean": 0.0004995051756087056,
    "lambda_t_std": 5.425361666035603e-05,
    "n_records": 7800
  },
  "layer3.1.conv2.weight": {
    "r_t_mean": 0.01558318817273089,
    "r_t_std": 0.0042641836522188175,
    "r_t_min": 0.009052355796570818,
    "r_t_max": 0.10648704413245079,
    "delta_hat_mean": 9.931383530335044e-09,
    "delta_hat_std": 1.5776346173630706e-06,
    "lambda_t_mean": 0.0004996071426498892,
    "lambda_t_std": 5.354406749505639e-05,
    "n_records": 7800
  },
  "layer3.2.conv1.weight": {
    "r_t_mean": 0.01567522213722418,
    "r_t_std": 0.004142470309000647,
    "r_t_min": 0.009012624010790378,
    "r_t_max": 0.08735763691754075,
    "delta_hat_mean": -3.2582395821692037e-09,
    "delta_hat_std": 1.8389984418893808e-06,
    "lambda_t_mean": 0.0004995055221539754,
    "lambda_t_std": 5.3155444145720956e-05,
    "n_records": 7800
  },
  "layer3.2.conv2.weight": {
    "r_t_mean": 0.015165734639034067,
    "r_t_std": 0.00395231820084342,
    "r_t_min": 0.008572432509827978,
    "r_t_max": 0.1268342675392375,
    "delta_hat_mean": 1.0463592168983094e-08,
    "delta_hat_std": 1.6466696326329062e-06,
    "lambda_t_mean": 0.0004994608540056114,
    "lambda_t_std": 5.288998829355461e-05,