{
  "features.0.weight": {
    "r_t_mean": 0.020460181112395275,
    "r_t_std": 0.007789322036255158,
    "r_t_min": 0.0010340054328512544,
    "r_t_max": 0.25168289624477197,
    "delta_hat_mean": -7.508846974246808e-07,
    "delta_hat_std": 1.6518747797189043e-05,
    "lambda_t_mean": 0.00032887218114834764,
    "lambda_t_std": 8.17311807831339e-05,
    "n_records": 1950
  },
  "features.3.weight": {
    "r_t_mean": 0.020979017844243622,
    "r_t_std": 0.018604438486337468,
    "r_t_min": 0.001318776536814376,
    "r_t_max": 0.8177904028976116,
    "delta_hat_mean": 3.488062382859771e-08,
    "delta_hat_std": 4.441277719074679e-06,
    "lambda_t_mean": 0.00035296813627009633,
    "lambda_t_std": 6.886424571917839e-05,
    "n_records": 1950
  },
  "features.7.weight": {
    "r_t_mean": 0.022054654512462687,
    "r_t_std": 0.010994079240709003,
    "r_t_min": 0.001040039339239217,
    "r_t_max": 0.4650805248902412,
    "delta_hat_mean": -1.5851308968159948e-09,
    "delta_hat_std": 3.1841455241312384e-08,
    "lambda_t_mean": 0.00032727807587175416,
    "lambda_t_std": 8.807849527996303e-05,
    "n_records": 1950
  },
  "features.10.weight": {
    "r_t_mean": 0.02325391896707386,
    "r_t_std": 0.013082844988498531,
    "r_t_min": 0.0008472120782746339,
    "r_t_max": 0.5594920593157219,
    "delta_hat_mean": -3.793060900234796e-10,
    "delta_hat_std": 2.6603786996018584e-08,
    "lambda_t_mean": 0.0003378282047463728,
    "lambda_t_std": 8.870671547612438e-05,
    "n_records": 1950
  },
  "features.14.weight": {
    "r_t_mean": 0.024615906780534557,
    "r_t_std": 0.009586830531073127,
    "r_t_min": 0.000653188660024152,
    "r_t_max": 0.34048243179060206,
    "delta_hat_mean": 2.7397812662463195e-08,
    "delta_hat_std": 1.1752576894536329e-06,
    "lambda_t_mean": 0.0002999904311657458,
    "lambda_t_std": 0.00010270559859547644,
    "n_records": 1950
  },
  "features.17.weight": {
    "r_t_mean": 0.026668381511501936,
    "r_t_std": 0.012239446541215683,
    "r_t_min": 0.0006767795392588274,
    "r_t_max": 0.40390211264169557,
    "delta_hat_mean": 3.493113165173525e-11,
    "delta_hat_std": 2.1974873489493808e-08,
    "lambda_t_mean": 0.00029376722357066443,
    "lambda_t_std": 0.00010003944710148443,
    "n_records": 1950
  },
  "features.20.weight": {
    "r_t_mean": 0.026217624858993455,
    "r_t_std": 0.011593340027741202,
    "r_t_min": 0.000733265520290324,
    "r_t_max": 0.33773178401744613,
    "delta_hat_mean": 9.85365167219112e-10,
    "delta_hat_std": 2.23024357225753e-08,
    "lambda_t_mean": 0.00027407298649658455,
    "lambda_t_std": 9.619899063352213e-05,
    "n_records": 1950
  },
  "features.24.weight": {
    "r_t_mean": 0.02205539232400659,
    "r_t_std": 0.009491501605296255,
    "r_t_min": 0.0003882764183884006,
    "r_t_max": 0.2138936749190703,
    "delta_hat_mean": 1.1342028143650527e-08,
    "delta_hat_std": 6.131003955879669e-07,
    "lambda_t_mean": 0.00019740936725656065,
    "lambda_t_std": 8.266294871653193e-05,
    "n_records": 1950
  },
  "features.27.weight": {
    "r_t_mean": 0.019898946276629963,
    "r_t_std": 0.009390060460011198,
    "r_t_min": 0.00033787763552570925,
    "r_t_max": 0.2583658608150471,
    "delta_hat_mean": -2.6588283593897406e-09,
    "delta_hat_std": 6.79623635175241e-07,
    "lambda_t_mean": 0.00016962059014691158,
    "lambda_t_std": 6.979554159927258e-05,
    "n_records": 1950
  },
  "features.30.weight": {
    "r_t_mean": 0.016688624766593125,
    "r_t_std": 0.007226405794329916,
    "r_t_min": 0.0003703263908281127,
    "r_t_max": 0.22071074229455856,
    "delta_hat_mean": -1.3656725459985599e-08,
    "delta_hat_std": 7.450129276053738e-07,
    "lambda_t_mean": 0.00014011360565589735,
    "lambda_t_std": 5.807890610274251e-05,
    "n_records": 1950
  },
  "features.34.weight": {
    "r_t_mean": 0.012462660771639798,
    "r_t_std": 0.005414053380856426,
    "r_t_min": 0.00030864324500572685,
    "r_t_max": 0.20363847805611227,
    "delta_hat_mean": 2.3530729224036807e-08,
    "delta_hat_std": 1.5237885177662545e-06,
    "lambda_t_mean": 0.00010795545664541962,
    "lambda_t_std": 4.245284353290817e-05,
    "n_records": 1950
  },
  "features.37.weight": {
    "r_t_mean": 0.011711458105005377,
    "r_t_std": 0.0045542921870911236,
    "r_t_min": 0.000838536019317126,
    "r_t_max": 0.17337054117363027,
    "delta_hat_mean": -5.727332349179047e-09,
    "delta_hat_std": 1.6216698514772549e-06,
    "lambda_t_mean": 0.00011239460203792659,
    "lambda_t_std": 4.292872903983134e-05,
    "n_records": 1950
  },
  "features.40.weight": {
    "r_t_mean": 0.014370203948220271,
    "r_t_std": 0.004116255624753026,
    "r_t_min": 0.004368569025004867,
    "r_t_max": 0.1502335277935356,
    "delta_hat_mean": -1.7711493515576012e-08,
    "delta_hat_std": 1.7194733430707721e-06,
    "lambda_t_mean": 0.00018629112740035263,
    "lambda_t_std": 6.100534984257729e-05,
    "n_records": 1950
  },
  "classifier.0.weight": {
    "r_t_mean": 0.01852985337918405,
    "r_t_std": 0.0038937302727475942,
    "r_t_min": 0.01003907878035472,
    "r_t_max": 0.06493730951942202,
    "delta_hat_mean": 0.0008483555853973858,
    "delta_hat_std": 0.015988980244418822,
    "lambda_t_mean": 0.00017496951363923943,
    "lambda_t_std": 6.299054610291086e-05,
    "n_records": 1950
  },
  "classifier.3.weight": {
    "r_t_mean": 0.01811124871499944,
    "r_t_std": 0.004338116995734428,
    "r_t_min": 0.007103319864071503,
    "r_t_max": 0.08469492695065776,
    "delta_hat_mean": 0.0009911332971130787,
    "delta_hat_std": 0.0113928689881531,
    "lambda_t_mean": 0.00023197272608058056,
    "lambda_t_std": 5.855320051660435e-05,
    "n_records": 1950
  },
  "classifier.6.weight": {
    "r_t_mean": 0.021886493985586064,
    "r_t_std": 0.008909218979043917,
    "r_t_min": 0.011873568330613754,
    "r_t_max": 0.21486622586848958,
    "delta_hat_mean": 0.0009809238651504505,
    "delta_hat_std": 0.012062510975108385,
    "lambda_t_mean": 0.000374725371293597,
    "lambda_t_std": 4.9343087319013556e-05,
    "n_records": 1950
  }
}