{
  "conv1.weight": {
    "r_t_mean": 0.011040913913306003,
    "r_t_std": 0.00699758829694331,
    "r_t_min": 0.004576171500834759,
    "r_t_max": 0.34433952569758736,
    "delta_hat_mean": -8.230977305451905e-07,
    "delta_hat_std": 4.901112615265943e-05,
    "lambda_t_mean": 0.0002499997942252888,
    "lambda_t_std": 1.2252790475275446e-08,
    "n_records": 7800
  },
  "layer1.0.conv1.weight": {
    "r_t_mean": 0.011224473069183876,
    "r_t_std": 0.005708497400067213,
    "r_t_min": 0.005354346802078758,
    "r_t_max": 0.3513262406679307,
    "delta_hat_mean": -3.319379385950209e-08,
    "delta_hat_std": 1.4596119543966989e-05,
    "lambda_t_mean": 0.0002499999916916939,
    "lambda_t_std": 3.6490251936354042e-09,
    "n_records": 7800
  },
  "layer1.0.conv2.weight": {
    "r_t_mean": 0.01126163965163651,
    "r_t_std": 0.005326508676918307,
    "r_t_min": 0.0058606530214671895,
    "r_t_max": 0.32863428913578524,
    "delta_hat_mean": 1.5994656924432887e-07,
    "delta_hat_std": 1.0037592693318956e-05,
    "lambda_t_mean": 0.000250000039980584,
    "lambda_t_std": 2.509404320076428e-09,
    "n_records": 7800
  },
  "layer1.1.conv1.weight": {
    "r_t_mean": 0.011617554546703546,
    "r_t_std": 0.004616775470302563,
    "r_t_min": 0.0055934391805413574,
    "r_t_max": 0.2808263481719987,
    "delta_hat_mean": 1.389702058899408e-08,
    "delta_hat_std": 1.1023731829064138e-05,
    "lambda_t_mean": 0.0002500000034774406,
    "lambda_t_std": 2.7559307470329485e-09,
    "n_records": 7800
  },
  "layer1.1.conv2.weight": {
    "r_t_mean": 0.011538009246210144,
    "r_t_std": 0.004275897684509861,
    "r_t_min": 0.006231593670906053,
    "r_t_max": 0.2137718310399179,
    "delta_hat_mean": -1.1594882325199113e-07,
    "delta_hat_std": 9.333178697121865e-06,
    "lambda_t_mean": 0.0002499999710171181,
    "lambda_t_std": 2.3332815609281603e-09,
    "n_records": 7800
  },
  "layer1.2.conv1.weight": {
    "r_t_mean": 0.011828618524149176,
    "r_t_std": 0.00444242907805117,
    "r_t_min": 0.006399804383197304,
    "r_t_max": 0.24478376737997126,
    "delta_hat_mean": -2.337537320103345e-08,
    "delta_hat_std": 8.234072846350105e-06,
    "lambda_t_mean": 0.00024999999416028745,
    "lambda_t_std": 2.058506584212437e-09,
    "n_records": 7800
  },
  "layer1.2.conv2.weight": {
    "r_t_mean": 0.011458946559361024,
    "r_t_std": 0.004396080158449167,
    "r_t_min": 0.006206428056159118,
    "r_t_max": 0.223594642548093,
    "delta_hat_mean": 1.9663855489471533e-07,
    "delta_hat_std": 8.397170178086578e-06,
    "lambda_t_mean": 0.00025000004915550037,
    "lambda_t_std": 2.0992902939435856e-09,
    "n_records": 7800
  },
  "layer2.0.conv1.weight": {
    "r_t_mean": 0.01140788829699557,
    "r_t_std": 0.004360223801466401,
    "r_t_min": 0.005733535467191764,
    "r_t_max": 0.16447491180748905,
    "delta_hat_mean": 7.520925304046168e-08,
    "delta_hat_std": 8.098818810698046e-06,
    "lambda_t_mean": 0.00025000001879660626,
    "lambda_t_std": 2.0247012105101616e-09,
    "n_records": 7800
  },
  "layer2.0.conv2.weight": {
    "r_t_mean": 0.011358553834950236,
    "r_t_std": 0.004665196841003995,
    "r_t_min": 0.005710982706149596,
    "r_t_max": 0.167638501355138,
    "delta_hat_mean": 5.1947565897826654e-08,
    "delta_hat_std": 5.4062123108324165e-06,
    "lambda_t_mean": 0.0002500000129885711,
    "lambda_t_std": 1.3515512793683306e-09,
    "n_records": 7800
  },
  "layer2.0.shortcut.0.weight": {
    "r_t_mean": 0.01050529872128825,
    "r_t_std": 0.0039397132353951175,
    "r_t_min": 0.005135590860186654,
    "r_t_max": 0.05500936996896746,
    "delta_hat_mean": 1.1625142030233167e-07,
    "delta_hat_std": 2.3561046400359568e-05,
    "lambda_t_mean": 0.00025000002905614503,
    "lambda_t_std": 5.890261761198833e-09,
    "n_records": 7800
  },
  "layer2.1.conv1.weight": {
    "r_t_mean": 0.011809899322122876,
    "r_t_std": 0.004435052432986225,
    "r_t_min": 0.006291519842675723,
    "r_t_max": 0.16336016847605506,
    "delta_hat_mean": 8.147647499604163e-08,
    "delta_hat_std": 3.795256228055027e-06,
    "lambda_t_mean": 0.0002500000203698773,
    "lambda_t_std": 9.488130364911896e-10,
    "n_records": 7800
  },
  "layer2.1.conv2.weight": {
    "r_t_mean": 0.011679300534817673,
    "r_t_std": 0.004348045697420438,
    "r_t_min": 0.0062972052883168836,
    "r_t_max": 0.13248691126524112,
    "delta_hat_mean": 4.249690052111223e-09,
    "delta_hat_std": 3.646092770536166e-06,
    "lambda_t_mean": 0.00025000000106206234,
    "lambda_t_std": 9.115269010785846e-10,
    "n_records": 7800
  },
  "layer2.2.conv1.weight": {
    "r_t_mean": 0.011923838690573793,
    "r_t_std": 0.00431967368055868,
    "r_t_min": 0.005948927010794741,
    "r_t_max": 0.12661389415484353,
    "delta_hat_mean": -1.4583513880081998e-08,
    "delta_hat_std": 3.898407243119669e-06,
    "lambda_t_mean": 0.00024999999635623584,
    "lambda_t_std": 9.746080682926114e-10,
    "n_records": 7800
  },
  "layer2.2.conv2.weight": {
    "r_t_mean": 0.01155763935568851,
    "r_t_std": 0.004089501166130368,
    "r_t_min": 0.005745514080276778,
    "r_t_max": 0.11284142247688124,
    "delta_hat_mean": -7.616969300977976e-08,
    "delta_hat_std": 4.0608765755163875e-06,
    "lambda_t_mean": 0.00024999998095173904,
    "lambda_t_std": 1.015211659110163e-09,
    "n_records": 7800
  },
  "layer3.0.conv1.weight": {
    "r_t_mean": 0.011305790850466714,
    "r_t_std": 0.004411738207948237,
    "r_t_min": 0.0055924503994224705,
    "r_t_max": 0.08782295962635944,
    "delta_hat_mean": 7.609117379436245e-09,
    "delta_hat_std": 3.1868894710539255e-06,
    "lambda_t_mean": 0.0002500000019043934,
    "lambda_t_std": 7.967209470429477e-10,
    "n_records": 7800
  },
  "layer3.0.conv2.weight": {
    "r_t_mean": 0.011773674903278644,
    "r_t_std": 0.004777947698778934,
    "r_t_min": 0.005892363714594215,
    "r_t_max": 0.10970838870090414,
    "delta_hat_mean": 6.345333114072132e-10,
    "delta_hat_std": 2.2028525293931175e-06,
    "lambda_t_mean": 0.00025000000015995815,
    "lambda_t_std": 5.507118237790693e-10,
    "n_records": 7800
  },
  "layer3.0.shortcut.0.weight": {
    "r_t_mean": 0.009798835169768635,
    "r_t_std": 0.003634174290116942,
    "r_t_min": 0.004822188104071425,
    "r_t_max": 0.04885393170470048,
    "delta_hat_mean": -2.589864212389108e-08,
    "delta_hat_std": 8.397841168484586e-06,
    "lambda_t_mean": 0.0002499999935204878,
    "lambda_t_std": 2.0994642384275635e-09,
    "n_records": 7800
  },
  "layer3.1.conv1.weight": {
    "r_t_mean": 0.011873125175387363,
    "r_t_std": 0.004770410319751619,
    "r_t_min": 0.005885875904953494,
    "r_t_max": 0.09884967785548378,
    "delta_hat_mean": -2.795298164411845e-08,
    "delta_hat_std": 1.9741249021278115e-06,
    "lambda_t_mean": 0.00024999999301312896,
    "lambda_t_std": 4.935280245101004e-10,
    "n_records": 7800
  },
  "layer3.1.conv2.weight": {
    "r_t_mean": 0.012006481231735668,
    "r_t_std": 0.004502875068445304,
    "r_t_min": 0.006239139132414977,
    "r_t_max": 0.09353239350446657,
    "delta_hat_mean": -2.359225166145199e-09,
    "delta_hat_std": 1.5289930780856797e-06,
    "lambda_t_mean": 0.000249999999410645,
    "lambda_t_std": 3.822431178515499e-10,
    "n_records": 7800
  },
  "layer3.2.conv1.weight": {
    "r_t_mean": 0.012166502406870318,
    "r_t_std": 0.004306323990092473,
    "r_t_min": 0.0062417388266080304,
    "r_t_max": 0.09154217101366177,
    "delta_hat_mean": 1.1015378887365473e-08,
    "delta_hat_std": 1.7748724279979342e-06,
    "lambda_t_mean": 0.00025000000275789727,
    "lambda_t_std": 4.437151250629959e-10,
    "n_records": 7800
  },
  "layer3.2.conv2.weight": {
    "r_t_mean": 0.011857859535970612,
    "r_t_std": 0.004157628238535252,
    "r_t_min": 0.005892109894056065,
    "r_t_max": 0.11008296951879264,
    "delta_hat_mean": -1.191360175426978e-08,
    "delta_hat_std": 1.5817312752809247e-06,
    "lambda_t_mean": 0.0002499999970200607,
    "lambda_t_std": 3.954330291618177e-10,