{
  "features.0.weight": {
    "r_t_mean": 3.908241390191093e-09,
    "r_t_std": 5.497527871622066e-09,
    "r_t_min": 6.668035485727527e-10,
    "r_t_max": 6.476752015177369e-08,
    "delta_hat_mean": -0.0011760135473261285,
    "delta_hat_std": 0.02981028167314795,
    "lambda_t_mean": 0.0,
    "lambda_t_std": 0.0,
    "n_records": 1950
  },
  "features.2.weight": {
    "r_t_mean": 1.8641885809498282e-08,
    "r_t_std": 2.6055231829273758e-08,
    "r_t_min": 3.106373513383901e-09,
    "r_t_max": 3.116601168165006e-07,
    "delta_hat_mean": -0.0002652079652506245,
    "delta_hat_std": 0.007154952319865305,
    "lambda_t_mean": 0.0,
    "lambda_t_std": 0.0,
    "n_records": 1950
  },
  "features.5.weight": {
    "r_t_mean": 1.4675768753893192e-08,
    "r_t_std": 2.097500547896398e-08,
    "r_t_min": 2.4590273420712306e-09,
    "r_t_max": 2.6250264522365036e-07,
    "delta_hat_mean": -0.0001706313566308801,
    "delta_hat_std": 0.004607038430408125,
    "lambda_t_mean": 0.0,
    "lambda_t_std": 0.0,
    "n_records": 1950
  },
  "features.7.weight": {
    "r_t_mean": 2.048645813653101e-08,
    "r_t_std": 2.884905961813701e-08,
    "r_t_min": 3.3229629790691876e-09,
    "r_t_max": 3.4594487823509034e-07,
    "delta_hat_mean": -0.00017425045615103348,
    "delta_hat_std": 0.0032014065839712936,
    "lambda_t_mean": 0.0,
    "lambda_t_std": 0.0,
    "n_records": 1950
  },
  "features.10.weight": {
    "r_t_mean": 1.6156028678091288e-08,
    "r_t_std": 2.2637210902124176e-08,
    "r_t_min": 2.7647618732512674e-09,
    "r_t_max": 2.766393872761704e-07,
    "delta_hat_mean": -8.478801101251776e-05,
    "delta_hat_std": 0.002142697564700563,
    "lambda_t_mean": 0.0,
    "lambda_t_std": 0.0,
    "n_records": 1950
  },
  "features.12.weight": {
    "r_t_mean": 2.740346968833702e-08,
    "r_t_std": 3.899158293729167e-08,
    "r_t_min": 4.347288757224821e-09,
    "r_t_max": 4.996354334617469e-07,
    "delta_hat_mean": 2.489023485220689e-05,
    "delta_hat_std": 0.001610779870778084,
    "lambda_t_mean": 0.0,
    "lambda_t_std": 0.0,
    "n_records": 1950
  },
  "features.14.weight": {
    "r_t_mean": 4.3693556453678905e-08,
    "r_t_std": 6.233844211196534e-08,
    "r_t_min": 7.604785076817517e-09,
    "r_t_max": 7.759844295278507e-07,
    "delta_hat_mean": -5.402084369238881e-07,
    "delta_hat_std": 0.001511263782045127,
    "lambda_t_mean": 0.0,
    "lambda_t_std": 0.0,
    "n_records": 1950
  },
  "features.17.weight": {
    "r_t_mean": 6.465249952225786e-08,
    "r_t_std": 9.239474394061427e-08,
    "r_t_min": 1.2382484589377939e-08,
    "r_t_max": 1.1314319675556783e-06,
    "delta_hat_mean": -7.665049443615474e-06,
    "delta_hat_std": 0.0008187740831266453,
    "lambda_t_mean": 0.0,
    "lambda_t_std": 0.0,
    "n_records": 1950
  },
  "features.19.weight": {
    "r_t_mean": 2.3070447516864357e-07,
    "r_t_std": 3.2957818286367205e-07,
    "r_t_min": 4.215052592083385e-08,
    "r_t_max": 4.132039762143083e-06,
    "delta_hat_mean": -1.0264407656527452e-05,
    "delta_hat_std": 0.000644478794810962,
    "lambda_t_mean": 0.0,
    "lambda_t_std": 0.0,
    "n_records": 1950
  },
  "features.21.weight": {
    "r_t_mean": 4.83837260562085e-07,
    "r_t_std": 6.934016235019152e-07,
    "r_t_min": 9.249901417847594e-08,
    "r_t_max": 8.791489881618121e-06,
    "delta_hat_mean": 1.0487704670600952e-05,
    "delta_hat_std": 0.0007846307938668866,
    "lambda_t_mean": 0.0,
    "lambda_t_std": 0.0,
    "n_records": 1950
  },
  "features.24.weight": {
    "r_t_mean": 1.4541628017535159e-06,
    "r_t_std": 2.102425708002598e-06,
    "r_t_min": 2.90902823943732e-07,
    "r_t_max": 2.5933498345260963e-05,
    "delta_hat_mean": 4.5106265806301356e-07,
    "delta_hat_std": 0.000691538930763968,
    "lambda_t_mean": 0.0,
    "lambda_t_std": 0.0,
    "n_records": 1950
  },
  "features.26.weight": {
    "r_t_mean": 4.697197046570485e-06,
    "r_t_std": 6.774125662004434e-06,
    "r_t_min": 9.391119361815754e-07,
    "r_t_max": 8.240898663580305e-05,
    "delta_hat_mean": 2.04801313864067e-05,
    "delta_hat_std": 0.0009000634935068964,
    "lambda_t_mean": 0.0,
    "lambda_t_std": 0.0,
    "n_records": 1950
  },
  "features.28.weight": {
    "r_t_mean": 1.5144055579938558e-05,
    "r_t_std": 2.2023856070822824e-05,
    "r_t_min": 2.974608584090332e-06,
    "r_t_max": 0.00026547097996105644,
    "delta_hat_mean": 5.924663043602917e-05,
    "delta_hat_std": 0.0012270658018848335,
    "lambda_t_mean": 0.0,
    "lambda_t_std": 0.0,
    "n_records": 1950
  },
  "classifier.0.weight": {
    "r_t_mean": 3.440631311282417e-05,
    "r_t_std": 3.9820069199434745e-05,
    "r_t_min": 6.661154834047663e-06,
    "r_t_max": 0.0003581325806305971,
    "delta_hat_mean": 0.00010881480858736326,
    "delta_hat_std": 0.002547415080265804,
    "lambda_t_mean": 0.0,
    "lambda_t_std": 0.0,
    "n_records": 1950
  },
  "classifier.3.weight": {
    "r_t_mean": 0.0002461915372708176,
    "r_t_std": 0.0002850319586350233,
    "r_t_min": 4.7492821540499724e-05,
    "r_t_max": 0.0023427455237991905,
    "delta_hat_mean": 0.0001340194045878189,
    "delta_hat_std": 0.0032243980162982725,
    "lambda_t_mean": 0.0,
    "lambda_t_std": 0.0,
    "n_records": 1950
  },
  "classifier.6.weight": {
    "r_t_mean": 0.0011320172068787788,
    "r_t_std": 0.0014612130771052881,
    "r_t_min": 2.5943779239161172e-05,
    "r_t_max": 0.011688508543890495,
    "delta_hat_mean": 0.00039171154894994777,
    "delta_hat_std": 0.004684458540608725,
    "lambda_t_mean": 0.0,
    "lambda_t_std": 0.0,
    "n_records": 1950
  }
}