{
  "task_id": "alignment_informativeness",
  "mode": "pilot",
  "version": "v3",
  "overall_pass": true,
  "verdict": "GO",
  "pass_criteria": {
    "all_runs_completed": true,
    "total_runs": 18,
    "alpha_bar_differs": true,
    "delta_max_differs": true,
    "gen_gap_varies": true,
    "gen_gap_range": 2.9057211538461587,
    "alpha_bar_range": 0.00792795973508617,
    "delta_max_range": 0.2819637581987624
  },
  "loo_cv_r_squared": {
    "predicting_gen_gap": {
      "alpha_bar": {
        "r2": -0.2350516313033586,
        "ci_half": 0.2413854156506469
      },
      "delta_max": {
        "r2": -0.21467665684924353,
        "ci_half": 0.16929197584804942
      },
      "alpha_bar_ema": {
        "r2": -0.3400909431334389,
        "ci_half": 0.21782746167807582
      },
      "alignment_variance": {
        "r2": -0.13660703441816846,
        "ci_half": 0.20479873016263925
      },
      "snr": {
        "r2": -0.26164338606128634,
        "ci_half": 0.14554540222324672
      },
      "log10_wd": {
        "r2": -0.30021897503620587,
        "ci_half": 0.18420280858002253
      },
      "lr": {
        "r2": -0.09935569251000986,
        "ci_half": 0.4766568057203981
      },
      "wd_budget": {
        "r2": -0.25151503604851744,
        "ci_half": 0.2813186181667595
      }
    },
    "predicting_test_acc": {
      "alpha_bar": {
        "r2": -0.2519682298333188,
        "ci_half": 0.15960317636522242
      },
      "delta_max": {
        "r2": -0.4807831062432073,
        "ci_half": 0.22393551475016518
      },
      "log10_wd": {
        "r2": 0.5772657692525909,
        "ci_half": 0.21153762772206247
      },
      "lr": {
        "r2": -0.060706135634407854,
        "ci_half": 0.3076311872820564
      }
    }
  },
  "correlations": {
    "alpha_bar_vs_gen_gap": 0.1983308674490334,
    "delta_max_vs_gen_gap": 0.21473617375931198,
    "alpha_bar_vs_test_acc": -0.07197214887600384,
    "log_wd_vs_gen_gap": -0.10578705039006663,
    "lr_vs_gen_gap": 0.4295778653468837
  },
  "h6_analysis": {
    "r2_difference": -0.02037497445411507,
    "h6_supported": false,
    "alpha_bar_slope_on_gen_gap": 67.98916286698784,
    "conclusion": "inconclusive"
  },
  "per_run_results": [
    {
      "wd": 0.0001,
      "lr": 0.05,
      "seed": 42,
      "epochs": 30,
      "best_test_acc": 60.82,
      "final_test_acc": 60.8,
      "final_train_acc": 69.64142628205128,
      "generalization_gap": 8.841426282051287,
      "alpha_bar": -0.006631567902528106,
      "delta_max": 0.6587808483815084,
      "alignment_variance": 0.017632206832461927,
      "alpha_bar_ema": -0.054010139697359176,
      "snr": 0.08917519426726356,
      "total_wd_budget": 0.07200000000000001,
      "elapsed_sec": 113.25415325164795
    },
    {
      "wd": 0.0003,
      "lr": 0.05,
      "seed": 42,
      "epochs": 30,
      "best_test_acc": 61.34,
      "final_test_acc": 61.34,
      "final_train_acc": 70.61097756410257,
      "generalization_gap": 9.270977564102566,
      "alpha_bar": -0.0016305772835597957,
      "delta_max": 0.6086259166789004,
      "alignment_variance": 0.015963902846726427,
      "alpha_bar_ema": -0.012847540089857947,
      "snr": 0.01018597722276689,
      "total_wd_budget": 0.216,
      "elapsed_sec": 112.94134974479675
    },
    {
      "wd": 0.0005,
      "lr": 0.05,
      "seed": 42,
      "epochs": 30,
      "best_test_acc": 61.12,
      "final_test_acc": 60.98,
      "final_train_acc": 70.98357371794872,
      "generalization_gap": 10.003573717948719,
      "alpha_bar": -0.0036450950612779663,
      "delta_max": 0.8905896748776628,
      "alignment_variance": 0.017495870346571796,
      "alpha_bar_ema": -0.030406778616872115,
      "snr": 0.050397511653941074,
      "total_wd_budget": 0.36,
      "elapsed_sec": 112.79050874710083
    },
    {
      "wd": 0.001,
      "lr": 0.05,
      "seed": 42,
      "epochs": 30,
      "best_test_acc": 61.85,
      "final_test_acc": 61.85,
      "final_train_acc": 71.38822115384616,
      "generalization_gap": 9.538221153846159,
      "alpha_bar": -0.0008568190106188991,
      "delta_max": 0.7269686181693845,
      "alignment_variance": 0.018525139275856504,
      "alpha_bar_ema": -0.0045383445633923524,
      "snr": 0.0023249752064910534,
      "total_wd_budget": 0.72,
      "elapsed_sec": 109.93855285644531
    },
    {
      "wd": 0.003,
      "lr": 0.05,
      "seed": 42,
      "epochs": 30,
      "best_test_acc": 62.65,
      "final_test_acc": 62.65,
      "final_train_acc": 72.7764423076923,
      "generalization_gap": 10.126442307692308,
      "alpha_bar": -0.004163606614049438,
      "delta_max": 0.6398444479955592,
      "alignment_variance": 0.015904149016178277,
      "alpha_bar_ema": -0.029765315633265985,
      "snr": 0.060505865934785026,
      "total_wd_budget": 2.16,
      "elapsed_sec": 101.26399445533752
    },
    {
      "wd": 0.005,
      "lr": 0.05,
      "seed": 42,
      "epochs": 30,
      "best_test_acc": 63.49,
      "final_test_acc": 63.49,
      "final_train_acc": 72.90064102564102,
      "generalization_gap": 9.41064102564102,
      "alpha_bar": -0.005106206239963851,
      "delta_max": 0.7079768078344606,
      "alignment_variance": 0.016268702489744966,
      "alpha_bar_ema": -0.016895040778048518,
      "snr": 0.127343428958944,
      "total_wd_budget": 3.5999999999999996,
      "elapsed_sec": 105.04910516738892
    },
    {
      "wd": 0.0001,
      "lr": 0.1,
      "seed": 42,
      "epochs": 30,
      "best_test_acc": 61.57,
      "final_test_acc": 61.41,
      "final_train_acc": 71.88501602564102,
      "generalization_gap": 10.475016025641025,
      "alpha_bar": -0.003975945505533807,
      "delta_max": 0.7364751699420103,
      "alignment_variance": 0.01892054617113429,
      "alpha_bar_ema": -0.021213962414081855,
      "snr": 0.05985870201403165,
      "total_wd_budget": 0.07200000000000001,
      "elapsed_sec": 111.97774696350098
    },
    {
      "wd": 0.0003,
      "lr": 0.1,
      "seed": 42,
      "epochs": 30,
      "best_test_acc": 62.0,
      "final_test_acc": 62.0,
      "final_train_acc": 72.15945512820512,
      "generalization_gap": 10.159455128205124,
      "alpha_bar": -0.0014733031934385113,
      "delta_max": 0.6807027792833766,
      "alignment_variance": 0.01780228818923857,
      "alpha_bar_ema": -0.010952960628561272,
      "snr": 0.008868274066658181,
      "total_wd_budget": 0.216,
      "elapsed_sec": 112.4250237941742
    },
    {
      "wd": 0.0005,
      "lr": 0.1,
      "seed": 42,
      "epochs": 30,
      "best_test_acc": 61.64,
      "final_test_acc": 61.64,
      "final_train_acc": 71.98517628205128,
      "generalization_gap": 10.345176282051284,
      "alpha_bar": -0.006225451186904771,
      "delta_max": 0.6725018225461145,
      "alignment_variance": 0.016384165407111614,
      "alpha_bar_ema": -0.026190892511452787,
      "snr": 0.17696094076844704,
      "total_wd_budget": 0.36,
      "elapsed_sec": 112.63096833229065
    },
    {
      "wd": 0.001,
      "lr": 0.1,
      "seed": 42,
      "epochs": 30,
      "best_test_acc": 62.54,
      "final_test_acc": 62.49,
      "final_train_acc": 72.94070512820512,
      "generalization_gap": 10.450705128205122,
      "alpha_bar": -0.007134600686213025,
      "delta_max": 0.6775150179330713,
      "alignment_variance": 0.01866095268940244,
      "alpha_bar_ema": -0.04549998548576735,
      "snr": 0.15571964345909756,
      "total_wd_budget": 0.72,
      "elapsed_sec": 112.62682557106018
    },
    {
      "wd": 0.003,
      "lr": 0.1,
      "seed": 42,
      "epochs": 30,
      "best_test_acc": 64.5,
      "final_test_acc": 64.5,
      "final_train_acc": 74.79567307692308,
      "generalization_gap": 10.29567307692308,
      "alpha_bar": -0.004542831229710054,
      "delta_max": 0.7041847448101888,
      "alignment_variance": 0.01765596668529494,
      "alpha_bar_ema": -0.051427677629892164,
      "snr": 0.063520433883379,
      "total_wd_budget": 2.16,