{
  "features.0.weight": {
    "r_t_mean": 1.5875431966303762e-09,
    "r_t_std": 5.460693709525169e-09,
    "r_t_min": 3.134124156149716e-11,
    "r_t_max": 7.05744653747203e-08,
    "delta_hat_mean": -0.0012937176961829138,
    "delta_hat_std": 0.011485622164852154,
    "lambda_t_mean": 0.0002497849909617351,
    "lambda_t_std": 6.16514076867554e-06,
    "n_records": 1950
  },
  "features.2.weight": {
    "r_t_mean": 7.447463562040902e-09,
    "r_t_std": 2.5834418112662674e-08,
    "r_t_min": 1.5401815171698821e-10,
    "r_t_max": 3.40285004642072e-07,
    "delta_hat_mean": -0.00046036228121929174,
    "delta_hat_std": 0.0037027338011442167,
    "lambda_t_mean": 0.00024993998284523306,
    "lambda_t_std": 1.1423227042816256e-06,
    "n_records": 1950
  },
  "features.5.weight": {
    "r_t_mean": 5.637374553367886e-09,
    "r_t_std": 1.940072553005433e-08,
    "r_t_min": 1.3237598292592874e-10,
    "r_t_max": 2.5893758597092347e-07,
    "delta_hat_mean": -0.0003379281747458826,
    "delta_hat_std": 0.0026584531948253263,
    "lambda_t_mean": 0.00024795629433332347,
    "lambda_t_std": 2.0777548954254822e-06,
    "n_records": 1950
  },
  "features.7.weight": {
    "r_t_mean": 8.079090287334167e-09,
    "r_t_std": 2.7808912375895043e-08,
    "r_t_min": 1.8920074769876597e-10,
    "r_t_max": 3.5063496057950696e-07,
    "delta_hat_mean": -0.00025530567835435483,
    "delta_hat_std": 0.0019974526182291634,
    "lambda_t_mean": 0.00023972104149751176,
    "lambda_t_std": 4.8133504991874506e-06,
    "n_records": 1950
  },
  "features.10.weight": {
    "r_t_mean": 6.599341501064578e-09,
    "r_t_std": 2.2324045453725053e-08,
    "r_t_min": 1.5585919829451617e-10,
    "r_t_max": 2.971920943524551e-07,
    "delta_hat_mean": -0.00016277836621340542,
    "delta_hat_std": 0.001426148106991626,
    "lambda_t_mean": 0.00019428555392302002,
    "lambda_t_std": 1.9000273596965404e-05,
    "n_records": 1950
  },
  "features.12.weight": {
    "r_t_mean": 1.1299023823513512e-08,
    "r_t_std": 3.589000635170155e-08,
    "r_t_min": 3.8001782273254013e-10,
    "r_t_max": 4.4996966804224806e-07,
    "delta_hat_mean": -8.437768245201846e-05,
    "delta_hat_std": 0.0011694372906240647,
    "lambda_t_mean": 0.00014621390683146625,
    "lambda_t_std": 2.6029612060309954e-05,
    "n_records": 1950
  },
  "features.14.weight": {
    "r_t_mean": 1.9122904499747604e-08,
    "r_t_std": 5.677014222495241e-08,
    "r_t_min": 8.081066621122186e-10,
    "r_t_max": 7.174892231575745e-07,
    "delta_hat_mean": -2.9883937328298916e-05,
    "delta_hat_std": 0.0011061290185815761,
    "lambda_t_mean": 0.00011436147806354058,
    "lambda_t_std": 1.6175614617260498e-05,
    "n_records": 1950
  },
  "features.17.weight": {
    "r_t_mean": 3.179633188745329e-08,
    "r_t_std": 8.712495961473238e-08,
    "r_t_min": 1.9115037636864103e-09,
    "r_t_max": 1.1125419934962109e-06,
    "delta_hat_mean": -1.3722029476610213e-05,
    "delta_hat_std": 0.0008158977862640663,
    "lambda_t_mean": 9.614721770087878e-05,
    "lambda_t_std": 7.348386355842033e-06,
    "n_records": 1950
  },
  "features.19.weight": {
    "r_t_mean": 1.162857021756735e-07,
    "r_t_std": 2.954774754086739e-07,
    "r_t_min": 9.081340901556444e-09,
    "r_t_max": 3.6092902813600637e-06,
    "delta_hat_mean": 5.745785875232146e-06,
    "delta_hat_std": 0.000553963157791962,
    "lambda_t_mean": 9.524434280319092e-05,
    "lambda_t_std": 5.238332078815847e-06,
    "n_records": 1950
  },
  "features.21.weight": {
    "r_t_mean": 2.6486349192182544e-07,
    "r_t_std": 6.423997163904277e-07,
    "r_t_min": 2.4277418564586165e-08,
    "r_t_max": 8.075675704956006e-06,
    "delta_hat_mean": 1.1752720394351438e-05,
    "delta_hat_std": 0.0005855757523148583,
    "lambda_t_mean": 8.183863388040128e-05,
    "lambda_t_std": 2.9168255760355968e-06,
    "n_records": 1950
  },
  "features.24.weight": {
    "r_t_mean": 8.039210996406784e-07,
    "r_t_std": 1.8283198563307847e-06,
    "r_t_min": 8.645828351848499e-08,
    "r_t_max": 2.2908105294932358e-05,
    "delta_hat_mean": 3.8340793845493e-06,
    "delta_hat_std": 0.0005856279433705543,
    "lambda_t_mean": 6.438384754153398e-05,
    "lambda_t_std": 5.546432370082049e-07,
    "n_records": 1950
  },
  "features.26.weight": {
    "r_t_mean": 3.0318195039550987e-06,
    "r_t_std": 6.351611436383849e-06,
    "r_t_min": 3.876535383267929e-07,
    "r_t_max": 7.738925295409878e-05,
    "delta_hat_mean": -6.268309185887306e-07,
    "delta_hat_std": 0.0006573469602779168,
    "lambda_t_mean": 6.288557953559435e-05,
    "lambda_t_std": 5.307108771831116e-07,
    "n_records": 1950
  },
  "features.28.weight": {
    "r_t_mean": 1.1906243194407557e-05,
    "r_t_std": 2.3451667892975836e-05,
    "r_t_min": 1.8213227793968622e-06,
    "r_t_max": 0.00028675291618245665,
    "delta_hat_mean": 3.6686229522116374e-05,
    "delta_hat_std": 0.0009457107750035782,
    "lambda_t_mean": 1.5802048836858608e-05,
    "lambda_t_std": 1.1179179895352107e-06,
    "n_records": 1950
  },
  "classifier.0.weight": {
    "r_t_mean": 2.572064016950116e-05,
    "r_t_std": 3.820745682904022e-05,
    "r_t_min": 4.526214425397788e-06,
    "r_t_max": 0.0003718392033141987,
    "delta_hat_mean": 5.792859283102504e-05,
    "delta_hat_std": 0.002271784561944216,
    "lambda_t_mean": 1.4384937775440706e-05,
    "lambda_t_std": 3.4576020410524778e-06,
    "n_records": 1950
  },
  "classifier.3.weight": {
    "r_t_mean": 0.00020431457480682406,
    "r_t_std": 0.0002651925478816769,
    "r_t_min": 4.134717767974865e-05,
    "r_t_max": 0.00213571221939464,
    "delta_hat_mean": 0.00013148316358684752,
    "delta_hat_std": 0.0027613737261647456,
    "lambda_t_mean": 2.9829387175731173e-06,
    "lambda_t_std": 7.597331727817555e-06,
    "n_records": 1950
  },
  "classifier.6.weight": {
    "r_t_mean": 0.0007330949828391668,
    "r_t_std": 0.0014700561361696664,
    "r_t_min": 2.235637343852129e-05,
    "r_t_max": 0.01287276964669227,
    "delta_hat_mean": 0.00047792069420969104,
    "delta_hat_std": 0.0043709179047265855,
    "lambda_t_mean": 1.7992582719128294e-05,
    "lambda_t_std": 2.559340455507742e-05,
    "n_records": 1950
  }
}