{
  "conv1.weight": {
    "r_t_mean": 0.017501917035968442,
    "r_t_std": 0.017631844219375886,
    "r_t_min": 0.00794218969319073,
    "r_t_max": 0.4812933441261345,
    "delta_hat_mean": -2.784948962299402e-05,
    "delta_hat_std": 5.0141667973061e-05,
    "lambda_t_mean": 0.0007416638311287828,
    "lambda_t_std": 2.4522479839733377e-05,
    "n_records": 780
  },
  "layer1.0.conv1.weight": {
    "r_t_mean": 0.01725567531989463,
    "r_t_std": 0.018493417002734238,
    "r_t_min": 0.00944912002627338,
    "r_t_max": 0.5190473422553796,
    "delta_hat_mean": -2.5440261399645453e-05,
    "delta_hat_std": 2.2914935639335592e-05,
    "lambda_t_mean": 0.0007414941682433656,
    "lambda_t_std": 1.7457613031886104e-05,
    "n_records": 780
  },
  "layer1.0.conv2.weight": {
    "r_t_mean": 0.017264116472737182,
    "r_t_std": 0.015244656636689677,
    "r_t_min": 0.010446742082361614,
    "r_t_max": 0.4285060910676408,
    "delta_hat_mean": -2.7842237248575632e-05,
    "delta_hat_std": 2.2548956423219063e-05,
    "lambda_t_mean": 0.0007390696659563464,
    "lambda_t_std": 1.728419939448347e-05,
    "n_records": 780
  },
  "layer1.1.conv1.weight": {
    "r_t_mean": 0.017305080886977117,
    "r_t_std": 0.010596381508273054,
    "r_t_min": 0.009844073545501894,
    "r_t_max": 0.29319489242561786,
    "delta_hat_mean": -2.721543192044224e-05,
    "delta_hat_std": 2.2075546780827387e-05,
    "lambda_t_mean": 0.000741363002971087,
    "lambda_t_std": 1.642522050768338e-05,
    "n_records": 780
  },
  "layer1.1.conv2.weight": {
    "r_t_mean": 0.017149015510642792,
    "r_t_std": 0.00996714216931718,
    "r_t_min": 0.00925471914116572,
    "r_t_max": 0.2753042909300197,
    "delta_hat_mean": -2.6899961687722506e-05,
    "delta_hat_std": 2.211885543653116e-05,
    "lambda_t_mean": 0.0007414314728474938,
    "lambda_t_std": 1.777964207371768e-05,
    "n_records": 780
  },
  "layer1.2.conv1.weight": {
    "r_t_mean": 0.017829364266018218,
    "r_t_std": 0.00948889990796161,
    "r_t_min": 0.009943212678481576,
    "r_t_max": 0.2586773867667248,
    "delta_hat_mean": -2.702962680748063e-05,
    "delta_hat_std": 2.3179806744668478e-05,
    "lambda_t_mean": 0.0007411509924789761,
    "lambda_t_std": 1.6107318777219882e-05,
    "n_records": 780
  },
  "layer1.2.conv2.weight": {
    "r_t_mean": 0.017234871863643416,
    "r_t_std": 0.007816513267882498,
    "r_t_min": 0.010618359311484048,
    "r_t_max": 0.20991478287749227,
    "delta_hat_mean": -2.6191866356302704e-05,
    "delta_hat_std": 2.2018715273965042e-05,
    "lambda_t_mean": 0.0007416888526315945,
    "lambda_t_std": 1.8706708621636867e-05,
    "n_records": 780
  },
  "layer2.0.conv1.weight": {
    "r_t_mean": 0.017264705506638552,
    "r_t_std": 0.006341607870820941,
    "r_t_min": 0.010213838753767463,
    "r_t_max": 0.14931563957312524,
    "delta_hat_mean": -2.6141212150945282e-05,
    "delta_hat_std": 2.1430517128526012e-05,
    "lambda_t_mean": 0.0007413638269743863,
    "lambda_t_std": 1.0526739542454943e-05,
    "n_records": 780
  },
  "layer2.0.conv2.weight": {
    "r_t_mean": 0.0172456490556686,
    "r_t_std": 0.007192391649373155,
    "r_t_min": 0.010742735354644059,
    "r_t_max": 0.17786943460230598,
    "delta_hat_mean": -2.6526139637074774e-05,
    "delta_hat_std": 1.985977508940322e-05,
    "lambda_t_mean": 0.0007408216354657301,
    "lambda_t_std": 7.319956904305949e-06,
    "n_records": 780
  },
  "layer2.0.shortcut.0.weight": {
    "r_t_mean": 0.015975593946280304,
    "r_t_std": 0.0039658994893984395,
    "r_t_min": 0.009644923737128303,
    "r_t_max": 0.047607694482674386,
    "delta_hat_mean": -2.147314062330252e-05,
    "delta_hat_std": 2.7435588665797494e-05,
    "lambda_t_mean": 0.0007412516284488414,
    "lambda_t_std": 2.6163550850117402e-05,
    "n_records": 780
  },
  "layer2.1.conv1.weight": {
    "r_t_mean": 0.017836502055706045,
    "r_t_std": 0.006817874508834416,
    "r_t_min": 0.010465681735823846,
    "r_t_max": 0.16392904438701789,
    "delta_hat_mean": -2.7324672048678895e-05,
    "delta_hat_std": 1.9913354314912744e-05,
    "lambda_t_mean": 0.000741513555743279,
    "lambda_t_std": 7.93236960097011e-06,
    "n_records": 780
  },
  "layer2.1.conv2.weight": {
    "r_t_mean": 0.017587156477272624,
    "r_t_std": 0.0060103927444398915,
    "r_t_min": 0.010632451331412026,
    "r_t_max": 0.1428034671291731,
    "delta_hat_mean": -2.7777194979229114e-05,
    "delta_hat_std": 1.9958886262163566e-05,
    "lambda_t_mean": 0.0007409905431705611,
    "lambda_t_std": 7.271948089214911e-06,
    "n_records": 780
  },
  "layer2.2.conv1.weight": {
    "r_t_mean": 0.018465152303308183,
    "r_t_std": 0.005195038885614449,
    "r_t_min": 0.01099778913086939,
    "r_t_max": 0.12011265407792879,
    "delta_hat_mean": -2.766403768135935e-05,
    "delta_hat_std": 2.0106731396968604e-05,
    "lambda_t_mean": 0.0007413652715149883,
    "lambda_t_std": 7.217702390530971e-06,
    "n_records": 780
  },
  "layer2.2.conv2.weight": {
    "r_t_mean": 0.017924479046577173,
    "r_t_std": 0.004737156415112938,
    "r_t_min": 0.011016893838201614,
    "r_t_max": 0.10963550269626658,
    "delta_hat_mean": -2.7758342175273536e-05,
    "delta_hat_std": 2.0100681981372427e-05,
    "lambda_t_mean": 0.0007412242059113251,
    "lambda_t_std": 7.3243893908340085e-06,
    "n_records": 780
  },
  "layer3.0.conv1.weight": {
    "r_t_mean": 0.017235566501959784,
    "r_t_std": 0.00436672207490231,
    "r_t_min": 0.010583250059481101,
    "r_t_max": 0.08246965803825203,
    "delta_hat_mean": -2.7518957428449506e-05,
    "delta_hat_std": 1.9691047855625917e-05,
    "lambda_t_mean": 0.0007412347245142442,
    "lambda_t_std": 5.251796027744715e-06,
    "n_records": 780
  },
  "layer3.0.conv2.weight": {
    "r_t_mean": 0.01793076576661323,
    "r_t_std": 0.0052093677620286835,
    "r_t_min": 0.011460233837085526,
    "r_t_max": 0.11171448061132726,
    "delta_hat_mean": -2.790463307699784e-05,
    "delta_hat_std": 1.9771813900106044e-05,
    "lambda_t_mean": 0.0007413222706306395,
    "lambda_t_std": 3.708967359288617e-06,
    "n_records": 780
  },
  "layer3.0.shortcut.0.weight": {
    "r_t_mean": 0.01542393686993725,
    "r_t_std": 0.0034299110022821618,
    "r_t_min": 0.009584590651490206,
    "r_t_max": 0.04499319814144143,
    "delta_hat_mean": -2.7259817747706577e-05,
    "delta_hat_std": 2.0597998116139438e-05,
    "lambda_t_mean": 0.0007416544059290181,
    "lambda_t_std": 1.305401385882158e-05,
    "n_records": 780
  },
  "layer3.1.conv1.weight": {
    "r_t_mean": 0.018266658285058978,
    "r_t_std": 0.005381792759178513,
    "r_t_min": 0.011188936426873517,
    "r_t_max": 0.10401600980642389,
    "delta_hat_mean": -2.7717908499042982e-05,
    "delta_hat_std": 1.950714702973382e-05,
    "lambda_t_mean": 0.0007410270969244009,
    "lambda_t_std": 3.8780396783412155e-06,
    "n_records": 780
  },
  "layer3.1.conv2.weight": {
    "r_t_mean": 0.018278403010521967,
    "r_t_std": 0.005260721204093571,
    "r_t_min": 0.011384832744893677,
    "r_t_max": 0.11105540354565765,
    "delta_hat_mean": -2.7610830203876506e-05,
    "delta_hat_std": 1.9535458360428316e-05,
    "lambda_t_mean": 0.0007413887310537539,
    "lambda_t_std": 4.066809186812351e-06,
    "n_records": 780
  },
  "layer3.2.conv1.weight": {
    "r_t_mean": 0.018106869176541272,
    "r_t_std": 0.005054072153915881,
    "r_t_min": 0.011539852812359124,
    "r_t_max": 0.10508950270816496,
    "delta_hat_mean": -2.7684866698017812e-05,
    "delta_hat_std": 1.9747085506431924e-05,
    "lambda_t_mean": 0.0007408372573153148,
    "lambda_t_std": 4.110736572557837e-06,
    "n_records": 780
  },
  "layer3.2.conv2.weight": {
    "r_t_mean": 0.017342730188945346,
    "r_t_std": 0.004684464730688154,
    "r_t_min": 0.011387310579075122,
    "r_t_max": 0.10419983996461284,
    "delta_hat_mean": -2.7947821718176086e-05,
    "delta_hat_std": 1.9732231032083225e-05,
    "lambda_t_mean": 0.0007410905674962644,
    "lambda_t_std": 4.675740038444837e-06,