{
  "task_id": "e1_uad_random_baseline",
  "device": "cuda",
  "gpu_id": "1",
  "d_sae": 24576,
  "top_indices_count": 500,
  "n_clusters": 50,
  "same_cluster_pairs": 3702,
  "detected_pairs": 541,
  "true_positives": 2,
  "precision": 0.0036968576709796672,
  "recall": 1.0,
  "f1": 0.007366482504604051,
  "elapsed_seconds": 9.023989915847778,
  "random_f1_mean": 0.007462059283518179,
  "random_f1_std": 0.005373864140518711,
  "f1_delta": -9.557677891412764e-05,
  "end_time": "2026-04-28T14:37:59.833661"
}