{
  "task_id": "e3_cross_layer",
  "device": "cuda",
  "gpu_id": "1",
  "d_sae": 24576,
  "top_indices_count": 500,
  "n_clusters": 50,
  "same_cluster_pairs": 3702,
  "detected_pairs": 541,
  "true_positives": 2,
  "precision": 0.0036968576709796672,
  "recall": 1.0,
  "f1": 0.007366482504604051,
  "elapsed_seconds": 8.863924503326416,
  "end_time": "2026-04-28T14:48:55.680169"
}