{
  "conv1.weight": {
    "r_t_mean": 0.0632445054523096,
    "r_t_std": 0.03988871243801523,
    "r_t_min": 0.028809442652764368,
    "r_t_max": 0.4812511888157201,
    "delta_hat_mean": 7.982823496620292e-08,
    "delta_hat_std": 3.714661263553932e-05,
    "lambda_t_mean": 1.712331903093988e-05,
    "lambda_t_std": 0.0,
    "n_records": 780
  },
  "layer1.0.conv1.weight": {
    "r_t_mean": 0.06153717294408945,
    "r_t_std": 0.03399171330767194,
    "r_t_min": 0.0339712235458595,
    "r_t_max": 0.5190007527292783,
    "delta_hat_mean": -3.68373017183971e-08,
    "delta_hat_std": 9.402533019030601e-06,
    "lambda_t_mean": 1.712331903093988e-05,
    "lambda_t_std": 0.0,
    "n_records": 780
  },
  "layer1.0.conv2.weight": {
    "r_t_mean": 0.061398390600029225,
    "r_t_std": 0.029263787631718417,
    "r_t_min": 0.03470441891743164,
    "r_t_max": 0.4284665376891974,
    "delta_hat_mean": 1.9325099683119544e-07,
    "delta_hat_std": 6.792231891017648e-06,
    "lambda_t_mean": 1.712331903093988e-05,
    "lambda_t_std": 0.0,
    "n_records": 780
  },
  "layer1.1.conv1.weight": {
    "r_t_mean": 0.06300075749057249,
    "r_t_std": 0.025789452763973746,
    "r_t_min": 0.03747082831252127,
    "r_t_max": 0.2931682632914652,
    "delta_hat_mean": -1.9734485334993588e-07,
    "delta_hat_std": 6.670590313030496e-06,
    "lambda_t_mean": 1.712331903093988e-05,
    "lambda_t_std": 0.0,
    "n_records": 780
  },
  "layer1.1.conv2.weight": {
    "r_t_mean": 0.061691597915163016,
    "r_t_std": 0.024153749294552957,
    "r_t_min": 0.038380524943847125,
    "r_t_max": 0.2752783240987566,
    "delta_hat_mean": -2.2972065233526578e-07,
    "delta_hat_std": 6.814660167849209e-06,
    "lambda_t_mean": 1.712331903093988e-05,
    "lambda_t_std": 0.0,
    "n_records": 780
  },
  "layer1.2.conv1.weight": {
    "r_t_mean": 0.06595274285629728,
    "r_t_std": 0.021175260592259156,
    "r_t_min": 0.0417619471254013,
    "r_t_max": 0.25865363546628983,
    "delta_hat_mean": 2.928322010289136e-07,
    "delta_hat_std": 6.159232733483761e-06,
    "lambda_t_mean": 1.712331903093988e-05,
    "lambda_t_std": 0.0,
    "n_records": 780
  },
  "layer1.2.conv2.weight": {
    "r_t_mean": 0.06161251347834337,
    "r_t_std": 0.02178029961580359,
    "r_t_min": 0.038217505216515985,
    "r_t_max": 0.21871415290305432,
    "delta_hat_mean": 3.5559647125105463e-07,
    "delta_hat_std": 6.677324725800692e-06,
    "lambda_t_mean": 1.712331903093988e-05,
    "lambda_t_std": 0.0,
    "n_records": 780
  },
  "layer2.0.conv1.weight": {
    "r_t_mean": 0.06110810037359437,
    "r_t_std": 0.021368702108646574,
    "r_t_min": 0.03588387282937358,
    "r_t_max": 0.17925741669932294,
    "delta_hat_mean": -1.1563264447409175e-07,
    "delta_hat_std": 7.167852582031916e-06,
    "lambda_t_mean": 1.712331903093988e-05,
    "lambda_t_std": 0.0,
    "n_records": 780
  },
  "layer2.0.conv2.weight": {
    "r_t_mean": 0.06463198780143249,
    "r_t_std": 0.02475876461545323,
    "r_t_min": 0.03821905144491042,
    "r_t_max": 0.19461484611184632,
    "delta_hat_mean": -6.428274305793098e-08,
    "delta_hat_std": 3.928023694036976e-06,
    "lambda_t_mean": 1.712331903093988e-05,
    "lambda_t_std": 0.0,
    "n_records": 780
  },
  "layer2.0.shortcut.0.weight": {
    "r_t_mean": 0.047111785655529724,
    "r_t_std": 0.011393282129986287,
    "r_t_min": 0.027763597238080646,
    "r_t_max": 0.09147397874926816,
    "delta_hat_mean": 7.358327021387221e-07,
    "delta_hat_std": 1.574193621754073e-05,
    "lambda_t_mean": 1.712331903093988e-05,
    "lambda_t_std": 0.0,
    "n_records": 780
  },
  "layer2.1.conv1.weight": {
    "r_t_mean": 0.06628448928035902,
    "r_t_std": 0.02462927724785951,
    "r_t_min": 0.03852161015384711,
    "r_t_max": 0.19844431144411087,
    "delta_hat_mean": 5.541389097485645e-08,
    "delta_hat_std": 3.2100499567284667e-06,
    "lambda_t_mean": 1.712331903093988e-05,
    "lambda_t_std": 0.0,
    "n_records": 780
  },
  "layer2.1.conv2.weight": {
    "r_t_mean": 0.06439436371809394,
    "r_t_std": 0.021891008131006532,
    "r_t_min": 0.03989184444950948,
    "r_t_max": 0.19251034701962044,
    "delta_hat_mean": -9.902358336843483e-08,
    "delta_hat_std": 3.443397148263068e-06,
    "lambda_t_mean": 1.712331903093988e-05,
    "lambda_t_std": 0.0,
    "n_records": 780
  },
  "layer2.2.conv1.weight": {
    "r_t_mean": 0.06802884060502792,
    "r_t_std": 0.020639653949516116,
    "r_t_min": 0.04455998581430084,
    "r_t_max": 0.17783344751601662,
    "delta_hat_mean": -1.0848718436416395e-07,
    "delta_hat_std": 3.188080463714808e-06,
    "lambda_t_mean": 1.712331903093988e-05,
    "lambda_t_std": 0.0,
    "n_records": 780
  },
  "layer2.2.conv2.weight": {
    "r_t_mean": 0.06453076877896155,
    "r_t_std": 0.019400437552695517,
    "r_t_min": 0.03874970150260182,
    "r_t_max": 0.15478232996489158,
    "delta_hat_mean": 1.2544501064468067e-07,
    "delta_hat_std": 3.2254584886073235e-06,
    "lambda_t_mean": 1.712331903093988e-05,
    "lambda_t_std": 0.0,
    "n_records": 780
  },
  "layer3.0.conv1.weight": {
    "r_t_mean": 0.0642361526610592,
    "r_t_std": 0.017372991728885068,
    "r_t_min": 0.039328057743554204,
    "r_t_max": 0.14847694312912948,
    "delta_hat_mean": -1.3860849610957953e-07,
    "delta_hat_std": 3.4321333351767923e-06,
    "lambda_t_mean": 1.712331903093988e-05,
    "lambda_t_std": 0.0,
    "n_records": 780
  },
  "layer3.0.conv2.weight": {
    "r_t_mean": 0.07133922134061836,
    "r_t_std": 0.01830773418372923,
    "r_t_min": 0.045884178140952046,
    "r_t_max": 0.14917332900391328,
    "delta_hat_mean": 2.5204675058319253e-08,
    "delta_hat_std": 1.8226817905366597e-06,
    "lambda_t_mean": 1.712331903093988e-05,
    "lambda_t_std": 0.0,
    "n_records": 780
  },
  "layer3.0.shortcut.0.weight": {
    "r_t_mean": 0.04593178202255383,
    "r_t_std": 0.008513510405844053,
    "r_t_min": 0.02546718319721829,
    "r_t_max": 0.07939105535828499,
    "delta_hat_mean": -2.6096892082085934e-08,
    "delta_hat_std": 7.4717099855180785e-06,
    "lambda_t_mean": 1.712331903093988e-05,
    "lambda_t_std": 0.0,
    "n_records": 780
  },
  "layer3.1.conv1.weight": {
    "r_t_mean": 0.07120302078116716,
    "r_t_std": 0.019413388500724008,
    "r_t_min": 0.04302295513033545,
    "r_t_max": 0.15272478445332885,
    "delta_hat_mean": -3.968500229004435e-08,
    "delta_hat_std": 1.7695213333979047e-06,
    "lambda_t_mean": 1.712331903093988e-05,
    "lambda_t_std": 0.0,
    "n_records": 780
  },
  "layer3.1.conv2.weight": {
    "r_t_mean": 0.06912665600347699,
    "r_t_std": 0.015726374450022,
    "r_t_min": 0.04595223123318497,
    "r_t_max": 0.13119834465942,
    "delta_hat_mean": -7.304194428153065e-08,
    "delta_hat_std": 1.5871950374279404e-06,
    "lambda_t_mean": 1.712331903093988e-05,
    "lambda_t_std": 0.0,
    "n_records": 780
  },
  "layer3.2.conv1.weight": {
    "r_t_mean": 0.07086231535792735,
    "r_t_std": 0.01351204706754698,
    "r_t_min": 0.04838531912068148,
    "r_t_max": 0.12626652870558697,
    "delta_hat_mean": 4.5006383950076715e-08,
    "delta_hat_std": 1.5086378648393823e-06,
    "lambda_t_mean": 1.712331903093988e-05,
    "lambda_t_std": 0.0,
    "n_records": 780
  },
  "layer3.2.conv2.weight": {
    "r_t_mean": 0.06240901473826402,
    "r_t_std": 0.013530441453027673,
    "r_t_min": 0.04085575325647494,
    "r_t_max": 0.109207619591332,
    "delta_hat_mean": -4.6581808901041546e-08,
    "delta_hat_std": 1.4201238982728548e-06,
    "lambda_t_mean": 1.712331903093988e-05,
    "lambda_t_std": 0.0,
    "n_records": 780
  },
  "fc.weight": {
    "r_t_mean": 0.04117480374328621,
    "r_t_std": 0.027035031856081776,
    "r_t_min": 0.01940988538279599,
    "r_t_max": 0.2016438629279944,
    "delta_hat_mean": -0.004871880825255805,
    "delta_hat_std": 0.006671005108929051,
    "lambda_t_mean": 1.712331903093988e-05,
    "lambda_t_std": 0.0,
    "n_records": 780
  }
}