{
  "best_global_step": null,
  "best_metric": null,
  "best_model_checkpoint": null,
  "epoch": 5.7299270072992705,
  "eval_steps": 500,
  "global_step": 200,
  "is_hyper_param_search": false,
  "is_local_process_zero": true,
  "is_world_process_zero": true,
  "log_history": [
    {
      "entropy": 2.9865405723452567,
      "epoch": 0.583941605839416,
      "grad_norm": 1.109375,
      "learning_rate": 4.525e-07,
      "logits/chosen": -1.7529005750223778,
      "logits/rejected": -1.8414724291749525,
      "logps/chosen": -50.526829147338866,
      "logps/rejected": -51.20647511482239,
      "loss": 0.6925,
      "mean_token_accuracy": 0.4884256505407393,
      "num_tokens": 10553.0,
      "rewards/accuracies": 0.49375,
      "rewards/chosen": 0.0011440086833317763,
      "rewards/margins": 0.001412063957832288,
      "rewards/rejected": -0.00026805521265487186,
      "step": 20
    },
    {
      "entropy": 2.8800839340531983,
      "epoch": 1.145985401459854,
      "grad_norm": 1.2578125,
      "learning_rate": 4.025e-07,
      "logits/chosen": -1.7512836155308547,
      "logits/rejected": -1.8155083908086895,
      "logps/chosen": -51.48998632059469,
      "logps/rejected": -51.753589184253244,
      "loss": 0.6909,
      "mean_token_accuracy": 0.5133546852059179,
      "num_tokens": 20740.0,
      "rewards/accuracies": 0.5714285714285714,
      "rewards/chosen": 0.004219289355028372,
      "rewards/margins": 0.004605284801309372,
      "rewards/rejected": -0.00038599543116212665,
      "step": 40
    },
    {
      "entropy": 2.863537445664406,
      "epoch": 1.72992700729927,
      "grad_norm": 1.6484375,
      "learning_rate": 3.5249999999999996e-07,
      "logits/chosen": -1.7775384237452712,
      "logits/rejected": -1.8271129974709133,
      "logps/chosen": -51.22077379226685,
      "logps/rejected": -51.42935461997986,
      "loss": 0.6934,
      "mean_token_accuracy": 0.49693651432171465,
      "num_tokens": 31206.0,
      "rewards/accuracies": 0.45,
      "rewards/chosen": 0.00013919113407609985,
      "rewards/margins": -0.0003989757125964388,
      "rewards/rejected": 0.0005381667957408354,
      "step": 60
    },
    {
      "entropy": 2.925255252169324,
      "epoch": 2.291970802919708,
      "grad_norm": 0.875,
      "learning_rate": 3.0249999999999996e-07,
      "logits/chosen": -1.8080054254349827,
      "logits/rejected": -1.8205249682294806,
      "logps/chosen": -48.998139121315695,
      "logps/rejected": -51.06833524827833,
      "loss": 0.693,
      "mean_token_accuracy": 0.4862403193754809,
      "num_tokens": 41356.0,
      "rewards/accuracies": 0.4935064935064935,
      "rewards/chosen": -0.0006685269158938294,
      "rewards/margins": -4.122599463474441e-05,
      "rewards/rejected": -0.0006273009749310841,
      "step": 80
    },
    {
      "entropy": 2.951337605714798,
      "epoch": 2.875912408759124,
      "grad_norm": 1.0703125,
      "learning_rate": 2.5249999999999996e-07,
      "logits/chosen": -1.764822641359805,
      "logits/rejected": -1.7844081504264295,
      "logps/chosen": -51.006634426116946,
      "logps/rejected": -51.7575864315033,
      "loss": 0.6932,
      "mean_token_accuracy": 0.501943462761119,
      "num_tokens": 51787.0,
      "rewards/accuracies": 0.54375,
      "rewards/chosen": -0.00031762480357429014,
      "rewards/margins": -3.2416594331152736e-05,
      "rewards/rejected": -0.00028520816849777477,
      "step": 100
    },
    {
      "entropy": 2.841293333412765,
      "epoch": 3.437956204379562,
      "grad_norm": 1.21875,
      "learning_rate": 2.025e-07,
      "logits/chosen": -1.8184041388344294,
      "logits/rejected": -1.8371233272202045,
      "logps/chosen": -51.225519948191454,
      "logps/rejected": -49.40708774715275,
      "loss": 0.6911,
      "mean_token_accuracy": 0.518269766654287,
      "num_tokens": 61787.0,
      "rewards/accuracies": 0.551948051948052,
      "rewards/chosen": 0.0016416104332023821,
      "rewards/margins": 0.004299776859932229,
      "rewards/rejected": -0.0026581665612878157,
      "step": 120
    },
    {
      "entropy": 2.9916332464713555,
      "epoch": 4.0,
      "grad_norm": 2.234375,
      "learning_rate": 1.525e-07,
      "logits/chosen": -1.7400275403160197,
      "logits/rejected": -1.7539247622627612,
      "logps/chosen": -51.05555660693676,
      "logps/rejected": -52.84388153274338,
      "loss": 0.693,
      "mean_token_accuracy": 0.4900160556683293,
      "num_tokens": 72050.0,
      "rewards/accuracies": 0.551948051948052,
      "rewards/chosen": 0.0005726318919045439,
      "rewards/margins": -0.00040531525382312474,
      "rewards/rejected": 0.0009779471710517809,
      "step": 140
    },
    {
      "entropy": 3.015945290029049,
      "epoch": 4.583941605839416,
      "grad_norm": 0.98828125,
      "learning_rate": 1.0249999999999998e-07,
      "logits/chosen": -1.8009920931897114,
      "logits/rejected": -1.7960392843949027,
      "logps/chosen": -50.211444187164304,
      "logps/rejected": -50.34839029312134,
      "loss": 0.6914,
      "mean_token_accuracy": 0.49421449499204756,
      "num_tokens": 82474.0,
      "rewards/accuracies": 0.5625,
      "rewards/chosen": 0.0011074567286414095,
      "rewards/margins": 0.0035103584319585933,
      "rewards/rejected": -0.0024029017520661,
      "step": 160
    },
    {
      "entropy": 2.841942856838177,
      "epoch": 5.145985401459854,
      "grad_norm": 0.93359375,
      "learning_rate": 5.2499999999999994e-08,
      "logits/chosen": -1.7831985016809104,
      "logits/rejected": -1.8377727028670068,
      "logps/chosen": -51.26209521603275,
      "logps/rejected": -52.87748272388012,
      "loss": 0.6918,
      "mean_token_accuracy": 0.4959444822622584,
      "num_tokens": 92679.0,
      "rewards/accuracies": 0.551948051948052,
      "rewards/chosen": 0.00040348969148955755,
      "rewards/margins": 0.002029030081852303,
      "rewards/rejected": -0.0016255403555893375,
      "step": 180
    },
    {
      "entropy": 2.9501085206866264,
      "epoch": 5.7299270072992705,
      "grad_norm": 1.1875,
      "learning_rate": 2.5e-09,
      "logits/chosen": -1.7170514717415073,
      "logits/rejected": -1.7809627250934945,
      "logps/chosen": -51.515944719314575,
      "logps/rejected": -50.23238410949707,
      "loss": 0.6918,
      "mean_token_accuracy": 0.5116353005170822,
      "num_tokens": 103340.0,
      "rewards/accuracies": 0.575,
      "rewards/chosen": 0.002793042693519965,
      "rewards/margins": 0.0026969660335453226,
      "rewards/rejected": 9.607670217519626e-05,
      "step": 200
    },
    {
      "epoch": 5.7299270072992705,
      "step": 200,
      "total_flos": 6386578608807936.0,
      "train_loss": 0.6922183036804199,
      "train_runtime": 183.2565,
      "train_samples_per_second": 8.731,
      "train_steps_per_second": 1.091
    }
  ],
  "logging_steps": 20,
  "max_steps": 200,
  "num_input_tokens_seen": 0,
  "num_train_epochs": 6,
  "save_steps": 50,
  "stateful_callbacks": {
    "TrainerControl": {
      "args": {
        "should_epoch_stop": false,
        "should_evaluate": false,
        "should_log": false,
        "should_save": true,
        "should_training_stop": true
      },
      "attributes": {}
    }
  },
  "total_flos": 6386578608807936.0,
  "train_batch_size": 2,
  "trial_name": null,
  "trial_params": null
}
