{
  "layer_4": {
    "precision_stats": {
      "1": {
        "precision_mean": 0.8974358974358974,
        "precision_std": 0.2737712372315721,
        "precision_min": 0.0,
        "precision_max": 1.0,
        "all_precision_one": false,
        "n_precision_one": 22,
        "recall_mean": 0.20769230769230773,
        "recall_std": 0.20833234713770526,
        "recall_min": 0.0,
        "recall_max": 1.0,
        "absorption_recall_r": -0.24250589936755276,
        "absorption_recall_p": 0.2326160106313087,
        "absorption_recall_spearman_rho": -0.2366561740900266,
        "absorption_recall_spearman_p": 0.2444265081876304,
        "absorption_recall_R2": 0.058809111228065626,
        "absorption_recall_slope": -0.8356960237449633
      },
      "5": {
        "precision_mean": 0.9745393495393496,
        "precision_std": 0.05417561843678349,
        "precision_min": 0.8181818181818182,
        "precision_max": 1.0,
        "all_precision_one": false,
        "n_precision_one": 21,
        "recall_mean": 0.34423076923076923,
        "recall_std": 0.19871071119988004,
        "recall_min": 0.1,
        "recall_max": 1.0,
        "absorption_recall_r": -0.01902703413592218,
        "absorption_recall_p": 0.9264948225371588,
        "absorption_recall_spearman_rho": 0.0871554766556747,
        "absorption_recall_spearman_p": 0.6720339222617804,
        "absorption_recall_R2": 0.0003620280280095472,
        "absorption_recall_slope": -0.06254054997385738
      },
      "10": {
        "precision_mean": 0.9908777120315582,
        "precision_std": 0.033078847479830004,
        "precision_min": 0.8461538461538461,
        "precision_max": 1.0,
        "all_precision_one": false,
        "n_precision_one": 24,
        "recall_mean": 0.4211538461538462,
        "recall_std": 0.19717869527365903,
        "recall_min": 0.2,
        "recall_max": 1.0,
        "absorption_recall_r": -0.03833741416295613,
        "absorption_recall_p": 0.8524940777573797,
        "absorption_recall_spearman_rho": 0.07826494257761685,
        "absorption_recall_spearman_p": 0.7039221461489114,
        "absorption_recall_R2": 0.001469757324702025,
        "absorption_recall_slope": -0.12504091015065397
      },
      "20": {
        "precision_mean": 0.9931952662721895,
        "precision_std": 0.023788527725118563,
        "precision_min": 0.9,
        "precision_max": 1.0,
        "all_precision_one": false,
        "n_precision_one": 24,
        "recall_mean": 0.525,
        "recall_std": 0.16422896774367746,
        "recall_min": 0.3,
        "recall_max": 1.0,
        "absorption_recall_r": -0.10406431834402323,
        "absorption_recall_p": 0.612922351256027,
        "absorption_recall_spearman_rho": -0.03666961648476769,
        "absorption_recall_spearman_p": 0.858846529768012,
        "absorption_recall_R2": 0.010829382352406207,
        "absorption_recall_slope": -0.2826968230668232
      }
    }
  },
  "layer_8": {
    "precision_stats": {
      "1": {
        "precision_mean": 0.9538461538461539,
        "precision_std": 0.19460170216420797,
        "precision_min": 0.0,
        "precision_max": 1.0,
        "all_precision_one": false,
        "n_precision_one": 24,
        "recall_mean": 0.20961538461538462,
        "recall_std": 0.20663011861091246,
        "recall_min": 0.0,
        "recall_max": 1.0,
        "absorption_recall_r": -0.1890660088194688,
        "absorption_recall_p": 0.35495605483066367,
        "absorption_recall_spearman_rho": -0.2769070915683629,
        "absorption_recall_spearman_p": 0.1708530709671451,
        "absorption_recall_R2": 0.03574595569092347,
        "absorption_recall_slope": -0.5699636685997601
      },
      "5": {
        "precision_mean": 0.9945054945054945,
        "precision_std": 0.027472527472527476,
        "precision_min": 0.8571428571428571,
        "precision_max": 1.0,
        "all_precision_one": false,
        "n_precision_one": 25,
        "recall_mean": 0.34230769230769226,
        "recall_std": 0.19149829668468618,
        "recall_min": 0.1,
        "recall_max": 1.0,
        "absorption_recall_r": -0.10944741509295501,
        "absorption_recall_p": 0.5945659157629191,
        "absorption_recall_spearman_rho": 0.0028014086534187414,
        "absorption_recall_spearman_p": 0.9891635493720986,
        "absorption_recall_R2": 0.011978736670529603,
        "absorption_recall_slope": -0.30578101378469913
      },
      "10": {
        "precision_mean": 0.9930069930069931,
        "precision_std": 0.03496503496503496,
        "precision_min": 0.8181818181818182,
        "precision_max": 1.0,
        "all_precision_one": false,
        "n_precision_one": 25,
        "recall_mean": 0.4192307692307693,
        "recall_std": 0.17817284341385337,
        "recall_min": 0.2,
        "recall_max": 1.0,
        "absorption_recall_r": -0.21229525593846477,
        "absorption_recall_p": 0.2977886518082517,
        "absorption_recall_spearman_rho": -0.16225464794332678,
        "absorption_recall_spearman_p": 0.42840801321504857,
        "absorption_recall_R2": 0.04506927569397825,
        "absorption_recall_slope": -0.5518510738321755
      },
      "20": {
        "precision_mean": 0.9967948717948717,
        "precision_std": 0.01602564102564103,
        "precision_min": 0.9166666666666666,
        "precision_max": 1.0,
        "all_precision_one": false,
        "n_precision_one": 25,
        "recall_mean": 0.48653846153846164,
        "recall_std": 0.16730769230769232,
        "recall_min": 0.2,
        "recall_max": 1.0,
        "absorption_recall_r": -0.28189561201931673,
        "absorption_recall_p": 0.16296074474127367,
        "absorption_recall_spearman_rho": -0.1970666721504544,
        "absorption_recall_spearman_p": 0.3345776688766224,
        "absorption_recall_R2": 0.07946513607574515,
        "absorption_recall_slope": -0.6880885268650482
      }
    }
  }
}