{
  "method": "CPR",
  "seed": 42,
  "model": "resnet101",
  "dataset": "imagenet",
  "epochs": [
    {
      "epoch": 0,
      "train_loss": 7.133931029556144,
      "test_loss": 7.382213848114014,
      "train_acc": 0.14022435897435898,
      "test_acc": 0.08,
      "lr": 0.1,
      "mean_rho_t": 0.0008166902827178036,
      "std_rho_t": 0.005083587180401305,
      "mean_alpha_t": 0.019942611243319065,
      "mean_effective_wd": 0.0001023967659895625,
      "total_wd_budget_epoch": 0.03215258452072262
    },
    {
      "epoch": 1,
      "train_loss": 6.909624621399447,
      "test_loss": 7.13434928817749,
      "train_acc": 0.1736111111111111,
      "test_acc": 0.08,
      "lr": 0.05,
      "mean_rho_t": 0.0012880737396745833,
      "std_rho_t": 0.004268470877043199,
      "mean_alpha_t": 0.052010202355585074,
      "mean_effective_wd": 9.235668789808918e-05,
      "total_wd_budget_epoch": 0.029
    }
  ]
}