{
  "method": "CWD",
  "seed": 42,
  "model": "resnet101",
  "dataset": "imagenet",
  "epochs": [
    {
      "epoch": 0,
      "train_loss": 7.170220485100379,
      "test_loss": 6.924180711364746,
      "train_acc": 0.11351495726495726,
      "test_acc": 0.1,
      "lr": 0.1,
      "mean_rho_t": 0.0010470388811909094,
      "std_rho_t": 0.005162490322871502,
      "mean_alpha_t": 0.030709080592201576,
      "mean_effective_wd": 1.7399688197928628e-05,
      "total_wd_budget_epoch": 0.0054635020941495895
    },
    {
      "epoch": 1,
      "train_loss": 6.904202616112864,
      "test_loss": 6.930168207550049,
      "train_acc": 0.1702724358974359,
      "test_acc": 0.12,
      "lr": 0.05,
      "mean_rho_t": 0.0013910433437072758,
      "std_rho_t": 0.004507806232387366,
      "mean_alpha_t": 0.05879428669780132,
      "mean_effective_wd": 1.7315583187303726e-05,
      "total_wd_budget_epoch": 0.00543709312081337
    }
  ]
}