{
  "method": "FixedWD",
  "seed": 42,
  "model": "resnet101",
  "dataset": "imagenet",
  "epochs": [
    {
      "epoch": 0,
      "train_loss": 7.1481428146362305,
      "test_loss": 12.505347647094727,
      "train_acc": 0.1201923076923077,
      "test_acc": 0.12,
      "lr": 0.1,
      "mean_rho_t": 0.0007978453186455433,
      "std_rho_t": 0.005119281564197031,
      "mean_alpha_t": 0.009772131382706599,
      "mean_effective_wd": 3.4713375796178346e-05,
      "total_wd_budget_epoch": 0.0109
    },
    {
      "epoch": 1,
      "train_loss": 6.9018126512185125,
      "test_loss": 6.915666474151611,
      "train_acc": 0.1936431623931624,
      "test_acc": 0.16,
      "lr": 0.05,
      "mean_rho_t": 0.0009943401725834584,
      "std_rho_t": 0.0041154195853742815,
      "mean_alpha_t": 0.03552261036222043,
      "mean_effective_wd": 3.4713375796178346e-05,
      "total_wd_budget_epoch": 0.0109
    }
  ]
}