{
  "task": "imagenet_resnet101",
  "type": "pilot",
  "version": "v2",
  "model": "resnet101",
  "dataset": "imagenet",
  "epochs": 2,
  "batch_size": 256,
  "seed": 42,
  "gpu_id": 0,
  "gpu_name": "NVIDIA RTX PRO 6000 Blackwell Server Edition",
  "train_samples": 30000,
  "val_samples": 5000,
  "methods_passed": [
    "FixedWD",
    "SWD",
    "CWD",
    "CPR",
    "UDWDC-v2"
  ],
  "methods_failed": [],
  "all_passed": true,
  "udwdc_v2_wd_budget_ok": true,
  "independence_check": {
    "epoch1_loss_range": 0.03701364077054503,
    "epoch1_acc_range": 0.040064102564102574,
    "independent": true,
    "note": "Methods show distinct first-epoch outputs",
    "per_method": {
      "FixedWD": {
        "train_loss": 7.1481428146362305,
        "train_acc": 0.1201923076923077,
        "val_acc": 0.12,
        "val_top5": 0.62
      },
      "SWD": {
        "train_loss": 7.133206844329834,
        "train_acc": 0.11685363247863248,
        "val_acc": 0.08,
        "val_top5": 0.46
      },
      "CWD": {
        "train_loss": 7.170220485100379,
        "train_acc": 0.11351495726495726,
        "val_acc": 0.1,
        "val_top5": 0.82
      },
      "CPR": {
        "train_loss": 7.133931029556144,
        "train_acc": 0.14022435897435898,
        "val_acc": 0.08,
        "val_top5": 0.62
      },
      "UDWDC-v2": {
        "train_loss": 7.148759446592412,
        "train_acc": 0.15357905982905984,
        "val_acc": 0.12,
        "val_top5": 0.68
      }
    }
  },
  "total_time_sec": 816.4345736503601,
  "data_load_time_sec": 1.8350813388824463,
  "max_batch_size_probed": 512,
  "results": {
    "FixedWD": {
      "method": "FixedWD",
      "model": "resnet101",
      "dataset": "imagenet",
      "seed": 42,
      "epochs": 2,
      "batch_size": 256,
      "lr": 0.1,
      "weight_decay": 0.0001,
      "best_val_acc": 0.16,
      "final_val_acc": 0.16,
      "final_val_top5": 0.64,
      "final_train_acc": 0.1936431623931624,
      "total_wd_budget": 24.146384596417416,
      "cumulative_wd_budget_v2": 0.0,
      "elapsed_sec": 120.2095000743866,
      "epoch_results": [
        {
          "epoch": 1,
          "train_loss": 7.1481428146362305,
          "train_acc": 0.1201923076923077,
          "val_loss": 12.505347647094727,
          "val_acc": 0.12,
          "val_top5": 0.62,
          "lr": 0.1,
          "wd_budget_epoch": 12.080235714378762
        },
        {
          "epoch": 2,
          "train_loss": 6.9018126512185125,
          "train_acc": 0.1936431623931624,
          "val_loss": 6.915666474151611,
          "val_acc": 0.16,
          "val_top5": 0.64,
          "lr": 0.05,
          "wd_budget_epoch": 12.066148882038654
        }
      ],
      "epoch1_outputs": {
        "train_loss": 7.1481428146362305,
        "train_acc": 0.1201923076923077,
        "val_acc": 0.12,
        "val_top5": 0.62
      },
      "status": "success"
    },
    "SWD": {
      "method": "SWD",
      "model": "resnet101",
      "dataset": "imagenet",
      "seed": 42,
      "epochs": 2,
      "batch_size": 256,
      "lr": 0.1,
      "weight_decay": 0.0001,
      "best_val_acc": 0.1,
      "final_val_acc": 0.1,
      "final_val_top5": 0.42,
      "final_train_acc": 0.15691773504273504,
      "total_wd_budget": 0.4816552269030835,
      "cumulative_wd_budget_v2": 0.0,
      "elapsed_sec": 271.78053164482117,
      "epoch_results": [
        {
          "epoch": 1,
          "train_loss": 7.133206844329834,
          "train_acc": 0.11685363247863248,
          "val_loss": 6.9102638145446775,
          "val_acc": 0.08,
          "val_top5": 0.46,
          "lr": 0.1,
          "wd_budget_epoch": 0.25529443567141386
        },
        {
          "epoch": 2,
          "train_loss": 6.901503705570841,
          "train_acc": 0.15691773504273504,
          "val_loss": 6.909778726959228,
          "val_acc": 0.1,
          "val_top5": 0.42,
          "lr": 0.05,
          "wd_budget_epoch": 0.22636079123166963
        }
      ],
      "epoch1_outputs": {
        "train_loss": 7.133206844329834,
        "train_acc": 0.11685363247863248,
        "val_acc": 0.08,
        "val_top5": 0.46
      },
      "status": "success"
    },
    "CWD": {
      "method": "CWD",
      "model": "resnet101",
      "dataset": "imagenet",
      "seed": 42,
      "epochs": 2,
      "batch_size": 256,
      "lr": 0.1,
      "weight_decay": 0.0001,
      "best_val_acc": 0.12,
      "final_val_acc": 0.12,
      "final_val_top5": 0.76,
      "final_train_acc": 0.1702724358974359,
      "total_wd_budget": 12.264464954163461,
      "cumulative_wd_budget_v2": 0.0,
      "elapsed_sec": 166.8418242931366,
      "epoch_results": [
        {
          "epoch": 1,
          "train_loss": 7.170220485100379,
          "train_acc": 0.11351495726495726,
          "val_loss": 6.924180711364746,
          "val_acc": 0.1,
          "val_top5": 0.82,
          "lr": 0.1,
          "wd_budget_epoch": 6.123422058968342
        },
        {
          "epoch": 2,
          "train_loss": 6.904202616112864,
          "train_acc": 0.1702724358974359,
          "val_loss": 6.930168207550049,
          "val_acc": 0.12,
          "val_top5": 0.76,
          "lr": 0.05,
          "wd_budget_epoch": 6.1410428951951195
        }
      ],
      "epoch1_outputs": {
        "train_loss": 7.170220485100379,
        "train_acc": 0.11351495726495726,
        "val_acc": 0.1,
        "val_top5": 0.82
      },
      "status": "success"
    },
    "CPR": {
      "method": "CPR",
      "model": "resnet101",
      "dataset": "imagenet",
      "seed": 42,
      "epochs": 2,
      "batch_size": 256,
      "lr": 0.1,
      "weight_decay": 0.0001,
      "best_val_acc": 0.08,
      "final_val_acc": 0.08,
      "final_val_top5": 0.62,
      "final_train_acc": 0.1736111111111111,
      "total_wd_budget": 57.81553264432834,
      "cumulative_wd_budget_v2": 0.0,
      "elapsed_sec": 110.75770616531372,
      "epoch_results": [
        {
          "epoch": 1,
          "train_loss": 7.133931029556144,
          "train_acc": 0.14022435897435898,
          "val_loss": 7.382213848114014,
          "val_acc": 0.08,
          "val_top5": 0.62,
          "lr": 0.1,
          "wd_budget_epoch": 30.142777448418453
        },
        {
          "epoch": 2,
          "train_loss": 6.909624621399447,
          "train_acc": 0.1736111111111111,
          "val_loss": 7.13434928817749,
          "val_acc": 0.08,
          "val_top5": 0.62,
          "lr": 0.05,
          "wd_budget_epoch": 27.672755195909893
        }
      ],
      "epoch1_outputs": {
        "train_loss": 7.133931029556144,
        "train_acc": 0.14022435897435898,
        "val_acc": 0.08,
        "val_top5": 0.62
      },
      "status": "success"
    },
    "UDWDC-v2": {
      "method": "UDWDC-v2",
      "model": "resnet101",
      "dataset": "imagenet",
      "seed": 42,
      "epochs": 2,
      "batch_size": 256,
      "lr": 0.1,
      "weight_decay": 0.0001,
      "best_val_acc": 0.2,
      "final_val_acc": 0.2,
      "final_val_top5": 0.7,
      "final_train_acc": 0.22369123931623933,
      "total_wd_budget": 70.72586230276795,
      "cumulative_wd_budget_v2": 8743.83123539779,
      "elapsed_sec": 141.4774079322815,
      "epoch_results": [
        {
          "epoch": 1,
          "train_loss": 7.148759446592412,
          "train_acc": 0.15357905982905984,
          "val_loss": 7.563833686828613,
          "val_acc": 0.12,
          "val_top5": 0.68,
          "lr": 0.1,
          "wd_budget_epoch": 36.001719258278484
        },
        {
          "epoch": 2,
          "train_loss": 6.906275773659731,
          "train_acc": 0.22369123931623933,
          "val_loss": 7.1311723976135255,
          "val_acc": 0.2,
          "val_top5": 0.7,
          "lr": 0.05,
          "wd_budget_epoch": 34.72414304448946
        }
      ],
      "epoch1_outputs": {
        "train_loss": 7.148759446592412,
        "train_acc": 0.15357905982905984,
        "val_acc": 0.12,