{
  "task": "imagenet_resnet101",
  "type": "pilot",
  "model": "resnet101",
  "dataset": "imagenet",
  "epochs": 2,
  "batch_size": 256,
  "seed": 42,
  "train_samples": 34862,
  "val_samples": 5000,
  "methods_passed": [
    "FixedWD",
    "SWD",
    "CWD",
    "UDWDC"
  ],
  "methods_failed": [],
  "all_passed": true,
  "total_time_sec": 573.7338879108429,
  "data_load_time_sec": 1.8018176555633545,
  "results": {
    "FixedWD": {
      "method": "FixedWD",
      "model": "resnet101",
      "dataset": "imagenet",
      "seed": 42,
      "epochs": 2,
      "batch_size": 256,
      "lr": 0.1,
      "weight_decay": 0.0001,
      "best_val_acc": 0.24,
      "final_val_acc": 0.24,
      "final_train_acc": 0.1694623161764706,
      "elapsed_sec": 139.06736707687378,
      "epoch_results": [
        {
          "epoch": 1,
          "train_loss": 7.1571363982032326,
          "train_acc": 0.11201746323529412,
          "val_loss": 6.905975590515137,
          "val_acc": 0.12,
          "lr": 0.1
        },
        {
          "epoch": 2,
          "train_loss": 6.902308979455163,
          "train_acc": 0.1694623161764706,
          "val_loss": 6.901920048522949,
          "val_acc": 0.24,
          "lr": 0.05
        }
      ],
      "status": "success"
    },
    "SWD": {
      "method": "SWD",
      "model": "resnet101",
      "dataset": "imagenet",
      "seed": 42,
      "epochs": 2,
      "batch_size": 256,
      "lr": 0.1,
      "weight_decay": 0.0001,
      "best_val_acc": 0.24,
      "final_val_acc": 0.24,
      "final_train_acc": 0.19244025735294118,
      "elapsed_sec": 138.69375801086426,
      "epoch_results": [
        {
          "epoch": 1,
          "train_loss": 7.110445769394145,
          "train_acc": 0.14361213235294118,
          "val_loss": 6.942855793762207,
          "val_acc": 0.06,
          "lr": 0.1
        },
        {
          "epoch": 2,
          "train_loss": 6.89593371924232,
          "train_acc": 0.19244025735294118,
          "val_loss": 6.93062991104126,
          "val_acc": 0.24,
          "lr": 0.05
        }
      ],
      "status": "success"
    },
    "CWD": {
      "method": "CWD",
      "model": "resnet101",
      "dataset": "imagenet",
      "seed": 42,
      "epochs": 2,
      "batch_size": 256,
      "lr": 0.1,
      "weight_decay": 0.0001,
      "best_val_acc": 0.2,
      "final_val_acc": 0.2,
      "final_train_acc": 0.19818474264705882,
      "elapsed_sec": 137.4699466228485,
      "epoch_results": [
        {
          "epoch": 1,
          "train_loss": 7.1248143806177024,
          "train_acc": 0.08042279411764706,
          "val_loss": 6.906723052978515,
          "val_acc": 0.16,
          "lr": 0.1
        },
        {
          "epoch": 2,
          "train_loss": 6.9025274795644425,
          "train_acc": 0.19818474264705882,
          "val_loss": 6.904317916870117,
          "val_acc": 0.2,
          "lr": 0.05
        }
      ],
      "status": "success"
    },
    "UDWDC": {
      "method": "UDWDC",
      "model": "resnet101",
      "dataset": "imagenet",
      "seed": 42,
      "epochs": 2,
      "batch_size": 256,
      "lr": 0.1,
      "weight_decay": 0.0001,
      "best_val_acc": 0.18,
      "final_val_acc": 0.18,
      "final_train_acc": 0.19818474264705882,
      "elapsed_sec": 156.56724190711975,
      "epoch_results": [
        {
          "epoch": 1,
          "train_loss": 7.115699680412517,
          "train_acc": 0.15510110294117646,
          "val_loss": 6.906240106201172,
          "val_acc": 0.08,
          "lr": 0.1
        },
        {
          "epoch": 2,
          "train_loss": 6.897942304611206,
          "train_acc": 0.19818474264705882,
          "val_loss": 6.916658214569091,
          "val_acc": 0.18,
          "lr": 0.05
        }
      ],
      "status": "success"
    }
  },
  "pass_criteria": "All 4 methods complete 2 epochs without OOM",
  "timestamp": "2026-03-25T09:14:13.924612"
}