{
  "method": "SWD",
  "seed": 42,
  "model": "resnet101",
  "dataset": "imagenet",
  "epochs": [
    {
      "epoch": 0,
      "train_loss": 7.133206844329834,
      "test_loss": 6.9102638145446775,
      "train_acc": 0.11685363247863248,
      "test_acc": 0.08,
      "lr": 0.1,
      "mean_rho_t": 0.0017020402881957153,
      "std_rho_t": 0.005659832439303956,
      "mean_alpha_t": -0.012799839056922563,
      "mean_effective_wd": 6.219552237409705e-07,
      "total_wd_budget_epoch": 0.00019529394025466474
    },
    {
      "epoch": 1,
      "train_loss": 6.901503705570841,
      "test_loss": 6.909778726959228,
      "train_acc": 0.15691773504273504,
      "test_acc": 0.1,
      "lr": 0.05,
      "mean_rho_t": 0.001548436216256517,
      "std_rho_t": 0.004498109696223361,
      "mean_alpha_t": 0.06769410298220645,
      "mean_effective_wd": 5.605321839235996e-07,
      "total_wd_budget_epoch": 0.00017600710575201028
    }
  ]
}