{
  "method": "UDWDC",
  "seed": 42,
  "model": "resnet101",
  "dataset": "imagenet",
  "epochs": [
    {
      "epoch": 0,
      "train_loss": 7.115699680412517,
      "test_loss": 6.906240106201172,
      "train_acc": 0.15510110294117646,
      "test_acc": 0.08,
      "lr": 0.1,
      "mean_rho_t": 0.0019822175969263574,
      "std_rho_t": 0.005403778083923035,
      "mean_alpha_t": 0.04891801233766771,
      "mean_effective_wd": 7.897511581676346e-05,
      "total_wd_budget_epoch": 0.024798186366463724
    },
    {
      "epoch": 1,
      "train_loss": 6.897942304611206,
      "test_loss": 6.916658214569091,
      "train_acc": 0.19818474264705882,
      "test_acc": 0.18,
      "lr": 0.05,
      "mean_rho_t": 0.0009430526869279901,
      "std_rho_t": 0.003851929083414671,
      "mean_alpha_t": 0.022093453489379248,
      "mean_effective_wd": 9.286172337814198e-05,
      "total_wd_budget_epoch": 0.02915858114073658
    }
  ]
}