{
  "method": "UDWDC-v2",
  "seed": 42,
  "model": "resnet101",
  "dataset": "imagenet",
  "epochs": [
    {
      "epoch": 0,
      "train_loss": 7.148759446592412,
      "test_loss": 7.563833686828613,
      "train_acc": 0.15357905982905984,
      "test_acc": 0.12,
      "lr": 0.1,
      "mean_rho_t": 0.001046320320109189,
      "std_rho_t": 0.0051642459831785755,
      "mean_alpha_t": 0.014859300931971934,
      "mean_effective_wd": 0.00012459238743708917,
      "total_wd_budget_epoch": 0.039122009655245996
    },
    {
      "epoch": 1,
      "train_loss": 6.906275773659731,
      "test_loss": 7.1311723976135255,
      "train_acc": 0.22369123931623933,
      "test_acc": 0.2,
      "lr": 0.05,
      "mean_rho_t": 0.0019798162380339555,
      "std_rho_t": 0.00499960379891875,
      "mean_alpha_t": 0.03874993098477045,
      "mean_effective_wd": 0.00012011489895609111,
      "total_wd_budget_epoch": 0.03771607827221261
    }
  ]
}