{
  "task": "h3_fix_pilot",
  "hypothesis": "H3: Steering absorbed features toward parent direction improves sensitivity",
  "config": {
    "n_samples": 100,
    "alpha_values": [
      0.0,
      0.5,
      1.0,
      2.0,
      5.0
    ],
    "n_absorbed_features": 20,
    "n_non_absorbed_features": 20,
    "seed": 42
  },
  "steering_verification": {
    "steering_works": true,
    "delta_nonzero_threshold": 1e-06,
    "results_by_alpha": {
      "0.0": {
        "mean_delta_norm": 0.0,
        "mean_delta_percent": 0.0
      },
      "0.5": {
        "mean_delta_norm": 0.013471785560250282,
        "mean_delta_percent": 134717855.60250282
      },
      "1.0": {
        "mean_delta_norm": 0.025629294272512197,
        "mean_delta_percent": 472.09391254310856
      },
      "2.0": {
        "mean_delta_norm": 0.05177134662866592,
        "mean_delta_percent": 11.522586800473587
      },
      "5.0": {
        "mean_delta_norm": 0.1520937550254166,
        "mean_delta_percent": 1520937550.2541661
      }
    }
  },
  "sensitivity_analysis": {
    "absorbed_mean_sensitivity": 0.055013694741064684,
    "non_absorbed_mean_sensitivity": 0.03394588368246332,
    "sensitivity_ratio": 1.6206288529526955,
    "results_by_alpha": {
      "0.0": {
        "absorbed": 0.0,
        "non_absorbed": 0.0,
        "difference": 0.0
      },
      "0.5": {
        "absorbed": 0.011401364598423242,
        "non_absorbed": 0.008312595896422864,
        "difference": 0.0030887687020003784
      },
      "1.0": {
        "absorbed": 0.021644003689289093,
        "non_absorbed": 0.01717503245919943,
        "difference": 0.004468971230089665
      },
      "2.0": {
        "absorbed": 0.05214813905768097,
        "non_absorbed": 0.038735179901123046,
        "difference": 0.013412959156557921
      },
      "5.0": {
        "absorbed": 0.13486127161886544,
        "non_absorbed": 0.07156072647310793,
        "difference": 0.0633005451457575
      }
    }
  },
  "pass_criteria": {
    "steering_changes_activations": true,
    "absorbed_more_sensitive": true,
    "overall_pass": true
  },
  "timestamp": "2026-04-29T16:37:18.636948"
}