{
  "task": "h_safe_pilot",
  "hypothesis": "H_Safe: Safety-critical features have higher absorption rates",
  "config": {
    "release": "gemma-2b-res-jb",
    "sae_id": "blocks.12.hook_resid_post",
    "layer": 12,
    "d_in": 2048,
    "d_sae": 16384,
    "n_safety_features": 20,
    "n_non_safety_features": 20,
    "n_samples_per_feature": 50,
    "k_children": 5,
    "seed": 42
  },
  "results": {
    "safety": {
      "absorption_mean": 0.9067599999999999,
      "absorption_std": 0.03829692415847521,
      "absorption_min": 0.8408,
      "absorption_max": 0.9976,
      "n_measured": 20,
      "feature_indices": [
        500,
        501,
        502,
        503,
        504,
        505,
        506,
        507,
        508,
        509,
        510,
        511,
        512,
        513,
        514,
        515,
        516,
        517,
        518,
        519
      ]
    },
    "non_safety": {
      "absorption_mean": 0.9064399999999999,
      "absorption_std": 0.04847133585945411,
      "absorption_min": 0.8264,
      "absorption_max": 0.9984000000000001,
      "n_measured": 20,
      "feature_indices": [
        100,
        101,
        102,
        103,
        104,
        105,
        106,
        107,
        108,
        109,
        110,
        111,
        112,
        113,
        114,
        115,
        116,
        117,
        118,
        119
      ]
    }
  },
  "statistics": {
    "mann_whitney_u": 216.5,
    "p_value": 0.6651295361409277,
    "mean_difference": 0.00031999999999998696,
    "alternative": "two-sided"
  },
  "pass_criteria": {
    "p_threshold": 0.05,
    "h_safe_pass": false
  },
  "timestamp": "2026-04-29T17:04:28.922465"
}