{
  "task_id": "ablation_steering_strength",
  "model": "gpt2",
  "layer": 8,
  "seed": 42,
  "device": "cuda",
  "gpu": "NVIDIA RTX PRO 6000 Blackwell Server Edition",
  "timestamp": "2026-04-28T03:39:21.839486",
  "method": "dose_response_reconstruction_fidelity",
  "strengths": [
    0.5,
    1.0,
    2.0,
    5.0,
    10.0,
    20.0
  ],
  "test_letters": [
    "L",
    "N",
    "O",
    "A",
    "B",
    "C"
  ],
  "high_letters": [
    "L",
    "N",
    "O"
  ],
  "low_letters": [
    "A",
    "B",
    "C"
  ],
  "dose_results": {
    "L": {
      "0.5": {
        "mean_mse": 736658176.0,
        "std_mse": 0.0,
        "mean_cosine": -0.5890259742736816,
        "std_cosine": 0.0
      },
      "1.0": {
        "mean_mse": 2939454976.0,
        "std_mse": 0.0,
        "mean_cosine": -0.589028537273407,
        "std_cosine": 0.0
      },
      "2.0": {
        "mean_mse": 11743504384.0,
        "std_mse": 0.0,
        "mean_cosine": -0.589029848575592,
        "std_cosine": 0.0
      },
      "5.0": {
        "mean_mse": 73343270912.0,
        "std_mse": 0.0,
        "mean_cosine": -0.5890305638313293,
        "std_cosine": 0.0
      },
      "10.0": {
        "mean_mse": 293301714944.0,
        "std_mse": 0.0,
        "mean_cosine": -0.5890308022499084,
        "std_cosine": 0.0
      },
      "20.0": {
        "mean_mse": 1173063991296.0,
        "std_mse": 0.0,
        "mean_cosine": -0.5890309810638428,
        "std_cosine": 0.0
      }
    },
    "N": {
      "0.5": {
        "mean_mse": 736658176.0,
        "std_mse": 0.0,
        "mean_cosine": -0.5890259742736816,
        "std_cosine": 0.0
      },
      "1.0": {
        "mean_mse": 2939454976.0,
        "std_mse": 0.0,
        "mean_cosine": -0.589028537273407,
        "std_cosine": 0.0
      },
      "2.0": {
        "mean_mse": 11743504384.0,
        "std_mse": 0.0,
        "mean_cosine": -0.589029848575592,
        "std_cosine": 0.0
      },
      "5.0": {
        "mean_mse": 73343270912.0,
        "std_mse": 0.0,
        "mean_cosine": -0.5890305638313293,
        "std_cosine": 0.0
      },
      "10.0": {
        "mean_mse": 293301714944.0,
        "std_mse": 0.0,
        "mean_cosine": -0.5890308022499084,
        "std_cosine": 0.0
      },
      "20.0": {
        "mean_mse": 1173063991296.0,
        "std_mse": 0.0,
        "mean_cosine": -0.5890309810638428,
        "std_cosine": 0.0
      }
    },
    "O": {
      "0.5": {
        "mean_mse": 736658176.0,
        "std_mse": 0.0,
        "mean_cosine": -0.5890259742736816,
        "std_cosine": 0.0
      },
      "1.0": {
        "mean_mse": 2939454976.0,
        "std_mse": 0.0,
        "mean_cosine": -0.589028537273407,
        "std_cosine": 0.0
      },
      "2.0": {
        "mean_mse": 11743504384.0,
        "std_mse": 0.0,
        "mean_cosine": -0.589029848575592,
        "std_cosine": 0.0
      },
      "5.0": {
        "mean_mse": 73343270912.0,
        "std_mse": 0.0,
        "mean_cosine": -0.5890305638313293,
        "std_cosine": 0.0
      },
      "10.0": {
        "mean_mse": 293301714944.0,
        "std_mse": 0.0,
        "mean_cosine": -0.5890308022499084,
        "std_cosine": 0.0
      },
      "20.0": {
        "mean_mse": 1173063991296.0,
        "std_mse": 0.0,
        "mean_cosine": -0.5890309810638428,
        "std_cosine": 0.0
      }
    },
    "A": {
      "0.5": {
        "mean_mse": 736658176.0,
        "std_mse": 0.0,
        "mean_cosine": -0.5890259742736816,
        "std_cosine": 0.0
      },
      "1.0": {
        "mean_mse": 2939454976.0,
        "std_mse": 0.0,
        "mean_cosine": -0.589028537273407,
        "std_cosine": 0.0
      },
      "2.0": {
        "mean_mse": 11743504384.0,
        "std_mse": 0.0,
        "mean_cosine": -0.589029848575592,
        "std_cosine": 0.0
      },
      "5.0": {
        "mean_mse": 73343270912.0,
        "std_mse": 0.0,
        "mean_cosine": -0.5890305638313293,
        "std_cosine": 0.0
      },
      "10.0": {
        "mean_mse": 293301714944.0,
        "std_mse": 0.0,
        "mean_cosine": -0.5890308022499084,
        "std_cosine": 0.0
      },
      "20.0": {
        "mean_mse": 1173063991296.0,
        "std_mse": 0.0,
        "mean_cosine": -0.5890309810638428,
        "std_cosine": 0.0
      }
    },
    "B": {
      "0.5": {
        "mean_mse": 736658176.0,
        "std_mse": 0.0,
        "mean_cosine": -0.5890259742736816,
        "std_cosine": 0.0
      },
      "1.0": {
        "mean_mse": 2939454976.0,
        "std_mse": 0.0,
        "mean_cosine": -0.589028537273407,
        "std_cosine": 0.0
      },
      "2.0": {
        "mean_mse": 11743504384.0,
        "std_mse": 0.0,
        "mean_cosine": -0.589029848575592,
        "std_cosine": 0.0
      },
      "5.0": {
        "mean_mse": 73343270912.0,
        "std_mse": 0.0,
        "mean_cosine": -0.5890305638313293,
        "std_cosine": 0.0
      },
      "10.0": {
        "mean_mse": 293301714944.0,
        "std_mse": 0.0,
        "mean_cosine": -0.5890308022499084,
        "std_cosine": 0.0
      },
      "20.0": {
        "mean_mse": 1173063991296.0,
        "std_mse": 0.0,
        "mean_cosine": -0.5890309810638428,
        "std_cosine": 0.0
      }
    },
    "C": {
      "0.5": {
        "mean_mse": 736658176.0,
        "std_mse": 0.0,
        "mean_cosine": -0.5890259742736816,
        "std_cosine": 0.0
      },
      "1.0": {
        "mean_mse": 2939454976.0,
        "std_mse": 0.0,
        "mean_cosine": -0.589028537273407,
        "std_cosine": 0.0
      },
      "2.0": {
        "mean_mse": 11743504384.0,
        "std_mse": 0.0,
        "mean_cosine": -0.589029848575592,
        "std_cosine": 0.0
      },
      "5.0": {
        "mean_mse": 73343270912.0,
        "std_mse": 0.0,
        "mean_cosine": -0.5890305638313293,
        "std_cosine": 0.0
      },
      "10.0": {
        "mean_mse": 293301714944.0,
        "std_mse": 0.0,
        "mean_cosine": -0.5890308022499084,
        "std_cosine": 0.0
      },
      "20.0": {
        "mean_mse": 1173063991296.0,
        "std_mse": 0.0,
        "mean_cosine": -0.5890309810638428,
        "std_cosine": 0.0
      }
    }
  }
}