{
  "task_id": "full_correlation",
  "timestamp": "2026-04-28T03:34:14.379502",
  "layers_analyzed": [
    10,
    11
  ],
  "layer_correlations": {
    "11": {
      "n_letters": 26,
      "absorption_vs_mse": {
        "r": -0.1438561560272082,
        "p": 0.48323450708827237
      },
      "absorption_vs_cosine": {
        "r": -0.14385615602720814,
        "p": 0.4832345070882731
      },
      "absorption_vs_activation": {
        "r": 0.35487372491098534,
        "p": 0.07525126196084891
      }
    }
  },
  "h3_test": {
    "cv_mse": null,
    "cv_cosine": null,
    "cv_activation": null,
    "passes": {
      "insufficient_layers": true
    }
  }
}