{
  "task_id": "full_probing_l12",
  "model": "gpt2",
  "layer": 10,
  "dictionary_size": 32768,
  "seed": 42,
  "device": "cuda",
  "gpu": "NVIDIA RTX PRO 6000 Blackwell Server Edition",
  "timestamp": "2026-04-28T03:28:12.713589",
  "method": "k_sparse_probing",
  "note": "Adapted from requested Gemma-2-2B layer 12 to GPT-2 Small layer 10",
  "summary": {
    "n_samples": 390,
    "n_features": 32768,
    "k_sparse_results": {
      "1": {
        "k": 1,
        "f1_score": 0.0028490028490028487,
        "accuracy": 0.038461538461538464,
        "top_features": [
          13053
        ],
        "mi_scores": [
          0.16152347966455594
        ]
      },
      "5": {
        "k": 5,
        "f1_score": 0.0028490028490028487,
        "accuracy": 0.038461538461538464,
        "top_features": [
          6183,
          6125,
          32533,
          22702,
          13053
        ],
        "mi_scores": [
          0.14607244613954418,
          0.15120795308844226,
          0.15269194175311807,
          0.15980287853046882,
          0.16152347966455594
        ]
      },
      "10": {
        "k": 10,
        "f1_score": 0.0028490028490028487,
        "accuracy": 0.038461538461538464,
        "top_features": [
          14209,
          26714,
          6259,
          11806,
          4123,
          6183,
          6125,
          32533,
          22702,
          13053
        ],
        "mi_scores": [
          0.13844316624681685,
          0.13964869888937326,
          0.14126048803592983,
          0.14200497020761915,
          0.14244681764641598,
          0.14607244613954418,
          0.15120795308844226,
          0.15269194175311807,
          0.15980287853046882,
          0.16152347966455594
        ]
      },
      "20": {
        "k": 20,
        "f1_score": 0.0028490028490028487,
        "accuracy": 0.038461538461538464,
        "top_features": [
          9931,
          1592,
          31127,
          21869,
          13071,
          13331,
          22329,
          160,
          19647,
          23766,
          14209,
          26714,
          6259,
          11806,
          4123,
          6183,
          6125,
          32533,
          22702,
          13053
        ],
        "mi_scores": [
          0.12935278778416937,
          0.12970766865442585,
          0.13125056388418255,
          0.13165902200835689,
          0.1317641660958344,
          0.13193650887999198,
          0.1323031235043235,
          0.1323407410205979,
          0.13398760241071184,
          0.13403047819763625,
          0.13844316624681685,
          0.13964869888937326,
          0.14126048803592983,
          0.14200497020761915,
          0.14244681764641598,
          0.14607244613954418,
          0.15120795308844226,
          0.15269194175311807,
          0.15980287853046882,
          0.16152347966455594
        ]
      }
    },
    "absorption_comparison": {
      "high_absorption": {
        "n_features": 7,
        "feature_ids": [
          22894,
          21427,
          13602,
          24565,
          9228,
          11119,
          12734
        ],
        "f1_score": 0.0028490028490028487,
        "accuracy": 0.038461538461538464
      },
      "low_absorption": {
        "n_features": 19,
        "feature_ids": [
          6690,
          26945,
          30796,
          21243,
          15212,
          28191,
          7249,
          26933,
          8414,
          26672,
          15710,
          29025,
          15557,
          6690,
          6690,
          6690,
          6690,
          6690,
          6690
        ],
        "f1_score": 0.0028490028490028487,
        "accuracy": 0.038461538461538464
      }
    }
  },
  "probe_results": {
    "1": {
      "k": 1,
      "f1_score": 0.0028490028490028487,
      "accuracy": 0.038461538461538464,
      "top_features": [
        13053
      ],
      "mi_scores": [
        0.16152347966455594
      ]
    },
    "5": {
      "k": 5,
      "f1_score": 0.0028490028490028487,
      "accuracy": 0.038461538461538464,
      "top_features": [
        6183,
        6125,
        32533,
        22702,
        13053
      ],
      "mi_scores": [
        0.14607244613954418,
        0.15120795308844226,
        0.15269194175311807,
        0.15980287853046882,
        0.16152347966455594
      ]
    },
    "10": {
      "k": 10,
      "f1_score": 0.0028490028490028487,
      "accuracy": 0.038461538461538464,
      "top_features": [
        14209,
        26714,
        6259,
        11806,
        4123,
        6183,
        6125,
        32533,
        22702,
        13053
      ],
      "mi_scores": [
        0.13844316624681685,
        0.13964869888937326,
        0.14126048803592983,
        0.14200497020761915,
        0.14244681764641598,
        0.14607244613954418,
        0.15120795308844226,
        0.15269194175311807,
        0.15980287853046882,
        0.16152347966455594
      ]
    },
    "20": {
      "k": 20,
      "f1_score": 0.0028490028490028487,
      "accuracy": 0.038461538461538464,
      "top_features": [
        9931,
        1592,
        31127,
        21869,
        13071,
        13331,
        22329,
        160,
        19647,
        23766,
        14209,
        26714,
        6259,
        11806,
        4123,
        6183,
        6125,
        32533,
        22702,
        13053
      ],
      "mi_scores": [
        0.12935278778416937,
        0.12970766865442585,
        0.13125056388418255,
        0.13165902200835689,
        0.1317641660958344,
        0.13193650887999198,
        0.1323031235043235,
        0.1323407410205979,
        0.13398760241071184,
        0.13403047819763625,
        0.13844316624681685,
        0.13964869888937326,
        0.14126048803592983,
        0.14200497020761915,
        0.14244681764641598,
        0.14607244613954418,
        0.15120795308844226,
        0.15269194175311807,
        0.15980287853046882,
        0.16152347966455594
      ]
    }
  },
  "comparison_results": {
    "high_absorption": {
      "n_features": 7,
      "feature_ids": [
        22894,
        21427,
        13602,
        24565,
        9228,
        11119,
        12734
      ],
      "f1_score": 0.0028490028490028487,
      "accuracy": 0.038461538461538464
    },
    "low_absorption": {
      "n_features": 19,
      "feature_ids": [
        6690,
        26945,
        30796,
        21243,
        15212,
        28191,
        7249,
        26933,
        8414,
        26672,
        15710,
        29025,
        15557,
        6690,
        6690,
        6690,
        6690,
        6690,
        6690
      ],
      "f1_score": 0.0028490028490028487,
      "accuracy": 0.038461538461538464
    }
  }
}