{
  "task_id": "full_probing_l16",
  "model": "gpt2",
  "layer": 11,
  "dictionary_size": 32768,
  "seed": 42,
  "device": "cuda",
  "gpu": "NVIDIA RTX PRO 6000 Blackwell Server Edition",
  "timestamp": "2026-04-28T03:32:07.067057",
  "method": "k_sparse_probing",
  "note": "Adapted from requested Gemma-2-2B layer 12 to GPT-2 Small layer 11",
  "summary": {
    "n_samples": 390,
    "n_features": 32768,
    "k_sparse_results": {
      "1": {
        "k": 1,
        "f1_score": 0.0028490028490028487,
        "accuracy": 0.038461538461538464,
        "top_features": [
          22702
        ],
        "mi_scores": [
          0.16503743638924728
        ]
      },
      "5": {
        "k": 5,
        "f1_score": 0.0028490028490028487,
        "accuracy": 0.038461538461538464,
        "top_features": [
          6183,
          6125,
          32533,
          13053,
          22702
        ],
        "mi_scores": [
          0.1489140409648,
          0.15120795308844226,
          0.15269194175311807,
          0.16152347966455594,
          0.16503743638924728
        ]
      },
      "10": {
        "k": 10,
        "f1_score": 0.0028490028490028487,
        "accuracy": 0.038461538461538464,
        "top_features": [
          24149,
          4123,
          11806,
          26714,
          14209,
          6183,
          6125,
          32533,
          13053,
          22702
        ],
        "mi_scores": [
          0.1380630645959231,
          0.14179665062760005,
          0.14200497020761915,
          0.14257896931069602,
          0.14565241817142116,
          0.1489140409648,
          0.15120795308844226,
          0.15269194175311807,
          0.16152347966455594,
          0.16503743638924728
        ]
      },
      "20": {
        "k": 20,
        "f1_score": 0.0028490028490028487,
        "accuracy": 0.038461538461538464,
        "top_features": [
          26985,
          13331,
          160,
          6259,
          25397,
          31127,
          22329,
          21869,
          23766,
          13071,
          24149,
          4123,
          11806,
          26714,
          14209,
          6183,
          6125,
          32533,
          13053,
          22702
        ],
        "mi_scores": [
          0.12962833430964782,
          0.12966799400897333,
          0.12977540179633795,
          0.12990096026461018,
          0.13114750946775544,
          0.13125056388418255,
          0.1323031235043235,
          0.13239048970651446,
          0.13336507238739337,
          0.13406369933808548,
          0.1380630645959231,
          0.14179665062760005,
          0.14200497020761915,
          0.14257896931069602,
          0.14565241817142116,
          0.1489140409648,
          0.15120795308844226,
          0.15269194175311807,
          0.16152347966455594,
          0.16503743638924728
        ]
      }
    },
    "absorption_comparison": {
      "high_absorption": {
        "n_features": 7,
        "feature_ids": [
          22894,
          21427,
          13602,
          24565,
          9228,
          11119,
          12734
        ],
        "f1_score": 0.0028490028490028487,
        "accuracy": 0.038461538461538464
      },
      "low_absorption": {
        "n_features": 19,
        "feature_ids": [
          6690,
          26945,
          30796,
          21243,
          15212,
          28191,
          7249,
          26933,
          8414,
          26672,
          15710,
          29025,
          15557,
          6690,
          6690,
          6690,
          6690,
          6690,
          6690
        ],
        "f1_score": 0.0028490028490028487,
        "accuracy": 0.038461538461538464
      }
    }
  },
  "probe_results": {
    "1": {
      "k": 1,
      "f1_score": 0.0028490028490028487,
      "accuracy": 0.038461538461538464,
      "top_features": [
        22702
      ],
      "mi_scores": [
        0.16503743638924728
      ]
    },
    "5": {
      "k": 5,
      "f1_score": 0.0028490028490028487,
      "accuracy": 0.038461538461538464,
      "top_features": [
        6183,
        6125,
        32533,
        13053,
        22702
      ],
      "mi_scores": [
        0.1489140409648,
        0.15120795308844226,
        0.15269194175311807,
        0.16152347966455594,
        0.16503743638924728
      ]
    },
    "10": {
      "k": 10,
      "f1_score": 0.0028490028490028487,
      "accuracy": 0.038461538461538464,
      "top_features": [
        24149,
        4123,
        11806,
        26714,
        14209,
        6183,
        6125,
        32533,
        13053,
        22702
      ],
      "mi_scores": [
        0.1380630645959231,
        0.14179665062760005,
        0.14200497020761915,
        0.14257896931069602,
        0.14565241817142116,
        0.1489140409648,
        0.15120795308844226,
        0.15269194175311807,
        0.16152347966455594,
        0.16503743638924728
      ]
    },
    "20": {
      "k": 20,
      "f1_score": 0.0028490028490028487,
      "accuracy": 0.038461538461538464,
      "top_features": [
        26985,
        13331,
        160,
        6259,
        25397,
        31127,
        22329,
        21869,
        23766,
        13071,
        24149,
        4123,
        11806,
        26714,
        14209,
        6183,
        6125,
        32533,
        13053,
        22702
      ],
      "mi_scores": [
        0.12962833430964782,
        0.12966799400897333,
        0.12977540179633795,
        0.12990096026461018,
        0.13114750946775544,
        0.13125056388418255,
        0.1323031235043235,
        0.13239048970651446,
        0.13336507238739337,
        0.13406369933808548,
        0.1380630645959231,
        0.14179665062760005,
        0.14200497020761915,
        0.14257896931069602,
        0.14565241817142116,
        0.1489140409648,
        0.15120795308844226,
        0.15269194175311807,
        0.16152347966455594,
        0.16503743638924728
      ]
    }
  },
  "comparison_results": {
    "high_absorption": {
      "n_features": 7,
      "feature_ids": [
        22894,
        21427,
        13602,
        24565,
        9228,
        11119,
        12734
      ],
      "f1_score": 0.0028490028490028487,
      "accuracy": 0.038461538461538464
    },
    "low_absorption": {
      "n_features": 19,
      "feature_ids": [
        6690,
        26945,
        30796,
        21243,
        15212,
        28191,
        7249,
        26933,
        8414,
        26672,
        15710,
        29025,
        15557,
        6690,
        6690,
        6690,
        6690,
        6690,
        6690
      ],
      "f1_score": 0.0028490028490028487,
      "accuracy": 0.038461538461538464
    }
  }
}