{
  "task_id": "ablation_ort_sae_no_penalty",
  "results": {
    "seed_42": {
      "absorption_rate": 0.23409496828231816,
      "l0_sparsity": 990.44436,
      "feature_recovery_mcc": 0.21369057893753052
    },
    "seed_123": {
      "absorption_rate": 0.2938205771643664,
      "l0_sparsity": 964.22424,
      "feature_recovery_mcc": 0.21452337503433228
    },
    "seed_456": {
      "absorption_rate": 0.24977217496962334,
      "l0_sparsity": 881.4859,
      "feature_recovery_mcc": 0.2138868272304535
    },
    "seed_789": {
      "absorption_rate": 0.2180234360468721,
      "l0_sparsity": 922.95217,
      "feature_recovery_mcc": 0.21441474556922913
    },
    "seed_1011": {
      "absorption_rate": 0.15260759805430701,
      "l0_sparsity": 844.94658,
      "feature_recovery_mcc": 0.21469785273075104
    }
  },
  "elapsed_seconds": 13.613649368286133,
  "timestamp": "2026-04-26T17:33:28.246169"
}