{
  "task_id": "ablation_topk_as_relu",
  "results": {
    "seed_42": {
      "absorption_rate": 0.20688858779331157,
      "l0_sparsity": 912.8878,
      "feature_recovery_mcc": 0.20873898267745972
    },
    "seed_123": {
      "absorption_rate": 0.16951066499372647,
      "l0_sparsity": 907.28316,
      "feature_recovery_mcc": 0.2097889930009842
    },
    "seed_456": {
      "absorption_rate": 0.16028250303766708,
      "l0_sparsity": 762.55497,
      "feature_recovery_mcc": 0.210633784532547
    },
    "seed_789": {
      "absorption_rate": 0.2365769731539463,
      "l0_sparsity": 815.85811,
      "feature_recovery_mcc": 0.20867453515529633
    },
    "seed_1011": {
      "absorption_rate": 0.12494612400714242,
      "l0_sparsity": 771.60989,
      "feature_recovery_mcc": 0.20979571342468262
    }
  },
  "elapsed_seconds": 12.834684133529663,
  "timestamp": "2026-04-26T17:33:41.081463"
}