{
  "task_id": "ablation_matryoshka_flat",
  "results": {
    "seed_42": {
      "absorption_rate": 0.054335776313358376,
      "l0_sparsity": 50.0,
      "feature_recovery_mcc": 0.218362957239151
    },
    "seed_123": {
      "absorption_rate": 0.037233375156838146,
      "l0_sparsity": 50.0,
      "feature_recovery_mcc": 0.2192334234714508
    },
    "seed_456": {
      "absorption_rate": 0.054237545565006075,
      "l0_sparsity": 50.0,
      "feature_recovery_mcc": 0.21953758597373962
    },
    "seed_789": {
      "absorption_rate": 0.06258912517825035,
      "l0_sparsity": 50.0,
      "feature_recovery_mcc": 0.21865272521972656
    },
    "seed_1011": {
      "absorption_rate": 0.07133181454343944,
      "l0_sparsity": 50.0,
      "feature_recovery_mcc": 0.21901410818099976
    }
  },
  "elapsed_seconds": 19.225148677825928,
  "timestamp": "2026-04-26T17:26:30.316636"
}