{
  "task_id": "analysis_statistics",
  "variant_count": 10,
  "summary": {
    "random_control": {
      "absorption_mean": 0.4947459547388518,
      "absorption_std": 0.035442692627787584,
      "l0_mean": 1029.55329
    },
    "Full Matryoshka": {
      "absorption_mean": 0.05741566574862341,
      "absorption_std": 0.023382809189168092,
      "l0_mean": 50.0
    },
    "Gated SAE": {
      "absorption_mean": 0.2572058593672598,
      "absorption_std": 0.05243796187383194,
      "l0_mean": 962.0700439999998
    },
    "MultiScale (Matryoshka)": {
      "absorption_mean": 0.05741566574862341,
      "absorption_std": 0.023382809189168092,
      "l0_mean": 50.0
    },
    "Orthogonality SAE": {
      "absorption_mean": 0.24651145970632243,
      "absorption_std": 0.04814150233258916,
      "l0_mean": 550.430306
    },
    "Baseline ReLU": {
      "absorption_mean": 0.25368220247900664,
      "absorption_std": 0.04720780221781216,
      "l0_mean": 964.37836
    },
    "TopK (k=50)": {
      "absorption_mean": 0.055549323269034154,
      "absorption_std": 0.020643995489996337,
      "l0_mean": 50.0
    }
  },
  "timestamp": "2026-04-26T17:33:41.083665"
}