{
  "seed": 42,
  "metrics": {
    "absorption_rate": 0.431606823920675,
    "feature_recovery_mcc": 0.22226309776306152,
    "reconstruction_mse": 0.7015611886978149,
    "explained_variance": -125.24584209223791,
    "l0_sparsity": 1026.12415,
    "true_l0": 1.58723,
    "dead_latents": 0,
    "shrinkage": 9.24484744140625,
    "uniqueness": 0.44189453125,
    "hedging_score": 0.24462890625,
    "classification_precision": 0.0027899930719286203,
    "classification_recall": 0.19409063458442688,
    "classification_f1": 0.004071849398314953,
    "classification_accuracy": 0.4987527132034302
  }
}