{
  "task_id": "full_rq3_mutual_coherence",
  "results": {
    "seed_42": {
      "mutual_coherence_max": 0.307724267244339,
      "mutual_coherence_mean": 0.0498797744512558
    },
    "seed_123": {
      "mutual_coherence_max": 0.3208184540271759,
      "mutual_coherence_mean": 0.04986438900232315
    },
    "seed_456": {
      "mutual_coherence_max": 0.3238004744052887,
      "mutual_coherence_mean": 0.04989632964134216
    },
    "seed_789": {
      "mutual_coherence_max": 0.31327712535858154,
      "mutual_coherence_mean": 0.04987310618162155
    },
    "seed_1011": {
      "mutual_coherence_max": 0.3146646320819855,
      "mutual_coherence_mean": 0.049894336611032486
    }
  },
  "elapsed_seconds": 0.03172755241394043,
  "timestamp": "2026-04-26T17:26:11.091110"
}