{
  "seed": 789,
  "metrics": {
    "absorption_rate": 0.03540207080414161,
    "feature_recovery_mcc": 0.21340832114219666,
    "reconstruction_mse": 0.007718353159725666,
    "explained_variance": -0.3990619563133204,
    "l0_sparsity": 50.0,
    "true_l0": 1.58098,
    "dead_latents": 1660,
    "shrinkage": 0.5655831213378906,
    "uniqueness": 0.34228515625,
    "hedging_score": 0.25634765625,
    "classification_precision": 0.0013719608541578054,
    "classification_recall": 0.015994679182767868,
    "classification_f1": 0.0015222486108541489,
    "classification_accuracy": 0.97414231300354
  },
  "absorption_details": {
    "absorption_rate": 0.03540207080414161,
    "num_pairs": 992,
    "parent_fire_count": 64516,
    "absorption_count": 2284
  },
  "hedging_details": {
    "hedging_score": 0.25634765625,
    "hedging_latents": 525,
    "total_latents": 2048
  }
}