{
  "seed": 42,
  "metrics": {
    "absorption_rate": 0.21434070333189628,
    "feature_recovery_mcc": 0.21695266664028168,
    "reconstruction_mse": 0.008373301289975644,
    "explained_variance": -0.5079430201621902,
    "l0_sparsity": 1059.13051,
    "true_l0": 1.58364,
    "dead_latents": 0,
    "shrinkage": 0.8910531268310546,
    "uniqueness": 0.39892578125,
    "hedging_score": 0.2236328125,
    "classification_precision": 0.0029927603900432587,
    "classification_recall": 0.1962483823299408,
    "classification_f1": 0.004631250165402889,
    "classification_accuracy": 0.4832087755203247
  },
  "absorption_details": {
    "absorption_rate": 0.21434070333189628,
    "num_pairs": 992,
    "parent_fire_count": 64948,
    "absorption_count": 13921
  },
  "hedging_details": {
    "hedging_score": 0.2236328125,
    "hedging_latents": 458,
    "total_latents": 2048
  }
}