{
  "task_id": "full_rq4_semantic_generalization",
  "results": {
    "seed_42": {
      "absorption_rate": 0.18693416271478722,
      "num_pairs": 992
    },
    "seed_123": {
      "absorption_rate": 0.2938205771643664,
      "num_pairs": 992
    },
    "seed_456": {
      "absorption_rate": 0.24977217496962334,
      "num_pairs": 992
    },
    "seed_789": {
      "absorption_rate": 0.2180234360468721,
      "num_pairs": 992
    },
    "seed_1011": {
      "absorption_rate": 0.15260759805430701,
      "num_pairs": 992
    }
  },
  "elapsed_seconds": 12.33510136604309,
  "timestamp": "2026-04-26T17:26:11.058806"
}