{
  "task_id": "full_rq2_dose_response",
  "results": {
    "lambda_5e-05": {
      "seed_42": {
        "seed": 42,
        "lambda_l1": 5e-05,
        "metrics": {
          "absorption_rate": 0.17412391451622836,
          "feature_recovery_mcc": 0.2200496941804886,
          "l0_sparsity": 1072.23124,
          "true_l0": 1.58193,
          "dead_latents": 0
        }
      },
      "seed_123": {
        "seed": 123,
        "lambda_l1": 5e-05,
        "metrics": {
          "absorption_rate": 0.20321518193224591,
          "feature_recovery_mcc": 0.22011825442314148,
          "l0_sparsity": 893.56795,
          "true_l0": 1.58449,
          "dead_latents": 0
        }
      },
      "seed_456": {
        "seed": 456,
        "lambda_l1": 5e-05,
        "metrics": {
          "absorption_rate": 0.23473572296476305,
          "feature_recovery_mcc": 0.22054536640644073,
          "l0_sparsity": 1014.83181,
          "true_l0": 1.57916,
          "dead_latents": 0
        }
      },
      "seed_789": {
        "seed": 789,
        "lambda_l1": 5e-05,
        "metrics": {
          "absorption_rate": 0.23818897637795275,
          "feature_recovery_mcc": 0.22027184069156647,
          "l0_sparsity": 1129.50086,
          "true_l0": 1.57852,
          "dead_latents": 0
        }
      },
      "seed_1011": {
        "seed": 1011,
        "lambda_l1": 5e-05,
        "metrics": {
          "absorption_rate": 0.14625023089711225,
          "feature_recovery_mcc": 0.22164271771907806,
          "l0_sparsity": 800.68426,
          "true_l0": 1.58341,
          "dead_latents": 0
        }
      }
    },
    "lambda_0.0002": {
      "seed_42": {
        "seed": 42,
        "lambda_l1": 0.0002,
        "metrics": {
          "absorption_rate": 0.19298515735665456,
          "feature_recovery_mcc": 0.2199009358882904,
          "l0_sparsity": 1093.89832,
          "true_l0": 1.58562,
          "dead_latents": 0
        }
      },
      "seed_123": {
        "seed": 123,
        "lambda_l1": 0.0002,
        "metrics": {
          "absorption_rate": 0.20793601003764114,
          "feature_recovery_mcc": 0.21952730417251587,
          "l0_sparsity": 874.50777,
          "true_l0": 1.58449,
          "dead_latents": 0
        }
      },
      "seed_456": {
        "seed": 456,
        "lambda_l1": 0.0002,
        "metrics": {
          "absorption_rate": 0.255771567436209,
          "feature_recovery_mcc": 0.22020761668682098,
          "l0_sparsity": 1006.37526,
          "true_l0": 1.57916,
          "dead_latents": 0
        }
      },
      "seed_789": {
        "seed": 789,
        "lambda_l1": 0.0002,
        "metrics": {
          "absorption_rate": 0.23876247752495505,
          "feature_recovery_mcc": 0.22001837193965912,
          "l0_sparsity": 1111.21484,
          "true_l0": 1.57852,
          "dead_latents": 0
        }
      },
      "seed_1011": {
        "seed": 1011,
        "lambda_l1": 0.0002,
        "metrics": {
          "absorption_rate": 0.14103195616033495,
          "feature_recovery_mcc": 0.22134050726890564,
          "l0_sparsity": 747.55999,
          "true_l0": 1.58341,
          "dead_latents": 0
        }
      }
    },
    "lambda_0.0005": {
      "seed_42": {
        "seed": 42,
        "lambda_l1": 0.0005,
        "metrics": {
          "absorption_rate": 0.22628872328632135,
          "feature_recovery_mcc": 0.21924304962158203,
          "l0_sparsity": 1125.95863,
          "true_l0": 1.58562,
          "dead_latents": 0
        }
      },
      "seed_123": {
        "seed": 123,
        "lambda_l1": 0.0005,
        "metrics": {
          "absorption_rate": 0.21678168130489334,
          "feature_recovery_mcc": 0.21881094574928284,
          "l0_sparsity": 906.35541,
          "true_l0": 1.58449,
          "dead_latents": 0
        }
      },
      "seed_456": {
        "seed": 456,
        "lambda_l1": 0.0005,
        "metrics": {
          "absorption_rate": 0.25671324422843256,
          "feature_recovery_mcc": 0.21966026723384857,
          "l0_sparsity": 1015.5003,
          "true_l0": 1.57916,
          "dead_latents": 0
        }
      },
      "seed_789": {
        "seed": 789,
        "lambda_l1": 0.0005,
        "metrics": {
          "absorption_rate": 0.25761051522103046,
          "feature_recovery_mcc": 0.21917299926280975,
          "l0_sparsity": 1093.52671,
          "true_l0": 1.57852,
          "dead_latents": 0
        }
      },
      "seed_1011": {
        "seed": 1011,
        "lambda_l1": 0.0005,
        "metrics": {
          "absorption_rate": 0.14665045255834,
          "feature_recovery_mcc": 0.22094041109085083,
          "l0_sparsity": 733.42817,
          "true_l0": 1.58341,
          "dead_latents": 0
        }
      }
    },
    "lambda_0.001": {
      "seed_42": {
        "seed": 42,
        "lambda_l1": 0.001,
        "metrics": {
          "absorption_rate": 0.22029931637617786,
          "feature_recovery_mcc": 0.21800053119659424,
          "l0_sparsity": 1125.09421,
          "true_l0": 1.58562,
          "dead_latents": 0
        }
      },
      "seed_123": {
        "seed": 123,
        "lambda_l1": 0.001,
        "metrics": {
          "absorption_rate": 0.2710163111668758,
          "feature_recovery_mcc": 0.21784377098083496,
          "l0_sparsity": 940.48092,
          "true_l0": 1.58449,
          "dead_latents": 0
        }
      },
      "seed_456": {
        "seed": 456,
        "lambda_l1": 0.001,
        "metrics": {
          "absorption_rate": 0.2888973268529769,
          "feature_recovery_mcc": 0.21894803643226624,
          "l0_sparsity": 1017.73773,
          "true_l0": 1.57916,
          "dead_latents": 0
        }
      },
      "seed_789": {
        "seed": 789,
        "lambda_l1": 0.001,
        "metrics": {
          "absorption_rate": 0.24136648273296546,
          "feature_recovery_mcc": 0.21791991591453552,
          "l0_sparsity": 1077.00271,
          "true_l0": 1.57852,
          "dead_latents": 0
        }
      },
      "seed_1011": {
        "seed": 1011,
        "lambda_l1": 0.001,
        "metrics": {
          "absorption_rate": 0.1525768117726741,
          "feature_recovery_mcc": 0.21992972493171692,
          "l0_sparsity": 756.77058,
          "true_l0": 1.58341,
          "dead_latents": 0
        }
      }
    },
    "lambda_0.002": {
      "seed_42": {
        "seed": 42,
        "lambda_l1": 0.002,
        "metrics": {
          "absorption_rate": 0.20901336453778407,
          "feature_recovery_mcc": 0.21664680540561676,
          "l0_sparsity": 1102.24336,
          "true_l0": 1.58562,
          "dead_latents": 0
        }
      },
      "seed_123": {
        "seed": 123,
        "lambda_l1": 0.002,
        "metrics": {
          "absorption_rate": 0.27100062735257213,
          "feature_recovery_mcc": 0.21704767644405365,
          "l0_sparsity": 971.25045,
          "true_l0": 1.58449,
          "dead_latents": 0
        }
      },
      "seed_456": {
        "seed": 456,
        "lambda_l1": 0.002,
        "metrics": {
          "absorption_rate": 0.31927399756986635,
          "feature_recovery_mcc": 0.2178155779838562,
          "l0_sparsity": 1004.51833,
          "true_l0": 1.57916,
          "dead_latents": 0
        }
      },
      "seed_789": {
        "seed": 789,
        "lambda_l1": 0.002,
        "metrics": {
          "absorption_rate": 0.30063860127720254,
          "feature_recovery_mcc": 0.2171899378299713,
          "l0_sparsity": 1051.62148,
          "true_l0": 1.57852,
          "dead_latents": 0
        }
      },
      "seed_1011": {
        "seed": 1011,
        "lambda_l1": 0.002,
        "metrics": {
          "absorption_rate": 0.17565112985653591,
          "feature_recovery_mcc": 0.21863780915737152,
          "l0_sparsity": 794.73083,
          "true_l0": 1.58341,
          "dead_latents": 0
        }
      }
    }
  },
  "elapsed_seconds": 66.89401435852051,
  "timestamp": "2026-04-26T17:25:58.723197"
}