{
  "task_id": "full_topk",
  "variant": "TopK (k=50)",
  "architecture": "topk",
  "config": {
    "num_features": 1024,
    "hidden_dim": 256,
    "d_sae": 2048,
    "training_samples": 2000000,
    "batch_size": 1024,
    "seeds": [
      42,
      123,
      456,
      789,
      1011
    ],
    "device": "cuda"
  },
  "replicates": [
    {
      "seed": 42,
      "metrics": {
        "absorption_rate": 0.03177926956950176,
        "feature_recovery_mcc": 0.21228596568107605,
        "reconstruction_mse": 0.008009964041411877,
        "explained_variance": -0.44230342128195566,
        "l0_sparsity": 50.0,
        "true_l0": 1.58364,
        "dead_latents": 1700,
        "shrinkage": 0.6046420812988281,
        "uniqueness": 0.3583984375,
        "hedging_score": 0.19775390625,
        "classification_precision": 0.0024200344923883677,
        "classification_recall": 0.01773248426616192,
        "classification_f1": 0.0010484041413292289,
        "classification_accuracy": 0.9741988182067871
      },
      "absorption_details": {
        "absorption_rate": 0.03177926956950176,
        "num_pairs": 992,
        "parent_fire_count": 64948,
        "absorption_count": 2064
      },
      "hedging_details": {
        "hedging_score": 0.19775390625,
        "hedging_latents": 405,
        "total_latents": 2048
      }
    },
    {
      "seed": 123,
      "metrics": {
        "absorption_rate": 0.0865276035131744,
        "feature_recovery_mcc": 0.2119445651769638,
        "reconstruction_mse": 0.007848338736221195,
        "explained_variance": -0.41911668582995465,
        "l0_sparsity": 50.0,
        "true_l0": 1.5838,
        "dead_latents": 1668,
        "shrinkage": 0.5812224444580079,
        "uniqueness": 0.34033203125,
        "hedging_score": 0.2177734375,
        "classification_precision": 0.0011690823594108224,
        "classification_recall": 0.014903050847351551,
        "classification_f1": 0.000751608342397958,
        "classification_accuracy": 0.9747610688209534
      },
      "absorption_details": {
        "absorption_rate": 0.0865276035131744,
        "num_pairs": 992,
        "parent_fire_count": 63760,
        "absorption_count": 5517
      },
      "hedging_details": {
        "hedging_score": 0.2177734375,
        "hedging_latents": 446,
        "total_latents": 2048
      }
    },
    {
      "seed": 456,
      "metrics": {
        "absorption_rate": 0.06965370595382746,
        "feature_recovery_mcc": 0.21544739603996277,
        "reconstruction_mse": 0.007146330503746867,
        "explained_variance": -0.2804103747776281,
        "l0_sparsity": 50.0,
        "true_l0": 1.58033,
        "dead_latents": 1695,
        "shrinkage": 0.594746640625,
        "uniqueness": 0.3623046875,
        "hedging_score": 0.2119140625,
        "classification_precision": 0.0028048399835824966,
        "classification_recall": 0.015399778261780739,
        "classification_f1": 0.0015064150793477893,
        "classification_accuracy": 0.9747087359428406
      },
      "absorption_details": {
        "absorption_rate": 0.06965370595382746,
        "num_pairs": 992,
        "parent_fire_count": 65840,
        "absorption_count": 4586
      },
      "hedging_details": {
        "hedging_score": 0.2119140625,
        "hedging_latents": 434,
        "total_latents": 2048
      }
    },
    {
      "seed": 789,
      "metrics": {
        "absorption_rate": 0.03540207080414161,
        "feature_recovery_mcc": 0.21340832114219666,
        "reconstruction_mse": 0.007718353159725666,
        "explained_variance": -0.3990619563133204,
        "l0_sparsity": 50.0,
        "true_l0": 1.58098,
        "dead_latents": 1660,
        "shrinkage": 0.5655831213378906,
        "uniqueness": 0.34228515625,
        "hedging_score": 0.25634765625,
        "classification_precision": 0.0013719608541578054,
        "classification_recall": 0.015994679182767868,
        "classification_f1": 0.0015222486108541489,
        "classification_accuracy": 0.97414231300354
      },
      "absorption_details": {
        "absorption_rate": 0.03540207080414161,
        "num_pairs": 992,
        "parent_fire_count": 64516,
        "absorption_count": 2284
      },
      "hedging_details": {
        "hedging_score": 0.25634765625,
        "hedging_latents": 525,
        "total_latents": 2048
      }
    },
    {
      "seed": 1011,
      "metrics": {
        "absorption_rate": 0.05438396650452559,
        "feature_recovery_mcc": 0.21391475200653076,
        "reconstruction_mse": 0.007726041367277503,
        "explained_variance": -0.39340948815520727,
        "l0_sparsity": 50.0,
        "true_l0": 1.58558,
        "dead_latents": 1663,
        "shrinkage": 0.544043616027832,
        "uniqueness": 0.35791015625,
        "hedging_score": 0.27490234375,
        "classification_precision": 0.0010537373600527644,
        "classification_recall": 0.013974757865071297,
        "classification_f1": 0.0012393072247505188,
        "classification_accuracy": 0.9735321998596191
      },
      "absorption_details": {
        "absorption_rate": 0.05438396650452559,
        "num_pairs": 992,
        "parent_fire_count": 64964,
        "absorption_count": 3533
      },
      "hedging_details": {
        "hedging_score": 0.27490234375,
        "hedging_latents": 563,
        "total_latents": 2048
      }
    }
  ],
  "aggregated": {
    "absorption_rate": {
      "mean": 0.055549323269034154,
      "std": 0.020643995489996337,
      "min": 0.03177926956950176,
      "max": 0.0865276035131744,
      "values": [
        0.03177926956950176,
        0.0865276035131744,
        0.06965370595382746,
        0.03540207080414161,
        0.05438396650452559
      ]
    },
    "feature_recovery_mcc": {
      "mean": 0.213400200009346,
      "std": 0.0012502985405028818,
      "min": 0.2119445651769638,
      "max": 0.21544739603996277,
      "values": [
        0.21228596568107605,
        0.2119445651769638,
        0.21544739603996277,
        0.21340832114219666,
        0.21391475200653076
      ]
    },
    "reconstruction_mse": {
      "mean": 0.007689805561676621,
      "std": 0.0002915912746058203,
      "min": 0.007146330503746867,
      "max": 0.008009964041411877,
      "values": [
        0.008009964041411877,
        0.007848338736221195,
        0.007146330503746867,
        0.007718353159725666,
        0.007726041367277503
      ]
    },
    "explained_variance": {
      "mean": -0.3868603852716132,
      "std": 0.055924543782474356,
      "min": -0.44230342128195566,
      "max": -0.2804103747776281,
      "values": [
        -0.44230342128195566,
        -0.41911668582995465,
        -0.2804103747776281,
        -0.3990619563133204,
        -0.39340948815520727
      ]
    },
    "l0_sparsity": {
      "mean": 50.0,
      "std": 0.0,
      "min": 50.0,
      "max": 50.0,
      "values": [
        50.0,
        50.0,
        50.0,
        50.0,
        50.0
      ]
    },
    "true_l0": {
      "mean": 1.582866,
      "std": 0.0019403875901478945,
      "min": 1.58033,
      "max": 1.58558,
      "values": [
        1.58364,
        1.5838,
        1.58033,
        1.58098,
        1.58558
      ]
    },
    "dead_latents": {
      "mean": 1677.2,
      "std": 16.84517735139645,
      "min": 1660.0,
      "max": 1700.0,
      "values": [
        1700,
        1668,
        1695,
        1660,
        1663
      ]
    },
    "shrinkage": {
      "mean": 0.5780475807495117,
      "std": 0.021484125232261373,
      "min": 0.544043616027832,
      "max": 0.6046420812988281,
      "values": [
        0.6046420812988281,
        0.5812224444580079,
        0.594746640625,
        0.5655831213378906,
        0.544043616027832
      ]
    },
    "uniqueness": {
      "mean": 0.35224609375,
      "std": 0.00908045601258463,
      "min": 0.34033203125,
      "max": 0.3623046875,