{
  "seed": 123,
  "metrics": {
    "absorption_rate": 0.0441969887076537,
    "feature_recovery_mcc": 0.21980354189872742,
    "reconstruction_mse": 0.007540231570601463,
    "explained_variance": -0.3653454844783721,
    "l0_sparsity": 50.0,
    "true_l0": 1.5838,
    "dead_latents": 1186,
    "shrinkage": 0.6257573596191406,
    "uniqueness": 0.4111328125,
    "hedging_score": 0.2314453125,
    "classification_precision": 0.0040534483268857,
    "classification_recall": 0.027048613876104355,
    "classification_f1": 0.0022342761512845755,
    "classification_accuracy": 0.974118173122406
  },
  "absorption_details": {
    "absorption_rate": 0.0441969887076537,
    "num_pairs": 992,
    "parent_fire_count": 63760,
    "absorption_count": 2818
  },
  "hedging_details": {
    "hedging_score": 0.2314453125,
    "hedging_latents": 474,
    "total_latents": 2048
  }
}