{
  "seed": 1011,
  "metrics": {
    "absorption_rate": 0.4980450711163106,
    "feature_recovery_mcc": 0.22146090865135193,
    "reconstruction_mse": 0.7648716330528259,
    "explained_variance": -136.97157252491806,
    "l0_sparsity": 1049.0759,
    "true_l0": 1.58262,
    "dead_latents": 0,
    "shrinkage": 9.72607271484375,
    "uniqueness": 0.42138671875,
    "hedging_score": 0.2412109375,
    "classification_precision": 0.0025230306200683117,
    "classification_recall": 0.1806378960609436,
    "classification_f1": 0.0037839971482753754,
    "classification_accuracy": 0.4875449538230896
  }
}