{
  "seed": 42,
  "metrics": {
    "absorption_rate": 0.1882890928127117,
    "feature_recovery_mcc": 0.22249460220336914,
    "reconstruction_mse": 2.7572667568165345e-05,
    "explained_variance": 0.994451018000402,
    "l0_sparsity": 547.61048,
    "true_l0": 1.58317,
    "dead_latents": 13,
    "shrinkage": 0.9967255639648438,
    "uniqueness": 0.4345703125,
    "hedging_score": 0.23876953125,
    "classification_precision": 0.0054959869012236595,
    "classification_recall": 0.126474991440773,
    "classification_f1": 0.005707019940018654,
    "classification_accuracy": 0.7324798107147217
  }
}