{
  "seed": 42,
  "metrics": {
    "absorption_rate": 0.03177926956950176,
    "feature_recovery_mcc": 0.21228596568107605,
    "reconstruction_mse": 0.008009964041411877,
    "explained_variance": -0.44230342128195566,
    "l0_sparsity": 50.0,
    "true_l0": 1.58364,
    "dead_latents": 1700,
    "shrinkage": 0.6046420812988281,
    "uniqueness": 0.3583984375,
    "hedging_score": 0.19775390625,
    "classification_precision": 0.0024200344923883677,
    "classification_recall": 0.01773248426616192,
    "classification_f1": 0.0010484041413292289,
    "classification_accuracy": 0.9741988182067871
  },
  "absorption_details": {
    "absorption_rate": 0.03177926956950176,
    "num_pairs": 992,
    "parent_fire_count": 64948,
    "absorption_count": 2064
  },
  "hedging_details": {
    "hedging_score": 0.19775390625,
    "hedging_latents": 405,
    "total_latents": 2048
  }
}