{
  "task_id": "full_gating",
  "variant": "Gated SAE",
  "architecture": "gated",
  "config": {
    "num_features": 1024,
    "hidden_dim": 256,
    "d_sae": 2048,
    "training_samples": 2000000,
    "batch_size": 1024,
    "seeds": [
      42,
      123,
      456,
      789,
      1011
    ],
    "device": "cuda"
  },
  "replicates": [
    {
      "seed": 42,
      "metrics": {
        "absorption_rate": 0.21434070333189628,
        "feature_recovery_mcc": 0.21695266664028168,
        "reconstruction_mse": 0.008373301289975644,
        "explained_variance": -0.5079430201621902,
        "l0_sparsity": 1059.13051,
        "true_l0": 1.58364,
        "dead_latents": 0,
        "shrinkage": 0.8910531268310546,
        "uniqueness": 0.39892578125,
        "hedging_score": 0.2236328125,
        "classification_precision": 0.0029927603900432587,
        "classification_recall": 0.1962483823299408,
        "classification_f1": 0.004631250165402889,
        "classification_accuracy": 0.4832087755203247
      },
      "absorption_details": {
        "absorption_rate": 0.21434070333189628,
        "num_pairs": 992,
        "parent_fire_count": 64948,
        "absorption_count": 13921
      },
      "hedging_details": {
        "hedging_score": 0.2236328125,
        "hedging_latents": 458,
        "total_latents": 2048
      }
    },
    {
      "seed": 123,
      "metrics": {
        "absorption_rate": 0.3383939774153074,
        "feature_recovery_mcc": 0.21623241901397705,
        "reconstruction_mse": 0.00879502771422267,
        "explained_variance": -0.5876410618509789,
        "l0_sparsity": 956.83904,
        "true_l0": 1.5838,
        "dead_latents": 0,
        "shrinkage": 0.8732934527587891,
        "uniqueness": 0.392578125,
        "hedging_score": 0.23388671875,
        "classification_precision": 0.0018596639856696129,
        "classification_recall": 0.14793452620506287,
        "classification_f1": 0.0027921199798583984,
        "classification_accuracy": 0.5326279997825623
      },
      "absorption_details": {
        "absorption_rate": 0.3383939774153074,
        "num_pairs": 992,
        "parent_fire_count": 63760,
        "absorption_count": 21576
      },
      "hedging_details": {
        "hedging_score": 0.23388671875,
        "hedging_latents": 479,
        "total_latents": 2048
      }
    },
    {
      "seed": 456,
      "metrics": {
        "absorption_rate": 0.28526731470230865,
        "feature_recovery_mcc": 0.21810786426067352,
        "reconstruction_mse": 0.00706000323407352,
        "explained_variance": -0.26731161960019123,
        "l0_sparsity": 988.66821,
        "true_l0": 1.58033,
        "dead_latents": 0,
        "shrinkage": 0.8896789624023438,
        "uniqueness": 0.3935546875,
        "hedging_score": 0.228515625,
        "classification_precision": 0.0025517770554870367,
        "classification_recall": 0.1724567413330078,
        "classification_f1": 0.0036245158407837152,
        "classification_accuracy": 0.5173748731613159
      },
      "absorption_details": {
        "absorption_rate": 0.28526731470230865,
        "num_pairs": 992,
        "parent_fire_count": 65840,
        "absorption_count": 18782
      },
      "hedging_details": {
        "hedging_score": 0.228515625,
        "hedging_latents": 468,
        "total_latents": 2048
      }
    },
    {
      "seed": 789,
      "metrics": {
        "absorption_rate": 0.25813751627503256,
        "feature_recovery_mcc": 0.21726363897323608,
        "reconstruction_mse": 0.008182890340685844,
        "explained_variance": -0.48254932176493925,
        "l0_sparsity": 1025.92818,
        "true_l0": 1.58098,
        "dead_latents": 0,
        "shrinkage": 0.8853875207519531,
        "uniqueness": 0.3984375,
        "hedging_score": 0.24609375,
        "classification_precision": 0.0018659490160644054,
        "classification_recall": 0.16132253408432007,
        "classification_f1": 0.002598722465336323,
        "classification_accuracy": 0.4990012049674988
      },
      "absorption_details": {
        "absorption_rate": 0.25813751627503256,
        "num_pairs": 992,
        "parent_fire_count": 64516,
        "absorption_count": 16654
      },
      "hedging_details": {
        "hedging_score": 0.24609375,
        "hedging_latents": 504,
        "total_latents": 2048
      }
    },
    {
      "seed": 1011,
      "metrics": {
        "absorption_rate": 0.1898897851117542,
        "feature_recovery_mcc": 0.2179376184940338,
        "reconstruction_mse": 0.008818098902702331,
        "explained_variance": -0.5922661069535273,
        "l0_sparsity": 779.78428,
        "true_l0": 1.58558,
        "dead_latents": 0,
        "shrinkage": 0.8083836486816406,
        "uniqueness": 0.40087890625,
        "hedging_score": 0.234375,
        "classification_precision": 0.001911995466798544,
        "classification_recall": 0.14608702063560486,
        "classification_f1": 0.0026834625750780106,
        "classification_accuracy": 0.6186484098434448
      },
      "absorption_details": {
        "absorption_rate": 0.1898897851117542,
        "num_pairs": 992,
        "parent_fire_count": 64964,
        "absorption_count": 12336
      },
      "hedging_details": {
        "hedging_score": 0.234375,
        "hedging_latents": 480,
        "total_latents": 2048
      }
    }
  ],
  "aggregated": {
    "absorption_rate": {
      "mean": 0.2572058593672598,
      "std": 0.05243796187383194,
      "min": 0.1898897851117542,
      "max": 0.3383939774153074,
      "values": [
        0.21434070333189628,
        0.3383939774153074,
        0.28526731470230865,
        0.25813751627503256,
        0.1898897851117542
      ]
    },
    "feature_recovery_mcc": {
      "mean": 0.21729884147644044,
      "std": 0.0006813056649524665,
      "min": 0.21623241901397705,
      "max": 0.21810786426067352,
      "values": [
        0.21695266664028168,
        0.21623241901397705,
        0.21810786426067352,
        0.21726363897323608,
        0.2179376184940338
      ]
    },
    "reconstruction_mse": {
      "mean": 0.008245864296332003,
      "std": 0.0006411716259624462,
      "min": 0.00706000323407352,
      "max": 0.008818098902702331,
      "values": [
        0.008373301289975644,
        0.00879502771422267,
        0.00706000323407352,
        0.008182890340685844,
        0.008818098902702331
      ]
    },
    "explained_variance": {
      "mean": -0.4875422260663654,
      "std": 0.11826200545489308,
      "min": -0.5922661069535273,
      "max": -0.26731161960019123,
      "values": [
        -0.5079430201621902,
        -0.5876410618509789,
        -0.26731161960019123,
        -0.48254932176493925,
        -0.5922661069535273
      ]
    },
    "l0_sparsity": {
      "mean": 962.0700439999998,
      "std": 97.42845702155704,
      "min": 779.78428,
      "max": 1059.13051,
      "values": [
        1059.13051,
        956.83904,
        988.66821,
        1025.92818,
        779.78428
      ]
    },
    "true_l0": {
      "mean": 1.582866,
      "std": 0.0019403875901478945,
      "min": 1.58033,
      "max": 1.58558,
      "values": [
        1.58364,
        1.5838,
        1.58033,
        1.58098,
        1.58558
      ]
    },
    "dead_latents": {
      "mean": 0.0,
      "std": 0.0,
      "min": 0.0,
      "max": 0.0,
      "values": [
        0,
        0,
        0,
        0,
        0
      ]
    },
    "shrinkage": {
      "mean": 0.8695593422851564,
      "std": 0.031220897457449017,
      "min": 0.8083836486816406,
      "max": 0.8910531268310546,
      "values": [
        0.8910531268310546,
        0.8732934527587891,
        0.8896789624023438,
        0.8853875207519531,
        0.8083836486816406
      ]
    },
    "uniqueness": {
      "mean": 0.396875,
      "std": 0.0032300459782307086,
      "min": 0.392578125,
      "max": 0.40087890625,