{
  "seed": 1011,
  "metrics": {
    "absorption_rate": 0.1898897851117542,
    "feature_recovery_mcc": 0.2179376184940338,
    "reconstruction_mse": 0.008818098902702331,
    "explained_variance": -0.5922661069535273,
    "l0_sparsity": 779.78428,
    "true_l0": 1.58558,
    "dead_latents": 0,
    "shrinkage": 0.8083836486816406,
    "uniqueness": 0.40087890625,
    "hedging_score": 0.234375,
    "classification_precision": 0.001911995466798544,
    "classification_recall": 0.14608702063560486,
    "classification_f1": 0.0026834625750780106,
    "classification_accuracy": 0.6186484098434448
  },
  "absorption_details": {
    "absorption_rate": 0.1898897851117542,
    "num_pairs": 992,
    "parent_fire_count": 64964,
    "absorption_count": 12336
  },
  "hedging_details": {
    "hedging_score": 0.234375,
    "hedging_latents": 480,
    "total_latents": 2048
  }
}