{
  "seed": 1011,
  "metrics": {
    "absorption_rate": 0.09959362108244567,
    "feature_recovery_mcc": 0.22061783075332642,
    "reconstruction_mse": 0.007310499157756567,
    "explained_variance": -0.32014736515303377,
    "l0_sparsity": 50.0,
    "true_l0": 1.58558,
    "dead_latents": 1013,
    "shrinkage": 0.5250410659790039,
    "uniqueness": 0.42138671875,
    "hedging_score": 0.25048828125,
    "classification_precision": 0.004269953817129135,
    "classification_recall": 0.0319598950445652,
    "classification_f1": 0.002892737276852131,
    "classification_accuracy": 0.9740564227104187
  },
  "absorption_details": {
    "absorption_rate": 0.09959362108244567,
    "num_pairs": 992,
    "parent_fire_count": 64964,
    "absorption_count": 6470
  },
  "hedging_details": {
    "hedging_score": 0.25048828125,
    "hedging_latents": 513,
    "total_latents": 2048
  }
}