{
  "task_id": "full_random_control",
  "variant": "random_control",
  "architecture": "random",
  "config": {
    "num_features": 1024,
    "hidden_dim": 256,
    "d_sae": 2048,
    "seeds": [
      42,
      123,
      456,
      789,
      1011
    ]
  },
  "replicates": [
    {
      "seed": 42,
      "metrics": {
        "absorption_rate": 0.431606823920675,
        "feature_recovery_mcc": 0.22226309776306152,
        "reconstruction_mse": 0.7015611886978149,
        "explained_variance": -125.24584209223791,
        "l0_sparsity": 1026.12415,
        "true_l0": 1.58723,
        "dead_latents": 0,
        "shrinkage": 9.24484744140625,
        "uniqueness": 0.44189453125,
        "hedging_score": 0.24462890625,
        "classification_precision": 0.0027899930719286203,
        "classification_recall": 0.19409063458442688,
        "classification_f1": 0.004071849398314953,
        "classification_accuracy": 0.4987527132034302
      }
    },
    {
      "seed": 123,
      "metrics": {
        "absorption_rate": 0.513237139272271,
        "feature_recovery_mcc": 0.22174318134784698,
        "reconstruction_mse": 0.6348202764987946,
        "explained_variance": -113.70173336327369,
        "l0_sparsity": 1027.12474,
        "true_l0": 1.58025,
        "dead_latents": 0,
        "shrinkage": 8.78320013671875,
        "uniqueness": 0.42578125,
        "hedging_score": 0.240234375,
        "classification_precision": 0.0023536277003586292,
        "classification_recall": 0.17604027688503265,
        "classification_f1": 0.0038970718160271645,
        "classification_accuracy": 0.498585969209671
      }
    },
    {
      "seed": 456,
      "metrics": {
        "absorption_rate": 0.538730255164034,
        "feature_recovery_mcc": 0.22215667366981506,
        "reconstruction_mse": 0.627257090806961,
        "explained_variance": -111.0932363030647,
        "l0_sparsity": 1020.65462,
        "true_l0": 1.58564,
        "dead_latents": 0,
        "shrinkage": 8.76415814453125,
        "uniqueness": 0.43212890625,
        "hedging_score": 0.2294921875,
        "classification_precision": 0.0020424688700586557,
        "classification_recall": 0.1856774389743805,
        "classification_f1": 0.0031147890258580446,
        "classification_accuracy": 0.501503050327301
      }
    },
    {
      "seed": 789,
      "metrics": {
        "absorption_rate": 0.4921104842209684,
        "feature_recovery_mcc": 0.22112417221069336,
        "reconstruction_mse": 0.60335693359375,
        "explained_variance": -108.47138573930256,
        "l0_sparsity": 1024.78704,
        "true_l0": 1.5798,
        "dead_latents": 0,
        "shrinkage": 8.663772509765625,
        "uniqueness": 0.43359375,
        "hedging_score": 0.23046875,
        "classification_precision": 0.0013718587579205632,
        "classification_recall": 0.17379850149154663,
        "classification_f1": 0.0021078530699014664,
        "classification_accuracy": 0.4992099702358246
      }
    },
    {
      "seed": 1011,
      "metrics": {
        "absorption_rate": 0.4980450711163106,
        "feature_recovery_mcc": 0.22146090865135193,
        "reconstruction_mse": 0.7648716330528259,
        "explained_variance": -136.97157252491806,
        "l0_sparsity": 1049.0759,
        "true_l0": 1.58262,
        "dead_latents": 0,
        "shrinkage": 9.72607271484375,
        "uniqueness": 0.42138671875,
        "hedging_score": 0.2412109375,
        "classification_precision": 0.0025230306200683117,
        "classification_recall": 0.1806378960609436,
        "classification_f1": 0.0037839971482753754,
        "classification_accuracy": 0.4875449538230896
      }
    }
  ],
  "aggregated": {
    "absorption_rate": {
      "mean": 0.4947459547388518,
      "std": 0.035442692627787584,
      "min": 0.431606823920675,
      "max": 0.538730255164034,
      "values": [
        0.431606823920675,
        0.513237139272271,
        0.538730255164034,
        0.4921104842209684,
        0.4980450711163106
      ]
    },
    "feature_recovery_mcc": {
      "mean": 0.22174960672855376,
      "std": 0.00042519001366829397,
      "min": 0.22112417221069336,
      "max": 0.22226309776306152,
      "values": [
        0.22226309776306152,
        0.22174318134784698,
        0.22215667366981506,
        0.22112417221069336,
        0.22146090865135193
      ]
    },
    "reconstruction_mse": {
      "mean": 0.6663734245300292,
      "std": 0.059053945971231515,
      "min": 0.60335693359375,
      "max": 0.7648716330528259,
      "values": [
        0.7015611886978149,
        0.6348202764987946,
        0.627257090806961,
        0.60335693359375,
        0.7648716330528259
      ]
    },
    "explained_variance": {
      "mean": -119.09675400455937,
      "std": 10.614908530328009,
      "min": -136.97157252491806,
      "max": -108.47138573930256,
      "values": [
        -125.24584209223791,
        -113.70173336327369,
        -111.0932363030647,
        -108.47138573930256,
        -136.97157252491806
      ]
    },
    "l0_sparsity": {
      "mean": 1029.55329,
      "std": 10.006923845873931,
      "min": 1020.65462,
      "max": 1049.0759,
      "values": [
        1026.12415,
        1027.12474,
        1020.65462,
        1024.78704,
        1049.0759
      ]
    },
    "true_l0": {
      "mean": 1.583108,
      "std": 0.0029240752384300534,
      "min": 1.5798,
      "max": 1.58723,
      "values": [
        1.58723,
        1.58025,
        1.58564,
        1.5798,
        1.58262
      ]
    },
    "dead_latents": {
      "mean": 0.0,
      "std": 0.0,
      "min": 0.0,
      "max": 0.0,
      "values": [
        0,
        0,
        0,
        0,
        0
      ]
    },
    "shrinkage": {
      "mean": 9.036410189453125,
      "std": 0.39904281324758056,
      "min": 8.663772509765625,
      "max": 9.72607271484375,
      "values": [
        9.24484744140625,
        8.78320013671875,
        8.76415814453125,
        8.663772509765625,
        9.72607271484375
      ]
    },
    "uniqueness": {
      "mean": 0.43095703125,
      "std": 0.0070190323539321905,
      "min": 0.42138671875,
      "max": 0.44189453125,
      "values": [
        0.44189453125,
        0.42578125,
        0.43212890625,
        0.43359375,
        0.42138671875
      ]
    },
    "hedging_score": {
      "mean": 0.23720703125,
      "std": 0.006086107988626126,
      "min": 0.2294921875,
      "max": 0.24462890625,
      "values": [
        0.24462890625,
        0.240234375,
        0.2294921875,
        0.23046875,
        0.2412109375
      ]
    },
    "classification_precision": {
      "mean": 0.002216195804066956,
      "std": 0.0004869013308935521,
      "min": 0.0013718587579205632,
      "max": 0.0027899930719286203,
      "values": [
        0.0027899930719286203,
        0.0023536277003586292,
        0.0020424688700586557,
        0.0013718587579205632,
        0.0025230306200683117
      ]
    },
    "classification_recall": {
      "mean": 0.18204894959926604,
      "std": 0.007270945279399679,
      "min": 0.17379850149154663,
      "max": 0.19409063458442688,
      "values": [
        0.19409063458442688,
        0.17604027688503265,
        0.1856774389743805,
        0.17379850149154663,
        0.1806378960609436
      ]
    },
    "classification_f1": {
      "mean": 0.003395112091675401,
      "std": 0.0007206643247287114,
      "min": 0.0021078530699014664,
      "max": 0.004071849398314953,
      "values": [
        0.004071849398314953,
        0.0038970718160271645,
        0.0031147890258580446,
        0.0021078530699014664,
        0.0037839971482753754
      ]
    },
    "classification_accuracy": {
      "mean": 0.4971193313598633,
      "std": 0.004900518971317493,
      "min": 0.4875449538230896,
      "max": 0.501503050327301,