{
  "seed": 42,
  "metrics": {
    "absorption_rate": 0.2927880766151383,
    "feature_recovery_mcc": 0.21650129556655884,
    "reconstruction_mse": 0.010554757248610259,
    "explained_variance": -0.9013554882662766,
    "l0_sparsity": 1047.2768,
    "true_l0": 1.58113,
    "dead_latents": 0,
    "shrinkage": 1.0199004443359374,
    "uniqueness": 0.3857421875,
    "hedging_score": 0.22119140625,
    "classification_precision": 0.0035928343422710896,
    "classification_recall": 0.16753239929676056,
    "classification_f1": 0.005019833333790302,
    "classification_accuracy": 0.48879632353782654
  },
  "absorption_details": {
    "absorption_rate": 0.2927880766151383,
    "num_pairs": 992,
    "parent_fire_count": 64948,
    "absorption_count": 19016
  },
  "hedging_details": {
    "hedging_score": 0.22119140625,
    "hedging_latents": 453,
    "total_latents": 2048
  }
}