{
  "seed": 1011,
  "metrics": {
    "absorption_rate": 0.1784680746259467,
    "feature_recovery_mcc": 0.21683314442634583,
    "reconstruction_mse": 0.010912926308810711,
    "explained_variance": -0.9692179265457588,
    "l0_sparsity": 824.72917,
    "true_l0": 1.58558,
    "dead_latents": 0,
    "shrinkage": 0.9589932366943359,
    "uniqueness": 0.3837890625,
    "hedging_score": 0.24560546875,
    "classification_precision": 0.001962972106412053,
    "classification_recall": 0.14291790127754211,
    "classification_f1": 0.0024995540734380484,
    "classification_accuracy": 0.596763014793396
  },
  "absorption_details": {
    "absorption_rate": 0.1784680746259467,
    "num_pairs": 992,
    "parent_fire_count": 64964,
    "absorption_count": 11594
  },
  "hedging_details": {
    "hedging_score": 0.24560546875,
    "hedging_latents": 503,
    "total_latents": 2048
  }
}