{
  "seed": 789,
  "metrics": {
    "absorption_rate": 0.21523343046686094,
    "feature_recovery_mcc": 0.22276216745376587,
    "reconstruction_mse": 2.9690210794797167e-05,
    "explained_variance": 0.9941390123056405,
    "l0_sparsity": 552.22779,
    "true_l0": 1.57824,
    "dead_latents": 14,
    "shrinkage": 0.9964635260009765,
    "uniqueness": 0.44091796875,
    "hedging_score": 0.2421875,
    "classification_precision": 0.003917394671589136,
    "classification_recall": 0.11500127613544464,
    "classification_f1": 0.0034539890475571156,
    "classification_accuracy": 0.72946697473526
  }
}