{
  "seed": 123,
  "metrics": {
    "absorption_rate": 0.3053168130489335,
    "feature_recovery_mcc": 0.21564459800720215,
    "reconstruction_mse": 0.011243432201445103,
    "explained_variance": -1.029516743726516,
    "l0_sparsity": 975.6917,
    "true_l0": 1.5838,
    "dead_latents": 0,
    "shrinkage": 1.0234735137939452,
    "uniqueness": 0.380859375,
    "hedging_score": 0.248046875,
    "classification_precision": 0.0019917357712984085,
    "classification_recall": 0.1672346144914627,
    "classification_f1": 0.0033273608423769474,
    "classification_accuracy": 0.5233901739120483
  },
  "absorption_details": {
    "absorption_rate": 0.3053168130489335,
    "num_pairs": 992,
    "parent_fire_count": 63760,
    "absorption_count": 19467
  },
  "hedging_details": {
    "hedging_score": 0.248046875,
    "hedging_latents": 508,
    "total_latents": 2048
  }
}