{
  "task_id": "full_multiscale",
  "variant": "MultiScale (Matryoshka)",
  "architecture": "matryoshka_batchtopk",
  "config": {
    "num_features": 1024,
    "hidden_dim": 256,
    "d_sae": 2048,
    "training_samples": 2000000,
    "batch_size": 1024,
    "seeds": [
      42,
      123,
      456,
      789,
      1011
    ],
    "device": "cuda"
  },
  "replicates": [
    {
      "seed": 42,
      "metrics": {
        "absorption_rate": 0.056937857978690644,
        "feature_recovery_mcc": 0.21964490413665771,
        "reconstruction_mse": 0.007452852092683315,
        "explained_variance": -0.34033823814796227,
        "l0_sparsity": 50.0,
        "true_l0": 1.58364,
        "dead_latents": 1214,
        "shrinkage": 0.6451658166503906,
        "uniqueness": 0.41015625,
        "hedging_score": 0.23681640625,
        "classification_precision": 0.00471745477989316,
        "classification_recall": 0.02472708187997341,
        "classification_f1": 0.0024754086043685675,
        "classification_accuracy": 0.9737963676452637
      },
      "absorption_details": {
        "absorption_rate": 0.056937857978690644,
        "num_pairs": 992,
        "parent_fire_count": 64948,
        "absorption_count": 3698
      },
      "hedging_details": {
        "hedging_score": 0.23681640625,
        "hedging_latents": 485,
        "total_latents": 2048
      }
    },
    {
      "seed": 123,
      "metrics": {
        "absorption_rate": 0.0441969887076537,
        "feature_recovery_mcc": 0.21980354189872742,
        "reconstruction_mse": 0.007540231570601463,
        "explained_variance": -0.3653454844783721,
        "l0_sparsity": 50.0,
        "true_l0": 1.5838,
        "dead_latents": 1186,
        "shrinkage": 0.6257573596191406,
        "uniqueness": 0.4111328125,
        "hedging_score": 0.2314453125,
        "classification_precision": 0.0040534483268857,
        "classification_recall": 0.027048613876104355,
        "classification_f1": 0.0022342761512845755,
        "classification_accuracy": 0.974118173122406
      },
      "absorption_details": {
        "absorption_rate": 0.0441969887076537,
        "num_pairs": 992,
        "parent_fire_count": 63760,
        "absorption_count": 2818
      },
      "hedging_details": {
        "hedging_score": 0.2314453125,
        "hedging_latents": 474,
        "total_latents": 2048
      }
    },
    {
      "seed": 456,
      "metrics": {
        "absorption_rate": 0.029495747266099635,
        "feature_recovery_mcc": 0.22056090831756592,
        "reconstruction_mse": 0.006373312836512923,
        "explained_variance": -0.14088286109028947,
        "l0_sparsity": 50.0,
        "true_l0": 1.58033,
        "dead_latents": 1229,
        "shrinkage": 0.6088621673583985,
        "uniqueness": 0.41796875,
        "hedging_score": 0.22509765625,
        "classification_precision": 0.006535712629556656,
        "classification_recall": 0.025169052183628082,
        "classification_f1": 0.004228680860251188,
        "classification_accuracy": 0.9746623635292053
      },
      "absorption_details": {
        "absorption_rate": 0.029495747266099635,
        "num_pairs": 992,
        "parent_fire_count": 65840,
        "absorption_count": 1942
      },
      "hedging_details": {
        "hedging_score": 0.22509765625,
        "hedging_latents": 461,
        "total_latents": 2048
      }
    },
    {
      "seed": 789,
      "metrics": {
        "absorption_rate": 0.05685411370822742,
        "feature_recovery_mcc": 0.22001329064369202,
        "reconstruction_mse": 0.006918186228722334,
        "explained_variance": -0.2532446390337675,
        "l0_sparsity": 50.0,
        "true_l0": 1.58098,
        "dead_latents": 1115,
        "shrinkage": 0.5751017755126954,
        "uniqueness": 0.4150390625,
        "hedging_score": 0.2314453125,
        "classification_precision": 0.0040910146199166775,
        "classification_recall": 0.023233715444803238,
        "classification_f1": 0.0018580614123493433,
        "classification_accuracy": 0.9739968180656433
      },
      "absorption_details": {
        "absorption_rate": 0.05685411370822742,
        "num_pairs": 992,
        "parent_fire_count": 64516,
        "absorption_count": 3668
      },
      "hedging_details": {
        "hedging_score": 0.2314453125,
        "hedging_latents": 474,
        "total_latents": 2048
      }
    },
    {
      "seed": 1011,
      "metrics": {
        "absorption_rate": 0.09959362108244567,
        "feature_recovery_mcc": 0.22061783075332642,
        "reconstruction_mse": 0.007310499157756567,
        "explained_variance": -0.32014736515303377,
        "l0_sparsity": 50.0,
        "true_l0": 1.58558,
        "dead_latents": 1013,
        "shrinkage": 0.5250410659790039,
        "uniqueness": 0.42138671875,
        "hedging_score": 0.25048828125,
        "classification_precision": 0.004269953817129135,
        "classification_recall": 0.0319598950445652,
        "classification_f1": 0.002892737276852131,
        "classification_accuracy": 0.9740564227104187
      },
      "absorption_details": {
        "absorption_rate": 0.09959362108244567,
        "num_pairs": 992,
        "parent_fire_count": 64964,
        "absorption_count": 6470
      },
      "hedging_details": {
        "hedging_score": 0.25048828125,
        "hedging_latents": 513,
        "total_latents": 2048
      }
    }
  ],
  "aggregated": {
    "absorption_rate": {
      "mean": 0.05741566574862341,
      "std": 0.023382809189168092,
      "min": 0.029495747266099635,
      "max": 0.09959362108244567,
      "values": [
        0.056937857978690644,
        0.0441969887076537,
        0.029495747266099635,
        0.05685411370822742,
        0.09959362108244567
      ]
    },
    "feature_recovery_mcc": {
      "mean": 0.2201280951499939,
      "std": 0.0003947547699873684,
      "min": 0.21964490413665771,
      "max": 0.22061783075332642,
      "values": [
        0.21964490413665771,
        0.21980354189872742,
        0.22056090831756592,
        0.22001329064369202,
        0.22061783075332642
      ]
    },
    "reconstruction_mse": {
      "mean": 0.007119016377255321,
      "std": 0.00042940440111041434,
      "min": 0.006373312836512923,
      "max": 0.007540231570601463,
      "values": [
        0.007452852092683315,
        0.007540231570601463,
        0.006373312836512923,
        0.006918186228722334,
        0.007310499157756567
      ]
    },
    "explained_variance": {
      "mean": -0.28399171758068503,
      "std": 0.0806549741367718,
      "min": -0.3653454844783721,
      "max": -0.14088286109028947,
      "values": [
        -0.34033823814796227,
        -0.3653454844783721,
        -0.14088286109028947,
        -0.2532446390337675,
        -0.32014736515303377
      ]
    },
    "l0_sparsity": {
      "mean": 50.0,
      "std": 0.0,
      "min": 50.0,
      "max": 50.0,
      "values": [
        50.0,
        50.0,
        50.0,
        50.0,
        50.0
      ]
    },
    "true_l0": {
      "mean": 1.582866,
      "std": 0.0019403875901478945,
      "min": 1.58033,
      "max": 1.58558,
      "values": [
        1.58364,
        1.5838,
        1.58033,
        1.58098,
        1.58558
      ]
    },
    "dead_latents": {
      "mean": 1151.4,
      "std": 79.52006036215013,
      "min": 1013.0,
      "max": 1229.0,
      "values": [
        1214,
        1186,
        1229,
        1115,
        1013
      ]
    },
    "shrinkage": {
      "mean": 0.5959856370239258,
      "std": 0.042285029029670976,
      "min": 0.5250410659790039,
      "max": 0.6451658166503906,
      "values": [
        0.6451658166503906,
        0.6257573596191406,
        0.6088621673583985,
        0.5751017755126954,
        0.5250410659790039
      ]
    },
    "uniqueness": {
      "mean": 0.41513671875,
      "std": 0.004193537217496854,
      "min": 0.41015625,
      "max": 0.42138671875,