{
  "seed": 456,
  "metrics": {
    "absorption_rate": 0.06965370595382746,
    "feature_recovery_mcc": 0.21544739603996277,
    "reconstruction_mse": 0.007146330503746867,
    "explained_variance": -0.2804103747776281,
    "l0_sparsity": 50.0,
    "true_l0": 1.58033,
    "dead_latents": 1695,
    "shrinkage": 0.594746640625,
    "uniqueness": 0.3623046875,
    "hedging_score": 0.2119140625,
    "classification_precision": 0.0028048399835824966,
    "classification_recall": 0.015399778261780739,
    "classification_f1": 0.0015064150793477893,
    "classification_accuracy": 0.9747087359428406
  },
  "absorption_details": {
    "absorption_rate": 0.06965370595382746,
    "num_pairs": 992,
    "parent_fire_count": 65840,
    "absorption_count": 4586
  },
  "hedging_details": {
    "hedging_score": 0.2119140625,
    "hedging_latents": 434,
    "total_latents": 2048
  }
}