{
  "seed": 456,
  "metrics": {
    "absorption_rate": 0.28526731470230865,
    "feature_recovery_mcc": 0.21810786426067352,
    "reconstruction_mse": 0.00706000323407352,
    "explained_variance": -0.26731161960019123,
    "l0_sparsity": 988.66821,
    "true_l0": 1.58033,
    "dead_latents": 0,
    "shrinkage": 0.8896789624023438,
    "uniqueness": 0.3935546875,
    "hedging_score": 0.228515625,
    "classification_precision": 0.0025517770554870367,
    "classification_recall": 0.1724567413330078,
    "classification_f1": 0.0036245158407837152,
    "classification_accuracy": 0.5173748731613159
  },
  "absorption_details": {
    "absorption_rate": 0.28526731470230865,
    "num_pairs": 992,
    "parent_fire_count": 65840,
    "absorption_count": 18782
  },
  "hedging_details": {
    "hedging_score": 0.228515625,
    "hedging_latents": 468,
    "total_latents": 2048
  }
}