{
  "seed": 123,
  "metrics": {
    "absorption_rate": 0.3383939774153074,
    "feature_recovery_mcc": 0.21623241901397705,
    "reconstruction_mse": 0.00879502771422267,
    "explained_variance": -0.5876410618509789,
    "l0_sparsity": 956.83904,
    "true_l0": 1.5838,
    "dead_latents": 0,
    "shrinkage": 0.8732934527587891,
    "uniqueness": 0.392578125,
    "hedging_score": 0.23388671875,
    "classification_precision": 0.0018596639856696129,
    "classification_recall": 0.14793452620506287,
    "classification_f1": 0.0027921199798583984,
    "classification_accuracy": 0.5326279997825623
  },
  "absorption_details": {
    "absorption_rate": 0.3383939774153074,
    "num_pairs": 992,
    "parent_fire_count": 63760,
    "absorption_count": 21576
  },
  "hedging_details": {
    "hedging_score": 0.23388671875,
    "hedging_latents": 479,
    "total_latents": 2048
  }
}