{
  "task_id": "full_orthogonality",
  "variant": "Orthogonality SAE",
  "architecture": "orthogonality",
  "config": {
    "num_features": 1024,
    "hidden_dim": 256,
    "d_sae": 2048,
    "ortho_lambda": 0.001,
    "training_samples": 2000000,
    "seeds": [
      42,
      123,
      456,
      789,
      1011
    ]
  },
  "replicates": [
    {
      "seed": 42,
      "metrics": {
        "absorption_rate": 0.1882890928127117,
        "feature_recovery_mcc": 0.22249460220336914,
        "reconstruction_mse": 2.7572667568165345e-05,
        "explained_variance": 0.994451018000402,
        "l0_sparsity": 547.61048,
        "true_l0": 1.58317,
        "dead_latents": 13,
        "shrinkage": 0.9967255639648438,
        "uniqueness": 0.4345703125,
        "hedging_score": 0.23876953125,
        "classification_precision": 0.0054959869012236595,
        "classification_recall": 0.126474991440773,
        "classification_f1": 0.005707019940018654,
        "classification_accuracy": 0.7324798107147217
      }
    },
    {
      "seed": 123,
      "metrics": {
        "absorption_rate": 0.3051913425345044,
        "feature_recovery_mcc": 0.22191202640533447,
        "reconstruction_mse": 3.323121218272718e-05,
        "explained_variance": 0.9942439355489768,
        "l0_sparsity": 544.0355,
        "true_l0": 1.58276,
        "dead_latents": 7,
        "shrinkage": 0.9960414361572265,
        "uniqueness": 0.4287109375,
        "hedging_score": 0.23681640625,
        "classification_precision": 0.0038198649417608976,
        "classification_recall": 0.1179673820734024,
        "classification_f1": 0.004280436784029007,
        "classification_accuracy": 0.734003484249115
      }
    },
    {
      "seed": 456,
      "metrics": {
        "absorption_rate": 0.3025516403402187,
        "feature_recovery_mcc": 0.22276565432548523,
        "reconstruction_mse": 3.201934996468481e-05,
        "explained_variance": 0.9943293511386334,
        "l0_sparsity": 551.40495,
        "true_l0": 1.5862,
        "dead_latents": 11,
        "shrinkage": 0.995642466430664,
        "uniqueness": 0.43896484375,
        "hedging_score": 0.24755859375,
        "classification_precision": 0.0045610819943249226,
        "classification_recall": 0.1103813648223877,
        "classification_f1": 0.004076074808835983,
        "classification_accuracy": 0.7304559946060181
      }
    },
    {
      "seed": 789,
      "metrics": {
        "absorption_rate": 0.21523343046686094,
        "feature_recovery_mcc": 0.22276216745376587,
        "reconstruction_mse": 2.9690210794797167e-05,
        "explained_variance": 0.9941390123056405,
        "l0_sparsity": 552.22779,
        "true_l0": 1.57824,
        "dead_latents": 14,
        "shrinkage": 0.9964635260009765,
        "uniqueness": 0.44091796875,
        "hedging_score": 0.2421875,
        "classification_precision": 0.003917394671589136,
        "classification_recall": 0.11500127613544464,
        "classification_f1": 0.0034539890475571156,
        "classification_accuracy": 0.72946697473526
      }
    },
    {
      "seed": 1011,
      "metrics": {
        "absorption_rate": 0.22129179237731667,
        "feature_recovery_mcc": 0.22212623059749603,
        "reconstruction_mse": 3.523259947542101e-05,
        "explained_variance": 0.9944345308493453,
        "l0_sparsity": 556.87281,
        "true_l0": 1.58203,
        "dead_latents": 11,
        "shrinkage": 0.9971554364013672,
        "uniqueness": 0.43505859375,
        "hedging_score": 0.25048828125,
        "classification_precision": 0.004553173668682575,
        "classification_recall": 0.11882752180099487,
        "classification_f1": 0.0037773032672703266,
        "classification_accuracy": 0.727249264717102
      }
    }
  ],
  "aggregated": {
    "absorption_rate": {
      "mean": 0.24651145970632243,
      "std": 0.04814150233258916,
      "min": 0.1882890928127117,
      "max": 0.3051913425345044,
      "values": [
        0.1882890928127117,
        0.3051913425345044,
        0.3025516403402187,
        0.21523343046686094,
        0.22129179237731667
      ]
    },
    "feature_recovery_mcc": {
      "mean": 0.22241213619709016,
      "std": 0.00034238849444300206,
      "min": 0.22191202640533447,
      "max": 0.22276565432548523,
      "values": [
        0.22249460220336914,
        0.22191202640533447,
        0.22276565432548523,
        0.22276216745376587,
        0.22212623059749603
      ]
    },
    "reconstruction_mse": {
      "mean": 3.15492079971591e-05,
      "std": 2.679040451872322e-06,
      "min": 2.7572667568165345e-05,
      "max": 3.523259947542101e-05,
      "values": [
        2.7572667568165345e-05,
        3.323121218272718e-05,
        3.201934996468481e-05,
        2.9690210794797167e-05,
        3.523259947542101e-05
      ]
    },
    "explained_variance": {
      "mean": 0.9943195695685996,
      "std": 0.00011739837778940114,
      "min": 0.9941390123056405,
      "max": 0.994451018000402,
      "values": [
        0.994451018000402,
        0.9942439355489768,
        0.9943293511386334,
        0.9941390123056405,
        0.9944345308493453
      ]
    },
    "l0_sparsity": {
      "mean": 550.430306,
      "std": 4.348142129574878,
      "min": 544.0355,
      "max": 556.87281,
      "values": [
        547.61048,
        544.0355,
        551.40495,
        552.22779,
        556.87281
      ]
    },
    "true_l0": {
      "mean": 1.5824799999999999,
      "std": 0.0025523714463220096,
      "min": 1.57824,
      "max": 1.5862,
      "values": [
        1.58317,
        1.58276,
        1.5862,
        1.57824,
        1.58203
      ]
    },
    "dead_latents": {
      "mean": 11.2,
      "std": 2.4,
      "min": 7.0,
      "max": 14.0,
      "values": [
        13,
        7,
        11,
        14,
        11
      ]
    },
    "shrinkage": {
      "mean": 0.9964056857910155,
      "std": 0.0005259230174528424,
      "min": 0.995642466430664,
      "max": 0.9971554364013672,
      "values": [
        0.9967255639648438,
        0.9960414361572265,
        0.995642466430664,
        0.9964635260009765,
        0.9971554364013672
      ]
    },
    "uniqueness": {
      "mean": 0.43564453125,
      "std": 0.004204892605783396,
      "min": 0.4287109375,
      "max": 0.44091796875,
      "values": [
        0.4345703125,
        0.4287109375,
        0.43896484375,
        0.44091796875,
        0.43505859375
      ]
    },
    "hedging_score": {
      "mean": 0.2431640625,
      "std": 0.005167483029423029,
      "min": 0.23681640625,
      "max": 0.25048828125,
      "values": [
        0.23876953125,
        0.23681640625,
        0.24755859375,
        0.2421875,
        0.25048828125
      ]
    },
    "classification_precision": {
      "mean": 0.004469500435516238,
      "std": 0.0005993179298921607,
      "min": 0.0038198649417608976,
      "max": 0.0054959869012236595,
      "values": [
        0.0054959869012236595,
        0.0038198649417608976,
        0.0045610819943249226,
        0.003917394671589136,
        0.004553173668682575
      ]
    },
    "classification_recall": {
      "mean": 0.11773050725460052,
      "std": 0.005276062002435603,
      "min": 0.1103813648223877,
      "max": 0.126474991440773,
      "values": [
        0.126474991440773,
        0.1179673820734024,
        0.1103813648223877,
        0.11500127613544464,
        0.11882752180099487
      ]
    },
    "classification_f1": {
      "mean": 0.004258964769542217,
      "std": 0.0007759841851008359,
      "min": 0.0034539890475571156,
      "max": 0.005707019940018654,
      "values": [
        0.005707019940018654,
        0.004280436784029007,
        0.004076074808835983,
        0.0034539890475571156,
        0.0037773032672703266
      ]
    },
    "classification_accuracy": {
      "mean": 0.7307311058044433,
      "std": 0.0023479080236438045,
      "min": 0.727249264717102,
      "max": 0.734003484249115,