{
  "seed": 456,
  "metrics": {
    "absorption_rate": 0.2217345078979344,
    "feature_recovery_mcc": 0.21679401397705078,
    "reconstruction_mse": 0.008812992088496684,
    "explained_variance": -0.5829284924951301,
    "l0_sparsity": 966.00406,
    "true_l0": 1.58033,
    "dead_latents": 0,
    "shrinkage": 0.9964768414306641,
    "uniqueness": 0.3857421875,
    "hedging_score": 0.24072265625,
    "classification_precision": 0.0022459966130554676,
    "classification_recall": 0.17407828569412231,
    "classification_f1": 0.0033934989478439093,
    "classification_accuracy": 0.5283942818641663
  },
  "absorption_details": {
    "absorption_rate": 0.2217345078979344,
    "num_pairs": 992,
    "parent_fire_count": 65840,
    "absorption_count": 14599
  },
  "hedging_details": {
    "hedging_score": 0.24072265625,
    "hedging_latents": 493,
    "total_latents": 2048
  }
}