{
  "seed": 42,
  "metrics": {
    "absorption_rate": 0.056937857978690644,
    "feature_recovery_mcc": 0.21964490413665771,
    "reconstruction_mse": 0.007452852092683315,
    "explained_variance": -0.34033823814796227,
    "l0_sparsity": 50.0,
    "true_l0": 1.58364,
    "dead_latents": 1214,
    "shrinkage": 0.6451658166503906,
    "uniqueness": 0.41015625,
    "hedging_score": 0.23681640625,
    "classification_precision": 0.00471745477989316,
    "classification_recall": 0.02472708187997341,
    "classification_f1": 0.0024754086043685675,
    "classification_accuracy": 0.9737963676452637
  },
  "absorption_details": {
    "absorption_rate": 0.056937857978690644,
    "num_pairs": 992,
    "parent_fire_count": 64948,
    "absorption_count": 3698
  },
  "hedging_details": {
    "hedging_score": 0.23681640625,
    "hedging_latents": 485,
    "total_latents": 2048
  }
}