{
  "conv1.weight": {
    "r_t_mean": 0.09027123151962468,
    "r_t_std": 0.03348308630937988,
    "r_t_min": 0.03978108020092084,
    "r_t_max": 0.481421137085919,
    "delta_hat_mean": -2.9459900410039463e-06,
    "delta_hat_std": 5.363769456652271e-05,
    "lambda_t_mean": 0.007218547000560855,
    "lambda_t_std": 0.001388195764288313,
    "n_records": 780
  },
  "layer1.0.conv1.weight": {
    "r_t_mean": 0.08909885085062604,
    "r_t_std": 0.0340356508096867,
    "r_t_min": 0.0429584313845307,
    "r_t_max": 0.5191840096648013,
    "delta_hat_mean": -2.3545045621904573e-07,
    "delta_hat_std": 1.3403686210612867e-05,
    "lambda_t_mean": 0.00726812011447075,
    "lambda_t_std": 0.0009324871260316105,
    "n_records": 780
  },
  "layer1.0.conv2.weight": {
    "r_t_mean": 0.08909872882853152,
    "r_t_std": 0.032333316959656064,
    "r_t_min": 0.046050279563752364,
    "r_t_max": 0.4286177794792996,
    "delta_hat_mean": -1.8282699715415758e-07,
    "delta_hat_std": 1.1828401839904114e-05,
    "lambda_t_mean": 0.007293794856539219,
    "lambda_t_std": 0.0008445884348041921,
    "n_records": 780
  },
  "layer1.1.conv1.weight": {
    "r_t_mean": 0.0894527585981718,
    "r_t_std": 0.032764865831968006,
    "r_t_min": 0.026998025624619806,
    "r_t_max": 0.29327176792867876,
    "delta_hat_mean": 3.8758084836824735e-07,
    "delta_hat_std": 1.0583162013714173e-05,
    "lambda_t_mean": 0.007254975890904702,
    "lambda_t_std": 0.0008973758292958775,
    "n_records": 780
  },
  "layer1.1.conv2.weight": {
    "r_t_mean": 0.08913176888434927,
    "r_t_std": 0.03149757427781129,
    "r_t_min": 0.036217327558077904,
    "r_t_max": 0.2753754907117651,
    "delta_hat_mean": -4.20576228817774e-07,
    "delta_hat_std": 1.0139498708022011e-05,
    "lambda_t_mean": 0.007265625858654072,
    "lambda_t_std": 0.0008360658359555711,
    "n_records": 780
  },
  "layer1.2.conv1.weight": {
    "r_t_mean": 0.09098260419572103,
    "r_t_std": 0.03368287568888128,
    "r_t_min": 0.03390641471165564,
    "r_t_max": 0.2587449325348737,
    "delta_hat_mean": 1.7262546796003858e-07,
    "delta_hat_std": 7.714270259322736e-06,
    "lambda_t_mean": 0.0072932091788133055,
    "lambda_t_std": 0.0008155796581859596,
    "n_records": 780
  },
  "layer1.2.conv2.weight": {
    "r_t_mean": 0.08978810464356536,
    "r_t_std": 0.03205773130617477,
    "r_t_min": 0.03675203213924474,
    "r_t_max": 0.20996977706119932,
    "delta_hat_mean": -4.695149013583953e-07,
    "delta_hat_std": 8.868409261374312e-06,
    "lambda_t_mean": 0.007287956623639296,
    "lambda_t_std": 0.0007749181184762517,
    "n_records": 780
  },
  "layer2.0.conv1.weight": {
    "r_t_mean": 0.08889621327730594,
    "r_t_std": 0.028328962771705275,
    "r_t_min": 0.040250175853819056,
    "r_t_max": 0.17373418506682298,
    "delta_hat_mean": 1.791592440517147e-07,
    "delta_hat_std": 8.813165934971306e-06,
    "lambda_t_mean": 0.007323072954786111,
    "lambda_t_std": 0.0007207221074907266,
    "n_records": 780
  },
  "layer2.0.conv2.weight": {
    "r_t_mean": 0.08925220247626457,
    "r_t_std": 0.028439001192825473,
    "r_t_min": 0.04912797836509962,
    "r_t_max": 0.17791610505137495,
    "delta_hat_mean": 1.1823641956108479e-08,
    "delta_hat_std": 5.254240769615615e-06,
    "lambda_t_mean": 0.007322084660091428,
    "lambda_t_std": 0.0006376161393745448,
    "n_records": 780
  },
  "layer2.0.shortcut.0.weight": {
    "r_t_mean": 0.08661500165451382,
    "r_t_std": 0.026824207292436984,
    "r_t_min": 0.031495909116416254,
    "r_t_max": 0.179843882017967,
    "delta_hat_mean": 2.9566657207105786e-07,
    "delta_hat_std": 2.0536387281964535e-05,
    "lambda_t_mean": 0.007351621143094818,
    "lambda_t_std": 0.0008199435804452117,
    "n_records": 780
  },
  "layer2.1.conv1.weight": {
    "r_t_mean": 0.09126107446809435,
    "r_t_std": 0.03146727880021523,
    "r_t_min": 0.03595779217541912,
    "r_t_max": 0.17966869289662588,
    "delta_hat_mean": -2.2751309203802505e-07,
    "delta_hat_std": 4.024296592209742e-06,
    "lambda_t_mean": 0.007331660386969844,
    "lambda_t_std": 0.0007046680508056194,
    "n_records": 780
  },
  "layer2.1.conv2.weight": {
    "r_t_mean": 0.09092326447065831,
    "r_t_std": 0.03163039129275732,
    "r_t_min": 0.0354026717204111,
    "r_t_max": 0.17717036442948098,
    "delta_hat_mean": -1.353668606267451e-09,
    "delta_hat_std": 3.868752806509389e-06,
    "lambda_t_mean": 0.007325490699370951,
    "lambda_t_std": 0.0006624458300393769,
    "n_records": 780
  },
  "layer2.2.conv1.weight": {
    "r_t_mean": 0.09151072152194964,
    "r_t_std": 0.03167621130310845,
    "r_t_min": 0.03546342219180308,
    "r_t_max": 0.1863886144196524,
    "delta_hat_mean": 1.1250850198515265e-07,
    "delta_hat_std": 3.8639063356182665e-06,
    "lambda_t_mean": 0.007317117917939543,
    "lambda_t_std": 0.0006870151589239705,
    "n_records": 780
  },
  "layer2.2.conv2.weight": {
    "r_t_mean": 0.09003600747476381,
    "r_t_std": 0.03092197690632709,
    "r_t_min": 0.03633914699962548,
    "r_t_max": 0.17473205420489313,
    "delta_hat_mean": 1.4555146491657977e-07,
    "delta_hat_std": 4.153909340274876e-06,
    "lambda_t_mean": 0.00731768944477395,
    "lambda_t_std": 0.0006398799127973431,
    "n_records": 780
  },
  "layer3.0.conv1.weight": {
    "r_t_mean": 0.08889536431994367,
    "r_t_std": 0.028353869338223585,
    "r_t_min": 0.03419297916830416,
    "r_t_max": 0.16658419479624884,
    "delta_hat_mean": 4.6175963363096e-08,
    "delta_hat_std": 3.2292186649880037e-06,
    "lambda_t_mean": 0.0073316051917159016,
    "lambda_t_std": 0.0006132130663233246,
    "n_records": 780
  },
  "layer3.0.conv2.weight": {
    "r_t_mean": 0.09123566791477129,
    "r_t_std": 0.03035790991308062,
    "r_t_min": 0.04798758449013145,
    "r_t_max": 0.17348810681118834,
    "delta_hat_mean": 3.756078027921789e-08,
    "delta_hat_std": 2.1529133707852175e-06,
    "lambda_t_mean": 0.007331733317134639,
    "lambda_t_std": 0.0005901940101672319,
    "n_records": 780
  },
  "layer3.0.shortcut.0.weight": {
    "r_t_mean": 0.08527004013869152,
    "r_t_std": 0.026605668642466572,
    "r_t_min": 0.02547617512668327,
    "r_t_max": 0.15629261147180565,
    "delta_hat_mean": 3.840245771693564e-08,
    "delta_hat_std": 7.87470895172546e-06,
    "lambda_t_mean": 0.00732234712399805,
    "lambda_t_std": 0.0006535111672818246,
    "n_records": 780
  },
  "layer3.1.conv1.weight": {
    "r_t_mean": 0.09174619042084547,
    "r_t_std": 0.031337305024798964,
    "r_t_min": 0.05077386116064265,
    "r_t_max": 0.17363566736134928,
    "delta_hat_mean": -4.42475804383855e-08,
    "delta_hat_std": 2.264624681411594e-06,
    "lambda_t_mean": 0.007328230081962095,
    "lambda_t_std": 0.000603387763894301,
    "n_records": 780
  },
  "layer3.1.conv2.weight": {
    "r_t_mean": 0.09170798354632374,
    "r_t_std": 0.03130736601489512,
    "r_t_min": 0.05181395843678403,
    "r_t_max": 0.17359798042782099,
    "delta_hat_mean": -1.2577189363544158e-07,
    "delta_hat_std": 1.8793613144466756e-06,
    "lambda_t_mean": 0.007336623930042518,
    "lambda_t_std": 0.0005785993087993578,
    "n_records": 780
  },
  "layer3.2.conv1.weight": {
    "r_t_mean": 0.09182327679827815,
    "r_t_std": 0.030638540165859637,
    "r_t_min": 0.049784499417836366,
    "r_t_max": 0.17091951689820759,
    "delta_hat_mean": -3.6539871299641376e-08,
    "delta_hat_std": 2.1624179814049086e-06,
    "lambda_t_mean": 0.007336229166570965,
    "lambda_t_std": 0.0005747727721164904,
    "n_records": 780
  },
  "layer3.2.conv2.weight": {
    "r_t_mean": 0.08711235103541182,
    "r_t_std": 0.025161397702682355,
    "r_t_min": 0.05371154792468866,
    "r_t_max": 0.15013122451948502,
    "delta_hat_mean": -3.4712671851599417e-07,
    "delta_hat_std": 2.204727330474313e-06,
    "lambda_t_mean": 0.00734604959557108,
    "lambda_t_std": 0.0005587361882999381,
    "n_records": 780
  },
  "fc.weight": {
    "r_t_mean": 0.056521680403404384,
    "r_t_std": 0.010636001390959512,