{
  "task_id": "pilot_h2",
  "timestamp": "2026-04-26T09:44:20.016187",
  "config": {
    "model": "gpt2-small",
    "layer": 8,
    "sae_release": "gpt2-small-res-jb",
    "d_sae": 24576,
    "n_train_tokens": 50000,
    "n_eval_tokens": 5000,
    "n_epochs": 1,
    "batch_size": 64,
    "seq_len": 128,
    "learning_rate": 0.001,
    "l1_coefficient": 8e-05,
    "topk_k": 50,
    "jumprelu_threshold": 0.01,
    "device": "cuda:0"
  },
  "results": [
    {
      "variant": "Vanilla (pre-trained)",
      "l0_sparsity": 0.006372046656906605,
      "reconstruction_mse": 13.527251243591309,
      "mean_absorption": 0.22531610829915522,
      "mean_uas": 0.6218410165653402,
      "n_features_analyzed": 200,
      "n_eval_tokens": 5120
    },
    {
      "variant": "TopK SAE",
      "l0_sparsity": 0.0020345053635537624,
      "reconstruction_mse": 110.23494720458984,
      "mean_absorption": 0.06554679117577092,
      "mean_uas": 0.5009871386594922,
      "n_features_analyzed": 200,
      "n_eval_tokens": 5120
    },
    {
      "variant": "JumpReLU SAE",
      "l0_sparsity": 0.49107643961906433,
      "reconstruction_mse": 3419.60595703125,
      "mean_absorption": 0.624902914026405,
      "mean_uas": 5.148295681408988,
      "n_features_analyzed": 200,
      "n_eval_tokens": 5120
    }
  ],
  "pilot_assessment": {
    "vanilla_baseline": {
      "l0": 0.006372046656906605,
      "recon_mse": 13.527251243591309,
      "mean_absorption": 0.22531610829915522,
      "mean_uas": 0.6218410165653402
    },
    "pilot_pass": true,
    "methods_evaluated": 2,
    "methods_with_acceptable_mse": 0
  }
}