{
  "task_id": "p1_uad_gpt2",
  "model": "gpt2-small",
  "layer": 8,
  "seed": 42,
  "d_sae": 24576,
  "top_indices_count": 500,
  "n_clusters": 50,
  "supervised_labels": {
    "0": 20644,
    "1": 12453,
    "2": 18486,
    "3": 5336,
    "4": 18821,
    "5": 12453,
    "6": 4941,
    "7": 5336,
    "8": 18486,
    "9": 4206,
    "10": 3972,
    "11": 20663,
    "12": 14899,
    "13": 20663,
    "14": 18486,
    "15": 18486,
    "16": 7678,
    "17": 3794,
    "18": 12453,
    "19": 16086,
    "20": 18486,
    "21": 3794,
    "22": 3972,
    "23": 19773,
    "24": 1095,
    "25": 3972
  },
  "evaluation": {
    "precision": 0.5428571428571428,
    "recall": 1.0,
    "f1": 0.7037037037037037,
    "true_positives": 19,
    "same_cluster_pairs": 35,
    "supervised_collisions": 19
  },
  "feature_activity_stats": {
    "mean": 13.3544921875,
    "std": 78.74030303955078,
    "max": 4100.0,
    "min": 0.0
  },
  "elapsed_seconds": 7.051063299179077,
  "timestamp": "2026-04-28T12:22:28.329060"
}