{
  "task_id": "p2_dfda_gpt2",
  "model": "gpt2-small",
  "layer": 8,
  "seed": 42,
  "absorbed_pairs": [
    [
      1501,
      1867,
      0.8079466429027216
    ],
    [
      3357,
      3269,
      0.8079466429027216
    ],
    [
      136,
      29,
      0.6998542122237652
    ],
    [
      371,
      29,
      0.6998542122237652
    ]
  ],
  "pair_results": [
    {
      "baseline_mse": 8.855974197387695,
      "compensated_mse": 3.7778515888930997e-06,
      "improvement_pct": 99.99995734007908,
      "n_params": 193,
      "pair_id": 1,
      "parent_feature": 1501,
      "child_feature": 1867,
      "phi": 0.8079466429027216,
      "n_train": 100,
      "n_test": 40
    },
    {
      "baseline_mse": 0.6091982126235962,
      "compensated_mse": 2.97597898679669e-06,
      "improvement_pct": 99.99951147608041,
      "n_params": 193,
      "pair_id": 2,
      "parent_feature": 3357,
      "child_feature": 3269,
      "phi": 0.8079466429027216,
      "n_train": 100,
      "n_test": 40
    }
  ],
  "aggregate": {
    "mean_improvement_pct": 99.99973440807975,
    "positive_ratio": 1.0,
    "total_params": 386,
    "sae_params": 37774080,
    "param_ratio_pct": 0.0010218647284063569
  },
  "runtime_seconds": 7.669618606567383,
  "timestamp": "2026-04-28T12:24:25.624720"
}