{
  "variant": "Ki_only",
  "method": "UDWDC_v2_Ki_only",
  "K_p": 0.0,
  "K_i": 0.1,
  "K_d": 0.0,
  "is_baseline": false,
  "seed": 123,
  "epochs": 200,
  "best_test_acc": 69.33,
  "final_test_acc": 68.98,
  "final_train_acc": 99.30488782051282,
  "generalization_gap": 30.324887820512814,
  "total_wd_budget": 0.14153433771494148,
  "v2_cumulative_wd_budget": 162144.39669715054,
  "csi": 0.23927652736486027,
  "nan_inf_detected": false,
  "elapsed_sec": 717.129522562027
}