{
  "task_id": "analysis_h3",
  "n_problems": 50,
  "h3_evaluation": {
    "hypothesis": "H3: Single-pass accuracy > 75% on low-Ea problems",
    "threshold_used": 9.999999999903855,
    "low_ea_accuracy": 0.75,
    "high_ea_accuracy": 0.5,
    "delta": 0.25,
    "threshold": 0.75,
    "pass": true,
    "status": "CONFIRMED",
    "notes": "Low-Ea accuracy (75.0%) meets threshold (75%). Ea is a useful routing signal."
  },
  "predictor_quality": {
    "auc": 0.4356617647058823,
    "useful_predictor": false,
    "spearman_ea_accuracy": -0.06341151396912596,
    "p_value_ea_accuracy": 0.6617582904647242,
    "pearson_ea_accuracy": 0.024322057835519894
  },
  "correlations": {
    "spearman_ea_level": 0.4479185894194473,
    "p_value_ea_level": 0.0011069882295921495,
    "spearman_level_accuracy": -0.0567136832533235,
    "p_value_level_accuracy": 0.6956506451828163
  },
  "level_stats": {
    "Level 1": {
      "count": 2,
      "mean_ea": 9.465119652052582,
      "std_ea": 0.0,
      "accuracy": 0.5
    },
    "Level 2": {
      "count": 9,
      "mean_ea": 9.643412685814143,
      "std_ea": 0.2521444264242964,
      "accuracy": 0.7777777777777778
    },
    "Level 3": {
      "count": 15,
      "mean_ea": 9.75038890366161,
      "std_ea": 0.26684495062710434,
      "accuracy": 0.6666666666666666
    },
    "Level 4": {
      "count": 11,
      "mean_ea": 9.70824674293881,
      "std_ea": 0.2663323840399018,
      "accuracy": 0.7272727272727273
    },
    "Level 5": {
      "count": 13,
      "mean_ea": 9.999999206315806,
      "std_ea": 1.9319496942892835e-06,
      "accuracy": 0.6153846153846154
    }
  },
  "problem_data": [
    {
      "idx": 0,
      "level": "Level 2",
      "level_num": 2,
      "ea": 9.465119652052582,
      "c0": 0.10565106800135829,
      "final_consistency": 1.0,
      "single_pass_correct": true
    },
    {
      "idx": 1,
      "level": "Level 4",
      "level_num": 4,
      "ea": 9.465119652052582,
      "c0": 0.10565106800135829,
      "final_consistency": 1.0,
      "single_pass_correct": true
    },
    {
      "idx": 2,
      "level": "Level 4",
      "level_num": 4,
      "ea": 9.465119652052582,
      "c0": 0.10565106800135829,
      "final_consistency": 1.0,
      "single_pass_correct": false
    },
    {
      "idx": 3,
      "level": "Level 2",
      "level_num": 2,
      "ea": 9.999999999999998,
      "c0": 0.10000000000000002,
      "final_consistency": 0.3333333333333333,
      "single_pass_correct": false
    },
    {
      "idx": 4,
      "level": "Level 2",
      "level_num": 2,
      "ea": 9.465119652052582,
      "c0": 0.10565106800135829,
      "final_consistency": 1.0,
      "single_pass_correct": true
    },
    {
      "idx": 5,
      "level": "Level 3",
      "level_num": 3,
      "ea": 9.99999626037134,
      "c0": 0.10000003739630059,
      "final_consistency": 0.6666666666666666,
      "single_pass_correct": true
    },
    {
      "idx": 6,
      "level": "Level 5",
      "level_num": 5,
      "ea": 9.999999999910871,
      "c0": 0.10000000000089128,
      "final_consistency": 0.6666666666666666,
      "single_pass_correct": false
    },
    {
      "idx": 7,
      "level": "Level 1",
      "level_num": 1,
      "ea": 9.465119652052582,
      "c0": 0.10565106800135829,
      "final_consistency": 1.0,
      "single_pass_correct": true
    },
    {
      "idx": 8,
      "level": "Level 5",
      "level_num": 5,
      "ea": 9.999999994699072,
      "c0": 0.10000000005300928,
      "final_consistency": 0.6666666666666666,
      "single_pass_correct": true
    },
    {
      "idx": 9,
      "level": "Level 3",
      "level_num": 3,
      "ea": 9.465119652052582,
      "c0": 0.10565106800135829,
      "final_consistency": 1.0,
      "single_pass_correct": false
    },
    {
      "idx": 10,
      "level": "Level 3",
      "level_num": 3,
      "ea": 9.465119652052582,
      "c0": 0.10565106800135829,
      "final_consistency": 1.0,
      "single_pass_correct": true
    },
    {
      "idx": 11,
      "level": "Level 5",
      "level_num": 5,
      "ea": 9.999999999999998,
      "c0": 0.10000000000000002,
      "final_consistency": 0.6666666666666666,
      "single_pass_correct": true
    },
    {
      "idx": 12,
      "level": "Level 4",
      "level_num": 4,
      "ea": 9.99999999964045,
      "c0": 0.1000000000035955,
      "final_consistency": 1.0,
      "single_pass_correct": true
    },
    {
      "idx": 13,
      "level": "Level 5",
      "level_num": 5,
      "ea": 9.999999999910871,
      "c0": 0.10000000000089128,
      "final_consistency": 0.6666666666666666,
      "single_pass_correct": false
    },
    {
      "idx": 14,
      "level": "Level 4",
      "level_num": 4,
      "ea": 9.465119652052582,
      "c0": 0.10565106800135829,
      "final_consistency": 1.0,
      "single_pass_correct": true
    },
    {
      "idx": 15,
      "level": "Level 5",
      "level_num": 5,
      "ea": 9.999999999999998,
      "c0": 0.10000000000000002,
      "final_consistency": 0.3333333333333333,
      "single_pass_correct": true
    },
    {
      "idx": 16,
      "level": "Level 3",
      "level_num": 3,
      "ea": 9.465119652052582,
      "c0": 0.10565106800135829,
      "final_consistency": 1.0,
      "single_pass_correct": false
    },
    {
      "idx": 17,
      "level": "Level 5",
      "level_num": 5,
      "ea": 9.999993463593752,
      "c0": 0.1000000653641052,
      "final_consistency": 1.0,
      "single_pass_correct": true
    },
    {
      "idx": 18,
      "level": "Level 4",
      "level_num": 4,
      "ea": 9.999999999999998,
      "c0": 0.10000000000000002,
      "final_consistency": 0.3333333333333333,
      "single_pass_correct": true
    },
    {
      "idx": 19,
      "level": "Level 5",
      "level_num": 5,
      "ea": 9.99999999964045,
      "c0": 0.1000000000035955,
      "final_consistency": 1.0,
      "single_pass_correct": false
    },
    {
      "idx": 20,
      "level": "Level 2",
      "level_num": 2,
      "ea": 9.465119652052582,
      "c0": 0.10565106800135829,
      "final_consistency": 1.0,
      "single_pass_correct": true
    },
    {
      "idx": 21,
      "level": "Level 3",
      "level_num": 3,
      "ea": 9.999999731747632,
      "c0": 0.10000000268252375,
      "final_consistency": 1.0,
      "single_pass_correct": true
    },
    {
      "idx": 22,
      "level": "Level 1",
      "level_num": 1,
      "ea": 9.465119652052582,
      "c0": 0.10565106800135829,
      "final_consistency": 1.0,
      "single_pass_correct": false
    },
    {
      "idx": 23,
      "level": "Level 4",
      "level_num": 4,
      "ea": 9.99999999999982,
      "c0": 0.1000000000000018,
      "final_consistency": 0.3333333333333333,
      "single_pass_correct": true
    },
    {
      "idx": 24,
      "level": "Level 3",
      "level_num": 3,
      "ea": 9.465119652052582,
      "c0": 0.10565106800135829,
      "final_consistency": 1.0,
      "single_pass_correct": true
    },
    {
      "idx": 25,
      "level": "Level 3",
      "level_num": 3,
      "ea": 9.465119652052582,
      "c0": 0.10565106800135829,
      "final_consistency": 1.0,
      "single_pass_correct": true
    },
    {
      "idx": 26,
      "level": "Level 5",
      "level_num": 5,
      "ea": 9.999999964258736,
      "c0": 0.10000000035741265,
      "final_consistency": 0.3333333333333333,
      "single_pass_correct": true
    },
    {
      "idx": 27,
      "level": "Level 4",
      "level_num": 4,
      "ea": 9.465119652052582,
      "c0": 0.10565106800135829,
      "final_consistency": 1.0,
      "single_pass_correct": false
    },
    {
      "idx": 28,
      "level": "Level 5",
      "level_num": 5,
      "ea": 9.999999999999998,
      "c0": 0.10000000000000002,
      "final_consistency": 0.3333333333333333,
      "single_pass_correct": true
    },
    {
      "idx": 29,
      "level": "Level 4",
      "level_num": 4,
      "ea": 9.465119652052582,
      "c0": 0.10565106800135829,