{
  "features.0.weight": {
    "r_t_mean": 1.0251270028488527e-09,
    "r_t_std": 5.11474557301805e-09,
    "r_t_min": 0.0,
    "r_t_max": 7.057627583642301e-08,
    "delta_hat_mean": -9.887260135267677e-06,
    "delta_hat_std": 0.007133499906251558,
    "lambda_t_mean": 0.0005029575840759273,
    "lambda_t_std": 1.1902419240115143e-05,
    "n_records": 1950
  },
  "features.2.weight": {
    "r_t_mean": 4.817767567629877e-09,
    "r_t_std": 2.4171775838044214e-08,
    "r_t_min": 0.0,
    "r_t_max": 3.4029343441696023e-07,
    "delta_hat_mean": 7.424765159307174e-07,
    "delta_hat_std": 0.0020610727486704123,
    "lambda_t_mean": 0.0005054375623888157,
    "lambda_t_std": 1.6414028936360824e-05,
    "n_records": 1950
  },
  "features.5.weight": {
    "r_t_mean": 3.6516406651144102e-09,
    "r_t_std": 1.8238877126799637e-08,
    "r_t_min": 0.0,
    "r_t_max": 2.589441020151039e-07,
    "delta_hat_mean": 2.780545886359311e-06,
    "delta_hat_std": 0.0014007000261874935,
    "lambda_t_mean": 0.0005057128434101439,
    "lambda_t_std": 1.7714917289408385e-05,
    "n_records": 1950
  },
  "features.7.weight": {
    "r_t_mean": 5.198483774441502e-09,
    "r_t_std": 2.586324380019951e-08,
    "r_t_min": 0.0,
    "r_t_max": 3.506437801840729e-07,
    "delta_hat_mean": -4.658496116419632e-06,
    "delta_hat_std": 0.0010465330375708513,
    "lambda_t_mean": 0.0005072878419167971,
    "lambda_t_std": 2.0157370161348615e-05,
    "n_records": 1950
  },
  "features.10.weight": {
    "r_t_mean": 4.244228756512866e-09,
    "r_t_std": 2.085308978824645e-08,
    "r_t_min": 0.0,
    "r_t_max": 2.9720010938002844e-07,
    "delta_hat_mean": -1.1908021207967196e-05,
    "delta_hat_std": 0.0007864675754399417,
    "lambda_t_mean": 0.0005078933951392913,
    "lambda_t_std": 2.0945689580545704e-05,
    "n_records": 1950
  },
  "features.12.weight": {
    "r_t_mean": 7.181083509360044e-09,
    "r_t_std": 3.3767096323441554e-08,
    "r_t_min": 0.0,
    "r_t_max": 4.499828692839081e-07,
    "delta_hat_mean": 2.1380620205504806e-06,
    "delta_hat_std": 0.0006961460620416684,
    "lambda_t_mean": 0.0005125529048269232,
    "lambda_t_std": 2.8802525905230663e-05,
    "n_records": 1950
  },
  "features.14.weight": {
    "r_t_mean": 1.207021587474616e-08,
    "r_t_std": 5.3779467002291556e-08,
    "r_t_min": 0.0,
    "r_t_max": 7.175136761614931e-07,
    "delta_hat_mean": -1.638820820085667e-05,
    "delta_hat_std": 0.0006764804363492665,
    "lambda_t_mean": 0.0005184727418858442,
    "lambda_t_std": 3.73264162405918e-05,
    "n_records": 1950
  },
  "features.17.weight": {
    "r_t_mean": 1.9864034795816262e-08,
    "r_t_std": 8.370381305973756e-08,
    "r_t_min": 0.0,
    "r_t_max": 1.11258454544249e-06,
    "delta_hat_mean": -2.2677872338597093e-05,
    "delta_hat_std": 0.0006099425802243452,
    "lambda_t_mean": 0.0005255251487830715,
    "lambda_t_std": 4.562318582843099e-05,
    "n_records": 1950
  },
  "features.19.weight": {
    "r_t_mean": 7.213274612005123e-08,
    "r_t_std": 2.8761918580231843e-07,
    "r_t_min": 0.0,
    "r_t_max": 3.60943126074887e-06,
    "delta_hat_mean": -6.889684347540354e-06,
    "delta_hat_std": 0.00040286126951597265,
    "lambda_t_mean": 0.0005477314111682875,
    "lambda_t_std": 6.808997564681666e-05,
    "n_records": 1950
  },
  "features.21.weight": {
    "r_t_mean": 1.6366392719505917e-07,
    "r_t_std": 6.300769676169469e-07,
    "r_t_min": 0.0,
    "r_t_max": 8.07600697743857e-06,
    "delta_hat_mean": 3.260222523341583e-05,
    "delta_hat_std": 0.0005204192775009011,
    "lambda_t_mean": 0.000574174782317284,
    "lambda_t_std": 8.729321589754369e-05,
    "n_records": 1950
  },
  "features.24.weight": {
    "r_t_mean": 4.972699390686118e-07,
    "r_t_std": 1.8199423842581985e-06,
    "r_t_min": 0.0,
    "r_t_max": 2.290909693980573e-05,
    "delta_hat_mean": 1.8559919784563997e-05,
    "delta_hat_std": 0.0005286309812246279,
    "lambda_t_mean": 0.0006398118570991266,
    "lambda_t_std": 0.00014290584156175,
    "n_records": 1950
  },
  "features.26.weight": {
    "r_t_mean": 1.8559852016072162e-06,
    "r_t_std": 6.411247373329495e-06,
    "r_t_min": 0.0,
    "r_t_max": 7.739259329294089e-05,
    "delta_hat_mean": 1.8231539040669257e-05,
    "delta_hat_std": 0.0006539469340970834,
    "lambda_t_mean": 0.0008259955131629417,
    "lambda_t_std": 0.00036680309185492624,
    "n_records": 1950
  },
  "features.28.weight": {
    "r_t_mean": 7.3981430311571046e-06,
    "r_t_std": 2.3898331657138836e-05,
    "r_t_min": 0.0,
    "r_t_max": 0.00028676636156777256,
    "delta_hat_mean": -2.0929590797235364e-06,
    "delta_hat_std": 0.000836433039639121,
    "lambda_t_mean": 0.0010854048903839062,
    "lambda_t_std": 0.0007297219627301147,
    "n_records": 1950
  },
  "classifier.0.weight": {
    "r_t_mean": 1.5241004904409785e-05,
    "r_t_std": 3.985820317062581e-05,
    "r_t_min": 0.0,
    "r_t_max": 0.0003718554176116674,
    "delta_hat_mean": 1.8423738728275708e-05,
    "delta_hat_std": 0.001693530137198911,
    "lambda_t_mean": 0.001184111762334147,
    "lambda_t_std": 0.0008666646433547689,
    "n_records": 1950
  },
  "classifier.3.weight": {
    "r_t_mean": 0.00012709184714868767,
    "r_t_std": 0.0002754874862709391,
    "r_t_min": 0.0,
    "r_t_max": 0.002138379806911525,
    "delta_hat_mean": 3.809674164469284e-05,
    "delta_hat_std": 0.0020335268548409367,
    "lambda_t_mean": 0.001228441865887545,
    "lambda_t_std": 0.0009201426698764839,
    "n_records": 1950
  },
  "classifier.6.weight": {
    "r_t_mean": 0.0005976943383488267,
    "r_t_std": 0.0014712863757214891,
    "r_t_min": 0.0,
    "r_t_max": 0.012884623252443377,
    "delta_hat_mean": 0.0002738457908195321,
    "delta_hat_std": 0.00355491634891884,
    "lambda_t_mean": 0.001234416225769857,
    "lambda_t_std": 0.0009544879221355309,
    "n_records": 1950
  }
}