{
  "task_id": "pilot_topk",
  "variant": "TopK (k=50)",
  "architecture": "topk",
  "config": {
    "num_features": 1024,
    "hidden_dim": 256,
    "d_sae": 2048,
    "training_samples": 2000000,
    "batch_size": 1024,
    "seed": 42,
    "device": "cuda"
  },
  "metrics": {
    "absorption_rate": 0.032980230338116645,
    "feature_recovery_mcc": 0.2124260812997818,
    "reconstruction_mse": 0.00785524733364582,
    "explained_variance": -0.41573540822812793,
    "l0_sparsity": 50.0,
    "true_l0": 1.58127,
    "dead_latents": 1689,
    "shrinkage": 0.601126884765625,
    "uniqueness": 0.3623046875,
    "hedging_score": 0.2001953125,
    "classification_precision": 0.0028965449891984463,
    "classification_recall": 0.015119881369173527,
    "classification_f1": 0.00077550217974931,
    "classification_accuracy": 0.9739347696304321
  },
  "absorption_details": {
    "absorption_rate": 0.032980230338116645,
    "num_pairs": 992,
    "parent_fire_count": 64948,
    "absorption_count": 2142
  },
  "hedging_details": {
    "hedging_score": 0.2001953125,
    "hedging_latents": 410,
    "total_latents": 2048
  },
  "timing": {
    "elapsed_seconds": 3.8350281715393066,
    "elapsed_minutes": 0.06391713619232178
  },
  "timestamp": "2026-04-25T17:22:43.574967"
}