{
  "task_id": "pilot_baseline",
  "variant": "Baseline ReLU",
  "architecture": "standard",
  "config": {
    "num_features": 1024,
    "hidden_dim": 256,
    "d_sae": 2048,
    "training_samples": 2000000,
    "batch_size": 1024,
    "seed": 42,
    "device": "cuda"
  },
  "metrics": {
    "absorption_rate": 0.20337808708505264,
    "feature_recovery_mcc": 0.21592381596565247,
    "reconstruction_mse": 0.010706677753478288,
    "explained_variance": -0.9305989737941742,
    "l0_sparsity": 1044.02192,
    "true_l0": 1.57778,
    "dead_latents": 0,
    "shrinkage": 1.0192428771972657,
    "uniqueness": 0.37890625,
    "hedging_score": 0.22412109375,
    "classification_precision": 0.003310054773464799,
    "classification_recall": 0.17688436806201935,
    "classification_f1": 0.004894278012216091,
    "classification_accuracy": 0.4907195568084717
  },
  "absorption_details": {
    "absorption_rate": 0.20337808708505264,
    "num_pairs": 992,
    "parent_fire_count": 64948,
    "absorption_count": 13209
  },
  "hedging_details": {
    "hedging_score": 0.22412109375,
    "hedging_latents": 459,
    "total_latents": 2048
  },
  "timing": {
    "elapsed_seconds": 3.3405463695526123,
    "elapsed_minutes": 0.05567577282587687
  },
  "timestamp": "2026-04-25T17:22:43.222652"
}