{
  "task_id": "pilot_multiscale",
  "variant": "MultiScale (Matryoshka)",
  "architecture": "matryoshka_batchtopk",
  "config": {
    "num_features": 1024,
    "hidden_dim": 256,
    "d_sae": 2048,
    "training_samples": 2000000,
    "batch_size": 1024,
    "seed": 42,
    "device": "cuda"
  },
  "metrics": {
    "absorption_rate": 0.050286382952515855,
    "feature_recovery_mcc": 0.21923694014549255,
    "reconstruction_mse": 0.007450567232444883,
    "explained_variance": -0.3395921896513876,
    "l0_sparsity": 50.0,
    "true_l0": 1.58606,
    "dead_latents": 1232,
    "shrinkage": 0.663797395324707,
    "uniqueness": 0.41015625,
    "hedging_score": 0.2216796875,
    "classification_precision": 0.006715481169521809,
    "classification_recall": 0.028256071731448174,
    "classification_f1": 0.0031080523040145636,
    "classification_accuracy": 0.9743158221244812
  },
  "absorption_details": {
    "absorption_rate": 0.050286382952515855,
    "num_pairs": 992,
    "parent_fire_count": 64948,
    "absorption_count": 3266
  },
  "hedging_details": {
    "hedging_score": 0.2216796875,
    "hedging_latents": 454,
    "total_latents": 2048
  },
  "timing": {
    "elapsed_seconds": 5.842591047286987,
    "elapsed_minutes": 0.09737651745478312
  },
  "timestamp": "2026-04-25T17:22:45.046809"
}