{
  "task_id": "pilot_random_control",
  "variant": "random_control",
  "architecture": "random",
  "config": {
    "num_features": 1024,
    "hidden_dim": 256,
    "d_sae": 2048,
    "seed": 42
  },
  "metrics": {
    "absorption_rate": 0.5597400997721254,
    "feature_recovery_mcc": 0.22284871339797974,
    "reconstruction_mse": 0.6272449135780335,
    "explained_variance": -111.948178125142,
    "l0_sparsity": 1032.5995,
    "true_l0": 1.58395,
    "dead_latents": 0,
    "shrinkage": 8.801902158203125,
    "uniqueness": 0.43408203125,
    "hedging_score": 0.2470703125,
    "classification_precision": 0.00288308784365654,
    "classification_recall": 0.18847814202308655,
    "classification_f1": 0.004202164709568024,
    "classification_accuracy": 0.49580609798431396
  },
  "timing": {
    "elapsed_seconds": 1.3182928562164307,
    "elapsed_minutes": 0.02197154760360718
  },
  "timestamp": "2026-04-25T17:22:40.875753"
}