{
  "task": "h_safe_gemma",
  "hypothesis": "H_Safe: Safety-critical features show elevated absorption vs non-safety",
  "mode": "full",
  "config": {
    "model": "gpt2-small",
    "sae_release": "gpt2-small-res-jb",
    "sae_id": "blocks.8.hook_resid_pre",
    "layer": 8,
    "d_sae": 24576,
    "d_in": 768,
    "n_safety_features": 20,
    "n_non_safety_features": 20,
    "absorption_samples": 200,
    "top_k": 32,
    "seed": 42,
    "device": "cuda"
  },
  "feature_selection": {
    "safety_features": [
      22926,
      4207,
      20257,
      2276,
      15631,
      20644,
      11410,
      18486,
      15817,
      21093,
      12816,
      22908,
      2332,
      1729,
      461,
      14121,
      6243,
      15910,
      18767,
      13489
    ],
    "non_safety_features": [
      7451,
      7122,
      24236,
      22681,
      10469,
      4309,
      15479,
      8683,
      4528,
      12758,
      5926,
      6403,
      6126,
      10817,
      19632,
      8998,
      16329,
      5336,
      6863,
      24412
    ],
    "safety_prompts": 50,
    "neutral_prompts": 51
  },
  "results": {
    "safety": {
      "absorption_mean": 0.9668330277565573,
      "absorption_std": 0.010284847806910783,
      "absorption_min": 0.942525082760377,
      "absorption_max": 0.9854545454545455,
      "absorption_median": 0.9690909090909092,
      "n_measured": 20,
      "feature_indices": [
        22926,
        4207,
        20257,
        2276,
        15631,
        20644,
        11410,
        18486,
        15817,
        21093,
        12816,
        22908,
        2332,
        1729,
        461,
        14121,
        6243,
        15910,
        18767,
        13489
      ],
      "absorption_scores": [
        0.9707130124777185,
        0.960089126559715,
        0.9628877005347592,
        0.9662388591800357,
        0.968306595365419,
        0.9750089126559714,
        0.9854545454545455,
        0.9803743315508021,
        0.9757575757575759,
        0.9698752228163994,
        0.9616221033868093,
        0.942525082760377,
        0.9776648841354725,
        0.9592513368983958,
        0.9699286987522282,
        0.9719073083778966,
        0.947415329768271,
        0.957914438502674,
        0.972620320855615,
        0.9611051693404636
      ]
    },
    "non_safety": {
      "absorption_mean": 0.9682192513368983,
      "absorption_std": 0.0125564512460243,
      "absorption_min": 0.9494295900178252,
      "absorption_max": 0.9942959001782532,
      "absorption_median": 0.9659625668449199,
      "n_measured": 20,
      "feature_indices": [
        7451,
        7122,
        24236,
        22681,
        10469,
        4309,
        15479,
        8683,
        4528,
        12758,
        5926,
        6403,
        6126,
        10817,
        19632,
        8998,
        16329,
        5336,
        6863,
        24412
      ],
      "absorption_scores": [
        0.9586452762923351,
        0.9680213903743317,
        0.9613368983957219,
        0.9942959001782532,
        0.9589304812834226,
        0.9570944741532977,
        0.9903208556149733,
        0.9701782531194296,
        0.953529411764706,
        0.9600178253119431,
        0.9515686274509804,
        0.9731372549019608,
        0.9494295900178252,
        0.9816042780748663,
        0.9833689839572193,
        0.9639037433155082,
        0.9696613190730838,
        0.9758467023172905,
        0.9622103386809269,
        0.981283422459893
      ]
    }
  },
  "statistics": {
    "mann_whitney_u": 201.0,
    "p_value": 0.9892089047911196,
    "mean_difference": -0.0013862235803410172,
    "effect_size_rank_biserial": -0.004999999999999893,
    "alternative": "two-sided"
  },
  "pass_criteria": {
    "full_p_below_0_05": false,
    "full_effect_above_0_3": false,
    "overall_pass": false
  },
  "timestamp": "2026-04-30T00:18:15.640041"
}