{
  "task": "heldout_generalization",
  "hypothesis": "Absorption generalizes to unseen hierarchical patterns (train/test split)",
  "mode": "full",
  "config": {
    "seeds": [
      42,
      43,
      44,
      45,
      46
    ],
    "train_ratio": 0.8,
    "n_samples": 10000,
    "eval_samples": 500,
    "d_model": 128,
    "d_sae": 4096,
    "l0_target": 32,
    "train_steps": 2000,
    "batch_size": 256
  },
  "results": {
    "overall_train_mean": 0.36608635896697633,
    "overall_train_std": 0.05744084349771663,
    "overall_test_mean": 0.3661644580004416,
    "overall_test_std": 0.05731849074309571,
    "per_seed": [
      {
        "seed": 42,
        "train_absorption_mean": 0.35416589192867387,
        "train_absorption_std": 0.036717463126741075,
        "test_absorption_mean": 0.348066244564113,
        "test_absorption_std": 0.03538455018087636,
        "percent_difference": 1.7222571409528296,
        "recon_mse": 0.003917097579687834,
        "mean_l0": 32.0,
        "parent_child1_cosine": 0.4788430631160736,
        "parent_child2_cosine": 0.2868237793445587
      },
      {
        "seed": 43,
        "train_absorption_mean": 0.4031953715401388,
        "train_absorption_std": 0.09392516479684386,
        "test_absorption_mean": 0.40586295085218593,
        "test_absorption_std": 0.09352530547320219,
        "percent_difference": 0.6616096067416238,
        "recon_mse": 0.00379422539845109,
        "mean_l0": 32.0,
        "parent_child1_cosine": 0.301517516374588,
        "parent_child2_cosine": 0.35163015127182007
      },
      {
        "seed": 44,
        "train_absorption_mean": 0.41338951875322466,
        "train_absorption_std": 0.031122456365974584,
        "test_absorption_mean": 0.41317455527338215,
        "test_absorption_std": 0.03053793064226921,
        "percent_difference": 0.05200022499139251,
        "recon_mse": 0.004003781825304031,
        "mean_l0": 32.0,
        "parent_child1_cosine": 0.3389171361923218,
        "parent_child2_cosine": 0.3671119511127472
      },
      {
        "seed": 45,
        "train_absorption_mean": 0.2825738039206833,
        "train_absorption_std": 0.05148642447728662,
        "test_absorption_mean": 0.28316051648970425,
        "test_absorption_std": 0.04736419601170504,
        "percent_difference": 0.20763162079440925,
        "recon_mse": 0.0038260461296886206,
        "mean_l0": 32.0,
        "parent_child1_cosine": 0.24778807163238525,
        "parent_child2_cosine": 0.28829121589660645
      },
      {
        "seed": 46,
        "train_absorption_mean": 0.37710720869216097,
        "train_absorption_std": 0.07395270872173698,
        "test_absorption_mean": 0.38055802282282275,
        "test_absorption_std": 0.07978047140742571,
        "percent_difference": 0.9150750903514925,
        "recon_mse": 0.0037914759013801813,
        "mean_l0": 32.0,
        "parent_child1_cosine": 0.3737555742263794,
        "parent_child2_cosine": 0.2708808183670044
      }
    ]
  },
  "statistics": {
    "paired_t_stat": -0.04642926524890642,
    "paired_t_pval": 0.9651936807322588,
    "pearson_r_seed_means": 0.997566200652524,
    "pearson_p_seed_means": 0.0001440795693208783,
    "pearson_r_pooled": 0.3650763676445503,
    "pearson_p_pooled": 1.1214145606287517e-79,
    "within_10pct_count": 5,
    "within_10pct_total": 5,
    "within_10pct_majority": true
  },
  "pass_criteria": {
    "test_within_10pct_majority": true,
    "correlation_above_0_8": true,
    "overall_pass": true
  },
  "timing": {
    "start_time": "2026-04-30T00:57:22.692568",
    "end_time": "2026-04-30T00:57:49.139574",
    "actual_minutes": 0
  },
  "timestamp": "2026-04-30T00:57:49.139597"
}