{
  "conv1.weight": {
    "r_t_mean": 0.013683093218823798,
    "r_t_std": 0.0061799079948690935,
    "r_t_min": 0.0060110707747551,
    "r_t_max": 0.19038485943699265,
    "delta_hat_mean": -2.0380509913503913e-07,
    "delta_hat_std": 4.701198439438588e-05,
    "lambda_t_mean": 0.0004218891476173485,
    "lambda_t_std": 2.3696176648344344e-05,
    "n_records": 7800
  },
  "layer1.0.conv1.weight": {
    "r_t_mean": 0.013359822969597557,
    "r_t_std": 0.00601327603708251,
    "r_t_min": 0.006342999822737327,
    "r_t_max": 0.3937868655139496,
    "delta_hat_mean": 3.426248964359206e-08,
    "delta_hat_std": 1.0803096260476637e-05,
    "lambda_t_mean": 0.0003984808929332491,
    "lambda_t_std": 2.5296235208615476e-05,
    "n_records": 7800
  },
  "layer1.0.conv2.weight": {
    "r_t_mean": 0.013371976438903914,
    "r_t_std": 0.005561611927706414,
    "r_t_min": 0.006651445164222853,
    "r_t_max": 0.3467987622876623,
    "delta_hat_mean": 1.8638090593782784e-07,
    "delta_hat_std": 1.0712434209379483e-05,
    "lambda_t_mean": 0.0003933361217860626,
    "lambda_t_std": 2.6354926158416637e-05,
    "n_records": 7800
  },
  "layer1.1.conv1.weight": {
    "r_t_mean": 0.01357755812259665,
    "r_t_std": 0.004993812093088152,
    "r_t_min": 0.0062639939936935795,
    "r_t_max": 0.2691021188821186,
    "delta_hat_mean": -4.270027225176479e-08,
    "delta_hat_std": 7.419874310057132e-06,
    "lambda_t_mean": 0.0003965656089328317,
    "lambda_t_std": 3.579549194382405e-05,
    "n_records": 7800
  },
  "layer1.1.conv2.weight": {
    "r_t_mean": 0.013299943732898768,
    "r_t_std": 0.004868193130057591,
    "r_t_min": 0.006574919571947648,
    "r_t_max": 0.27027482786536267,
    "delta_hat_mean": -8.582613453858792e-08,
    "delta_hat_std": 8.689997385774166e-06,
    "lambda_t_mean": 0.00038847261645248845,
    "lambda_t_std": 3.6157198401539365e-05,
    "n_records": 7800
  },
  "layer1.2.conv1.weight": {
    "r_t_mean": 0.014052825029075362,
    "r_t_std": 0.004237893389666331,
    "r_t_min": 0.00660423466536551,
    "r_t_max": 0.21313239649741925,
    "delta_hat_mean": -1.6099489234331653e-07,
    "delta_hat_std": 6.980133976788363e-06,
    "lambda_t_mean": 0.0003899641388874525,
    "lambda_t_std": 4.222137136232001e-05,
    "n_records": 7800
  },
  "layer1.2.conv2.weight": {
    "r_t_mean": 0.013457954023939959,
    "r_t_std": 0.004240874923007337,
    "r_t_min": 0.0067724505471738585,
    "r_t_max": 0.16883875183226502,
    "delta_hat_mean": 5.301351343638234e-08,
    "delta_hat_std": 7.6141485531485305e-06,
    "lambda_t_mean": 0.00037802160869229663,
    "lambda_t_std": 3.824558377981779e-05,
    "n_records": 7800
  },
  "layer2.0.conv1.weight": {
    "r_t_mean": 0.013444932512843899,
    "r_t_std": 0.004309388533859164,
    "r_t_min": 0.006278289801113627,
    "r_t_max": 0.13625753065620091,
    "delta_hat_mean": -2.8160187271489635e-09,
    "delta_hat_std": 8.166615726414532e-06,
    "lambda_t_mean": 0.0003940440725388876,
    "lambda_t_std": 3.860597030136535e-05,
    "n_records": 7800
  },
  "layer2.0.conv2.weight": {
    "r_t_mean": 0.013749662197822338,
    "r_t_std": 0.004646591102807316,
    "r_t_min": 0.006401057961513257,
    "r_t_max": 0.15406124971490373,
    "delta_hat_mean": -6.993067105615234e-09,
    "delta_hat_std": 5.1513646861727595e-06,
    "lambda_t_mean": 0.00040859767704378987,
    "lambda_t_std": 3.516095828567992e-05,
    "n_records": 7800
  },
  "layer2.0.shortcut.0.weight": {
    "r_t_mean": 0.012026901265726144,
    "r_t_std": 0.003798413048880205,
    "r_t_min": 0.005379665387045889,
    "r_t_max": 0.06578137930688868,
    "delta_hat_mean": 3.9509623947369807e-08,
    "delta_hat_std": 2.141155781098355e-05,
    "lambda_t_mean": 0.0003526129320965903,
    "lambda_t_std": 3.694349737853865e-05,
    "n_records": 7800
  },
  "layer2.1.conv1.weight": {
    "r_t_mean": 0.014113273625595215,
    "r_t_std": 0.00435817871894975,
    "r_t_min": 0.007176794919610159,
    "r_t_max": 0.13838632890905145,
    "delta_hat_mean": 5.6050622078425605e-08,
    "delta_hat_std": 3.6437956386199906e-06,
    "lambda_t_mean": 0.0004076202334020768,
    "lambda_t_std": 3.990537153871869e-05,
    "n_records": 7800
  },
  "layer2.1.conv2.weight": {
    "r_t_mean": 0.013842413706522595,
    "r_t_std": 0.004145863642729195,
    "r_t_min": 0.0068971992541737295,
    "r_t_max": 0.12186654864290952,
    "delta_hat_mean": 3.972736870472994e-08,
    "delta_hat_std": 3.6781560559325965e-06,
    "lambda_t_mean": 0.0003979317792696438,
    "lambda_t_std": 3.903576592938617e-05,
    "n_records": 7800
  },
  "layer2.2.conv1.weight": {
    "r_t_mean": 0.01433836121612123,
    "r_t_std": 0.0040662058255055205,
    "r_t_min": 0.006742997978073628,
    "r_t_max": 0.10787827192265542,
    "delta_hat_mean": -5.109880541143141e-08,
    "delta_hat_std": 3.403482737334536e-06,
    "lambda_t_mean": 0.000408512931436925,
    "lambda_t_std": 4.496283846421549e-05,
    "n_records": 7800
  },
  "layer2.2.conv2.weight": {
    "r_t_mean": 0.013782524979364025,
    "r_t_std": 0.0037099015858244426,
    "r_t_min": 0.007014382790809751,
    "r_t_max": 0.09720267874158496,
    "delta_hat_mean": -2.2714693629277125e-08,
    "delta_hat_std": 3.687700633581793e-06,
    "lambda_t_mean": 0.0003916019123894951,
    "lambda_t_std": 4.34218479803446e-05,
    "n_records": 7800
  },
  "layer3.0.conv1.weight": {
    "r_t_mean": 0.01365578527208952,
    "r_t_std": 0.003965482457018896,
    "r_t_min": 0.006608141469506977,
    "r_t_max": 0.07374849531059627,
    "delta_hat_mean": -8.20876616985221e-09,
    "delta_hat_std": 3.3599174828660322e-06,
    "lambda_t_mean": 0.00040158532596245287,
    "lambda_t_std": 4.2298622584601285e-05,
    "n_records": 7800
  },
  "layer3.0.conv2.weight": {
    "r_t_mean": 0.014431469410396284,
    "r_t_std": 0.0043513160746960185,
    "r_t_min": 0.007241266560370847,
    "r_t_max": 0.1006905327639284,
    "delta_hat_mean": 9.865830410497416e-09,
    "delta_hat_std": 1.9837007243122306e-06,
    "lambda_t_mean": 0.00042451536966572493,
    "lambda_t_std": 3.935646105949005e-05,
    "n_records": 7800
  },
  "layer3.0.shortcut.0.weight": {
    "r_t_mean": 0.011153787051410874,
    "r_t_std": 0.0033946470528710285,
    "r_t_min": 0.00485105700352449,
    "r_t_max": 0.04558272536561906,
    "delta_hat_mean": -2.1594189135179876e-08,
    "delta_hat_std": 8.058145931196988e-06,
    "lambda_t_mean": 0.0003285596875068423,
    "lambda_t_std": 3.327712274433221e-05,
    "n_records": 7800
  },
  "layer3.1.conv1.weight": {
    "r_t_mean": 0.01448740016845657,
    "r_t_std": 0.004520164175345122,
    "r_t_min": 0.0072113244537939155,
    "r_t_max": 0.09003351725104738,
    "delta_hat_mean": 8.094268458924407e-09,
    "delta_hat_std": 1.956975994713223e-06,
    "lambda_t_mean": 0.00042687301567880166,
    "lambda_t_std": 3.7480747966791545e-05,
    "n_records": 7800
  },
  "layer3.1.conv2.weight": {
    "r_t_mean": 0.014464312390431734,
    "r_t_std": 0.0042458752375775476,
    "r_t_min": 0.007414075934989422,
    "r_t_max": 0.09170351481747382,
    "delta_hat_mean": -2.1435407146568444e-08,
    "delta_hat_std": 1.5841346817735235e-06,
    "lambda_t_mean": 0.00042293465134607584,
    "lambda_t_std": 3.8183521141471973e-05,
    "n_records": 7800
  },
  "layer3.2.conv1.weight": {
    "r_t_mean": 0.01468733274575755,
    "r_t_std": 0.003947309350233958,
    "r_t_min": 0.007731111230194704,
    "r_t_max": 0.08735327487330423,
    "delta_hat_mean": 2.6419022186425523e-08,
    "delta_hat_std": 1.8360010090558369e-06,
    "lambda_t_mean": 0.00042122300239393133,
    "lambda_t_std": 4.402950596526082e-05,
    "n_records": 7800
  },
  "layer3.2.conv2.weight": {
    "r_t_mean": 0.01403420248785117,
    "r_t_std": 0.003743201219885944,
    "r_t_min": 0.007160241269499765,
    "r_t_max": 0.09047325215937013,
    "delta_hat_mean": -1.4511790196490677e-08,
    "delta_hat_std": 1.5776210525243448e-06,
    "lambda_t_mean": 0.00041099764718201205,
    "lambda_t_std": 4.1340431531778383e-05,